ISO-10303-21;
HEADER;
/* Generated by software containing ST-Developer
 * from STEP Tools, Inc. (www.steptools.com) 
 */

FILE_DESCRIPTION(
/* description */ (''),
/* implementation_level */ '2;1');

FILE_NAME(
/* name */ '',
/* time_stamp */ '2026-05-17T21:01:26+03:00',
/* author */ ('katya_notebook'),
/* organization */ (''),
/* preprocessor_version */ 'ST-DEVELOPER v20',
/* originating_system */ 'Autodesk Inventor 2024',
/* authorisation */ '');

FILE_SCHEMA (('AUTOMOTIVE_DESIGN { 1 0 10303 214 3 1 1 }'));
ENDSEC;

DATA;
#10=MECHANICAL_DESIGN_GEOMETRIC_PRESENTATION_REPRESENTATION('',(#33,#34,
#35),#4268);
#11=CONTEXT_DEPENDENT_OVER_RIDING_STYLED_ITEM('',(#4301),#4282,#35,(#17));
#12=CONTEXT_DEPENDENT_OVER_RIDING_STYLED_ITEM('',(#4301),#4283,#35,(#18));
#13=MAPPED_ITEM('',#14,#2845);
#14=REPRESENTATION_MAP(#2845,#4281);
#15=ITEM_DEFINED_TRANSFORMATION($,$,#2689,#2843);
#16=ITEM_DEFINED_TRANSFORMATION($,$,#2798,#2844);
#17=(
REPRESENTATION_RELATIONSHIP($,$,#4282,#4281)
REPRESENTATION_RELATIONSHIP_WITH_TRANSFORMATION(#15)
SHAPE_REPRESENTATION_RELATIONSHIP()
);
#18=(
REPRESENTATION_RELATIONSHIP($,$,#4283,#4281)
REPRESENTATION_RELATIONSHIP_WITH_TRANSFORMATION(#16)
SHAPE_REPRESENTATION_RELATIONSHIP()
);
#19=CONTEXT_DEPENDENT_SHAPE_REPRESENTATION(#17,#4279);
#20=CONTEXT_DEPENDENT_SHAPE_REPRESENTATION(#18,#4280);
#21=NEXT_ASSEMBLY_USAGE_OCCURRENCE('\X2\043A04400435043F04350436\X0\:1',
'\X2\043A04400435043F04350436\X0\:1','\X2\043A04400435043F04350436\X0\:
1',#4285,#4286,'\X2\043A04400435043F04350436\X0\:1');
#22=NEXT_ASSEMBLY_USAGE_OCCURRENCE('\X2\043A04400435043F04350436\X0\ \X2\0431043E043A\X0\:
1','\X2\043A04400435043F04350436\X0\ \X2\0431043E043A\X0\:1',
'\X2\043A04400435043F04350436\X0\ \X2\0431043E043A\X0\:1',#4285,#4287,
'\X2\043A04400435043F04350436\X0\ \X2\0431043E043A\X0\:1');
#23=GEOMETRICALLY_BOUNDED_WIREFRAME_SHAPE_REPRESENTATION('',(#24),#4267);
#24=GEOMETRIC_CURVE_SET('\X2\042D0441043A04380437\X0\4',(#4257));
#25=ELLIPSE('',#2819,12.5285008414149,10.8500000000001);
#26=ELLIPSE('',#2821,12.5285008414149,10.8500000000001);
#27=ELLIPSE('',#2823,12.5285008414149,10.8500000000001);
#28=SHAPE_REPRESENTATION_RELATIONSHIP('SRR','None',#4282,#31);
#29=SHAPE_REPRESENTATION_RELATIONSHIP('SRR','None',#4283,#32);
#30=SHAPE_REPRESENTATION_RELATIONSHIP('SRR','None',#4283,#23);
#31=ADVANCED_BREP_SHAPE_REPRESENTATION('',(#36),#4266);
#32=ADVANCED_BREP_SHAPE_REPRESENTATION('',(#37),#4267);
#33=STYLED_ITEM('',(#4302),#36);
#34=STYLED_ITEM('',(#4302),#37);
#35=STYLED_ITEM('',(#4304),#13);
#36=MANIFOLD_SOLID_BREP('\X2\04220432043504400434043E0435\X0\ \X2\04420435043B043E\X0\1',
#2642);
#37=MANIFOLD_SOLID_BREP('\X2\04220432043504400434043E0435\X0\ \X2\04420435043B043E\X0\1',
#2643);
#38=CYLINDRICAL_SURFACE('',#2717,2.1);
#39=CYLINDRICAL_SURFACE('',#2728,2.1);
#40=CYLINDRICAL_SURFACE('',#2799,2.1);
#41=CYLINDRICAL_SURFACE('',#2803,2.1);
#42=CYLINDRICAL_SURFACE('',#2810,2.1);
#43=CYLINDRICAL_SURFACE('',#2814,2.1);
#44=CYLINDRICAL_SURFACE('',#2818,10.8500000000001);
#45=FACE_BOUND('',#210,.T.);
#46=FACE_BOUND('',#261,.T.);
#47=FACE_BOUND('',#262,.T.);
#48=FACE_BOUND('',#263,.T.);
#49=FACE_BOUND('',#314,.T.);
#50=FACE_BOUND('',#315,.T.);
#51=FACE_BOUND('',#322,.T.);
#52=FACE_BOUND('',#325,.T.);
#53=FACE_BOUND('',#326,.T.);
#54=CIRCLE('',#2697,2.1);
#55=CIRCLE('',#2698,2.1);
#56=CIRCLE('',#2699,2.1);
#57=CIRCLE('',#2718,2.1);
#58=CIRCLE('',#2719,2.1);
#59=CIRCLE('',#2729,2.1);
#60=CIRCLE('',#2730,2.1);
#61=CIRCLE('',#2731,2.1);
#62=CIRCLE('',#2800,2.1);
#63=CIRCLE('',#2801,2.1);
#64=CIRCLE('',#2804,2.1);
#65=CIRCLE('',#2805,2.1);
#66=CIRCLE('',#2811,2.1);
#67=CIRCLE('',#2812,2.1);
#68=CIRCLE('',#2815,2.1);
#69=CIRCLE('',#2816,2.1);
#70=CIRCLE('',#2820,10.8500000000001);
#71=CIRCLE('',#2822,10.8500000000001);
#72=CIRCLE('',#2824,10.8500000000001);
#73=FACE_OUTER_BOUND('',#203,.T.);
#74=FACE_OUTER_BOUND('',#204,.T.);
#75=FACE_OUTER_BOUND('',#205,.T.);
#76=FACE_OUTER_BOUND('',#206,.T.);
#77=FACE_OUTER_BOUND('',#207,.T.);
#78=FACE_OUTER_BOUND('',#208,.T.);
#79=FACE_OUTER_BOUND('',#209,.T.);
#80=FACE_OUTER_BOUND('',#211,.T.);
#81=FACE_OUTER_BOUND('',#212,.T.);
#82=FACE_OUTER_BOUND('',#213,.T.);
#83=FACE_OUTER_BOUND('',#214,.T.);
#84=FACE_OUTER_BOUND('',#215,.T.);
#85=FACE_OUTER_BOUND('',#216,.T.);
#86=FACE_OUTER_BOUND('',#217,.T.);
#87=FACE_OUTER_BOUND('',#218,.T.);
#88=FACE_OUTER_BOUND('',#219,.T.);
#89=FACE_OUTER_BOUND('',#220,.T.);
#90=FACE_OUTER_BOUND('',#221,.T.);
#91=FACE_OUTER_BOUND('',#222,.T.);
#92=FACE_OUTER_BOUND('',#223,.T.);
#93=FACE_OUTER_BOUND('',#224,.T.);
#94=FACE_OUTER_BOUND('',#225,.T.);
#95=FACE_OUTER_BOUND('',#226,.T.);
#96=FACE_OUTER_BOUND('',#227,.T.);
#97=FACE_OUTER_BOUND('',#228,.T.);
#98=FACE_OUTER_BOUND('',#229,.T.);
#99=FACE_OUTER_BOUND('',#230,.T.);
#100=FACE_OUTER_BOUND('',#231,.T.);
#101=FACE_OUTER_BOUND('',#232,.T.);
#102=FACE_OUTER_BOUND('',#233,.T.);
#103=FACE_OUTER_BOUND('',#234,.T.);
#104=FACE_OUTER_BOUND('',#235,.T.);
#105=FACE_OUTER_BOUND('',#236,.T.);
#106=FACE_OUTER_BOUND('',#237,.T.);
#107=FACE_OUTER_BOUND('',#238,.T.);
#108=FACE_OUTER_BOUND('',#239,.T.);
#109=FACE_OUTER_BOUND('',#240,.T.);
#110=FACE_OUTER_BOUND('',#241,.T.);
#111=FACE_OUTER_BOUND('',#242,.T.);
#112=FACE_OUTER_BOUND('',#243,.T.);
#113=FACE_OUTER_BOUND('',#244,.T.);
#114=FACE_OUTER_BOUND('',#245,.T.);
#115=FACE_OUTER_BOUND('',#246,.T.);
#116=FACE_OUTER_BOUND('',#247,.T.);
#117=FACE_OUTER_BOUND('',#248,.T.);
#118=FACE_OUTER_BOUND('',#249,.T.);
#119=FACE_OUTER_BOUND('',#250,.T.);
#120=FACE_OUTER_BOUND('',#251,.T.);
#121=FACE_OUTER_BOUND('',#252,.T.);
#122=FACE_OUTER_BOUND('',#253,.T.);
#123=FACE_OUTER_BOUND('',#254,.T.);
#124=FACE_OUTER_BOUND('',#255,.T.);
#125=FACE_OUTER_BOUND('',#256,.T.);
#126=FACE_OUTER_BOUND('',#257,.T.);
#127=FACE_OUTER_BOUND('',#258,.T.);
#128=FACE_OUTER_BOUND('',#259,.T.);
#129=FACE_OUTER_BOUND('',#260,.T.);
#130=FACE_OUTER_BOUND('',#264,.T.);
#131=FACE_OUTER_BOUND('',#265,.T.);
#132=FACE_OUTER_BOUND('',#266,.T.);
#133=FACE_OUTER_BOUND('',#267,.T.);
#134=FACE_OUTER_BOUND('',#268,.T.);
#135=FACE_OUTER_BOUND('',#269,.T.);
#136=FACE_OUTER_BOUND('',#270,.T.);
#137=FACE_OUTER_BOUND('',#271,.T.);
#138=FACE_OUTER_BOUND('',#272,.T.);
#139=FACE_OUTER_BOUND('',#273,.T.);
#140=FACE_OUTER_BOUND('',#274,.T.);
#141=FACE_OUTER_BOUND('',#275,.T.);
#142=FACE_OUTER_BOUND('',#276,.T.);
#143=FACE_OUTER_BOUND('',#277,.T.);
#144=FACE_OUTER_BOUND('',#278,.T.);
#145=FACE_OUTER_BOUND('',#279,.T.);
#146=FACE_OUTER_BOUND('',#280,.T.);
#147=FACE_OUTER_BOUND('',#281,.T.);
#148=FACE_OUTER_BOUND('',#282,.T.);
#149=FACE_OUTER_BOUND('',#283,.T.);
#150=FACE_OUTER_BOUND('',#284,.T.);
#151=FACE_OUTER_BOUND('',#285,.T.);
#152=FACE_OUTER_BOUND('',#286,.T.);
#153=FACE_OUTER_BOUND('',#287,.T.);
#154=FACE_OUTER_BOUND('',#288,.T.);
#155=FACE_OUTER_BOUND('',#289,.T.);
#156=FACE_OUTER_BOUND('',#290,.T.);
#157=FACE_OUTER_BOUND('',#291,.T.);
#158=FACE_OUTER_BOUND('',#292,.T.);
#159=FACE_OUTER_BOUND('',#293,.T.);
#160=FACE_OUTER_BOUND('',#294,.T.);
#161=FACE_OUTER_BOUND('',#295,.T.);
#162=FACE_OUTER_BOUND('',#296,.T.);
#163=FACE_OUTER_BOUND('',#297,.T.);
#164=FACE_OUTER_BOUND('',#298,.T.);
#165=FACE_OUTER_BOUND('',#299,.T.);
#166=FACE_OUTER_BOUND('',#300,.T.);
#167=FACE_OUTER_BOUND('',#301,.T.);
#168=FACE_OUTER_BOUND('',#302,.T.);
#169=FACE_OUTER_BOUND('',#303,.T.);
#170=FACE_OUTER_BOUND('',#304,.T.);
#171=FACE_OUTER_BOUND('',#305,.T.);
#172=FACE_OUTER_BOUND('',#306,.T.);
#173=FACE_OUTER_BOUND('',#307,.T.);
#174=FACE_OUTER_BOUND('',#308,.T.);
#175=FACE_OUTER_BOUND('',#309,.T.);
#176=FACE_OUTER_BOUND('',#310,.T.);
#177=FACE_OUTER_BOUND('',#311,.T.);
#178=FACE_OUTER_BOUND('',#312,.T.);
#179=FACE_OUTER_BOUND('',#313,.T.);
#180=FACE_OUTER_BOUND('',#316,.T.);
#181=FACE_OUTER_BOUND('',#317,.T.);
#182=FACE_OUTER_BOUND('',#318,.T.);
#183=FACE_OUTER_BOUND('',#319,.T.);
#184=FACE_OUTER_BOUND('',#320,.T.);
#185=FACE_OUTER_BOUND('',#321,.T.);
#186=FACE_OUTER_BOUND('',#323,.T.);
#187=FACE_OUTER_BOUND('',#324,.T.);
#188=FACE_OUTER_BOUND('',#327,.T.);
#189=FACE_OUTER_BOUND('',#328,.T.);
#190=FACE_OUTER_BOUND('',#329,.T.);
#191=FACE_OUTER_BOUND('',#330,.T.);
#192=FACE_OUTER_BOUND('',#331,.T.);
#193=FACE_OUTER_BOUND('',#332,.T.);
#194=FACE_OUTER_BOUND('',#333,.T.);
#195=FACE_OUTER_BOUND('',#334,.T.);
#196=FACE_OUTER_BOUND('',#335,.T.);
#197=FACE_OUTER_BOUND('',#336,.T.);
#198=FACE_OUTER_BOUND('',#337,.T.);
#199=FACE_OUTER_BOUND('',#338,.T.);
#200=FACE_OUTER_BOUND('',#339,.T.);
#201=FACE_OUTER_BOUND('',#340,.T.);
#202=FACE_OUTER_BOUND('',#341,.T.);
#203=EDGE_LOOP('',(#1651,#1652,#1653,#1654));
#204=EDGE_LOOP('',(#1655,#1656,#1657,#1658));
#205=EDGE_LOOP('',(#1659,#1660,#1661,#1662));
#206=EDGE_LOOP('',(#1663,#1664,#1665,#1666));
#207=EDGE_LOOP('',(#1667,#1668,#1669,#1670));
#208=EDGE_LOOP('',(#1671,#1672,#1673,#1674));
#209=EDGE_LOOP('',(#1675,#1676,#1677,#1678,#1679,#1680,#1681,#1682,#1683,
#1684,#1685,#1686,#1687,#1688,#1689,#1690,#1691,#1692,#1693,#1694,#1695,
#1696,#1697,#1698,#1699,#1700,#1701,#1702,#1703,#1704,#1705,#1706));
#210=EDGE_LOOP('',(#1707,#1708,#1709,#1710,#1711,#1712,#1713,#1714,#1715,
#1716,#1717,#1718,#1719,#1720,#1721,#1722,#1723,#1724,#1725,#1726,#1727,
#1728,#1729,#1730,#1731,#1732,#1733,#1734,#1735,#1736,#1737,#1738,#1739,
#1740,#1741,#1742,#1743,#1744,#1745,#1746,#1747,#1748,#1749,#1750,#1751,
#1752,#1753,#1754,#1755,#1756,#1757,#1758,#1759,#1760,#1761,#1762,#1763));
#211=EDGE_LOOP('',(#1764,#1765,#1766,#1767));
#212=EDGE_LOOP('',(#1768,#1769,#1770,#1771));
#213=EDGE_LOOP('',(#1772,#1773,#1774,#1775));
#214=EDGE_LOOP('',(#1776,#1777,#1778,#1779));
#215=EDGE_LOOP('',(#1780,#1781,#1782,#1783));
#216=EDGE_LOOP('',(#1784,#1785,#1786,#1787));
#217=EDGE_LOOP('',(#1788,#1789,#1790,#1791));
#218=EDGE_LOOP('',(#1792,#1793,#1794,#1795));
#219=EDGE_LOOP('',(#1796,#1797,#1798,#1799));
#220=EDGE_LOOP('',(#1800,#1801,#1802,#1803));
#221=EDGE_LOOP('',(#1804,#1805,#1806,#1807));
#222=EDGE_LOOP('',(#1808,#1809,#1810,#1811));
#223=EDGE_LOOP('',(#1812,#1813,#1814,#1815));
#224=EDGE_LOOP('',(#1816,#1817,#1818,#1819));
#225=EDGE_LOOP('',(#1820,#1821,#1822,#1823));
#226=EDGE_LOOP('',(#1824,#1825,#1826,#1827));
#227=EDGE_LOOP('',(#1828,#1829,#1830,#1831));
#228=EDGE_LOOP('',(#1832,#1833,#1834,#1835,#1836,#1837,#1838,#1839));
#229=EDGE_LOOP('',(#1840,#1841,#1842,#1843));
#230=EDGE_LOOP('',(#1844,#1845,#1846,#1847));
#231=EDGE_LOOP('',(#1848,#1849,#1850,#1851));
#232=EDGE_LOOP('',(#1852,#1853,#1854,#1855));
#233=EDGE_LOOP('',(#1856,#1857,#1858,#1859));
#234=EDGE_LOOP('',(#1860,#1861,#1862,#1863));
#235=EDGE_LOOP('',(#1864,#1865,#1866,#1867));
#236=EDGE_LOOP('',(#1868,#1869,#1870,#1871));
#237=EDGE_LOOP('',(#1872,#1873,#1874,#1875,#1876,#1877,#1878,#1879));
#238=EDGE_LOOP('',(#1880,#1881,#1882,#1883));
#239=EDGE_LOOP('',(#1884,#1885,#1886,#1887));
#240=EDGE_LOOP('',(#1888,#1889,#1890,#1891));
#241=EDGE_LOOP('',(#1892,#1893,#1894,#1895));
#242=EDGE_LOOP('',(#1896,#1897,#1898,#1899));
#243=EDGE_LOOP('',(#1900,#1901,#1902,#1903));
#244=EDGE_LOOP('',(#1904,#1905,#1906,#1907));
#245=EDGE_LOOP('',(#1908,#1909,#1910,#1911));
#246=EDGE_LOOP('',(#1912,#1913,#1914,#1915));
#247=EDGE_LOOP('',(#1916,#1917,#1918,#1919,#1920,#1921,#1922,#1923));
#248=EDGE_LOOP('',(#1924,#1925,#1926,#1927));
#249=EDGE_LOOP('',(#1928,#1929,#1930,#1931));
#250=EDGE_LOOP('',(#1932,#1933,#1934,#1935));
#251=EDGE_LOOP('',(#1936,#1937,#1938,#1939));
#252=EDGE_LOOP('',(#1940,#1941,#1942,#1943));
#253=EDGE_LOOP('',(#1944,#1945,#1946,#1947));
#254=EDGE_LOOP('',(#1948,#1949,#1950,#1951));
#255=EDGE_LOOP('',(#1952,#1953,#1954,#1955));
#256=EDGE_LOOP('',(#1956,#1957,#1958,#1959));
#257=EDGE_LOOP('',(#1960,#1961,#1962,#1963));
#258=EDGE_LOOP('',(#1964,#1965,#1966,#1967));
#259=EDGE_LOOP('',(#1968,#1969,#1970,#1971));
#260=EDGE_LOOP('',(#1972,#1973,#1974,#1975,#1976,#1977,#1978,#1979,#1980,
#1981,#1982,#1983,#1984,#1985,#1986,#1987,#1988,#1989,#1990,#1991,#1992,
#1993,#1994,#1995,#1996,#1997,#1998,#1999,#2000,#2001,#2002,#2003));
#261=EDGE_LOOP('',(#2004));
#262=EDGE_LOOP('',(#2005));
#263=EDGE_LOOP('',(#2006,#2007,#2008,#2009,#2010,#2011,#2012,#2013));
#264=EDGE_LOOP('',(#2014,#2015,#2016,#2017));
#265=EDGE_LOOP('',(#2018,#2019,#2020,#2021));
#266=EDGE_LOOP('',(#2022,#2023,#2024,#2025,#2026,#2027,#2028,#2029,#2030,
#2031,#2032,#2033,#2034,#2035,#2036,#2037,#2038,#2039,#2040,#2041,#2042,
#2043,#2044,#2045,#2046,#2047,#2048,#2049,#2050,#2051,#2052,#2053,#2054,
#2055,#2056,#2057,#2058,#2059,#2060,#2061,#2062,#2063,#2064,#2065,#2066,
#2067,#2068,#2069,#2070,#2071,#2072,#2073,#2074,#2075,#2076,#2077,#2078));
#267=EDGE_LOOP('',(#2079,#2080,#2081,#2082));
#268=EDGE_LOOP('',(#2083,#2084,#2085,#2086));
#269=EDGE_LOOP('',(#2087,#2088,#2089,#2090));
#270=EDGE_LOOP('',(#2091,#2092,#2093,#2094));
#271=EDGE_LOOP('',(#2095,#2096,#2097,#2098));
#272=EDGE_LOOP('',(#2099,#2100,#2101,#2102));
#273=EDGE_LOOP('',(#2103,#2104,#2105,#2106));
#274=EDGE_LOOP('',(#2107,#2108,#2109,#2110));
#275=EDGE_LOOP('',(#2111,#2112,#2113,#2114));
#276=EDGE_LOOP('',(#2115,#2116,#2117,#2118));
#277=EDGE_LOOP('',(#2119,#2120,#2121,#2122));
#278=EDGE_LOOP('',(#2123,#2124,#2125,#2126));
#279=EDGE_LOOP('',(#2127,#2128,#2129,#2130));
#280=EDGE_LOOP('',(#2131,#2132,#2133,#2134));
#281=EDGE_LOOP('',(#2135,#2136,#2137,#2138));
#282=EDGE_LOOP('',(#2139,#2140,#2141,#2142));
#283=EDGE_LOOP('',(#2143,#2144,#2145,#2146));
#284=EDGE_LOOP('',(#2147,#2148,#2149,#2150));
#285=EDGE_LOOP('',(#2151,#2152,#2153,#2154));
#286=EDGE_LOOP('',(#2155,#2156,#2157,#2158));
#287=EDGE_LOOP('',(#2159,#2160,#2161,#2162));
#288=EDGE_LOOP('',(#2163,#2164,#2165,#2166));
#289=EDGE_LOOP('',(#2167,#2168,#2169,#2170));
#290=EDGE_LOOP('',(#2171,#2172,#2173,#2174));
#291=EDGE_LOOP('',(#2175,#2176,#2177,#2178));
#292=EDGE_LOOP('',(#2179,#2180,#2181,#2182));
#293=EDGE_LOOP('',(#2183,#2184,#2185,#2186));
#294=EDGE_LOOP('',(#2187,#2188,#2189,#2190));
#295=EDGE_LOOP('',(#2191,#2192,#2193,#2194));
#296=EDGE_LOOP('',(#2195,#2196,#2197,#2198));
#297=EDGE_LOOP('',(#2199,#2200,#2201,#2202));
#298=EDGE_LOOP('',(#2203,#2204,#2205,#2206));
#299=EDGE_LOOP('',(#2207,#2208,#2209,#2210));
#300=EDGE_LOOP('',(#2211,#2212,#2213,#2214));
#301=EDGE_LOOP('',(#2215,#2216,#2217,#2218));
#302=EDGE_LOOP('',(#2219,#2220,#2221,#2222));
#303=EDGE_LOOP('',(#2223,#2224,#2225,#2226));
#304=EDGE_LOOP('',(#2227,#2228,#2229,#2230));
#305=EDGE_LOOP('',(#2231,#2232,#2233,#2234));
#306=EDGE_LOOP('',(#2235,#2236,#2237,#2238));
#307=EDGE_LOOP('',(#2239,#2240,#2241,#2242));
#308=EDGE_LOOP('',(#2243));
#309=EDGE_LOOP('',(#2244,#2245,#2246,#2247));
#310=EDGE_LOOP('',(#2248));
#311=EDGE_LOOP('',(#2249,#2250,#2251,#2252));
#312=EDGE_LOOP('',(#2253,#2254,#2255,#2256,#2257,#2258));
#313=EDGE_LOOP('',(#2259,#2260,#2261,#2262,#2263,#2264,#2265,#2266,#2267,
#2268,#2269,#2270));
#314=EDGE_LOOP('',(#2271));
#315=EDGE_LOOP('',(#2272));
#316=EDGE_LOOP('',(#2273,#2274,#2275,#2276));
#317=EDGE_LOOP('',(#2277));
#318=EDGE_LOOP('',(#2278,#2279,#2280,#2281));
#319=EDGE_LOOP('',(#2282));
#320=EDGE_LOOP('',(#2283,#2284,#2285,#2286,#2287,#2288,#2289,#2290));
#321=EDGE_LOOP('',(#2291));
#322=EDGE_LOOP('',(#2292,#2293,#2294,#2295));
#323=EDGE_LOOP('',(#2296,#2297,#2298,#2299,#2300,#2301,#2302));
#324=EDGE_LOOP('',(#2303,#2304,#2305,#2306));
#325=EDGE_LOOP('',(#2307));
#326=EDGE_LOOP('',(#2308));
#327=EDGE_LOOP('',(#2309,#2310,#2311,#2312));
#328=EDGE_LOOP('',(#2313,#2314,#2315,#2316));
#329=EDGE_LOOP('',(#2317,#2318,#2319,#2320,#2321,#2322));
#330=EDGE_LOOP('',(#2323,#2324,#2325,#2326));
#331=EDGE_LOOP('',(#2327,#2328,#2329,#2330,#2331,#2332,#2333,#2334));
#332=EDGE_LOOP('',(#2335,#2336,#2337,#2338));
#333=EDGE_LOOP('',(#2339,#2340,#2341,#2342));
#334=EDGE_LOOP('',(#2343,#2344,#2345,#2346));
#335=EDGE_LOOP('',(#2347,#2348,#2349,#2350,#2351,#2352));
#336=EDGE_LOOP('',(#2353,#2354,#2355,#2356));
#337=EDGE_LOOP('',(#2357,#2358,#2359,#2360));
#338=EDGE_LOOP('',(#2361,#2362,#2363,#2364));
#339=EDGE_LOOP('',(#2365,#2366,#2367,#2368,#2369,#2370,#2371,#2372));
#340=EDGE_LOOP('',(#2373,#2374,#2375,#2376));
#341=EDGE_LOOP('',(#2377,#2378,#2379,#2380,#2381,#2382,#2383,#2384,#2385,
#2386,#2387,#2388));
#342=LINE('',#3514,#689);
#343=LINE('',#3516,#690);
#344=LINE('',#3518,#691);
#345=LINE('',#3519,#692);
#346=LINE('',#3523,#693);
#347=LINE('',#3525,#694);
#348=LINE('',#3527,#695);
#349=LINE('',#3528,#696);
#350=LINE('',#3532,#697);
#351=LINE('',#3534,#698);
#352=LINE('',#3536,#699);
#353=LINE('',#3537,#700);
#354=LINE('',#3540,#701);
#355=LINE('',#3542,#702);
#356=LINE('',#3543,#703);
#357=LINE('',#3545,#704);
#358=LINE('',#3546,#705);
#359=LINE('',#3549,#706);
#360=LINE('',#3551,#707);
#361=LINE('',#3552,#708);
#362=LINE('',#3554,#709);
#363=LINE('',#3556,#710);
#364=LINE('',#3558,#711);
#365=LINE('',#3560,#712);
#366=LINE('',#3562,#713);
#367=LINE('',#3564,#714);
#368=LINE('',#3566,#715);
#369=LINE('',#3568,#716);
#370=LINE('',#3570,#717);
#371=LINE('',#3572,#718);
#372=LINE('',#3574,#719);
#373=LINE('',#3576,#720);
#374=LINE('',#3578,#721);
#375=LINE('',#3580,#722);
#376=LINE('',#3582,#723);
#377=LINE('',#3584,#724);
#378=LINE('',#3586,#725);
#379=LINE('',#3588,#726);
#380=LINE('',#3590,#727);
#381=LINE('',#3592,#728);
#382=LINE('',#3594,#729);
#383=LINE('',#3596,#730);
#384=LINE('',#3598,#731);
#385=LINE('',#3600,#732);
#386=LINE('',#3602,#733);
#387=LINE('',#3603,#734);
#388=LINE('',#3606,#735);
#389=LINE('',#3608,#736);
#390=LINE('',#3610,#737);
#391=LINE('',#3612,#738);
#392=LINE('',#3614,#739);
#393=LINE('',#3616,#740);
#394=LINE('',#3618,#741);
#395=LINE('',#3620,#742);
#396=LINE('',#3624,#743);
#397=LINE('',#3626,#744);
#398=LINE('',#3628,#745);
#399=LINE('',#3630,#746);
#400=LINE('',#3632,#747);
#401=LINE('',#3634,#748);
#402=LINE('',#3636,#749);
#403=LINE('',#3638,#750);
#404=LINE('',#3640,#751);
#405=LINE('',#3642,#752);
#406=LINE('',#3644,#753);
#407=LINE('',#3646,#754);
#408=LINE('',#3648,#755);
#409=LINE('',#3650,#756);
#410=LINE('',#3652,#757);
#411=LINE('',#3654,#758);
#412=LINE('',#3656,#759);
#413=LINE('',#3658,#760);
#414=LINE('',#3660,#761);
#415=LINE('',#3662,#762);
#416=LINE('',#3664,#763);
#417=LINE('',#3666,#764);
#418=LINE('',#3668,#765);
#419=LINE('',#3670,#766);
#420=LINE('',#3672,#767);
#421=LINE('',#3674,#768);
#422=LINE('',#3676,#769);
#423=LINE('',#3678,#770);
#424=LINE('',#3680,#771);
#425=LINE('',#3682,#772);
#426=LINE('',#3684,#773);
#427=LINE('',#3686,#774);
#428=LINE('',#3688,#775);
#429=LINE('',#3690,#776);
#430=LINE('',#3692,#777);
#431=LINE('',#3694,#778);
#432=LINE('',#3696,#779);
#433=LINE('',#3698,#780);
#434=LINE('',#3700,#781);
#435=LINE('',#3702,#782);
#436=LINE('',#3704,#783);
#437=LINE('',#3706,#784);
#438=LINE('',#3708,#785);
#439=LINE('',#3710,#786);
#440=LINE('',#3712,#787);
#441=LINE('',#3714,#788);
#442=LINE('',#3721,#789);
#443=LINE('',#3722,#790);
#444=LINE('',#3723,#791);
#445=LINE('',#3726,#792);
#446=LINE('',#3727,#793);
#447=LINE('',#3731,#794);
#448=LINE('',#3732,#795);
#449=LINE('',#3733,#796);
#450=LINE('',#3737,#797);
#451=LINE('',#3738,#798);
#452=LINE('',#3739,#799);
#453=LINE('',#3742,#800);
#454=LINE('',#3743,#801);
#455=LINE('',#3747,#802);
#456=LINE('',#3748,#803);
#457=LINE('',#3749,#804);
#458=LINE('',#3752,#805);
#459=LINE('',#3753,#806);
#460=LINE('',#3757,#807);
#461=LINE('',#3758,#808);
#462=LINE('',#3759,#809);
#463=LINE('',#3762,#810);
#464=LINE('',#3763,#811);
#465=LINE('',#3767,#812);
#466=LINE('',#3768,#813);
#467=LINE('',#3769,#814);
#468=LINE('',#3772,#815);
#469=LINE('',#3773,#816);
#470=LINE('',#3776,#817);
#471=LINE('',#3777,#818);
#472=LINE('',#3781,#819);
#473=LINE('',#3782,#820);
#474=LINE('',#3783,#821);
#475=LINE('',#3787,#822);
#476=LINE('',#3788,#823);
#477=LINE('',#3789,#824);
#478=LINE('',#3792,#825);
#479=LINE('',#3793,#826);
#480=LINE('',#3797,#827);
#481=LINE('',#3798,#828);
#482=LINE('',#3799,#829);
#483=LINE('',#3803,#830);
#484=LINE('',#3804,#831);
#485=LINE('',#3805,#832);
#486=LINE('',#3809,#833);
#487=LINE('',#3811,#834);
#488=LINE('',#3814,#835);
#489=LINE('',#3816,#836);
#490=LINE('',#3819,#837);
#491=LINE('',#3820,#838);
#492=LINE('',#3823,#839);
#493=LINE('',#3824,#840);
#494=LINE('',#3827,#841);
#495=LINE('',#3828,#842);
#496=LINE('',#3831,#843);
#497=LINE('',#3832,#844);
#498=LINE('',#3835,#845);
#499=LINE('',#3837,#846);
#500=LINE('',#3838,#847);
#501=LINE('',#3841,#848);
#502=LINE('',#3842,#849);
#503=LINE('',#3845,#850);
#504=LINE('',#3846,#851);
#505=LINE('',#3851,#852);
#506=LINE('',#3854,#853);
#507=LINE('',#3856,#854);
#508=LINE('',#3859,#855);
#509=LINE('',#3863,#856);
#510=LINE('',#3865,#857);
#511=LINE('',#3867,#858);
#512=LINE('',#3868,#859);
#513=LINE('',#3872,#860);
#514=LINE('',#3874,#861);
#515=LINE('',#3876,#862);
#516=LINE('',#3877,#863);
#517=LINE('',#3880,#864);
#518=LINE('',#3882,#865);
#519=LINE('',#3883,#866);
#520=LINE('',#3886,#867);
#521=LINE('',#3888,#868);
#522=LINE('',#3889,#869);
#523=LINE('',#3892,#870);
#524=LINE('',#3893,#871);
#525=LINE('',#3896,#872);
#526=LINE('',#3897,#873);
#527=LINE('',#3900,#874);
#528=LINE('',#3901,#875);
#529=LINE('',#3904,#876);
#530=LINE('',#3905,#877);
#531=LINE('',#3908,#878);
#532=LINE('',#3910,#879);
#533=LINE('',#3912,#880);
#534=LINE('',#3914,#881);
#535=LINE('',#3915,#882);
#536=LINE('',#3916,#883);
#537=LINE('',#3919,#884);
#538=LINE('',#3920,#885);
#539=LINE('',#3923,#886);
#540=LINE('',#3924,#887);
#541=LINE('',#3927,#888);
#542=LINE('',#3928,#889);
#543=LINE('',#3931,#890);
#544=LINE('',#3932,#891);
#545=LINE('',#3934,#892);
#546=LINE('',#3936,#893);
#547=LINE('',#3939,#894);
#548=LINE('',#3941,#895);
#549=LINE('',#3942,#896);
#550=LINE('',#3945,#897);
#551=LINE('',#3946,#898);
#552=LINE('',#3948,#899);
#553=LINE('',#3951,#900);
#554=LINE('',#3952,#901);
#555=LINE('',#3954,#902);
#556=LINE('',#3957,#903);
#557=LINE('',#3958,#904);
#558=LINE('',#3961,#905);
#559=LINE('',#3963,#906);
#560=LINE('',#3965,#907);
#561=LINE('',#3967,#908);
#562=LINE('',#3969,#909);
#563=LINE('',#3970,#910);
#564=LINE('',#3972,#911);
#565=LINE('',#3974,#912);
#566=LINE('',#3976,#913);
#567=LINE('',#3977,#914);
#568=LINE('',#3979,#915);
#569=LINE('',#3981,#916);
#570=LINE('',#3983,#917);
#571=LINE('',#3985,#918);
#572=LINE('',#3987,#919);
#573=LINE('',#3988,#920);
#574=LINE('',#3989,#921);
#575=LINE('',#3992,#922);
#576=LINE('',#3993,#923);
#577=LINE('',#3996,#924);
#578=LINE('',#3997,#925);
#579=LINE('',#4000,#926);
#580=LINE('',#4002,#927);
#581=LINE('',#4003,#928);
#582=LINE('',#4004,#929);
#583=LINE('',#4005,#930);
#584=LINE('',#4006,#931);
#585=LINE('',#4007,#932);
#586=LINE('',#4009,#933);
#587=LINE('',#4010,#934);
#588=LINE('',#4012,#935);
#589=LINE('',#4014,#936);
#590=LINE('',#4016,#937);
#591=LINE('',#4018,#938);
#592=LINE('',#4020,#939);
#593=LINE('',#4022,#940);
#594=LINE('',#4024,#941);
#595=LINE('',#4025,#942);
#596=LINE('',#4027,#943);
#597=LINE('',#4029,#944);
#598=LINE('',#4030,#945);
#599=LINE('',#4032,#946);
#600=LINE('',#4033,#947);
#601=LINE('',#4034,#948);
#602=LINE('',#4036,#949);
#603=LINE('',#4043,#950);
#604=LINE('',#4045,#951);
#605=LINE('',#4049,#952);
#606=LINE('',#4052,#953);
#607=LINE('',#4054,#954);
#608=LINE('',#4057,#955);
#609=LINE('',#4059,#956);
#610=LINE('',#4061,#957);
#611=LINE('',#4063,#958);
#612=LINE('',#4065,#959);
#613=LINE('',#4067,#960);
#614=LINE('',#4069,#961);
#615=LINE('',#4072,#962);
#616=LINE('',#4074,#963);
#617=LINE('',#4076,#964);
#618=LINE('',#4079,#965);
#619=LINE('',#4081,#966);
#620=LINE('',#4083,#967);
#621=LINE('',#4085,#968);
#622=LINE('',#4087,#969);
#623=LINE('',#4091,#970);
#624=LINE('',#4093,#971);
#625=LINE('',#4095,#972);
#626=LINE('',#4097,#973);
#627=LINE('',#4099,#974);
#628=LINE('',#4106,#975);
#629=LINE('',#4113,#976);
#630=LINE('',#4119,#977);
#631=LINE('',#4121,#978);
#632=LINE('',#4123,#979);
#633=LINE('',#4124,#980);
#634=LINE('',#4128,#981);
#635=LINE('',#4130,#982);
#636=LINE('',#4132,#983);
#637=LINE('',#4134,#984);
#638=LINE('',#4136,#985);
#639=LINE('',#4137,#986);
#640=LINE('',#4141,#987);
#641=LINE('',#4143,#988);
#642=LINE('',#4145,#989);
#643=LINE('',#4147,#990);
#644=LINE('',#4149,#991);
#645=LINE('',#4151,#992);
#646=LINE('',#4153,#993);
#647=LINE('',#4155,#994);
#648=LINE('',#4157,#995);
#649=LINE('',#4158,#996);
#650=LINE('',#4159,#997);
#651=LINE('',#4164,#998);
#652=LINE('',#4171,#999);
#653=LINE('',#4186,#1000);
#654=LINE('',#4190,#1001);
#655=LINE('',#4192,#1002);
#656=LINE('',#4193,#1003);
#657=LINE('',#4196,#1004);
#658=LINE('',#4197,#1005);
#659=LINE('',#4198,#1006);
#660=LINE('',#4201,#1007);
#661=LINE('',#4202,#1008);
#662=LINE('',#4205,#1009);
#663=LINE('',#4206,#1010);
#664=LINE('',#4209,#1011);
#665=LINE('',#4210,#1012);
#666=LINE('',#4214,#1013);
#667=LINE('',#4215,#1014);
#668=LINE('',#4216,#1015);
#669=LINE('',#4219,#1016);
#670=LINE('',#4221,#1017);
#671=LINE('',#4222,#1018);
#672=LINE('',#4225,#1019);
#673=LINE('',#4226,#1020);
#674=LINE('',#4227,#1021);
#675=LINE('',#4230,#1022);
#676=LINE('',#4231,#1023);
#677=LINE('',#4234,#1024);
#678=LINE('',#4235,#1025);
#679=LINE('',#4238,#1026);
#680=LINE('',#4239,#1027);
#681=LINE('',#4241,#1028);
#682=LINE('',#4242,#1029);
#683=LINE('',#4246,#1030);
#684=LINE('',#4247,#1031);
#685=LINE('',#4250,#1032);
#686=LINE('',#4251,#1033);
#687=LINE('',#4253,#1034);
#688=LINE('',#4254,#1035);
#689=VECTOR('',#2852,10.);
#690=VECTOR('',#2853,10.);
#691=VECTOR('',#2854,10.);
#692=VECTOR('',#2855,10.);
#693=VECTOR('',#2858,10.);
#694=VECTOR('',#2859,10.);
#695=VECTOR('',#2860,10.);
#696=VECTOR('',#2861,10.);
#697=VECTOR('',#2864,10.);
#698=VECTOR('',#2865,10.);
#699=VECTOR('',#2866,10.);
#700=VECTOR('',#2867,10.);
#701=VECTOR('',#2870,10.);
#702=VECTOR('',#2871,10.);
#703=VECTOR('',#2872,10.);
#704=VECTOR('',#2875,10.);
#705=VECTOR('',#2876,10.);
#706=VECTOR('',#2879,10.);
#707=VECTOR('',#2880,10.);
#708=VECTOR('',#2881,10.);
#709=VECTOR('',#2884,10.);
#710=VECTOR('',#2885,10.);
#711=VECTOR('',#2886,10.);
#712=VECTOR('',#2887,10.);
#713=VECTOR('',#2888,10.);
#714=VECTOR('',#2889,10.);
#715=VECTOR('',#2890,10.);
#716=VECTOR('',#2891,10.);
#717=VECTOR('',#2892,10.);
#718=VECTOR('',#2893,10.);
#719=VECTOR('',#2894,10.);
#720=VECTOR('',#2895,10.);
#721=VECTOR('',#2896,10.);
#722=VECTOR('',#2897,10.);
#723=VECTOR('',#2898,10.);
#724=VECTOR('',#2899,10.);
#725=VECTOR('',#2900,10.);
#726=VECTOR('',#2901,10.);
#727=VECTOR('',#2902,10.);
#728=VECTOR('',#2903,10.);
#729=VECTOR('',#2904,10.);
#730=VECTOR('',#2905,10.);
#731=VECTOR('',#2906,10.);
#732=VECTOR('',#2907,10.);
#733=VECTOR('',#2908,10.);
#734=VECTOR('',#2909,10.);
#735=VECTOR('',#2910,10.);
#736=VECTOR('',#2911,10.);
#737=VECTOR('',#2912,10.);
#738=VECTOR('',#2913,10.);
#739=VECTOR('',#2914,10.);
#740=VECTOR('',#2915,10.);
#741=VECTOR('',#2916,10.);
#742=VECTOR('',#2917,10.);
#743=VECTOR('',#2920,10.);
#744=VECTOR('',#2921,10.);
#745=VECTOR('',#2922,10.);
#746=VECTOR('',#2923,10.);
#747=VECTOR('',#2924,10.);
#748=VECTOR('',#2925,10.);
#749=VECTOR('',#2926,10.);
#750=VECTOR('',#2927,10.);
#751=VECTOR('',#2928,10.);
#752=VECTOR('',#2929,10.);
#753=VECTOR('',#2930,10.);
#754=VECTOR('',#2931,10.);
#755=VECTOR('',#2932,10.);
#756=VECTOR('',#2933,10.);
#757=VECTOR('',#2934,10.);
#758=VECTOR('',#2935,10.);
#759=VECTOR('',#2936,10.);
#760=VECTOR('',#2937,10.);
#761=VECTOR('',#2938,10.);
#762=VECTOR('',#2939,10.);
#763=VECTOR('',#2940,10.);
#764=VECTOR('',#2941,10.);
#765=VECTOR('',#2942,10.);
#766=VECTOR('',#2943,10.);
#767=VECTOR('',#2944,10.);
#768=VECTOR('',#2945,10.);
#769=VECTOR('',#2946,10.);
#770=VECTOR('',#2947,10.);
#771=VECTOR('',#2948,10.);
#772=VECTOR('',#2949,10.);
#773=VECTOR('',#2950,10.);
#774=VECTOR('',#2951,10.);
#775=VECTOR('',#2952,10.);
#776=VECTOR('',#2953,10.);
#777=VECTOR('',#2954,10.);
#778=VECTOR('',#2955,10.);
#779=VECTOR('',#2956,10.);
#780=VECTOR('',#2957,10.);
#781=VECTOR('',#2958,10.);
#782=VECTOR('',#2959,10.);
#783=VECTOR('',#2960,10.);
#784=VECTOR('',#2961,10.);
#785=VECTOR('',#2962,10.);
#786=VECTOR('',#2963,10.);
#787=VECTOR('',#2964,10.);
#788=VECTOR('',#2965,10.);
#789=VECTOR('',#2972,10.);
#790=VECTOR('',#2973,10.);
#791=VECTOR('',#2974,10.);
#792=VECTOR('',#2977,10.);
#793=VECTOR('',#2978,10.);
#794=VECTOR('',#2981,10.);
#795=VECTOR('',#2982,10.);
#796=VECTOR('',#2983,10.);
#797=VECTOR('',#2986,10.);
#798=VECTOR('',#2987,10.);
#799=VECTOR('',#2988,10.);
#800=VECTOR('',#2991,10.);
#801=VECTOR('',#2992,10.);
#802=VECTOR('',#2995,10.);
#803=VECTOR('',#2996,10.);
#804=VECTOR('',#2997,10.);
#805=VECTOR('',#3000,10.);
#806=VECTOR('',#3001,10.);
#807=VECTOR('',#3004,10.);
#808=VECTOR('',#3005,10.);
#809=VECTOR('',#3006,10.);
#810=VECTOR('',#3009,10.);
#811=VECTOR('',#3010,10.);
#812=VECTOR('',#3013,10.);
#813=VECTOR('',#3014,10.);
#814=VECTOR('',#3015,10.);
#815=VECTOR('',#3018,10.);
#816=VECTOR('',#3019,10.);
#817=VECTOR('',#3022,10.);
#818=VECTOR('',#3023,10.);
#819=VECTOR('',#3026,10.);
#820=VECTOR('',#3027,10.);
#821=VECTOR('',#3028,10.);
#822=VECTOR('',#3031,10.);
#823=VECTOR('',#3032,10.);
#824=VECTOR('',#3033,10.);
#825=VECTOR('',#3036,10.);
#826=VECTOR('',#3037,10.);
#827=VECTOR('',#3040,10.);
#828=VECTOR('',#3041,10.);
#829=VECTOR('',#3042,10.);
#830=VECTOR('',#3045,10.);
#831=VECTOR('',#3046,10.);
#832=VECTOR('',#3047,10.);
#833=VECTOR('',#3052,2.1);
#834=VECTOR('',#3053,10.);
#835=VECTOR('',#3056,10.);
#836=VECTOR('',#3059,10.);
#837=VECTOR('',#3062,10.);
#838=VECTOR('',#3063,10.);
#839=VECTOR('',#3066,10.);
#840=VECTOR('',#3067,10.);
#841=VECTOR('',#3070,10.);
#842=VECTOR('',#3071,10.);
#843=VECTOR('',#3074,10.);
#844=VECTOR('',#3075,10.);
#845=VECTOR('',#3078,10.);
#846=VECTOR('',#3079,10.);
#847=VECTOR('',#3080,10.);
#848=VECTOR('',#3083,10.);
#849=VECTOR('',#3084,10.);
#850=VECTOR('',#3087,10.);
#851=VECTOR('',#3088,10.);
#852=VECTOR('',#3093,2.1);
#853=VECTOR('',#3096,10.);
#854=VECTOR('',#3097,10.);
#855=VECTOR('',#3102,10.);
#856=VECTOR('',#3105,10.);
#857=VECTOR('',#3106,10.);
#858=VECTOR('',#3107,10.);
#859=VECTOR('',#3108,10.);
#860=VECTOR('',#3111,10.);
#861=VECTOR('',#3112,10.);
#862=VECTOR('',#3113,10.);
#863=VECTOR('',#3114,10.);
#864=VECTOR('',#3117,10.);
#865=VECTOR('',#3118,10.);
#866=VECTOR('',#3119,10.);
#867=VECTOR('',#3122,10.);
#868=VECTOR('',#3123,10.);
#869=VECTOR('',#3124,10.);
#870=VECTOR('',#3127,10.);
#871=VECTOR('',#3128,10.);
#872=VECTOR('',#3131,10.);
#873=VECTOR('',#3132,10.);
#874=VECTOR('',#3135,10.);
#875=VECTOR('',#3136,10.);
#876=VECTOR('',#3139,10.);
#877=VECTOR('',#3140,10.);
#878=VECTOR('',#3143,10.);
#879=VECTOR('',#3144,10.);
#880=VECTOR('',#3145,10.);
#881=VECTOR('',#3146,10.);
#882=VECTOR('',#3147,10.);
#883=VECTOR('',#3148,10.);
#884=VECTOR('',#3151,10.);
#885=VECTOR('',#3152,10.);
#886=VECTOR('',#3155,10.);
#887=VECTOR('',#3156,10.);
#888=VECTOR('',#3159,10.);
#889=VECTOR('',#3160,10.);
#890=VECTOR('',#3163,10.);
#891=VECTOR('',#3164,10.);
#892=VECTOR('',#3167,10.);
#893=VECTOR('',#3170,10.);
#894=VECTOR('',#3173,10.);
#895=VECTOR('',#3174,10.);
#896=VECTOR('',#3175,10.);
#897=VECTOR('',#3178,10.);
#898=VECTOR('',#3179,10.);
#899=VECTOR('',#3182,10.);
#900=VECTOR('',#3185,10.);
#901=VECTOR('',#3186,10.);
#902=VECTOR('',#3189,10.);
#903=VECTOR('',#3192,10.);
#904=VECTOR('',#3193,10.);
#905=VECTOR('',#3196,10.);
#906=VECTOR('',#3197,10.);
#907=VECTOR('',#3198,10.);
#908=VECTOR('',#3199,10.);
#909=VECTOR('',#3200,10.);
#910=VECTOR('',#3201,10.);
#911=VECTOR('',#3202,10.);
#912=VECTOR('',#3203,10.);
#913=VECTOR('',#3204,10.);
#914=VECTOR('',#3205,10.);
#915=VECTOR('',#3206,10.);
#916=VECTOR('',#3207,10.);
#917=VECTOR('',#3208,10.);
#918=VECTOR('',#3209,10.);
#919=VECTOR('',#3210,10.);
#920=VECTOR('',#3211,10.);
#921=VECTOR('',#3212,10.);
#922=VECTOR('',#3215,10.);
#923=VECTOR('',#3216,10.);
#924=VECTOR('',#3219,10.);
#925=VECTOR('',#3220,10.);
#926=VECTOR('',#3223,10.);
#927=VECTOR('',#3224,10.);
#928=VECTOR('',#3225,10.);
#929=VECTOR('',#3226,10.);
#930=VECTOR('',#3227,10.);
#931=VECTOR('',#3228,10.);
#932=VECTOR('',#3229,10.);
#933=VECTOR('',#3230,10.);
#934=VECTOR('',#3231,10.);
#935=VECTOR('',#3232,10.);
#936=VECTOR('',#3233,10.);
#937=VECTOR('',#3234,10.);
#938=VECTOR('',#3235,10.);
#939=VECTOR('',#3236,10.);
#940=VECTOR('',#3237,10.);
#941=VECTOR('',#3238,10.);
#942=VECTOR('',#3239,10.);
#943=VECTOR('',#3240,10.);
#944=VECTOR('',#3241,10.);
#945=VECTOR('',#3242,10.);
#946=VECTOR('',#3243,10.);
#947=VECTOR('',#3244,10.);
#948=VECTOR('',#3245,10.);
#949=VECTOR('',#3248,10.);
#950=VECTOR('',#3261,10.);
#951=VECTOR('',#3264,10.);
#952=VECTOR('',#3271,10.);
#953=VECTOR('',#3276,10.);
#954=VECTOR('',#3279,10.);
#955=VECTOR('',#3284,10.);
#956=VECTOR('',#3287,10.);
#957=VECTOR('',#3290,10.);
#958=VECTOR('',#3293,10.);
#959=VECTOR('',#3296,10.);
#960=VECTOR('',#3299,10.);
#961=VECTOR('',#3302,10.);
#962=VECTOR('',#3307,10.);
#963=VECTOR('',#3310,10.);
#964=VECTOR('',#3313,10.);
#965=VECTOR('',#3318,10.);
#966=VECTOR('',#3321,10.);
#967=VECTOR('',#3324,10.);
#968=VECTOR('',#3327,10.);
#969=VECTOR('',#3330,10.);
#970=VECTOR('',#3337,10.);
#971=VECTOR('',#3340,10.);
#972=VECTOR('',#3343,10.);
#973=VECTOR('',#3346,10.);
#974=VECTOR('',#3349,10.);
#975=VECTOR('',#3358,2.1);
#976=VECTOR('',#3367,2.1);
#977=VECTOR('',#3374,10.);
#978=VECTOR('',#3375,10.);
#979=VECTOR('',#3376,10.);
#980=VECTOR('',#3377,10.);
#981=VECTOR('',#3380,10.);
#982=VECTOR('',#3381,10.);
#983=VECTOR('',#3382,10.);
#984=VECTOR('',#3383,10.);
#985=VECTOR('',#3384,10.);
#986=VECTOR('',#3385,10.);
#987=VECTOR('',#3388,10.);
#988=VECTOR('',#3389,10.);
#989=VECTOR('',#3390,10.);
#990=VECTOR('',#3391,10.);
#991=VECTOR('',#3392,10.);
#992=VECTOR('',#3393,10.);
#993=VECTOR('',#3394,10.);
#994=VECTOR('',#3395,10.);
#995=VECTOR('',#3396,10.);
#996=VECTOR('',#3397,10.);
#997=VECTOR('',#3398,10.);
#998=VECTOR('',#3403,2.1);
#999=VECTOR('',#3412,2.1);
#1000=VECTOR('',#3429,10.8500000000001);
#1001=VECTOR('',#3434,10.);
#1002=VECTOR('',#3435,10.);
#1003=VECTOR('',#3436,10.);
#1004=VECTOR('',#3439,10.);
#1005=VECTOR('',#3440,10.);
#1006=VECTOR('',#3441,10.);
#1007=VECTOR('',#3444,10.);
#1008=VECTOR('',#3445,10.);
#1009=VECTOR('',#3448,10.);
#1010=VECTOR('',#3449,10.);
#1011=VECTOR('',#3452,10.);
#1012=VECTOR('',#3453,10.);
#1013=VECTOR('',#3456,10.);
#1014=VECTOR('',#3457,10.);
#1015=VECTOR('',#3458,10.);
#1016=VECTOR('',#3461,10.);
#1017=VECTOR('',#3462,10.);
#1018=VECTOR('',#3463,10.);
#1019=VECTOR('',#3466,10.);
#1020=VECTOR('',#3467,10.);
#1021=VECTOR('',#3468,10.);
#1022=VECTOR('',#3471,10.);
#1023=VECTOR('',#3472,10.);
#1024=VECTOR('',#3475,10.);
#1025=VECTOR('',#3476,10.);
#1026=VECTOR('',#3479,10.);
#1027=VECTOR('',#3480,10.);
#1028=VECTOR('',#3483,10.);
#1029=VECTOR('',#3484,10.);
#1030=VECTOR('',#3489,10.);
#1031=VECTOR('',#3490,10.);
#1032=VECTOR('',#3493,10.);
#1033=VECTOR('',#3494,10.);
#1034=VECTOR('',#3497,10.);
#1035=VECTOR('',#3498,10.);
#1036=VERTEX_POINT('',#3512);
#1037=VERTEX_POINT('',#3513);
#1038=VERTEX_POINT('',#3515);
#1039=VERTEX_POINT('',#3517);
#1040=VERTEX_POINT('',#3521);
#1041=VERTEX_POINT('',#3522);
#1042=VERTEX_POINT('',#3524);
#1043=VERTEX_POINT('',#3526);
#1044=VERTEX_POINT('',#3530);
#1045=VERTEX_POINT('',#3531);
#1046=VERTEX_POINT('',#3533);
#1047=VERTEX_POINT('',#3535);
#1048=VERTEX_POINT('',#3539);
#1049=VERTEX_POINT('',#3541);
#1050=VERTEX_POINT('',#3548);
#1051=VERTEX_POINT('',#3550);
#1052=VERTEX_POINT('',#3555);
#1053=VERTEX_POINT('',#3557);
#1054=VERTEX_POINT('',#3559);
#1055=VERTEX_POINT('',#3561);
#1056=VERTEX_POINT('',#3563);
#1057=VERTEX_POINT('',#3565);
#1058=VERTEX_POINT('',#3567);
#1059=VERTEX_POINT('',#3569);
#1060=VERTEX_POINT('',#3571);
#1061=VERTEX_POINT('',#3573);
#1062=VERTEX_POINT('',#3575);
#1063=VERTEX_POINT('',#3577);
#1064=VERTEX_POINT('',#3579);
#1065=VERTEX_POINT('',#3581);
#1066=VERTEX_POINT('',#3583);
#1067=VERTEX_POINT('',#3585);
#1068=VERTEX_POINT('',#3587);
#1069=VERTEX_POINT('',#3589);
#1070=VERTEX_POINT('',#3591);
#1071=VERTEX_POINT('',#3593);
#1072=VERTEX_POINT('',#3595);
#1073=VERTEX_POINT('',#3597);
#1074=VERTEX_POINT('',#3599);
#1075=VERTEX_POINT('',#3601);
#1076=VERTEX_POINT('',#3604);
#1077=VERTEX_POINT('',#3605);
#1078=VERTEX_POINT('',#3607);
#1079=VERTEX_POINT('',#3609);
#1080=VERTEX_POINT('',#3611);
#1081=VERTEX_POINT('',#3613);
#1082=VERTEX_POINT('',#3615);
#1083=VERTEX_POINT('',#3617);
#1084=VERTEX_POINT('',#3619);
#1085=VERTEX_POINT('',#3621);
#1086=VERTEX_POINT('',#3623);
#1087=VERTEX_POINT('',#3625);
#1088=VERTEX_POINT('',#3627);
#1089=VERTEX_POINT('',#3629);
#1090=VERTEX_POINT('',#3631);
#1091=VERTEX_POINT('',#3633);
#1092=VERTEX_POINT('',#3635);
#1093=VERTEX_POINT('',#3637);
#1094=VERTEX_POINT('',#3639);
#1095=VERTEX_POINT('',#3641);
#1096=VERTEX_POINT('',#3643);
#1097=VERTEX_POINT('',#3645);
#1098=VERTEX_POINT('',#3647);
#1099=VERTEX_POINT('',#3649);
#1100=VERTEX_POINT('',#3651);
#1101=VERTEX_POINT('',#3653);
#1102=VERTEX_POINT('',#3655);
#1103=VERTEX_POINT('',#3657);
#1104=VERTEX_POINT('',#3659);
#1105=VERTEX_POINT('',#3661);
#1106=VERTEX_POINT('',#3663);
#1107=VERTEX_POINT('',#3665);
#1108=VERTEX_POINT('',#3667);
#1109=VERTEX_POINT('',#3669);
#1110=VERTEX_POINT('',#3671);
#1111=VERTEX_POINT('',#3673);
#1112=VERTEX_POINT('',#3675);
#1113=VERTEX_POINT('',#3677);
#1114=VERTEX_POINT('',#3679);
#1115=VERTEX_POINT('',#3681);
#1116=VERTEX_POINT('',#3683);
#1117=VERTEX_POINT('',#3685);
#1118=VERTEX_POINT('',#3687);
#1119=VERTEX_POINT('',#3689);
#1120=VERTEX_POINT('',#3691);
#1121=VERTEX_POINT('',#3693);
#1122=VERTEX_POINT('',#3695);
#1123=VERTEX_POINT('',#3697);
#1124=VERTEX_POINT('',#3699);
#1125=VERTEX_POINT('',#3701);
#1126=VERTEX_POINT('',#3703);
#1127=VERTEX_POINT('',#3705);
#1128=VERTEX_POINT('',#3707);
#1129=VERTEX_POINT('',#3709);
#1130=VERTEX_POINT('',#3711);
#1131=VERTEX_POINT('',#3713);
#1132=VERTEX_POINT('',#3715);
#1133=VERTEX_POINT('',#3719);
#1134=VERTEX_POINT('',#3720);
#1135=VERTEX_POINT('',#3725);
#1136=VERTEX_POINT('',#3729);
#1137=VERTEX_POINT('',#3730);
#1138=VERTEX_POINT('',#3735);
#1139=VERTEX_POINT('',#3736);
#1140=VERTEX_POINT('',#3741);
#1141=VERTEX_POINT('',#3745);
#1142=VERTEX_POINT('',#3746);
#1143=VERTEX_POINT('',#3751);
#1144=VERTEX_POINT('',#3755);
#1145=VERTEX_POINT('',#3756);
#1146=VERTEX_POINT('',#3761);
#1147=VERTEX_POINT('',#3765);
#1148=VERTEX_POINT('',#3766);
#1149=VERTEX_POINT('',#3771);
#1150=VERTEX_POINT('',#3775);
#1151=VERTEX_POINT('',#3779);
#1152=VERTEX_POINT('',#3780);
#1153=VERTEX_POINT('',#3785);
#1154=VERTEX_POINT('',#3786);
#1155=VERTEX_POINT('',#3791);
#1156=VERTEX_POINT('',#3795);
#1157=VERTEX_POINT('',#3796);
#1158=VERTEX_POINT('',#3801);
#1159=VERTEX_POINT('',#3802);
#1160=VERTEX_POINT('',#3807);
#1161=VERTEX_POINT('',#3810);
#1162=VERTEX_POINT('',#3812);
#1163=VERTEX_POINT('',#3818);
#1164=VERTEX_POINT('',#3822);
#1165=VERTEX_POINT('',#3826);
#1166=VERTEX_POINT('',#3830);
#1167=VERTEX_POINT('',#3834);
#1168=VERTEX_POINT('',#3836);
#1169=VERTEX_POINT('',#3840);
#1170=VERTEX_POINT('',#3844);
#1171=VERTEX_POINT('',#3848);
#1172=VERTEX_POINT('',#3850);
#1173=VERTEX_POINT('',#3852);
#1174=VERTEX_POINT('',#3855);
#1175=VERTEX_POINT('',#3861);
#1176=VERTEX_POINT('',#3862);
#1177=VERTEX_POINT('',#3864);
#1178=VERTEX_POINT('',#3866);
#1179=VERTEX_POINT('',#3870);
#1180=VERTEX_POINT('',#3871);
#1181=VERTEX_POINT('',#3873);
#1182=VERTEX_POINT('',#3875);
#1183=VERTEX_POINT('',#3879);
#1184=VERTEX_POINT('',#3881);
#1185=VERTEX_POINT('',#3885);
#1186=VERTEX_POINT('',#3887);
#1187=VERTEX_POINT('',#3891);
#1188=VERTEX_POINT('',#3895);
#1189=VERTEX_POINT('',#3899);
#1190=VERTEX_POINT('',#3903);
#1191=VERTEX_POINT('',#3907);
#1192=VERTEX_POINT('',#3909);
#1193=VERTEX_POINT('',#3911);
#1194=VERTEX_POINT('',#3913);
#1195=VERTEX_POINT('',#3918);
#1196=VERTEX_POINT('',#3922);
#1197=VERTEX_POINT('',#3926);
#1198=VERTEX_POINT('',#3930);
#1199=VERTEX_POINT('',#3938);
#1200=VERTEX_POINT('',#3940);
#1201=VERTEX_POINT('',#3944);
#1202=VERTEX_POINT('',#3950);
#1203=VERTEX_POINT('',#3956);
#1204=VERTEX_POINT('',#3960);
#1205=VERTEX_POINT('',#3962);
#1206=VERTEX_POINT('',#3964);
#1207=VERTEX_POINT('',#3966);
#1208=VERTEX_POINT('',#3968);
#1209=VERTEX_POINT('',#3971);
#1210=VERTEX_POINT('',#3973);
#1211=VERTEX_POINT('',#3975);
#1212=VERTEX_POINT('',#3978);
#1213=VERTEX_POINT('',#3980);
#1214=VERTEX_POINT('',#3982);
#1215=VERTEX_POINT('',#3984);
#1216=VERTEX_POINT('',#3986);
#1217=VERTEX_POINT('',#3991);
#1218=VERTEX_POINT('',#3995);
#1219=VERTEX_POINT('',#3999);
#1220=VERTEX_POINT('',#4001);
#1221=VERTEX_POINT('',#4008);
#1222=VERTEX_POINT('',#4011);
#1223=VERTEX_POINT('',#4013);
#1224=VERTEX_POINT('',#4015);
#1225=VERTEX_POINT('',#4017);
#1226=VERTEX_POINT('',#4019);
#1227=VERTEX_POINT('',#4021);
#1228=VERTEX_POINT('',#4023);
#1229=VERTEX_POINT('',#4026);
#1230=VERTEX_POINT('',#4028);
#1231=VERTEX_POINT('',#4031);
#1232=VERTEX_POINT('',#4103);
#1233=VERTEX_POINT('',#4105);
#1234=VERTEX_POINT('',#4110);
#1235=VERTEX_POINT('',#4112);
#1236=VERTEX_POINT('',#4117);
#1237=VERTEX_POINT('',#4118);
#1238=VERTEX_POINT('',#4120);
#1239=VERTEX_POINT('',#4122);
#1240=VERTEX_POINT('',#4126);
#1241=VERTEX_POINT('',#4127);
#1242=VERTEX_POINT('',#4129);
#1243=VERTEX_POINT('',#4131);
#1244=VERTEX_POINT('',#4133);
#1245=VERTEX_POINT('',#4135);
#1246=VERTEX_POINT('',#4139);
#1247=VERTEX_POINT('',#4140);
#1248=VERTEX_POINT('',#4142);
#1249=VERTEX_POINT('',#4144);
#1250=VERTEX_POINT('',#4146);
#1251=VERTEX_POINT('',#4148);
#1252=VERTEX_POINT('',#4150);
#1253=VERTEX_POINT('',#4152);
#1254=VERTEX_POINT('',#4154);
#1255=VERTEX_POINT('',#4156);
#1256=VERTEX_POINT('',#4161);
#1257=VERTEX_POINT('',#4163);
#1258=VERTEX_POINT('',#4168);
#1259=VERTEX_POINT('',#4170);
#1260=VERTEX_POINT('',#4175);
#1261=VERTEX_POINT('',#4176);
#1262=VERTEX_POINT('',#4178);
#1263=VERTEX_POINT('',#4180);
#1264=VERTEX_POINT('',#4182);
#1265=VERTEX_POINT('',#4185);
#1266=VERTEX_POINT('',#4189);
#1267=VERTEX_POINT('',#4191);
#1268=VERTEX_POINT('',#4195);
#1269=VERTEX_POINT('',#4200);
#1270=VERTEX_POINT('',#4204);
#1271=VERTEX_POINT('',#4208);
#1272=VERTEX_POINT('',#4212);
#1273=VERTEX_POINT('',#4213);
#1274=VERTEX_POINT('',#4218);
#1275=VERTEX_POINT('',#4220);
#1276=VERTEX_POINT('',#4224);
#1277=VERTEX_POINT('',#4229);
#1278=VERTEX_POINT('',#4233);
#1279=VERTEX_POINT('',#4237);
#1280=VERTEX_POINT('',#4245);
#1281=VERTEX_POINT('',#4249);
#1282=EDGE_CURVE('',#1036,#1037,#342,.T.);
#1283=EDGE_CURVE('',#1038,#1036,#343,.T.);
#1284=EDGE_CURVE('',#1039,#1038,#344,.T.);
#1285=EDGE_CURVE('',#1037,#1039,#345,.T.);
#1286=EDGE_CURVE('',#1040,#1041,#346,.T.);
#1287=EDGE_CURVE('',#1042,#1040,#347,.T.);
#1288=EDGE_CURVE('',#1043,#1042,#348,.T.);
#1289=EDGE_CURVE('',#1041,#1043,#349,.T.);
#1290=EDGE_CURVE('',#1044,#1045,#350,.T.);
#1291=EDGE_CURVE('',#1046,#1044,#351,.T.);
#1292=EDGE_CURVE('',#1047,#1046,#352,.T.);
#1293=EDGE_CURVE('',#1045,#1047,#353,.T.);
#1294=EDGE_CURVE('',#1048,#1044,#354,.T.);
#1295=EDGE_CURVE('',#1049,#1048,#355,.T.);
#1296=EDGE_CURVE('',#1046,#1049,#356,.T.);
#1297=EDGE_CURVE('',#1049,#1043,#357,.T.);
#1298=EDGE_CURVE('',#1041,#1048,#358,.T.);
#1299=EDGE_CURVE('',#1050,#1039,#359,.T.);
#1300=EDGE_CURVE('',#1050,#1051,#360,.T.);
#1301=EDGE_CURVE('',#1037,#1051,#361,.T.);
#1302=EDGE_CURVE('',#1042,#1050,#362,.T.);
#1303=EDGE_CURVE('',#1038,#1052,#363,.T.);
#1304=EDGE_CURVE('',#1052,#1053,#364,.T.);
#1305=EDGE_CURVE('',#1053,#1054,#365,.T.);
#1306=EDGE_CURVE('',#1054,#1055,#366,.T.);
#1307=EDGE_CURVE('',#1055,#1056,#367,.T.);
#1308=EDGE_CURVE('',#1056,#1057,#368,.T.);
#1309=EDGE_CURVE('',#1057,#1058,#369,.T.);
#1310=EDGE_CURVE('',#1059,#1058,#370,.T.);
#1311=EDGE_CURVE('',#1059,#1060,#371,.T.);
#1312=EDGE_CURVE('',#1060,#1061,#372,.T.);
#1313=EDGE_CURVE('',#1061,#1062,#373,.T.);
#1314=EDGE_CURVE('',#1062,#1063,#374,.T.);
#1315=EDGE_CURVE('',#1063,#1064,#375,.T.);
#1316=EDGE_CURVE('',#1064,#1065,#376,.T.);
#1317=EDGE_CURVE('',#1065,#1066,#377,.T.);
#1318=EDGE_CURVE('',#1066,#1067,#378,.T.);
#1319=EDGE_CURVE('',#1067,#1068,#379,.T.);
#1320=EDGE_CURVE('',#1069,#1068,#380,.T.);
#1321=EDGE_CURVE('',#1069,#1070,#381,.T.);
#1322=EDGE_CURVE('',#1070,#1071,#382,.T.);
#1323=EDGE_CURVE('',#1071,#1072,#383,.T.);
#1324=EDGE_CURVE('',#1072,#1073,#384,.T.);
#1325=EDGE_CURVE('',#1073,#1074,#385,.T.);
#1326=EDGE_CURVE('',#1074,#1075,#386,.T.);
#1327=EDGE_CURVE('',#1075,#1047,#387,.T.);
#1328=EDGE_CURVE('',#1076,#1077,#388,.T.);
#1329=EDGE_CURVE('',#1077,#1078,#389,.T.);
#1330=EDGE_CURVE('',#1078,#1079,#390,.T.);
#1331=EDGE_CURVE('',#1079,#1080,#391,.T.);
#1332=EDGE_CURVE('',#1080,#1081,#392,.T.);
#1333=EDGE_CURVE('',#1081,#1082,#393,.T.);
#1334=EDGE_CURVE('',#1082,#1083,#394,.T.);
#1335=EDGE_CURVE('',#1083,#1084,#395,.T.);
#1336=EDGE_CURVE('',#1084,#1085,#54,.T.);
#1337=EDGE_CURVE('',#1085,#1086,#396,.T.);
#1338=EDGE_CURVE('',#1086,#1087,#397,.T.);
#1339=EDGE_CURVE('',#1087,#1088,#398,.T.);
#1340=EDGE_CURVE('',#1088,#1089,#399,.T.);
#1341=EDGE_CURVE('',#1089,#1090,#400,.T.);
#1342=EDGE_CURVE('',#1090,#1091,#401,.T.);
#1343=EDGE_CURVE('',#1091,#1092,#402,.T.);
#1344=EDGE_CURVE('',#1092,#1093,#403,.T.);
#1345=EDGE_CURVE('',#1093,#1094,#404,.T.);
#1346=EDGE_CURVE('',#1094,#1095,#405,.T.);
#1347=EDGE_CURVE('',#1095,#1096,#406,.T.);
#1348=EDGE_CURVE('',#1096,#1097,#407,.T.);
#1349=EDGE_CURVE('',#1097,#1098,#408,.T.);
#1350=EDGE_CURVE('',#1098,#1099,#409,.T.);
#1351=EDGE_CURVE('',#1099,#1100,#410,.T.);
#1352=EDGE_CURVE('',#1100,#1101,#411,.T.);
#1353=EDGE_CURVE('',#1101,#1102,#412,.T.);
#1354=EDGE_CURVE('',#1102,#1103,#413,.T.);
#1355=EDGE_CURVE('',#1103,#1104,#414,.T.);
#1356=EDGE_CURVE('',#1104,#1105,#415,.T.);
#1357=EDGE_CURVE('',#1105,#1106,#416,.T.);
#1358=EDGE_CURVE('',#1106,#1107,#417,.T.);
#1359=EDGE_CURVE('',#1107,#1108,#418,.T.);
#1360=EDGE_CURVE('',#1108,#1109,#419,.T.);
#1361=EDGE_CURVE('',#1109,#1110,#420,.T.);
#1362=EDGE_CURVE('',#1110,#1111,#421,.T.);
#1363=EDGE_CURVE('',#1111,#1112,#422,.T.);
#1364=EDGE_CURVE('',#1112,#1113,#423,.T.);
#1365=EDGE_CURVE('',#1113,#1114,#424,.T.);
#1366=EDGE_CURVE('',#1114,#1115,#425,.T.);
#1367=EDGE_CURVE('',#1115,#1116,#426,.T.);
#1368=EDGE_CURVE('',#1116,#1117,#427,.T.);
#1369=EDGE_CURVE('',#1117,#1118,#428,.T.);
#1370=EDGE_CURVE('',#1118,#1119,#429,.T.);
#1371=EDGE_CURVE('',#1119,#1120,#430,.T.);
#1372=EDGE_CURVE('',#1120,#1121,#431,.T.);
#1373=EDGE_CURVE('',#1121,#1122,#432,.T.);
#1374=EDGE_CURVE('',#1122,#1123,#433,.T.);
#1375=EDGE_CURVE('',#1123,#1124,#434,.T.);
#1376=EDGE_CURVE('',#1124,#1125,#435,.T.);
#1377=EDGE_CURVE('',#1125,#1126,#436,.T.);
#1378=EDGE_CURVE('',#1126,#1127,#437,.T.);
#1379=EDGE_CURVE('',#1127,#1128,#438,.T.);
#1380=EDGE_CURVE('',#1128,#1129,#439,.T.);
#1381=EDGE_CURVE('',#1129,#1130,#440,.T.);
#1382=EDGE_CURVE('',#1130,#1131,#441,.T.);
#1383=EDGE_CURVE('',#1131,#1132,#55,.T.);
#1384=EDGE_CURVE('',#1132,#1076,#56,.T.);
#1385=EDGE_CURVE('',#1133,#1134,#442,.T.);
#1386=EDGE_CURVE('',#1103,#1133,#443,.T.);
#1387=EDGE_CURVE('',#1102,#1134,#444,.T.);
#1388=EDGE_CURVE('',#1134,#1135,#445,.T.);
#1389=EDGE_CURVE('',#1135,#1101,#446,.T.);
#1390=EDGE_CURVE('',#1136,#1137,#447,.T.);
#1391=EDGE_CURVE('',#1099,#1136,#448,.T.);
#1392=EDGE_CURVE('',#1137,#1098,#449,.T.);
#1393=EDGE_CURVE('',#1138,#1139,#450,.T.);
#1394=EDGE_CURVE('',#1095,#1138,#451,.T.);
#1395=EDGE_CURVE('',#1094,#1139,#452,.T.);
#1396=EDGE_CURVE('',#1139,#1140,#453,.T.);
#1397=EDGE_CURVE('',#1140,#1093,#454,.T.);
#1398=EDGE_CURVE('',#1141,#1142,#455,.T.);
#1399=EDGE_CURVE('',#1089,#1141,#456,.T.);
#1400=EDGE_CURVE('',#1088,#1142,#457,.T.);
#1401=EDGE_CURVE('',#1142,#1143,#458,.T.);
#1402=EDGE_CURVE('',#1143,#1087,#459,.T.);
#1403=EDGE_CURVE('',#1144,#1145,#460,.T.);
#1404=EDGE_CURVE('',#1128,#1144,#461,.T.);
#1405=EDGE_CURVE('',#1127,#1145,#462,.T.);
#1406=EDGE_CURVE('',#1145,#1146,#463,.T.);
#1407=EDGE_CURVE('',#1146,#1126,#464,.T.);
#1408=EDGE_CURVE('',#1147,#1148,#465,.T.);
#1409=EDGE_CURVE('',#1125,#1147,#466,.T.);
#1410=EDGE_CURVE('',#1124,#1148,#467,.T.);
#1411=EDGE_CURVE('',#1148,#1149,#468,.T.);
#1412=EDGE_CURVE('',#1123,#1149,#469,.T.);
#1413=EDGE_CURVE('',#1149,#1150,#470,.T.);
#1414=EDGE_CURVE('',#1122,#1150,#471,.T.);
#1415=EDGE_CURVE('',#1151,#1152,#472,.T.);
#1416=EDGE_CURVE('',#1119,#1151,#473,.T.);
#1417=EDGE_CURVE('',#1152,#1118,#474,.T.);
#1418=EDGE_CURVE('',#1153,#1154,#475,.T.);
#1419=EDGE_CURVE('',#1116,#1153,#476,.T.);
#1420=EDGE_CURVE('',#1115,#1154,#477,.T.);
#1421=EDGE_CURVE('',#1154,#1155,#478,.T.);
#1422=EDGE_CURVE('',#1155,#1114,#479,.T.);
#1423=EDGE_CURVE('',#1156,#1157,#480,.T.);
#1424=EDGE_CURVE('',#1112,#1156,#481,.T.);
#1425=EDGE_CURVE('',#1157,#1111,#482,.T.);
#1426=EDGE_CURVE('',#1158,#1159,#483,.T.);
#1427=EDGE_CURVE('',#1106,#1158,#484,.T.);
#1428=EDGE_CURVE('',#1159,#1105,#485,.T.);
#1429=EDGE_CURVE('',#1160,#1160,#57,.T.);
#1430=EDGE_CURVE('',#1160,#1132,#486,.T.);
#1431=EDGE_CURVE('',#1161,#1131,#487,.T.);
#1432=EDGE_CURVE('',#1162,#1161,#58,.T.);
#1433=EDGE_CURVE('',#1076,#1162,#488,.T.);
#1434=EDGE_CURVE('',#1147,#1146,#489,.T.);
#1435=EDGE_CURVE('',#1117,#1163,#490,.T.);
#1436=EDGE_CURVE('',#1163,#1152,#491,.T.);
#1437=EDGE_CURVE('',#1113,#1164,#492,.T.);
#1438=EDGE_CURVE('',#1164,#1155,#493,.T.);
#1439=EDGE_CURVE('',#1165,#1110,#494,.T.);
#1440=EDGE_CURVE('',#1157,#1165,#495,.T.);
#1441=EDGE_CURVE('',#1086,#1166,#496,.T.);
#1442=EDGE_CURVE('',#1166,#1143,#497,.T.);
#1443=EDGE_CURVE('',#1091,#1167,#498,.T.);
#1444=EDGE_CURVE('',#1167,#1168,#499,.T.);
#1445=EDGE_CURVE('',#1092,#1168,#500,.T.);
#1446=EDGE_CURVE('',#1133,#1169,#501,.T.);
#1447=EDGE_CURVE('',#1104,#1169,#502,.T.);
#1448=EDGE_CURVE('',#1170,#1136,#503,.T.);
#1449=EDGE_CURVE('',#1100,#1170,#504,.T.);
#1450=EDGE_CURVE('',#1171,#1171,#59,.T.);
#1451=EDGE_CURVE('',#1171,#1172,#505,.T.);
#1452=EDGE_CURVE('',#1173,#1172,#60,.T.);
#1453=EDGE_CURVE('',#1085,#1173,#506,.T.);
#1454=EDGE_CURVE('',#1174,#1084,#507,.T.);
#1455=EDGE_CURVE('',#1172,#1174,#61,.T.);
#1456=EDGE_CURVE('',#1173,#1166,#508,.T.);
#1457=EDGE_CURVE('',#1175,#1176,#509,.T.);
#1458=EDGE_CURVE('',#1177,#1176,#510,.T.);
#1459=EDGE_CURVE('',#1178,#1177,#511,.T.);
#1460=EDGE_CURVE('',#1178,#1175,#512,.T.);
#1461=EDGE_CURVE('',#1179,#1180,#513,.T.);
#1462=EDGE_CURVE('',#1181,#1180,#514,.T.);
#1463=EDGE_CURVE('',#1182,#1181,#515,.T.);
#1464=EDGE_CURVE('',#1182,#1179,#516,.T.);
#1465=EDGE_CURVE('',#1183,#1058,#517,.T.);
#1466=EDGE_CURVE('',#1184,#1183,#518,.T.);
#1467=EDGE_CURVE('',#1059,#1184,#519,.T.);
#1468=EDGE_CURVE('',#1185,#1068,#520,.T.);
#1469=EDGE_CURVE('',#1186,#1185,#521,.T.);
#1470=EDGE_CURVE('',#1069,#1186,#522,.T.);
#1471=EDGE_CURVE('',#1187,#1184,#523,.T.);
#1472=EDGE_CURVE('',#1187,#1060,#524,.T.);
#1473=EDGE_CURVE('',#1057,#1188,#525,.T.);
#1474=EDGE_CURVE('',#1183,#1188,#526,.T.);
#1475=EDGE_CURVE('',#1189,#1186,#527,.T.);
#1476=EDGE_CURVE('',#1070,#1189,#528,.T.);
#1477=EDGE_CURVE('',#1067,#1190,#529,.T.);
#1478=EDGE_CURVE('',#1185,#1190,#530,.T.);
#1479=EDGE_CURVE('',#1191,#1179,#531,.T.);
#1480=EDGE_CURVE('',#1192,#1191,#532,.T.);
#1481=EDGE_CURVE('',#1193,#1192,#533,.T.);
#1482=EDGE_CURVE('',#1194,#1193,#534,.T.);
#1483=EDGE_CURVE('',#1176,#1194,#535,.T.);
#1484=EDGE_CURVE('',#1180,#1175,#536,.T.);
#1485=EDGE_CURVE('',#1195,#1182,#537,.T.);
#1486=EDGE_CURVE('',#1195,#1191,#538,.T.);
#1487=EDGE_CURVE('',#1196,#1195,#539,.T.);
#1488=EDGE_CURVE('',#1196,#1192,#540,.T.);
#1489=EDGE_CURVE('',#1197,#1196,#541,.T.);
#1490=EDGE_CURVE('',#1197,#1193,#542,.T.);
#1491=EDGE_CURVE('',#1198,#1197,#543,.T.);
#1492=EDGE_CURVE('',#1198,#1194,#544,.T.);
#1493=EDGE_CURVE('',#1177,#1198,#545,.T.);
#1494=EDGE_CURVE('',#1181,#1178,#546,.T.);
#1495=EDGE_CURVE('',#1063,#1199,#547,.T.);
#1496=EDGE_CURVE('',#1200,#1062,#548,.T.);
#1497=EDGE_CURVE('',#1199,#1200,#549,.T.);
#1498=EDGE_CURVE('',#1201,#1061,#550,.T.);
#1499=EDGE_CURVE('',#1200,#1201,#551,.T.);
#1500=EDGE_CURVE('',#1164,#1156,#552,.T.);
#1501=EDGE_CURVE('',#1202,#1097,#553,.T.);
#1502=EDGE_CURVE('',#1137,#1202,#554,.T.);
#1503=EDGE_CURVE('',#1201,#1187,#555,.T.);
#1504=EDGE_CURVE('',#1096,#1203,#556,.T.);
#1505=EDGE_CURVE('',#1203,#1202,#557,.T.);
#1506=EDGE_CURVE('',#1045,#1204,#558,.T.);
#1507=EDGE_CURVE('',#1204,#1205,#559,.T.);
#1508=EDGE_CURVE('',#1205,#1206,#560,.T.);
#1509=EDGE_CURVE('',#1206,#1207,#561,.T.);
#1510=EDGE_CURVE('',#1207,#1208,#562,.T.);
#1511=EDGE_CURVE('',#1208,#1189,#563,.T.);
#1512=EDGE_CURVE('',#1190,#1209,#564,.T.);
#1513=EDGE_CURVE('',#1209,#1210,#565,.T.);
#1514=EDGE_CURVE('',#1210,#1211,#566,.T.);
#1515=EDGE_CURVE('',#1211,#1199,#567,.T.);
#1516=EDGE_CURVE('',#1188,#1212,#568,.T.);
#1517=EDGE_CURVE('',#1212,#1213,#569,.T.);
#1518=EDGE_CURVE('',#1213,#1214,#570,.T.);
#1519=EDGE_CURVE('',#1214,#1215,#571,.T.);
#1520=EDGE_CURVE('',#1215,#1216,#572,.T.);
#1521=EDGE_CURVE('',#1216,#1036,#573,.T.);
#1522=EDGE_CURVE('',#1051,#1040,#574,.T.);
#1523=EDGE_CURVE('',#1158,#1217,#575,.T.);
#1524=EDGE_CURVE('',#1107,#1217,#576,.T.);
#1525=EDGE_CURVE('',#1151,#1218,#577,.T.);
#1526=EDGE_CURVE('',#1120,#1218,#578,.T.);
#1527=EDGE_CURVE('',#1219,#1165,#579,.T.);
#1528=EDGE_CURVE('',#1220,#1219,#580,.T.);
#1529=EDGE_CURVE('',#1217,#1220,#581,.T.);
#1530=EDGE_CURVE('',#1169,#1159,#582,.T.);
#1531=EDGE_CURVE('',#1170,#1135,#583,.T.);
#1532=EDGE_CURVE('',#1138,#1203,#584,.T.);
#1533=EDGE_CURVE('',#1168,#1140,#585,.T.);
#1534=EDGE_CURVE('',#1221,#1167,#586,.T.);
#1535=EDGE_CURVE('',#1141,#1221,#587,.T.);
#1536=EDGE_CURVE('',#1174,#1222,#588,.T.);
#1537=EDGE_CURVE('',#1223,#1222,#589,.T.);
#1538=EDGE_CURVE('',#1224,#1223,#590,.T.);
#1539=EDGE_CURVE('',#1224,#1225,#591,.T.);
#1540=EDGE_CURVE('',#1226,#1225,#592,.T.);
#1541=EDGE_CURVE('',#1227,#1226,#593,.T.);
#1542=EDGE_CURVE('',#1227,#1228,#594,.T.);
#1543=EDGE_CURVE('',#1162,#1228,#595,.T.);
#1544=EDGE_CURVE('',#1161,#1229,#596,.T.);
#1545=EDGE_CURVE('',#1230,#1229,#597,.T.);
#1546=EDGE_CURVE('',#1144,#1230,#598,.T.);
#1547=EDGE_CURVE('',#1231,#1150,#599,.T.);
#1548=EDGE_CURVE('',#1218,#1231,#600,.T.);
#1549=EDGE_CURVE('',#1153,#1163,#601,.T.);
#1550=EDGE_CURVE('',#1090,#1221,#602,.T.);
#1551=EDGE_CURVE('',#1108,#1220,#603,.T.);
#1552=EDGE_CURVE('',#1109,#1219,#604,.T.);
#1553=EDGE_CURVE('',#1121,#1231,#605,.T.);
#1554=EDGE_CURVE('',#1129,#1230,#606,.T.);
#1555=EDGE_CURVE('',#1130,#1229,#607,.T.);
#1556=EDGE_CURVE('',#1077,#1228,#608,.T.);
#1557=EDGE_CURVE('',#1078,#1227,#609,.T.);
#1558=EDGE_CURVE('',#1079,#1226,#610,.T.);
#1559=EDGE_CURVE('',#1080,#1225,#611,.T.);
#1560=EDGE_CURVE('',#1081,#1224,#612,.T.);
#1561=EDGE_CURVE('',#1082,#1223,#613,.T.);
#1562=EDGE_CURVE('',#1083,#1222,#614,.T.);
#1563=EDGE_CURVE('',#1064,#1211,#615,.T.);
#1564=EDGE_CURVE('',#1065,#1210,#616,.T.);
#1565=EDGE_CURVE('',#1066,#1209,#617,.T.);
#1566=EDGE_CURVE('',#1071,#1208,#618,.T.);
#1567=EDGE_CURVE('',#1072,#1207,#619,.T.);
#1568=EDGE_CURVE('',#1073,#1206,#620,.T.);
#1569=EDGE_CURVE('',#1074,#1205,#621,.T.);
#1570=EDGE_CURVE('',#1075,#1204,#622,.T.);
#1571=EDGE_CURVE('',#1052,#1216,#623,.T.);
#1572=EDGE_CURVE('',#1053,#1215,#624,.T.);
#1573=EDGE_CURVE('',#1054,#1214,#625,.T.);
#1574=EDGE_CURVE('',#1055,#1213,#626,.T.);
#1575=EDGE_CURVE('',#1056,#1212,#627,.T.);
#1576=EDGE_CURVE('',#1232,#1232,#62,.T.);
#1577=EDGE_CURVE('',#1232,#1233,#628,.T.);
#1578=EDGE_CURVE('',#1233,#1233,#63,.T.);
#1579=EDGE_CURVE('',#1234,#1234,#64,.T.);
#1580=EDGE_CURVE('',#1234,#1235,#629,.T.);
#1581=EDGE_CURVE('',#1235,#1235,#65,.T.);
#1582=EDGE_CURVE('',#1236,#1237,#630,.T.);
#1583=EDGE_CURVE('',#1238,#1237,#631,.T.);
#1584=EDGE_CURVE('',#1238,#1239,#632,.T.);
#1585=EDGE_CURVE('',#1236,#1239,#633,.T.);
#1586=EDGE_CURVE('',#1240,#1241,#634,.T.);
#1587=EDGE_CURVE('',#1242,#1240,#635,.T.);
#1588=EDGE_CURVE('',#1243,#1242,#636,.T.);
#1589=EDGE_CURVE('',#1243,#1244,#637,.T.);
#1590=EDGE_CURVE('',#1244,#1245,#638,.T.);
#1591=EDGE_CURVE('',#1241,#1245,#639,.T.);
#1592=EDGE_CURVE('',#1246,#1247,#640,.T.);
#1593=EDGE_CURVE('',#1247,#1248,#641,.T.);
#1594=EDGE_CURVE('',#1248,#1249,#642,.T.);
#1595=EDGE_CURVE('',#1249,#1250,#643,.T.);
#1596=EDGE_CURVE('',#1250,#1251,#644,.T.);
#1597=EDGE_CURVE('',#1251,#1252,#645,.T.);
#1598=EDGE_CURVE('',#1252,#1253,#646,.T.);
#1599=EDGE_CURVE('',#1253,#1254,#647,.T.);
#1600=EDGE_CURVE('',#1254,#1255,#648,.T.);
#1601=EDGE_CURVE('',#1255,#1238,#649,.T.);
#1602=EDGE_CURVE('',#1237,#1246,#650,.T.);
#1603=EDGE_CURVE('',#1256,#1256,#66,.T.);
#1604=EDGE_CURVE('',#1256,#1257,#651,.T.);
#1605=EDGE_CURVE('',#1257,#1257,#67,.T.);
#1606=EDGE_CURVE('',#1258,#1258,#68,.T.);
#1607=EDGE_CURVE('',#1258,#1259,#652,.T.);
#1608=EDGE_CURVE('',#1259,#1259,#69,.T.);
#1609=EDGE_CURVE('',#1260,#1261,#25,.T.);
#1610=EDGE_CURVE('',#1262,#1260,#70,.T.);
#1611=EDGE_CURVE('',#1263,#1262,#26,.T.);
#1612=EDGE_CURVE('',#1264,#1263,#71,.T.);
#1613=EDGE_CURVE('',#1261,#1264,#27,.T.);
#1614=EDGE_CURVE('',#1261,#1265,#653,.T.);
#1615=EDGE_CURVE('',#1265,#1265,#72,.T.);
#1616=EDGE_CURVE('',#1244,#1266,#654,.T.);
#1617=EDGE_CURVE('',#1267,#1243,#655,.T.);
#1618=EDGE_CURVE('',#1266,#1267,#656,.T.);
#1619=EDGE_CURVE('',#1264,#1268,#657,.T.);
#1620=EDGE_CURVE('',#1239,#1268,#658,.T.);
#1621=EDGE_CURVE('',#1255,#1260,#659,.T.);
#1622=EDGE_CURVE('',#1263,#1269,#660,.T.);
#1623=EDGE_CURVE('',#1268,#1269,#661,.T.);
#1624=EDGE_CURVE('',#1270,#1242,#662,.T.);
#1625=EDGE_CURVE('',#1267,#1270,#663,.T.);
#1626=EDGE_CURVE('',#1266,#1271,#664,.T.);
#1627=EDGE_CURVE('',#1245,#1271,#665,.T.);
#1628=EDGE_CURVE('',#1272,#1273,#666,.T.);
#1629=EDGE_CURVE('',#1271,#1272,#667,.T.);
#1630=EDGE_CURVE('',#1273,#1270,#668,.T.);
#1631=EDGE_CURVE('',#1273,#1274,#669,.T.);
#1632=EDGE_CURVE('',#1275,#1274,#670,.T.);
#1633=EDGE_CURVE('',#1272,#1275,#671,.T.);
#1634=EDGE_CURVE('',#1276,#1275,#672,.T.);
#1635=EDGE_CURVE('',#1276,#1250,#673,.T.);
#1636=EDGE_CURVE('',#1249,#1241,#674,.T.);
#1637=EDGE_CURVE('',#1277,#1276,#675,.T.);
#1638=EDGE_CURVE('',#1251,#1277,#676,.T.);
#1639=EDGE_CURVE('',#1278,#1277,#677,.T.);
#1640=EDGE_CURVE('',#1252,#1278,#678,.T.);
#1641=EDGE_CURVE('',#1279,#1278,#679,.T.);
#1642=EDGE_CURVE('',#1253,#1279,#680,.T.);
#1643=EDGE_CURVE('',#1254,#1262,#681,.T.);
#1644=EDGE_CURVE('',#1269,#1279,#682,.T.);
#1645=EDGE_CURVE('',#1280,#1236,#683,.T.);
#1646=EDGE_CURVE('',#1246,#1280,#684,.T.);
#1647=EDGE_CURVE('',#1281,#1280,#685,.T.);
#1648=EDGE_CURVE('',#1281,#1247,#686,.T.);
#1649=EDGE_CURVE('',#1248,#1240,#687,.T.);
#1650=EDGE_CURVE('',#1274,#1281,#688,.T.);
#1651=ORIENTED_EDGE('',*,*,#1282,.F.);
#1652=ORIENTED_EDGE('',*,*,#1283,.F.);
#1653=ORIENTED_EDGE('',*,*,#1284,.F.);
#1654=ORIENTED_EDGE('',*,*,#1285,.F.);
#1655=ORIENTED_EDGE('',*,*,#1286,.F.);
#1656=ORIENTED_EDGE('',*,*,#1287,.F.);
#1657=ORIENTED_EDGE('',*,*,#1288,.F.);
#1658=ORIENTED_EDGE('',*,*,#1289,.F.);
#1659=ORIENTED_EDGE('',*,*,#1290,.F.);
#1660=ORIENTED_EDGE('',*,*,#1291,.F.);
#1661=ORIENTED_EDGE('',*,*,#1292,.F.);
#1662=ORIENTED_EDGE('',*,*,#1293,.F.);
#1663=ORIENTED_EDGE('',*,*,#1291,.T.);
#1664=ORIENTED_EDGE('',*,*,#1294,.F.);
#1665=ORIENTED_EDGE('',*,*,#1295,.F.);
#1666=ORIENTED_EDGE('',*,*,#1296,.F.);
#1667=ORIENTED_EDGE('',*,*,#1289,.T.);
#1668=ORIENTED_EDGE('',*,*,#1297,.F.);
#1669=ORIENTED_EDGE('',*,*,#1295,.T.);
#1670=ORIENTED_EDGE('',*,*,#1298,.F.);
#1671=ORIENTED_EDGE('',*,*,#1285,.T.);
#1672=ORIENTED_EDGE('',*,*,#1299,.F.);
#1673=ORIENTED_EDGE('',*,*,#1300,.T.);
#1674=ORIENTED_EDGE('',*,*,#1301,.F.);
#1675=ORIENTED_EDGE('',*,*,#1292,.T.);
#1676=ORIENTED_EDGE('',*,*,#1296,.T.);
#1677=ORIENTED_EDGE('',*,*,#1297,.T.);
#1678=ORIENTED_EDGE('',*,*,#1288,.T.);
#1679=ORIENTED_EDGE('',*,*,#1302,.T.);
#1680=ORIENTED_EDGE('',*,*,#1299,.T.);
#1681=ORIENTED_EDGE('',*,*,#1284,.T.);
#1682=ORIENTED_EDGE('',*,*,#1303,.T.);
#1683=ORIENTED_EDGE('',*,*,#1304,.T.);
#1684=ORIENTED_EDGE('',*,*,#1305,.T.);
#1685=ORIENTED_EDGE('',*,*,#1306,.T.);
#1686=ORIENTED_EDGE('',*,*,#1307,.T.);
#1687=ORIENTED_EDGE('',*,*,#1308,.T.);
#1688=ORIENTED_EDGE('',*,*,#1309,.T.);
#1689=ORIENTED_EDGE('',*,*,#1310,.F.);
#1690=ORIENTED_EDGE('',*,*,#1311,.T.);
#1691=ORIENTED_EDGE('',*,*,#1312,.T.);
#1692=ORIENTED_EDGE('',*,*,#1313,.T.);
#1693=ORIENTED_EDGE('',*,*,#1314,.T.);
#1694=ORIENTED_EDGE('',*,*,#1315,.T.);
#1695=ORIENTED_EDGE('',*,*,#1316,.T.);
#1696=ORIENTED_EDGE('',*,*,#1317,.T.);
#1697=ORIENTED_EDGE('',*,*,#1318,.T.);
#1698=ORIENTED_EDGE('',*,*,#1319,.T.);
#1699=ORIENTED_EDGE('',*,*,#1320,.F.);
#1700=ORIENTED_EDGE('',*,*,#1321,.T.);
#1701=ORIENTED_EDGE('',*,*,#1322,.T.);
#1702=ORIENTED_EDGE('',*,*,#1323,.T.);
#1703=ORIENTED_EDGE('',*,*,#1324,.T.);
#1704=ORIENTED_EDGE('',*,*,#1325,.T.);
#1705=ORIENTED_EDGE('',*,*,#1326,.T.);
#1706=ORIENTED_EDGE('',*,*,#1327,.T.);
#1707=ORIENTED_EDGE('',*,*,#1328,.T.);
#1708=ORIENTED_EDGE('',*,*,#1329,.T.);
#1709=ORIENTED_EDGE('',*,*,#1330,.T.);
#1710=ORIENTED_EDGE('',*,*,#1331,.T.);
#1711=ORIENTED_EDGE('',*,*,#1332,.T.);
#1712=ORIENTED_EDGE('',*,*,#1333,.T.);
#1713=ORIENTED_EDGE('',*,*,#1334,.T.);
#1714=ORIENTED_EDGE('',*,*,#1335,.T.);
#1715=ORIENTED_EDGE('',*,*,#1336,.T.);
#1716=ORIENTED_EDGE('',*,*,#1337,.T.);
#1717=ORIENTED_EDGE('',*,*,#1338,.T.);
#1718=ORIENTED_EDGE('',*,*,#1339,.T.);
#1719=ORIENTED_EDGE('',*,*,#1340,.T.);
#1720=ORIENTED_EDGE('',*,*,#1341,.T.);
#1721=ORIENTED_EDGE('',*,*,#1342,.T.);
#1722=ORIENTED_EDGE('',*,*,#1343,.T.);
#1723=ORIENTED_EDGE('',*,*,#1344,.T.);
#1724=ORIENTED_EDGE('',*,*,#1345,.T.);
#1725=ORIENTED_EDGE('',*,*,#1346,.T.);
#1726=ORIENTED_EDGE('',*,*,#1347,.T.);
#1727=ORIENTED_EDGE('',*,*,#1348,.T.);
#1728=ORIENTED_EDGE('',*,*,#1349,.T.);
#1729=ORIENTED_EDGE('',*,*,#1350,.T.);
#1730=ORIENTED_EDGE('',*,*,#1351,.T.);
#1731=ORIENTED_EDGE('',*,*,#1352,.T.);
#1732=ORIENTED_EDGE('',*,*,#1353,.T.);
#1733=ORIENTED_EDGE('',*,*,#1354,.T.);
#1734=ORIENTED_EDGE('',*,*,#1355,.T.);
#1735=ORIENTED_EDGE('',*,*,#1356,.T.);
#1736=ORIENTED_EDGE('',*,*,#1357,.T.);
#1737=ORIENTED_EDGE('',*,*,#1358,.T.);
#1738=ORIENTED_EDGE('',*,*,#1359,.T.);
#1739=ORIENTED_EDGE('',*,*,#1360,.T.);
#1740=ORIENTED_EDGE('',*,*,#1361,.T.);
#1741=ORIENTED_EDGE('',*,*,#1362,.T.);
#1742=ORIENTED_EDGE('',*,*,#1363,.T.);
#1743=ORIENTED_EDGE('',*,*,#1364,.T.);
#1744=ORIENTED_EDGE('',*,*,#1365,.T.);
#1745=ORIENTED_EDGE('',*,*,#1366,.T.);
#1746=ORIENTED_EDGE('',*,*,#1367,.T.);
#1747=ORIENTED_EDGE('',*,*,#1368,.T.);
#1748=ORIENTED_EDGE('',*,*,#1369,.T.);
#1749=ORIENTED_EDGE('',*,*,#1370,.T.);
#1750=ORIENTED_EDGE('',*,*,#1371,.T.);
#1751=ORIENTED_EDGE('',*,*,#1372,.T.);
#1752=ORIENTED_EDGE('',*,*,#1373,.T.);
#1753=ORIENTED_EDGE('',*,*,#1374,.T.);
#1754=ORIENTED_EDGE('',*,*,#1375,.T.);
#1755=ORIENTED_EDGE('',*,*,#1376,.T.);
#1756=ORIENTED_EDGE('',*,*,#1377,.T.);
#1757=ORIENTED_EDGE('',*,*,#1378,.T.);
#1758=ORIENTED_EDGE('',*,*,#1379,.T.);
#1759=ORIENTED_EDGE('',*,*,#1380,.T.);
#1760=ORIENTED_EDGE('',*,*,#1381,.T.);
#1761=ORIENTED_EDGE('',*,*,#1382,.T.);
#1762=ORIENTED_EDGE('',*,*,#1383,.T.);
#1763=ORIENTED_EDGE('',*,*,#1384,.T.);
#1764=ORIENTED_EDGE('',*,*,#1385,.F.);
#1765=ORIENTED_EDGE('',*,*,#1386,.F.);
#1766=ORIENTED_EDGE('',*,*,#1354,.F.);
#1767=ORIENTED_EDGE('',*,*,#1387,.T.);
#1768=ORIENTED_EDGE('',*,*,#1388,.F.);
#1769=ORIENTED_EDGE('',*,*,#1387,.F.);
#1770=ORIENTED_EDGE('',*,*,#1353,.F.);
#1771=ORIENTED_EDGE('',*,*,#1389,.F.);
#1772=ORIENTED_EDGE('',*,*,#1390,.F.);
#1773=ORIENTED_EDGE('',*,*,#1391,.F.);
#1774=ORIENTED_EDGE('',*,*,#1350,.F.);
#1775=ORIENTED_EDGE('',*,*,#1392,.F.);
#1776=ORIENTED_EDGE('',*,*,#1393,.F.);
#1777=ORIENTED_EDGE('',*,*,#1394,.F.);
#1778=ORIENTED_EDGE('',*,*,#1346,.F.);
#1779=ORIENTED_EDGE('',*,*,#1395,.T.);
#1780=ORIENTED_EDGE('',*,*,#1396,.F.);
#1781=ORIENTED_EDGE('',*,*,#1395,.F.);
#1782=ORIENTED_EDGE('',*,*,#1345,.F.);
#1783=ORIENTED_EDGE('',*,*,#1397,.F.);
#1784=ORIENTED_EDGE('',*,*,#1398,.F.);
#1785=ORIENTED_EDGE('',*,*,#1399,.F.);
#1786=ORIENTED_EDGE('',*,*,#1340,.F.);
#1787=ORIENTED_EDGE('',*,*,#1400,.T.);
#1788=ORIENTED_EDGE('',*,*,#1401,.F.);
#1789=ORIENTED_EDGE('',*,*,#1400,.F.);
#1790=ORIENTED_EDGE('',*,*,#1339,.F.);
#1791=ORIENTED_EDGE('',*,*,#1402,.F.);
#1792=ORIENTED_EDGE('',*,*,#1403,.F.);
#1793=ORIENTED_EDGE('',*,*,#1404,.F.);
#1794=ORIENTED_EDGE('',*,*,#1379,.F.);
#1795=ORIENTED_EDGE('',*,*,#1405,.T.);
#1796=ORIENTED_EDGE('',*,*,#1406,.F.);
#1797=ORIENTED_EDGE('',*,*,#1405,.F.);
#1798=ORIENTED_EDGE('',*,*,#1378,.F.);
#1799=ORIENTED_EDGE('',*,*,#1407,.F.);
#1800=ORIENTED_EDGE('',*,*,#1408,.F.);
#1801=ORIENTED_EDGE('',*,*,#1409,.F.);
#1802=ORIENTED_EDGE('',*,*,#1376,.F.);
#1803=ORIENTED_EDGE('',*,*,#1410,.T.);
#1804=ORIENTED_EDGE('',*,*,#1411,.F.);
#1805=ORIENTED_EDGE('',*,*,#1410,.F.);
#1806=ORIENTED_EDGE('',*,*,#1375,.F.);
#1807=ORIENTED_EDGE('',*,*,#1412,.T.);
#1808=ORIENTED_EDGE('',*,*,#1413,.F.);
#1809=ORIENTED_EDGE('',*,*,#1412,.F.);
#1810=ORIENTED_EDGE('',*,*,#1374,.F.);
#1811=ORIENTED_EDGE('',*,*,#1414,.T.);
#1812=ORIENTED_EDGE('',*,*,#1415,.F.);
#1813=ORIENTED_EDGE('',*,*,#1416,.F.);
#1814=ORIENTED_EDGE('',*,*,#1370,.F.);
#1815=ORIENTED_EDGE('',*,*,#1417,.F.);
#1816=ORIENTED_EDGE('',*,*,#1418,.F.);
#1817=ORIENTED_EDGE('',*,*,#1419,.F.);
#1818=ORIENTED_EDGE('',*,*,#1367,.F.);
#1819=ORIENTED_EDGE('',*,*,#1420,.T.);
#1820=ORIENTED_EDGE('',*,*,#1421,.F.);
#1821=ORIENTED_EDGE('',*,*,#1420,.F.);
#1822=ORIENTED_EDGE('',*,*,#1366,.F.);
#1823=ORIENTED_EDGE('',*,*,#1422,.F.);
#1824=ORIENTED_EDGE('',*,*,#1423,.F.);
#1825=ORIENTED_EDGE('',*,*,#1424,.F.);
#1826=ORIENTED_EDGE('',*,*,#1363,.F.);
#1827=ORIENTED_EDGE('',*,*,#1425,.F.);
#1828=ORIENTED_EDGE('',*,*,#1426,.F.);
#1829=ORIENTED_EDGE('',*,*,#1427,.F.);
#1830=ORIENTED_EDGE('',*,*,#1357,.F.);
#1831=ORIENTED_EDGE('',*,*,#1428,.F.);
#1832=ORIENTED_EDGE('',*,*,#1429,.F.);
#1833=ORIENTED_EDGE('',*,*,#1430,.T.);
#1834=ORIENTED_EDGE('',*,*,#1383,.F.);
#1835=ORIENTED_EDGE('',*,*,#1431,.F.);
#1836=ORIENTED_EDGE('',*,*,#1432,.F.);
#1837=ORIENTED_EDGE('',*,*,#1433,.F.);
#1838=ORIENTED_EDGE('',*,*,#1384,.F.);
#1839=ORIENTED_EDGE('',*,*,#1430,.F.);
#1840=ORIENTED_EDGE('',*,*,#1407,.T.);
#1841=ORIENTED_EDGE('',*,*,#1377,.F.);
#1842=ORIENTED_EDGE('',*,*,#1409,.T.);
#1843=ORIENTED_EDGE('',*,*,#1434,.T.);
#1844=ORIENTED_EDGE('',*,*,#1417,.T.);
#1845=ORIENTED_EDGE('',*,*,#1369,.F.);
#1846=ORIENTED_EDGE('',*,*,#1435,.T.);
#1847=ORIENTED_EDGE('',*,*,#1436,.T.);
#1848=ORIENTED_EDGE('',*,*,#1422,.T.);
#1849=ORIENTED_EDGE('',*,*,#1365,.F.);
#1850=ORIENTED_EDGE('',*,*,#1437,.T.);
#1851=ORIENTED_EDGE('',*,*,#1438,.T.);
#1852=ORIENTED_EDGE('',*,*,#1425,.T.);
#1853=ORIENTED_EDGE('',*,*,#1362,.F.);
#1854=ORIENTED_EDGE('',*,*,#1439,.F.);
#1855=ORIENTED_EDGE('',*,*,#1440,.F.);
#1856=ORIENTED_EDGE('',*,*,#1402,.T.);
#1857=ORIENTED_EDGE('',*,*,#1338,.F.);
#1858=ORIENTED_EDGE('',*,*,#1441,.T.);
#1859=ORIENTED_EDGE('',*,*,#1442,.T.);
#1860=ORIENTED_EDGE('',*,*,#1443,.T.);
#1861=ORIENTED_EDGE('',*,*,#1444,.T.);
#1862=ORIENTED_EDGE('',*,*,#1445,.F.);
#1863=ORIENTED_EDGE('',*,*,#1343,.F.);
#1864=ORIENTED_EDGE('',*,*,#1386,.T.);
#1865=ORIENTED_EDGE('',*,*,#1446,.T.);
#1866=ORIENTED_EDGE('',*,*,#1447,.F.);
#1867=ORIENTED_EDGE('',*,*,#1355,.F.);
#1868=ORIENTED_EDGE('',*,*,#1391,.T.);
#1869=ORIENTED_EDGE('',*,*,#1448,.F.);
#1870=ORIENTED_EDGE('',*,*,#1449,.F.);
#1871=ORIENTED_EDGE('',*,*,#1351,.F.);
#1872=ORIENTED_EDGE('',*,*,#1450,.F.);
#1873=ORIENTED_EDGE('',*,*,#1451,.T.);
#1874=ORIENTED_EDGE('',*,*,#1452,.F.);
#1875=ORIENTED_EDGE('',*,*,#1453,.F.);
#1876=ORIENTED_EDGE('',*,*,#1336,.F.);
#1877=ORIENTED_EDGE('',*,*,#1454,.F.);
#1878=ORIENTED_EDGE('',*,*,#1455,.F.);
#1879=ORIENTED_EDGE('',*,*,#1451,.F.);
#1880=ORIENTED_EDGE('',*,*,#1453,.T.);
#1881=ORIENTED_EDGE('',*,*,#1456,.T.);
#1882=ORIENTED_EDGE('',*,*,#1441,.F.);
#1883=ORIENTED_EDGE('',*,*,#1337,.F.);
#1884=ORIENTED_EDGE('',*,*,#1457,.T.);
#1885=ORIENTED_EDGE('',*,*,#1458,.F.);
#1886=ORIENTED_EDGE('',*,*,#1459,.F.);
#1887=ORIENTED_EDGE('',*,*,#1460,.T.);
#1888=ORIENTED_EDGE('',*,*,#1461,.T.);
#1889=ORIENTED_EDGE('',*,*,#1462,.F.);
#1890=ORIENTED_EDGE('',*,*,#1463,.F.);
#1891=ORIENTED_EDGE('',*,*,#1464,.T.);
#1892=ORIENTED_EDGE('',*,*,#1310,.T.);
#1893=ORIENTED_EDGE('',*,*,#1465,.F.);
#1894=ORIENTED_EDGE('',*,*,#1466,.F.);
#1895=ORIENTED_EDGE('',*,*,#1467,.F.);
#1896=ORIENTED_EDGE('',*,*,#1320,.T.);
#1897=ORIENTED_EDGE('',*,*,#1468,.F.);
#1898=ORIENTED_EDGE('',*,*,#1469,.F.);
#1899=ORIENTED_EDGE('',*,*,#1470,.F.);
#1900=ORIENTED_EDGE('',*,*,#1467,.T.);
#1901=ORIENTED_EDGE('',*,*,#1471,.F.);
#1902=ORIENTED_EDGE('',*,*,#1472,.T.);
#1903=ORIENTED_EDGE('',*,*,#1311,.F.);
#1904=ORIENTED_EDGE('',*,*,#1465,.T.);
#1905=ORIENTED_EDGE('',*,*,#1309,.F.);
#1906=ORIENTED_EDGE('',*,*,#1473,.T.);
#1907=ORIENTED_EDGE('',*,*,#1474,.F.);
#1908=ORIENTED_EDGE('',*,*,#1470,.T.);
#1909=ORIENTED_EDGE('',*,*,#1475,.F.);
#1910=ORIENTED_EDGE('',*,*,#1476,.F.);
#1911=ORIENTED_EDGE('',*,*,#1321,.F.);
#1912=ORIENTED_EDGE('',*,*,#1468,.T.);
#1913=ORIENTED_EDGE('',*,*,#1319,.F.);
#1914=ORIENTED_EDGE('',*,*,#1477,.T.);
#1915=ORIENTED_EDGE('',*,*,#1478,.F.);
#1916=ORIENTED_EDGE('',*,*,#1461,.F.);
#1917=ORIENTED_EDGE('',*,*,#1479,.F.);
#1918=ORIENTED_EDGE('',*,*,#1480,.F.);
#1919=ORIENTED_EDGE('',*,*,#1481,.F.);
#1920=ORIENTED_EDGE('',*,*,#1482,.F.);
#1921=ORIENTED_EDGE('',*,*,#1483,.F.);
#1922=ORIENTED_EDGE('',*,*,#1457,.F.);
#1923=ORIENTED_EDGE('',*,*,#1484,.F.);
#1924=ORIENTED_EDGE('',*,*,#1485,.F.);
#1925=ORIENTED_EDGE('',*,*,#1486,.T.);
#1926=ORIENTED_EDGE('',*,*,#1479,.T.);
#1927=ORIENTED_EDGE('',*,*,#1464,.F.);
#1928=ORIENTED_EDGE('',*,*,#1487,.F.);
#1929=ORIENTED_EDGE('',*,*,#1488,.T.);
#1930=ORIENTED_EDGE('',*,*,#1480,.T.);
#1931=ORIENTED_EDGE('',*,*,#1486,.F.);
#1932=ORIENTED_EDGE('',*,*,#1489,.F.);
#1933=ORIENTED_EDGE('',*,*,#1490,.T.);
#1934=ORIENTED_EDGE('',*,*,#1481,.T.);
#1935=ORIENTED_EDGE('',*,*,#1488,.F.);
#1936=ORIENTED_EDGE('',*,*,#1491,.F.);
#1937=ORIENTED_EDGE('',*,*,#1492,.T.);
#1938=ORIENTED_EDGE('',*,*,#1482,.T.);
#1939=ORIENTED_EDGE('',*,*,#1490,.F.);
#1940=ORIENTED_EDGE('',*,*,#1493,.F.);
#1941=ORIENTED_EDGE('',*,*,#1458,.T.);
#1942=ORIENTED_EDGE('',*,*,#1483,.T.);
#1943=ORIENTED_EDGE('',*,*,#1492,.F.);
#1944=ORIENTED_EDGE('',*,*,#1494,.F.);
#1945=ORIENTED_EDGE('',*,*,#1462,.T.);
#1946=ORIENTED_EDGE('',*,*,#1484,.T.);
#1947=ORIENTED_EDGE('',*,*,#1460,.F.);
#1948=ORIENTED_EDGE('',*,*,#1495,.F.);
#1949=ORIENTED_EDGE('',*,*,#1314,.F.);
#1950=ORIENTED_EDGE('',*,*,#1496,.F.);
#1951=ORIENTED_EDGE('',*,*,#1497,.F.);
#1952=ORIENTED_EDGE('',*,*,#1313,.F.);
#1953=ORIENTED_EDGE('',*,*,#1498,.F.);
#1954=ORIENTED_EDGE('',*,*,#1499,.F.);
#1955=ORIENTED_EDGE('',*,*,#1496,.T.);
#1956=ORIENTED_EDGE('',*,*,#1424,.T.);
#1957=ORIENTED_EDGE('',*,*,#1500,.F.);
#1958=ORIENTED_EDGE('',*,*,#1437,.F.);
#1959=ORIENTED_EDGE('',*,*,#1364,.F.);
#1960=ORIENTED_EDGE('',*,*,#1392,.T.);
#1961=ORIENTED_EDGE('',*,*,#1349,.F.);
#1962=ORIENTED_EDGE('',*,*,#1501,.F.);
#1963=ORIENTED_EDGE('',*,*,#1502,.F.);
#1964=ORIENTED_EDGE('',*,*,#1503,.F.);
#1965=ORIENTED_EDGE('',*,*,#1498,.T.);
#1966=ORIENTED_EDGE('',*,*,#1312,.F.);
#1967=ORIENTED_EDGE('',*,*,#1472,.F.);
#1968=ORIENTED_EDGE('',*,*,#1501,.T.);
#1969=ORIENTED_EDGE('',*,*,#1348,.F.);
#1970=ORIENTED_EDGE('',*,*,#1504,.T.);
#1971=ORIENTED_EDGE('',*,*,#1505,.T.);
#1972=ORIENTED_EDGE('',*,*,#1290,.T.);
#1973=ORIENTED_EDGE('',*,*,#1506,.T.);
#1974=ORIENTED_EDGE('',*,*,#1507,.T.);
#1975=ORIENTED_EDGE('',*,*,#1508,.T.);
#1976=ORIENTED_EDGE('',*,*,#1509,.T.);
#1977=ORIENTED_EDGE('',*,*,#1510,.T.);
#1978=ORIENTED_EDGE('',*,*,#1511,.T.);
#1979=ORIENTED_EDGE('',*,*,#1475,.T.);
#1980=ORIENTED_EDGE('',*,*,#1469,.T.);
#1981=ORIENTED_EDGE('',*,*,#1478,.T.);
#1982=ORIENTED_EDGE('',*,*,#1512,.T.);
#1983=ORIENTED_EDGE('',*,*,#1513,.T.);
#1984=ORIENTED_EDGE('',*,*,#1514,.T.);
#1985=ORIENTED_EDGE('',*,*,#1515,.T.);
#1986=ORIENTED_EDGE('',*,*,#1497,.T.);
#1987=ORIENTED_EDGE('',*,*,#1499,.T.);
#1988=ORIENTED_EDGE('',*,*,#1503,.T.);
#1989=ORIENTED_EDGE('',*,*,#1471,.T.);
#1990=ORIENTED_EDGE('',*,*,#1466,.T.);
#1991=ORIENTED_EDGE('',*,*,#1474,.T.);
#1992=ORIENTED_EDGE('',*,*,#1516,.T.);
#1993=ORIENTED_EDGE('',*,*,#1517,.T.);
#1994=ORIENTED_EDGE('',*,*,#1518,.T.);
#1995=ORIENTED_EDGE('',*,*,#1519,.T.);
#1996=ORIENTED_EDGE('',*,*,#1520,.T.);
#1997=ORIENTED_EDGE('',*,*,#1521,.T.);
#1998=ORIENTED_EDGE('',*,*,#1282,.T.);
#1999=ORIENTED_EDGE('',*,*,#1301,.T.);
#2000=ORIENTED_EDGE('',*,*,#1522,.T.);
#2001=ORIENTED_EDGE('',*,*,#1286,.T.);
#2002=ORIENTED_EDGE('',*,*,#1298,.T.);
#2003=ORIENTED_EDGE('',*,*,#1294,.T.);
#2004=ORIENTED_EDGE('',*,*,#1429,.T.);
#2005=ORIENTED_EDGE('',*,*,#1450,.T.);
#2006=ORIENTED_EDGE('',*,*,#1463,.T.);
#2007=ORIENTED_EDGE('',*,*,#1494,.T.);
#2008=ORIENTED_EDGE('',*,*,#1459,.T.);
#2009=ORIENTED_EDGE('',*,*,#1493,.T.);
#2010=ORIENTED_EDGE('',*,*,#1491,.T.);
#2011=ORIENTED_EDGE('',*,*,#1489,.T.);
#2012=ORIENTED_EDGE('',*,*,#1487,.T.);
#2013=ORIENTED_EDGE('',*,*,#1485,.T.);
#2014=ORIENTED_EDGE('',*,*,#1427,.T.);
#2015=ORIENTED_EDGE('',*,*,#1523,.T.);
#2016=ORIENTED_EDGE('',*,*,#1524,.F.);
#2017=ORIENTED_EDGE('',*,*,#1358,.F.);
#2018=ORIENTED_EDGE('',*,*,#1416,.T.);
#2019=ORIENTED_EDGE('',*,*,#1525,.T.);
#2020=ORIENTED_EDGE('',*,*,#1526,.F.);
#2021=ORIENTED_EDGE('',*,*,#1371,.F.);
#2022=ORIENTED_EDGE('',*,*,#1423,.T.);
#2023=ORIENTED_EDGE('',*,*,#1440,.T.);
#2024=ORIENTED_EDGE('',*,*,#1527,.F.);
#2025=ORIENTED_EDGE('',*,*,#1528,.F.);
#2026=ORIENTED_EDGE('',*,*,#1529,.F.);
#2027=ORIENTED_EDGE('',*,*,#1523,.F.);
#2028=ORIENTED_EDGE('',*,*,#1426,.T.);
#2029=ORIENTED_EDGE('',*,*,#1530,.F.);
#2030=ORIENTED_EDGE('',*,*,#1446,.F.);
#2031=ORIENTED_EDGE('',*,*,#1385,.T.);
#2032=ORIENTED_EDGE('',*,*,#1388,.T.);
#2033=ORIENTED_EDGE('',*,*,#1531,.F.);
#2034=ORIENTED_EDGE('',*,*,#1448,.T.);
#2035=ORIENTED_EDGE('',*,*,#1390,.T.);
#2036=ORIENTED_EDGE('',*,*,#1502,.T.);
#2037=ORIENTED_EDGE('',*,*,#1505,.F.);
#2038=ORIENTED_EDGE('',*,*,#1532,.F.);
#2039=ORIENTED_EDGE('',*,*,#1393,.T.);
#2040=ORIENTED_EDGE('',*,*,#1396,.T.);
#2041=ORIENTED_EDGE('',*,*,#1533,.F.);
#2042=ORIENTED_EDGE('',*,*,#1444,.F.);
#2043=ORIENTED_EDGE('',*,*,#1534,.F.);
#2044=ORIENTED_EDGE('',*,*,#1535,.F.);
#2045=ORIENTED_EDGE('',*,*,#1398,.T.);
#2046=ORIENTED_EDGE('',*,*,#1401,.T.);
#2047=ORIENTED_EDGE('',*,*,#1442,.F.);
#2048=ORIENTED_EDGE('',*,*,#1456,.F.);
#2049=ORIENTED_EDGE('',*,*,#1452,.T.);
#2050=ORIENTED_EDGE('',*,*,#1455,.T.);
#2051=ORIENTED_EDGE('',*,*,#1536,.T.);
#2052=ORIENTED_EDGE('',*,*,#1537,.F.);
#2053=ORIENTED_EDGE('',*,*,#1538,.F.);
#2054=ORIENTED_EDGE('',*,*,#1539,.T.);
#2055=ORIENTED_EDGE('',*,*,#1540,.F.);
#2056=ORIENTED_EDGE('',*,*,#1541,.F.);
#2057=ORIENTED_EDGE('',*,*,#1542,.T.);
#2058=ORIENTED_EDGE('',*,*,#1543,.F.);
#2059=ORIENTED_EDGE('',*,*,#1432,.T.);
#2060=ORIENTED_EDGE('',*,*,#1544,.T.);
#2061=ORIENTED_EDGE('',*,*,#1545,.F.);
#2062=ORIENTED_EDGE('',*,*,#1546,.F.);
#2063=ORIENTED_EDGE('',*,*,#1403,.T.);
#2064=ORIENTED_EDGE('',*,*,#1406,.T.);
#2065=ORIENTED_EDGE('',*,*,#1434,.F.);
#2066=ORIENTED_EDGE('',*,*,#1408,.T.);
#2067=ORIENTED_EDGE('',*,*,#1411,.T.);
#2068=ORIENTED_EDGE('',*,*,#1413,.T.);
#2069=ORIENTED_EDGE('',*,*,#1547,.F.);
#2070=ORIENTED_EDGE('',*,*,#1548,.F.);
#2071=ORIENTED_EDGE('',*,*,#1525,.F.);
#2072=ORIENTED_EDGE('',*,*,#1415,.T.);
#2073=ORIENTED_EDGE('',*,*,#1436,.F.);
#2074=ORIENTED_EDGE('',*,*,#1549,.F.);
#2075=ORIENTED_EDGE('',*,*,#1418,.T.);
#2076=ORIENTED_EDGE('',*,*,#1421,.T.);
#2077=ORIENTED_EDGE('',*,*,#1438,.F.);
#2078=ORIENTED_EDGE('',*,*,#1500,.T.);
#2079=ORIENTED_EDGE('',*,*,#1535,.T.);
#2080=ORIENTED_EDGE('',*,*,#1550,.F.);
#2081=ORIENTED_EDGE('',*,*,#1341,.F.);
#2082=ORIENTED_EDGE('',*,*,#1399,.T.);
#2083=ORIENTED_EDGE('',*,*,#1534,.T.);
#2084=ORIENTED_EDGE('',*,*,#1443,.F.);
#2085=ORIENTED_EDGE('',*,*,#1342,.F.);
#2086=ORIENTED_EDGE('',*,*,#1550,.T.);
#2087=ORIENTED_EDGE('',*,*,#1397,.T.);
#2088=ORIENTED_EDGE('',*,*,#1344,.F.);
#2089=ORIENTED_EDGE('',*,*,#1445,.T.);
#2090=ORIENTED_EDGE('',*,*,#1533,.T.);
#2091=ORIENTED_EDGE('',*,*,#1532,.T.);
#2092=ORIENTED_EDGE('',*,*,#1504,.F.);
#2093=ORIENTED_EDGE('',*,*,#1347,.F.);
#2094=ORIENTED_EDGE('',*,*,#1394,.T.);
#2095=ORIENTED_EDGE('',*,*,#1389,.T.);
#2096=ORIENTED_EDGE('',*,*,#1352,.F.);
#2097=ORIENTED_EDGE('',*,*,#1449,.T.);
#2098=ORIENTED_EDGE('',*,*,#1531,.T.);
#2099=ORIENTED_EDGE('',*,*,#1428,.T.);
#2100=ORIENTED_EDGE('',*,*,#1356,.F.);
#2101=ORIENTED_EDGE('',*,*,#1447,.T.);
#2102=ORIENTED_EDGE('',*,*,#1530,.T.);
#2103=ORIENTED_EDGE('',*,*,#1529,.T.);
#2104=ORIENTED_EDGE('',*,*,#1551,.F.);
#2105=ORIENTED_EDGE('',*,*,#1359,.F.);
#2106=ORIENTED_EDGE('',*,*,#1524,.T.);
#2107=ORIENTED_EDGE('',*,*,#1528,.T.);
#2108=ORIENTED_EDGE('',*,*,#1552,.F.);
#2109=ORIENTED_EDGE('',*,*,#1360,.F.);
#2110=ORIENTED_EDGE('',*,*,#1551,.T.);
#2111=ORIENTED_EDGE('',*,*,#1439,.T.);
#2112=ORIENTED_EDGE('',*,*,#1361,.F.);
#2113=ORIENTED_EDGE('',*,*,#1552,.T.);
#2114=ORIENTED_EDGE('',*,*,#1527,.T.);
#2115=ORIENTED_EDGE('',*,*,#1419,.T.);
#2116=ORIENTED_EDGE('',*,*,#1549,.T.);
#2117=ORIENTED_EDGE('',*,*,#1435,.F.);
#2118=ORIENTED_EDGE('',*,*,#1368,.F.);
#2119=ORIENTED_EDGE('',*,*,#1548,.T.);
#2120=ORIENTED_EDGE('',*,*,#1553,.F.);
#2121=ORIENTED_EDGE('',*,*,#1372,.F.);
#2122=ORIENTED_EDGE('',*,*,#1526,.T.);
#2123=ORIENTED_EDGE('',*,*,#1547,.T.);
#2124=ORIENTED_EDGE('',*,*,#1414,.F.);
#2125=ORIENTED_EDGE('',*,*,#1373,.F.);
#2126=ORIENTED_EDGE('',*,*,#1553,.T.);
#2127=ORIENTED_EDGE('',*,*,#1546,.T.);
#2128=ORIENTED_EDGE('',*,*,#1554,.F.);
#2129=ORIENTED_EDGE('',*,*,#1380,.F.);
#2130=ORIENTED_EDGE('',*,*,#1404,.T.);
#2131=ORIENTED_EDGE('',*,*,#1545,.T.);
#2132=ORIENTED_EDGE('',*,*,#1555,.F.);
#2133=ORIENTED_EDGE('',*,*,#1381,.F.);
#2134=ORIENTED_EDGE('',*,*,#1554,.T.);
#2135=ORIENTED_EDGE('',*,*,#1431,.T.);
#2136=ORIENTED_EDGE('',*,*,#1382,.F.);
#2137=ORIENTED_EDGE('',*,*,#1555,.T.);
#2138=ORIENTED_EDGE('',*,*,#1544,.F.);
#2139=ORIENTED_EDGE('',*,*,#1543,.T.);
#2140=ORIENTED_EDGE('',*,*,#1556,.F.);
#2141=ORIENTED_EDGE('',*,*,#1328,.F.);
#2142=ORIENTED_EDGE('',*,*,#1433,.T.);
#2143=ORIENTED_EDGE('',*,*,#1542,.F.);
#2144=ORIENTED_EDGE('',*,*,#1557,.F.);
#2145=ORIENTED_EDGE('',*,*,#1329,.F.);
#2146=ORIENTED_EDGE('',*,*,#1556,.T.);
#2147=ORIENTED_EDGE('',*,*,#1541,.T.);
#2148=ORIENTED_EDGE('',*,*,#1558,.F.);
#2149=ORIENTED_EDGE('',*,*,#1330,.F.);
#2150=ORIENTED_EDGE('',*,*,#1557,.T.);
#2151=ORIENTED_EDGE('',*,*,#1540,.T.);
#2152=ORIENTED_EDGE('',*,*,#1559,.F.);
#2153=ORIENTED_EDGE('',*,*,#1331,.F.);
#2154=ORIENTED_EDGE('',*,*,#1558,.T.);
#2155=ORIENTED_EDGE('',*,*,#1539,.F.);
#2156=ORIENTED_EDGE('',*,*,#1560,.F.);
#2157=ORIENTED_EDGE('',*,*,#1332,.F.);
#2158=ORIENTED_EDGE('',*,*,#1559,.T.);
#2159=ORIENTED_EDGE('',*,*,#1538,.T.);
#2160=ORIENTED_EDGE('',*,*,#1561,.F.);
#2161=ORIENTED_EDGE('',*,*,#1333,.F.);
#2162=ORIENTED_EDGE('',*,*,#1560,.T.);
#2163=ORIENTED_EDGE('',*,*,#1537,.T.);
#2164=ORIENTED_EDGE('',*,*,#1562,.F.);
#2165=ORIENTED_EDGE('',*,*,#1334,.F.);
#2166=ORIENTED_EDGE('',*,*,#1561,.T.);
#2167=ORIENTED_EDGE('',*,*,#1536,.F.);
#2168=ORIENTED_EDGE('',*,*,#1454,.T.);
#2169=ORIENTED_EDGE('',*,*,#1335,.F.);
#2170=ORIENTED_EDGE('',*,*,#1562,.T.);
#2171=ORIENTED_EDGE('',*,*,#1495,.T.);
#2172=ORIENTED_EDGE('',*,*,#1515,.F.);
#2173=ORIENTED_EDGE('',*,*,#1563,.F.);
#2174=ORIENTED_EDGE('',*,*,#1315,.F.);
#2175=ORIENTED_EDGE('',*,*,#1563,.T.);
#2176=ORIENTED_EDGE('',*,*,#1514,.F.);
#2177=ORIENTED_EDGE('',*,*,#1564,.F.);
#2178=ORIENTED_EDGE('',*,*,#1316,.F.);
#2179=ORIENTED_EDGE('',*,*,#1564,.T.);
#2180=ORIENTED_EDGE('',*,*,#1513,.F.);
#2181=ORIENTED_EDGE('',*,*,#1565,.F.);
#2182=ORIENTED_EDGE('',*,*,#1317,.F.);
#2183=ORIENTED_EDGE('',*,*,#1565,.T.);
#2184=ORIENTED_EDGE('',*,*,#1512,.F.);
#2185=ORIENTED_EDGE('',*,*,#1477,.F.);
#2186=ORIENTED_EDGE('',*,*,#1318,.F.);
#2187=ORIENTED_EDGE('',*,*,#1476,.T.);
#2188=ORIENTED_EDGE('',*,*,#1511,.F.);
#2189=ORIENTED_EDGE('',*,*,#1566,.F.);
#2190=ORIENTED_EDGE('',*,*,#1322,.F.);
#2191=ORIENTED_EDGE('',*,*,#1566,.T.);
#2192=ORIENTED_EDGE('',*,*,#1510,.F.);
#2193=ORIENTED_EDGE('',*,*,#1567,.F.);
#2194=ORIENTED_EDGE('',*,*,#1323,.F.);
#2195=ORIENTED_EDGE('',*,*,#1567,.T.);
#2196=ORIENTED_EDGE('',*,*,#1509,.F.);
#2197=ORIENTED_EDGE('',*,*,#1568,.F.);
#2198=ORIENTED_EDGE('',*,*,#1324,.F.);
#2199=ORIENTED_EDGE('',*,*,#1568,.T.);
#2200=ORIENTED_EDGE('',*,*,#1508,.F.);
#2201=ORIENTED_EDGE('',*,*,#1569,.F.);
#2202=ORIENTED_EDGE('',*,*,#1325,.F.);
#2203=ORIENTED_EDGE('',*,*,#1326,.F.);
#2204=ORIENTED_EDGE('',*,*,#1569,.T.);
#2205=ORIENTED_EDGE('',*,*,#1507,.F.);
#2206=ORIENTED_EDGE('',*,*,#1570,.F.);
#2207=ORIENTED_EDGE('',*,*,#1293,.T.);
#2208=ORIENTED_EDGE('',*,*,#1327,.F.);
#2209=ORIENTED_EDGE('',*,*,#1570,.T.);
#2210=ORIENTED_EDGE('',*,*,#1506,.F.);
#2211=ORIENTED_EDGE('',*,*,#1287,.T.);
#2212=ORIENTED_EDGE('',*,*,#1522,.F.);
#2213=ORIENTED_EDGE('',*,*,#1300,.F.);
#2214=ORIENTED_EDGE('',*,*,#1302,.F.);
#2215=ORIENTED_EDGE('',*,*,#1283,.T.);
#2216=ORIENTED_EDGE('',*,*,#1521,.F.);
#2217=ORIENTED_EDGE('',*,*,#1571,.F.);
#2218=ORIENTED_EDGE('',*,*,#1303,.F.);
#2219=ORIENTED_EDGE('',*,*,#1571,.T.);
#2220=ORIENTED_EDGE('',*,*,#1520,.F.);
#2221=ORIENTED_EDGE('',*,*,#1572,.F.);
#2222=ORIENTED_EDGE('',*,*,#1304,.F.);
#2223=ORIENTED_EDGE('',*,*,#1572,.T.);
#2224=ORIENTED_EDGE('',*,*,#1519,.F.);
#2225=ORIENTED_EDGE('',*,*,#1573,.F.);
#2226=ORIENTED_EDGE('',*,*,#1305,.F.);
#2227=ORIENTED_EDGE('',*,*,#1573,.T.);
#2228=ORIENTED_EDGE('',*,*,#1518,.F.);
#2229=ORIENTED_EDGE('',*,*,#1574,.F.);
#2230=ORIENTED_EDGE('',*,*,#1306,.F.);
#2231=ORIENTED_EDGE('',*,*,#1574,.T.);
#2232=ORIENTED_EDGE('',*,*,#1517,.F.);
#2233=ORIENTED_EDGE('',*,*,#1575,.F.);
#2234=ORIENTED_EDGE('',*,*,#1307,.F.);
#2235=ORIENTED_EDGE('',*,*,#1575,.T.);
#2236=ORIENTED_EDGE('',*,*,#1516,.F.);
#2237=ORIENTED_EDGE('',*,*,#1473,.F.);
#2238=ORIENTED_EDGE('',*,*,#1308,.F.);
#2239=ORIENTED_EDGE('',*,*,#1576,.F.);
#2240=ORIENTED_EDGE('',*,*,#1577,.T.);
#2241=ORIENTED_EDGE('',*,*,#1578,.T.);
#2242=ORIENTED_EDGE('',*,*,#1577,.F.);
#2243=ORIENTED_EDGE('',*,*,#1578,.F.);
#2244=ORIENTED_EDGE('',*,*,#1579,.F.);
#2245=ORIENTED_EDGE('',*,*,#1580,.T.);
#2246=ORIENTED_EDGE('',*,*,#1581,.T.);
#2247=ORIENTED_EDGE('',*,*,#1580,.F.);
#2248=ORIENTED_EDGE('',*,*,#1581,.F.);
#2249=ORIENTED_EDGE('',*,*,#1582,.T.);
#2250=ORIENTED_EDGE('',*,*,#1583,.F.);
#2251=ORIENTED_EDGE('',*,*,#1584,.T.);
#2252=ORIENTED_EDGE('',*,*,#1585,.F.);
#2253=ORIENTED_EDGE('',*,*,#1586,.F.);
#2254=ORIENTED_EDGE('',*,*,#1587,.F.);
#2255=ORIENTED_EDGE('',*,*,#1588,.F.);
#2256=ORIENTED_EDGE('',*,*,#1589,.T.);
#2257=ORIENTED_EDGE('',*,*,#1590,.T.);
#2258=ORIENTED_EDGE('',*,*,#1591,.F.);
#2259=ORIENTED_EDGE('',*,*,#1592,.T.);
#2260=ORIENTED_EDGE('',*,*,#1593,.T.);
#2261=ORIENTED_EDGE('',*,*,#1594,.T.);
#2262=ORIENTED_EDGE('',*,*,#1595,.T.);
#2263=ORIENTED_EDGE('',*,*,#1596,.T.);
#2264=ORIENTED_EDGE('',*,*,#1597,.T.);
#2265=ORIENTED_EDGE('',*,*,#1598,.T.);
#2266=ORIENTED_EDGE('',*,*,#1599,.T.);
#2267=ORIENTED_EDGE('',*,*,#1600,.T.);
#2268=ORIENTED_EDGE('',*,*,#1601,.T.);
#2269=ORIENTED_EDGE('',*,*,#1583,.T.);
#2270=ORIENTED_EDGE('',*,*,#1602,.T.);
#2271=ORIENTED_EDGE('',*,*,#1576,.T.);
#2272=ORIENTED_EDGE('',*,*,#1579,.T.);
#2273=ORIENTED_EDGE('',*,*,#1603,.F.);
#2274=ORIENTED_EDGE('',*,*,#1604,.T.);
#2275=ORIENTED_EDGE('',*,*,#1605,.T.);
#2276=ORIENTED_EDGE('',*,*,#1604,.F.);
#2277=ORIENTED_EDGE('',*,*,#1605,.F.);
#2278=ORIENTED_EDGE('',*,*,#1606,.F.);
#2279=ORIENTED_EDGE('',*,*,#1607,.T.);
#2280=ORIENTED_EDGE('',*,*,#1608,.T.);
#2281=ORIENTED_EDGE('',*,*,#1607,.F.);
#2282=ORIENTED_EDGE('',*,*,#1608,.F.);
#2283=ORIENTED_EDGE('',*,*,#1609,.F.);
#2284=ORIENTED_EDGE('',*,*,#1610,.F.);
#2285=ORIENTED_EDGE('',*,*,#1611,.F.);
#2286=ORIENTED_EDGE('',*,*,#1612,.F.);
#2287=ORIENTED_EDGE('',*,*,#1613,.F.);
#2288=ORIENTED_EDGE('',*,*,#1614,.T.);
#2289=ORIENTED_EDGE('',*,*,#1615,.T.);
#2290=ORIENTED_EDGE('',*,*,#1614,.F.);
#2291=ORIENTED_EDGE('',*,*,#1615,.F.);
#2292=ORIENTED_EDGE('',*,*,#1616,.F.);
#2293=ORIENTED_EDGE('',*,*,#1589,.F.);
#2294=ORIENTED_EDGE('',*,*,#1617,.F.);
#2295=ORIENTED_EDGE('',*,*,#1618,.F.);
#2296=ORIENTED_EDGE('',*,*,#1609,.T.);
#2297=ORIENTED_EDGE('',*,*,#1613,.T.);
#2298=ORIENTED_EDGE('',*,*,#1619,.T.);
#2299=ORIENTED_EDGE('',*,*,#1620,.F.);
#2300=ORIENTED_EDGE('',*,*,#1584,.F.);
#2301=ORIENTED_EDGE('',*,*,#1601,.F.);
#2302=ORIENTED_EDGE('',*,*,#1621,.T.);
#2303=ORIENTED_EDGE('',*,*,#1612,.T.);
#2304=ORIENTED_EDGE('',*,*,#1622,.T.);
#2305=ORIENTED_EDGE('',*,*,#1623,.F.);
#2306=ORIENTED_EDGE('',*,*,#1619,.F.);
#2307=ORIENTED_EDGE('',*,*,#1603,.T.);
#2308=ORIENTED_EDGE('',*,*,#1606,.T.);
#2309=ORIENTED_EDGE('',*,*,#1617,.T.);
#2310=ORIENTED_EDGE('',*,*,#1588,.T.);
#2311=ORIENTED_EDGE('',*,*,#1624,.F.);
#2312=ORIENTED_EDGE('',*,*,#1625,.F.);
#2313=ORIENTED_EDGE('',*,*,#1616,.T.);
#2314=ORIENTED_EDGE('',*,*,#1626,.T.);
#2315=ORIENTED_EDGE('',*,*,#1627,.F.);
#2316=ORIENTED_EDGE('',*,*,#1590,.F.);
#2317=ORIENTED_EDGE('',*,*,#1628,.F.);
#2318=ORIENTED_EDGE('',*,*,#1629,.F.);
#2319=ORIENTED_EDGE('',*,*,#1626,.F.);
#2320=ORIENTED_EDGE('',*,*,#1618,.T.);
#2321=ORIENTED_EDGE('',*,*,#1625,.T.);
#2322=ORIENTED_EDGE('',*,*,#1630,.F.);
#2323=ORIENTED_EDGE('',*,*,#1628,.T.);
#2324=ORIENTED_EDGE('',*,*,#1631,.T.);
#2325=ORIENTED_EDGE('',*,*,#1632,.F.);
#2326=ORIENTED_EDGE('',*,*,#1633,.F.);
#2327=ORIENTED_EDGE('',*,*,#1634,.F.);
#2328=ORIENTED_EDGE('',*,*,#1635,.T.);
#2329=ORIENTED_EDGE('',*,*,#1595,.F.);
#2330=ORIENTED_EDGE('',*,*,#1636,.T.);
#2331=ORIENTED_EDGE('',*,*,#1591,.T.);
#2332=ORIENTED_EDGE('',*,*,#1627,.T.);
#2333=ORIENTED_EDGE('',*,*,#1629,.T.);
#2334=ORIENTED_EDGE('',*,*,#1633,.T.);
#2335=ORIENTED_EDGE('',*,*,#1637,.F.);
#2336=ORIENTED_EDGE('',*,*,#1638,.F.);
#2337=ORIENTED_EDGE('',*,*,#1596,.F.);
#2338=ORIENTED_EDGE('',*,*,#1635,.F.);
#2339=ORIENTED_EDGE('',*,*,#1639,.F.);
#2340=ORIENTED_EDGE('',*,*,#1640,.F.);
#2341=ORIENTED_EDGE('',*,*,#1597,.F.);
#2342=ORIENTED_EDGE('',*,*,#1638,.T.);
#2343=ORIENTED_EDGE('',*,*,#1640,.T.);
#2344=ORIENTED_EDGE('',*,*,#1641,.F.);
#2345=ORIENTED_EDGE('',*,*,#1642,.F.);
#2346=ORIENTED_EDGE('',*,*,#1598,.F.);
#2347=ORIENTED_EDGE('',*,*,#1611,.T.);
#2348=ORIENTED_EDGE('',*,*,#1643,.F.);
#2349=ORIENTED_EDGE('',*,*,#1599,.F.);
#2350=ORIENTED_EDGE('',*,*,#1642,.T.);
#2351=ORIENTED_EDGE('',*,*,#1644,.F.);
#2352=ORIENTED_EDGE('',*,*,#1622,.F.);
#2353=ORIENTED_EDGE('',*,*,#1610,.T.);
#2354=ORIENTED_EDGE('',*,*,#1621,.F.);
#2355=ORIENTED_EDGE('',*,*,#1600,.F.);
#2356=ORIENTED_EDGE('',*,*,#1643,.T.);
#2357=ORIENTED_EDGE('',*,*,#1645,.F.);
#2358=ORIENTED_EDGE('',*,*,#1646,.F.);
#2359=ORIENTED_EDGE('',*,*,#1602,.F.);
#2360=ORIENTED_EDGE('',*,*,#1582,.F.);
#2361=ORIENTED_EDGE('',*,*,#1647,.F.);
#2362=ORIENTED_EDGE('',*,*,#1648,.T.);
#2363=ORIENTED_EDGE('',*,*,#1592,.F.);
#2364=ORIENTED_EDGE('',*,*,#1646,.T.);
#2365=ORIENTED_EDGE('',*,*,#1587,.T.);
#2366=ORIENTED_EDGE('',*,*,#1649,.F.);
#2367=ORIENTED_EDGE('',*,*,#1593,.F.);
#2368=ORIENTED_EDGE('',*,*,#1648,.F.);
#2369=ORIENTED_EDGE('',*,*,#1650,.F.);
#2370=ORIENTED_EDGE('',*,*,#1631,.F.);
#2371=ORIENTED_EDGE('',*,*,#1630,.T.);
#2372=ORIENTED_EDGE('',*,*,#1624,.T.);
#2373=ORIENTED_EDGE('',*,*,#1586,.T.);
#2374=ORIENTED_EDGE('',*,*,#1636,.F.);
#2375=ORIENTED_EDGE('',*,*,#1594,.F.);
#2376=ORIENTED_EDGE('',*,*,#1649,.T.);
#2377=ORIENTED_EDGE('',*,*,#1647,.T.);
#2378=ORIENTED_EDGE('',*,*,#1645,.T.);
#2379=ORIENTED_EDGE('',*,*,#1585,.T.);
#2380=ORIENTED_EDGE('',*,*,#1620,.T.);
#2381=ORIENTED_EDGE('',*,*,#1623,.T.);
#2382=ORIENTED_EDGE('',*,*,#1644,.T.);
#2383=ORIENTED_EDGE('',*,*,#1641,.T.);
#2384=ORIENTED_EDGE('',*,*,#1639,.T.);
#2385=ORIENTED_EDGE('',*,*,#1637,.T.);
#2386=ORIENTED_EDGE('',*,*,#1634,.T.);
#2387=ORIENTED_EDGE('',*,*,#1632,.T.);
#2388=ORIENTED_EDGE('',*,*,#1650,.T.);
#2389=PLANE('',#2690);
#2390=PLANE('',#2691);
#2391=PLANE('',#2692);
#2392=PLANE('',#2693);
#2393=PLANE('',#2694);
#2394=PLANE('',#2695);
#2395=PLANE('',#2696);
#2396=PLANE('',#2700);
#2397=PLANE('',#2701);
#2398=PLANE('',#2702);
#2399=PLANE('',#2703);
#2400=PLANE('',#2704);
#2401=PLANE('',#2705);
#2402=PLANE('',#2706);
#2403=PLANE('',#2707);
#2404=PLANE('',#2708);
#2405=PLANE('',#2709);
#2406=PLANE('',#2710);
#2407=PLANE('',#2711);
#2408=PLANE('',#2712);
#2409=PLANE('',#2713);
#2410=PLANE('',#2714);
#2411=PLANE('',#2715);
#2412=PLANE('',#2716);
#2413=PLANE('',#2720);
#2414=PLANE('',#2721);
#2415=PLANE('',#2722);
#2416=PLANE('',#2723);
#2417=PLANE('',#2724);
#2418=PLANE('',#2725);
#2419=PLANE('',#2726);
#2420=PLANE('',#2727);
#2421=PLANE('',#2732);
#2422=PLANE('',#2733);
#2423=PLANE('',#2734);
#2424=PLANE('',#2735);
#2425=PLANE('',#2736);
#2426=PLANE('',#2737);
#2427=PLANE('',#2738);
#2428=PLANE('',#2739);
#2429=PLANE('',#2740);
#2430=PLANE('',#2741);
#2431=PLANE('',#2742);
#2432=PLANE('',#2743);
#2433=PLANE('',#2744);
#2434=PLANE('',#2745);
#2435=PLANE('',#2746);
#2436=PLANE('',#2747);
#2437=PLANE('',#2748);
#2438=PLANE('',#2749);
#2439=PLANE('',#2750);
#2440=PLANE('',#2751);
#2441=PLANE('',#2752);
#2442=PLANE('',#2753);
#2443=PLANE('',#2754);
#2444=PLANE('',#2755);
#2445=PLANE('',#2756);
#2446=PLANE('',#2757);
#2447=PLANE('',#2758);
#2448=PLANE('',#2759);
#2449=PLANE('',#2760);
#2450=PLANE('',#2761);
#2451=PLANE('',#2762);
#2452=PLANE('',#2763);
#2453=PLANE('',#2764);
#2454=PLANE('',#2765);
#2455=PLANE('',#2766);
#2456=PLANE('',#2767);
#2457=PLANE('',#2768);
#2458=PLANE('',#2769);
#2459=PLANE('',#2770);
#2460=PLANE('',#2771);
#2461=PLANE('',#2772);
#2462=PLANE('',#2773);
#2463=PLANE('',#2774);
#2464=PLANE('',#2775);
#2465=PLANE('',#2776);
#2466=PLANE('',#2777);
#2467=PLANE('',#2778);
#2468=PLANE('',#2779);
#2469=PLANE('',#2780);
#2470=PLANE('',#2781);
#2471=PLANE('',#2782);
#2472=PLANE('',#2783);
#2473=PLANE('',#2784);
#2474=PLANE('',#2785);
#2475=PLANE('',#2786);
#2476=PLANE('',#2787);
#2477=PLANE('',#2788);
#2478=PLANE('',#2789);
#2479=PLANE('',#2790);
#2480=PLANE('',#2791);
#2481=PLANE('',#2792);
#2482=PLANE('',#2793);
#2483=PLANE('',#2794);
#2484=PLANE('',#2795);
#2485=PLANE('',#2796);
#2486=PLANE('',#2797);
#2487=PLANE('',#2802);
#2488=PLANE('',#2806);
#2489=PLANE('',#2807);
#2490=PLANE('',#2808);
#2491=PLANE('',#2809);
#2492=PLANE('',#2813);
#2493=PLANE('',#2817);
#2494=PLANE('',#2825);
#2495=PLANE('',#2826);
#2496=PLANE('',#2827);
#2497=PLANE('',#2828);
#2498=PLANE('',#2829);
#2499=PLANE('',#2830);
#2500=PLANE('',#2831);
#2501=PLANE('',#2832);
#2502=PLANE('',#2833);
#2503=PLANE('',#2834);
#2504=PLANE('',#2835);
#2505=PLANE('',#2836);
#2506=PLANE('',#2837);
#2507=PLANE('',#2838);
#2508=PLANE('',#2839);
#2509=PLANE('',#2840);
#2510=PLANE('',#2841);
#2511=PLANE('',#2842);
#2512=ADVANCED_FACE('',(#73),#2389,.F.);
#2513=ADVANCED_FACE('',(#74),#2390,.F.);
#2514=ADVANCED_FACE('',(#75),#2391,.F.);
#2515=ADVANCED_FACE('',(#76),#2392,.T.);
#2516=ADVANCED_FACE('',(#77),#2393,.T.);
#2517=ADVANCED_FACE('',(#78),#2394,.T.);
#2518=ADVANCED_FACE('',(#79,#45),#2395,.T.);
#2519=ADVANCED_FACE('',(#80),#2396,.F.);
#2520=ADVANCED_FACE('',(#81),#2397,.F.);
#2521=ADVANCED_FACE('',(#82),#2398,.F.);
#2522=ADVANCED_FACE('',(#83),#2399,.F.);
#2523=ADVANCED_FACE('',(#84),#2400,.F.);
#2524=ADVANCED_FACE('',(#85),#2401,.F.);
#2525=ADVANCED_FACE('',(#86),#2402,.F.);
#2526=ADVANCED_FACE('',(#87),#2403,.F.);
#2527=ADVANCED_FACE('',(#88),#2404,.F.);
#2528=ADVANCED_FACE('',(#89),#2405,.F.);
#2529=ADVANCED_FACE('',(#90),#2406,.F.);
#2530=ADVANCED_FACE('',(#91),#2407,.F.);
#2531=ADVANCED_FACE('',(#92),#2408,.F.);
#2532=ADVANCED_FACE('',(#93),#2409,.F.);
#2533=ADVANCED_FACE('',(#94),#2410,.F.);
#2534=ADVANCED_FACE('',(#95),#2411,.F.);
#2535=ADVANCED_FACE('',(#96),#2412,.F.);
#2536=ADVANCED_FACE('',(#97),#38,.F.);
#2537=ADVANCED_FACE('',(#98),#2413,.T.);
#2538=ADVANCED_FACE('',(#99),#2414,.T.);
#2539=ADVANCED_FACE('',(#100),#2415,.T.);
#2540=ADVANCED_FACE('',(#101),#2416,.T.);
#2541=ADVANCED_FACE('',(#102),#2417,.T.);
#2542=ADVANCED_FACE('',(#103),#2418,.T.);
#2543=ADVANCED_FACE('',(#104),#2419,.T.);
#2544=ADVANCED_FACE('',(#105),#2420,.T.);
#2545=ADVANCED_FACE('',(#106),#39,.F.);
#2546=ADVANCED_FACE('',(#107),#2421,.T.);
#2547=ADVANCED_FACE('',(#108),#2422,.F.);
#2548=ADVANCED_FACE('',(#109),#2423,.F.);
#2549=ADVANCED_FACE('',(#110),#2424,.T.);
#2550=ADVANCED_FACE('',(#111),#2425,.T.);
#2551=ADVANCED_FACE('',(#112),#2426,.T.);
#2552=ADVANCED_FACE('',(#113),#2427,.T.);
#2553=ADVANCED_FACE('',(#114),#2428,.T.);
#2554=ADVANCED_FACE('',(#115),#2429,.T.);
#2555=ADVANCED_FACE('',(#116),#2430,.F.);
#2556=ADVANCED_FACE('',(#117),#2431,.F.);
#2557=ADVANCED_FACE('',(#118),#2432,.F.);
#2558=ADVANCED_FACE('',(#119),#2433,.F.);
#2559=ADVANCED_FACE('',(#120),#2434,.F.);
#2560=ADVANCED_FACE('',(#121),#2435,.F.);
#2561=ADVANCED_FACE('',(#122),#2436,.F.);
#2562=ADVANCED_FACE('',(#123),#2437,.T.);
#2563=ADVANCED_FACE('',(#124),#2438,.T.);
#2564=ADVANCED_FACE('',(#125),#2439,.T.);
#2565=ADVANCED_FACE('',(#126),#2440,.T.);
#2566=ADVANCED_FACE('',(#127),#2441,.T.);
#2567=ADVANCED_FACE('',(#128),#2442,.T.);
#2568=ADVANCED_FACE('',(#129,#46,#47,#48),#2443,.T.);
#2569=ADVANCED_FACE('',(#130),#2444,.T.);
#2570=ADVANCED_FACE('',(#131),#2445,.T.);
#2571=ADVANCED_FACE('',(#132),#2446,.F.);
#2572=ADVANCED_FACE('',(#133),#2447,.T.);
#2573=ADVANCED_FACE('',(#134),#2448,.T.);
#2574=ADVANCED_FACE('',(#135),#2449,.T.);
#2575=ADVANCED_FACE('',(#136),#2450,.T.);
#2576=ADVANCED_FACE('',(#137),#2451,.T.);
#2577=ADVANCED_FACE('',(#138),#2452,.T.);
#2578=ADVANCED_FACE('',(#139),#2453,.T.);
#2579=ADVANCED_FACE('',(#140),#2454,.T.);
#2580=ADVANCED_FACE('',(#141),#2455,.T.);
#2581=ADVANCED_FACE('',(#142),#2456,.T.);
#2582=ADVANCED_FACE('',(#143),#2457,.T.);
#2583=ADVANCED_FACE('',(#144),#2458,.T.);
#2584=ADVANCED_FACE('',(#145),#2459,.T.);
#2585=ADVANCED_FACE('',(#146),#2460,.T.);
#2586=ADVANCED_FACE('',(#147),#2461,.T.);
#2587=ADVANCED_FACE('',(#148),#2462,.T.);
#2588=ADVANCED_FACE('',(#149),#2463,.T.);
#2589=ADVANCED_FACE('',(#150),#2464,.T.);
#2590=ADVANCED_FACE('',(#151),#2465,.T.);
#2591=ADVANCED_FACE('',(#152),#2466,.T.);
#2592=ADVANCED_FACE('',(#153),#2467,.T.);
#2593=ADVANCED_FACE('',(#154),#2468,.T.);
#2594=ADVANCED_FACE('',(#155),#2469,.T.);
#2595=ADVANCED_FACE('',(#156),#2470,.T.);
#2596=ADVANCED_FACE('',(#157),#2471,.T.);
#2597=ADVANCED_FACE('',(#158),#2472,.T.);
#2598=ADVANCED_FACE('',(#159),#2473,.T.);
#2599=ADVANCED_FACE('',(#160),#2474,.T.);
#2600=ADVANCED_FACE('',(#161),#2475,.T.);
#2601=ADVANCED_FACE('',(#162),#2476,.T.);
#2602=ADVANCED_FACE('',(#163),#2477,.T.);
#2603=ADVANCED_FACE('',(#164),#2478,.T.);
#2604=ADVANCED_FACE('',(#165),#2479,.T.);
#2605=ADVANCED_FACE('',(#166),#2480,.T.);
#2606=ADVANCED_FACE('',(#167),#2481,.T.);
#2607=ADVANCED_FACE('',(#168),#2482,.T.);
#2608=ADVANCED_FACE('',(#169),#2483,.T.);
#2609=ADVANCED_FACE('',(#170),#2484,.T.);
#2610=ADVANCED_FACE('',(#171),#2485,.T.);
#2611=ADVANCED_FACE('',(#172),#2486,.T.);
#2612=ADVANCED_FACE('',(#173),#40,.F.);
#2613=ADVANCED_FACE('',(#174),#2487,.T.);
#2614=ADVANCED_FACE('',(#175),#41,.F.);
#2615=ADVANCED_FACE('',(#176),#2488,.T.);
#2616=ADVANCED_FACE('',(#177),#2489,.T.);
#2617=ADVANCED_FACE('',(#178),#2490,.F.);
#2618=ADVANCED_FACE('',(#179,#49,#50),#2491,.T.);
#2619=ADVANCED_FACE('',(#180),#42,.F.);
#2620=ADVANCED_FACE('',(#181),#2492,.T.);
#2621=ADVANCED_FACE('',(#182),#43,.F.);
#2622=ADVANCED_FACE('',(#183),#2493,.T.);
#2623=ADVANCED_FACE('',(#184),#44,.F.);
#2624=ADVANCED_FACE('',(#185,#51),#2494,.T.);
#2625=ADVANCED_FACE('',(#186),#2495,.T.);
#2626=ADVANCED_FACE('',(#187,#52,#53),#2496,.T.);
#2627=ADVANCED_FACE('',(#188),#2497,.F.);
#2628=ADVANCED_FACE('',(#189),#2498,.F.);
#2629=ADVANCED_FACE('',(#190),#2499,.F.);
#2630=ADVANCED_FACE('',(#191),#2500,.T.);
#2631=ADVANCED_FACE('',(#192),#2501,.T.);
#2632=ADVANCED_FACE('',(#193),#2502,.T.);
#2633=ADVANCED_FACE('',(#194),#2503,.T.);
#2634=ADVANCED_FACE('',(#195),#2504,.T.);
#2635=ADVANCED_FACE('',(#196),#2505,.T.);
#2636=ADVANCED_FACE('',(#197),#2506,.T.);
#2637=ADVANCED_FACE('',(#198),#2507,.T.);
#2638=ADVANCED_FACE('',(#199),#2508,.T.);
#2639=ADVANCED_FACE('',(#200),#2509,.T.);
#2640=ADVANCED_FACE('',(#201),#2510,.T.);
#2641=ADVANCED_FACE('',(#202),#2511,.F.);
#2642=CLOSED_SHELL('',(#2512,#2513,#2514,#2515,#2516,#2517,#2518,#2519,
#2520,#2521,#2522,#2523,#2524,#2525,#2526,#2527,#2528,#2529,#2530,#2531,
#2532,#2533,#2534,#2535,#2536,#2537,#2538,#2539,#2540,#2541,#2542,#2543,
#2544,#2545,#2546,#2547,#2548,#2549,#2550,#2551,#2552,#2553,#2554,#2555,
#2556,#2557,#2558,#2559,#2560,#2561,#2562,#2563,#2564,#2565,#2566,#2567,
#2568,#2569,#2570,#2571,#2572,#2573,#2574,#2575,#2576,#2577,#2578,#2579,
#2580,#2581,#2582,#2583,#2584,#2585,#2586,#2587,#2588,#2589,#2590,#2591,
#2592,#2593,#2594,#2595,#2596,#2597,#2598,#2599,#2600,#2601,#2602,#2603,
#2604,#2605,#2606,#2607,#2608,#2609,#2610,#2611));
#2643=CLOSED_SHELL('',(#2612,#2613,#2614,#2615,#2616,#2617,#2618,#2619,
#2620,#2621,#2622,#2623,#2624,#2625,#2626,#2627,#2628,#2629,#2630,#2631,
#2632,#2633,#2634,#2635,#2636,#2637,#2638,#2639,#2640,#2641));
#2644=DERIVED_UNIT_ELEMENT(#2649,1.);
#2645=DERIVED_UNIT_ELEMENT(#4270,-3.);
#2646=DERIVED_UNIT_ELEMENT(#2649,1.);
#2647=DERIVED_UNIT_ELEMENT(#4270,-3.);
#2648=DIMENSIONAL_EXPONENTS(0.,1.,0.,0.,0.,0.,0.);
#2649=(
CONVERSION_BASED_UNIT('gram',#2651)
MASS_UNIT()
NAMED_UNIT(#2648)
);
#2650=(
MASS_UNIT()
NAMED_UNIT(*)
SI_UNIT(.KILO.,.GRAM.)
);
#2651=MASS_MEASURE_WITH_UNIT(MASS_MEASURE(0.001),#2650);
#2652=DERIVED_UNIT((#2644,#2645));
#2653=DERIVED_UNIT((#2646,#2647));
#2654=MEASURE_REPRESENTATION_ITEM('density measure',
POSITIVE_RATIO_MEASURE(1.),#2652);
#2655=MEASURE_REPRESENTATION_ITEM('density measure',
POSITIVE_RATIO_MEASURE(1.),#2653);
#2656=PROPERTY_DEFINITION_REPRESENTATION(#2666,#2660);
#2657=PROPERTY_DEFINITION_REPRESENTATION(#2667,#2661);
#2658=PROPERTY_DEFINITION_REPRESENTATION(#2668,#2662);
#2659=PROPERTY_DEFINITION_REPRESENTATION(#2669,#2663);
#2660=REPRESENTATION('material name',(#2664),#4266);
#2661=REPRESENTATION('density',(#2654),#4266);
#2662=REPRESENTATION('material name',(#2665),#4267);
#2663=REPRESENTATION('density',(#2655),#4267);
#2664=DESCRIPTIVE_REPRESENTATION_ITEM('\X2\04220438043F043E0432044B0435\X0\',
'\X2\04220438043F043E0432044B0435\X0\');
#2665=DESCRIPTIVE_REPRESENTATION_ITEM('\X2\04220438043F043E0432044B0435\X0\',
'\X2\04220438043F043E0432044B0435\X0\');
#2666=PROPERTY_DEFINITION('material property','material name',#4286);
#2667=PROPERTY_DEFINITION('material property','density of part',#4286);
#2668=PROPERTY_DEFINITION('material property','material name',#4287);
#2669=PROPERTY_DEFINITION('material property','density of part',#4287);
#2670=DATE_TIME_ROLE('creation_date');
#2671=DATE_TIME_ROLE('creation_date');
#2672=DATE_TIME_ROLE('creation_date');
#2673=APPLIED_DATE_AND_TIME_ASSIGNMENT(#2676,#2670,(#4285));
#2674=APPLIED_DATE_AND_TIME_ASSIGNMENT(#2677,#2671,(#4286));
#2675=APPLIED_DATE_AND_TIME_ASSIGNMENT(#2678,#2672,(#4287));
#2676=DATE_AND_TIME(#2679,#2682);
#2677=DATE_AND_TIME(#2680,#2683);
#2678=DATE_AND_TIME(#2681,#2684);
#2679=CALENDAR_DATE(2026,21,4);
#2680=CALENDAR_DATE(2026,23,4);
#2681=CALENDAR_DATE(2026,23,4);
#2682=LOCAL_TIME(0,0,0.,#2685);
#2683=LOCAL_TIME(0,0,0.,#2686);
#2684=LOCAL_TIME(0,0,0.,#2687);
#2685=COORDINATED_UNIVERSAL_TIME_OFFSET(0,0,.BEHIND.);
#2686=COORDINATED_UNIVERSAL_TIME_OFFSET(0,0,.BEHIND.);
#2687=COORDINATED_UNIVERSAL_TIME_OFFSET(0,0,.BEHIND.);
#2688=AXIS2_PLACEMENT_3D('',#3509,#2846,#2847);
#2689=AXIS2_PLACEMENT_3D('',#3510,#2848,#2849);
#2690=AXIS2_PLACEMENT_3D('',#3511,#2850,#2851);
#2691=AXIS2_PLACEMENT_3D('',#3520,#2856,#2857);
#2692=AXIS2_PLACEMENT_3D('',#3529,#2862,#2863);
#2693=AXIS2_PLACEMENT_3D('',#3538,#2868,#2869);
#2694=AXIS2_PLACEMENT_3D('',#3544,#2873,#2874);
#2695=AXIS2_PLACEMENT_3D('',#3547,#2877,#2878);
#2696=AXIS2_PLACEMENT_3D('',#3553,#2882,#2883);
#2697=AXIS2_PLACEMENT_3D('',#3622,#2918,#2919);
#2698=AXIS2_PLACEMENT_3D('',#3716,#2966,#2967);
#2699=AXIS2_PLACEMENT_3D('',#3717,#2968,#2969);
#2700=AXIS2_PLACEMENT_3D('',#3718,#2970,#2971);
#2701=AXIS2_PLACEMENT_3D('',#3724,#2975,#2976);
#2702=AXIS2_PLACEMENT_3D('',#3728,#2979,#2980);
#2703=AXIS2_PLACEMENT_3D('',#3734,#2984,#2985);
#2704=AXIS2_PLACEMENT_3D('',#3740,#2989,#2990);
#2705=AXIS2_PLACEMENT_3D('',#3744,#2993,#2994);
#2706=AXIS2_PLACEMENT_3D('',#3750,#2998,#2999);
#2707=AXIS2_PLACEMENT_3D('',#3754,#3002,#3003);
#2708=AXIS2_PLACEMENT_3D('',#3760,#3007,#3008);
#2709=AXIS2_PLACEMENT_3D('',#3764,#3011,#3012);
#2710=AXIS2_PLACEMENT_3D('',#3770,#3016,#3017);
#2711=AXIS2_PLACEMENT_3D('',#3774,#3020,#3021);
#2712=AXIS2_PLACEMENT_3D('',#3778,#3024,#3025);
#2713=AXIS2_PLACEMENT_3D('',#3784,#3029,#3030);
#2714=AXIS2_PLACEMENT_3D('',#3790,#3034,#3035);
#2715=AXIS2_PLACEMENT_3D('',#3794,#3038,#3039);
#2716=AXIS2_PLACEMENT_3D('',#3800,#3043,#3044);
#2717=AXIS2_PLACEMENT_3D('',#3806,#3048,#3049);
#2718=AXIS2_PLACEMENT_3D('',#3808,#3050,#3051);
#2719=AXIS2_PLACEMENT_3D('',#3813,#3054,#3055);
#2720=AXIS2_PLACEMENT_3D('',#3815,#3057,#3058);
#2721=AXIS2_PLACEMENT_3D('',#3817,#3060,#3061);
#2722=AXIS2_PLACEMENT_3D('',#3821,#3064,#3065);
#2723=AXIS2_PLACEMENT_3D('',#3825,#3068,#3069);
#2724=AXIS2_PLACEMENT_3D('',#3829,#3072,#3073);
#2725=AXIS2_PLACEMENT_3D('',#3833,#3076,#3077);
#2726=AXIS2_PLACEMENT_3D('',#3839,#3081,#3082);
#2727=AXIS2_PLACEMENT_3D('',#3843,#3085,#3086);
#2728=AXIS2_PLACEMENT_3D('',#3847,#3089,#3090);
#2729=AXIS2_PLACEMENT_3D('',#3849,#3091,#3092);
#2730=AXIS2_PLACEMENT_3D('',#3853,#3094,#3095);
#2731=AXIS2_PLACEMENT_3D('',#3857,#3098,#3099);
#2732=AXIS2_PLACEMENT_3D('',#3858,#3100,#3101);
#2733=AXIS2_PLACEMENT_3D('',#3860,#3103,#3104);
#2734=AXIS2_PLACEMENT_3D('',#3869,#3109,#3110);
#2735=AXIS2_PLACEMENT_3D('',#3878,#3115,#3116);
#2736=AXIS2_PLACEMENT_3D('',#3884,#3120,#3121);
#2737=AXIS2_PLACEMENT_3D('',#3890,#3125,#3126);
#2738=AXIS2_PLACEMENT_3D('',#3894,#3129,#3130);
#2739=AXIS2_PLACEMENT_3D('',#3898,#3133,#3134);
#2740=AXIS2_PLACEMENT_3D('',#3902,#3137,#3138);
#2741=AXIS2_PLACEMENT_3D('',#3906,#3141,#3142);
#2742=AXIS2_PLACEMENT_3D('',#3917,#3149,#3150);
#2743=AXIS2_PLACEMENT_3D('',#3921,#3153,#3154);
#2744=AXIS2_PLACEMENT_3D('',#3925,#3157,#3158);
#2745=AXIS2_PLACEMENT_3D('',#3929,#3161,#3162);
#2746=AXIS2_PLACEMENT_3D('',#3933,#3165,#3166);
#2747=AXIS2_PLACEMENT_3D('',#3935,#3168,#3169);
#2748=AXIS2_PLACEMENT_3D('',#3937,#3171,#3172);
#2749=AXIS2_PLACEMENT_3D('',#3943,#3176,#3177);
#2750=AXIS2_PLACEMENT_3D('',#3947,#3180,#3181);
#2751=AXIS2_PLACEMENT_3D('',#3949,#3183,#3184);
#2752=AXIS2_PLACEMENT_3D('',#3953,#3187,#3188);
#2753=AXIS2_PLACEMENT_3D('',#3955,#3190,#3191);
#2754=AXIS2_PLACEMENT_3D('',#3959,#3194,#3195);
#2755=AXIS2_PLACEMENT_3D('',#3990,#3213,#3214);
#2756=AXIS2_PLACEMENT_3D('',#3994,#3217,#3218);
#2757=AXIS2_PLACEMENT_3D('',#3998,#3221,#3222);
#2758=AXIS2_PLACEMENT_3D('',#4035,#3246,#3247);
#2759=AXIS2_PLACEMENT_3D('',#4037,#3249,#3250);
#2760=AXIS2_PLACEMENT_3D('',#4038,#3251,#3252);
#2761=AXIS2_PLACEMENT_3D('',#4039,#3253,#3254);
#2762=AXIS2_PLACEMENT_3D('',#4040,#3255,#3256);
#2763=AXIS2_PLACEMENT_3D('',#4041,#3257,#3258);
#2764=AXIS2_PLACEMENT_3D('',#4042,#3259,#3260);
#2765=AXIS2_PLACEMENT_3D('',#4044,#3262,#3263);
#2766=AXIS2_PLACEMENT_3D('',#4046,#3265,#3266);
#2767=AXIS2_PLACEMENT_3D('',#4047,#3267,#3268);
#2768=AXIS2_PLACEMENT_3D('',#4048,#3269,#3270);
#2769=AXIS2_PLACEMENT_3D('',#4050,#3272,#3273);
#2770=AXIS2_PLACEMENT_3D('',#4051,#3274,#3275);
#2771=AXIS2_PLACEMENT_3D('',#4053,#3277,#3278);
#2772=AXIS2_PLACEMENT_3D('',#4055,#3280,#3281);
#2773=AXIS2_PLACEMENT_3D('',#4056,#3282,#3283);
#2774=AXIS2_PLACEMENT_3D('',#4058,#3285,#3286);
#2775=AXIS2_PLACEMENT_3D('',#4060,#3288,#3289);
#2776=AXIS2_PLACEMENT_3D('',#4062,#3291,#3292);
#2777=AXIS2_PLACEMENT_3D('',#4064,#3294,#3295);
#2778=AXIS2_PLACEMENT_3D('',#4066,#3297,#3298);
#2779=AXIS2_PLACEMENT_3D('',#4068,#3300,#3301);
#2780=AXIS2_PLACEMENT_3D('',#4070,#3303,#3304);
#2781=AXIS2_PLACEMENT_3D('',#4071,#3305,#3306);
#2782=AXIS2_PLACEMENT_3D('',#4073,#3308,#3309);
#2783=AXIS2_PLACEMENT_3D('',#4075,#3311,#3312);
#2784=AXIS2_PLACEMENT_3D('',#4077,#3314,#3315);
#2785=AXIS2_PLACEMENT_3D('',#4078,#3316,#3317);
#2786=AXIS2_PLACEMENT_3D('',#4080,#3319,#3320);
#2787=AXIS2_PLACEMENT_3D('',#4082,#3322,#3323);
#2788=AXIS2_PLACEMENT_3D('',#4084,#3325,#3326);
#2789=AXIS2_PLACEMENT_3D('',#4086,#3328,#3329);
#2790=AXIS2_PLACEMENT_3D('',#4088,#3331,#3332);
#2791=AXIS2_PLACEMENT_3D('',#4089,#3333,#3334);
#2792=AXIS2_PLACEMENT_3D('',#4090,#3335,#3336);
#2793=AXIS2_PLACEMENT_3D('',#4092,#3338,#3339);
#2794=AXIS2_PLACEMENT_3D('',#4094,#3341,#3342);
#2795=AXIS2_PLACEMENT_3D('',#4096,#3344,#3345);
#2796=AXIS2_PLACEMENT_3D('',#4098,#3347,#3348);
#2797=AXIS2_PLACEMENT_3D('',#4100,#3350,#3351);
#2798=AXIS2_PLACEMENT_3D('',#4101,#3352,#3353);
#2799=AXIS2_PLACEMENT_3D('',#4102,#3354,#3355);
#2800=AXIS2_PLACEMENT_3D('',#4104,#3356,#3357);
#2801=AXIS2_PLACEMENT_3D('',#4107,#3359,#3360);
#2802=AXIS2_PLACEMENT_3D('',#4108,#3361,#3362);
#2803=AXIS2_PLACEMENT_3D('',#4109,#3363,#3364);
#2804=AXIS2_PLACEMENT_3D('',#4111,#3365,#3366);
#2805=AXIS2_PLACEMENT_3D('',#4114,#3368,#3369);
#2806=AXIS2_PLACEMENT_3D('',#4115,#3370,#3371);
#2807=AXIS2_PLACEMENT_3D('',#4116,#3372,#3373);
#2808=AXIS2_PLACEMENT_3D('',#4125,#3378,#3379);
#2809=AXIS2_PLACEMENT_3D('',#4138,#3386,#3387);
#2810=AXIS2_PLACEMENT_3D('',#4160,#3399,#3400);
#2811=AXIS2_PLACEMENT_3D('',#4162,#3401,#3402);
#2812=AXIS2_PLACEMENT_3D('',#4165,#3404,#3405);
#2813=AXIS2_PLACEMENT_3D('',#4166,#3406,#3407);
#2814=AXIS2_PLACEMENT_3D('',#4167,#3408,#3409);
#2815=AXIS2_PLACEMENT_3D('',#4169,#3410,#3411);
#2816=AXIS2_PLACEMENT_3D('',#4172,#3413,#3414);
#2817=AXIS2_PLACEMENT_3D('',#4173,#3415,#3416);
#2818=AXIS2_PLACEMENT_3D('',#4174,#3417,#3418);
#2819=AXIS2_PLACEMENT_3D('',#4177,#3419,#3420);
#2820=AXIS2_PLACEMENT_3D('',#4179,#3421,#3422);
#2821=AXIS2_PLACEMENT_3D('',#4181,#3423,#3424);
#2822=AXIS2_PLACEMENT_3D('',#4183,#3425,#3426);
#2823=AXIS2_PLACEMENT_3D('',#4184,#3427,#3428);
#2824=AXIS2_PLACEMENT_3D('',#4187,#3430,#3431);
#2825=AXIS2_PLACEMENT_3D('',#4188,#3432,#3433);
#2826=AXIS2_PLACEMENT_3D('',#4194,#3437,#3438);
#2827=AXIS2_PLACEMENT_3D('',#4199,#3442,#3443);
#2828=AXIS2_PLACEMENT_3D('',#4203,#3446,#3447);
#2829=AXIS2_PLACEMENT_3D('',#4207,#3450,#3451);
#2830=AXIS2_PLACEMENT_3D('',#4211,#3454,#3455);
#2831=AXIS2_PLACEMENT_3D('',#4217,#3459,#3460);
#2832=AXIS2_PLACEMENT_3D('',#4223,#3464,#3465);
#2833=AXIS2_PLACEMENT_3D('',#4228,#3469,#3470);
#2834=AXIS2_PLACEMENT_3D('',#4232,#3473,#3474);
#2835=AXIS2_PLACEMENT_3D('',#4236,#3477,#3478);
#2836=AXIS2_PLACEMENT_3D('',#4240,#3481,#3482);
#2837=AXIS2_PLACEMENT_3D('',#4243,#3485,#3486);
#2838=AXIS2_PLACEMENT_3D('',#4244,#3487,#3488);
#2839=AXIS2_PLACEMENT_3D('',#4248,#3491,#3492);
#2840=AXIS2_PLACEMENT_3D('',#4252,#3495,#3496);
#2841=AXIS2_PLACEMENT_3D('',#4255,#3499,#3500);
#2842=AXIS2_PLACEMENT_3D('',#4256,#3501,#3502);
#2843=AXIS2_PLACEMENT_3D('',#4258,#3503,#3504);
#2844=AXIS2_PLACEMENT_3D('',#4259,#3505,#3506);
#2845=AXIS2_PLACEMENT_3D('',#4260,#3507,#3508);
#2846=DIRECTION('axis',(0.,0.,1.));
#2847=DIRECTION('refdir',(1.,0.,0.));
#2848=DIRECTION('axis',(0.,0.,1.));
#2849=DIRECTION('refdir',(1.,0.,0.));
#2850=DIRECTION('center_axis',(0.00211888505538791,0.999997755160541,0.));
#2851=DIRECTION('ref_axis',(-0.999997755160541,0.00211888505538791,0.));
#2852=DIRECTION('',(0.999997755160541,-0.00211888505538791,0.));
#2853=DIRECTION('',(0.,0.,1.));
#2854=DIRECTION('',(-0.999997755160541,0.00211888505538791,0.));
#2855=DIRECTION('',(0.,0.,-1.));
#2856=DIRECTION('center_axis',(0.00211888505538775,0.999997755160541,0.));
#2857=DIRECTION('ref_axis',(-0.999997755160541,0.00211888505538775,0.));
#2858=DIRECTION('',(0.999997755160541,-0.00211888505538775,0.));
#2859=DIRECTION('',(0.,0.,1.));
#2860=DIRECTION('',(-0.999997755160541,0.00211888505538775,0.));
#2861=DIRECTION('',(0.,0.,-1.));
#2862=DIRECTION('center_axis',(0.00211888505538773,0.999997755160541,0.));
#2863=DIRECTION('ref_axis',(-0.999997755160541,0.00211888505538773,0.));
#2864=DIRECTION('',(0.999997755160541,-0.00211888505538773,0.));
#2865=DIRECTION('',(0.,0.,1.));
#2866=DIRECTION('',(-0.999997755160541,0.00211888505538773,0.));
#2867=DIRECTION('',(0.,0.,-1.));
#2868=DIRECTION('center_axis',(-0.501833885865971,-0.864964017168726,0.));
#2869=DIRECTION('ref_axis',(0.864964017168725,-0.501833885865971,-2.57893863297434E-19));
#2870=DIRECTION('',(0.864964017168725,-0.501833885865971,-2.57893863297434E-19));
#2871=DIRECTION('',(0.,0.,1.));
#2872=DIRECTION('',(-0.864964017168725,0.501833885865971,2.57893863297434E-19));
#2873=DIRECTION('center_axis',(0.498163869294574,-0.867082902224152,0.));
#2874=DIRECTION('ref_axis',(0.867082902224152,0.498163869294574,-2.58525620737028E-19));
#2875=DIRECTION('',(-0.867082902224152,-0.498163869294574,2.58525620737028E-19));
#2876=DIRECTION('',(0.867082902224152,0.498163869294574,-2.58525620737028E-19));
#2877=DIRECTION('center_axis',(0.498163869294575,-0.867082902224152,0.));
#2878=DIRECTION('ref_axis',(0.867082902224152,0.498163869294575,-2.58525620737028E-19));
#2879=DIRECTION('',(-0.867082902224152,-0.498163869294575,2.58525620737028E-19));
#2880=DIRECTION('',(0.,0.,1.));
#2881=DIRECTION('',(0.867082902224152,0.498163869294575,-2.58525620737028E-19));
#2882=DIRECTION('center_axis',(0.,0.,-1.));
#2883=DIRECTION('ref_axis',(-1.,0.,0.));
#2884=DIRECTION('',(-0.866025403784439,0.499999999999999,2.5821032165795E-19));
#2885=DIRECTION('',(-0.864964017168725,0.501833885865972,2.57893863297434E-19));
#2886=DIRECTION('',(-0.86473793134361,0.502223366735932,2.57826454543175E-19));
#2887=DIRECTION('',(-2.54963612937018E-15,1.,3.96067153279727E-34));
#2888=DIRECTION('',(0.00211888505542579,0.999997755160541,-6.31757439593784E-22));
#2889=DIRECTION('',(-1.24706248906944E-15,1.,7.6975313547097E-36));
#2890=DIRECTION('',(0.867305991184237,0.49777536867138,-2.58592135959203E-19));
#2891=DIRECTION('',(0.867082902224152,0.498163869294574,-2.58525620737028E-19));
#2892=DIRECTION('',(-0.662199195776198,-0.749327848884156,0.));
#2893=DIRECTION('',(-2.70132258843916E-16,1.,-2.83579685089041E-34));
#2894=DIRECTION('',(0.86708290222416,0.49816386929456,0.));
#2895=DIRECTION('',(0.999997755160541,-0.00211888505543116,0.));
#2896=DIRECTION('',(0.864964017168728,-0.501833885865967,0.));
#2897=DIRECTION('',(0.867082902224155,0.49816386929457,-2.58525620737028E-19));
#2898=DIRECTION('',(0.864964017168726,-0.50183388586597,-2.57893863297434E-19));
#2899=DIRECTION('',(0.864737931343604,-0.502223366735942,-2.57826454543173E-19));
#2900=DIRECTION('',(-5.55111512312579E-17,-1.,3.80672090570291E-34));
#2901=DIRECTION('',(-0.00211888505542432,-0.999997755160541,6.31757439593347E-22));
#2902=DIRECTION('',(-0.633525208499724,0.773722049702205,0.));
#2903=DIRECTION('',(0.864964017168725,-0.501833885865972,-2.57893863297434E-19));
#2904=DIRECTION('',(0.864737931343631,-0.502223366735895,-2.57826454543181E-19));
#2905=DIRECTION('',(-5.55111512312579E-17,-1.,3.80672090570291E-34));
#2906=DIRECTION('',(-0.00211888505542579,-0.999997755160541,6.31757439593784E-22));
#2907=DIRECTION('',(-5.55111512312579E-17,-1.,3.80672090570291E-34));
#2908=DIRECTION('',(-0.867305991184231,-0.49777536867139,2.58592135959201E-19));
#2909=DIRECTION('',(-0.867082902224154,-0.498163869294572,2.58525620737028E-19));
#2910=DIRECTION('',(0.864964017168725,-0.501833885865972,-2.57893863297434E-19));
#2911=DIRECTION('',(0.867082902224152,0.498163869294574,0.));
#2912=DIRECTION('',(0.999997755160541,-0.00211888505542823,-2.98154928122064E-19));
#2913=DIRECTION('',(0.864964017168725,-0.501833885865973,-2.57893863297433E-19));
#2914=DIRECTION('',(0.867082902224152,0.498163869294574,0.));
#2915=DIRECTION('',(0.999997755160541,-0.00211888505542822,-2.98154928122064E-19));
#2916=DIRECTION('',(0.864964017168725,-0.501833885865972,-2.57893863297434E-19));
#2917=DIRECTION('',(0.867082902224152,0.498163869294574,0.));
#2918=DIRECTION('center_axis',(0.,0.,1.));
#2919=DIRECTION('ref_axis',(1.,-5.55111512312579E-17,0.));
#2920=DIRECTION('',(0.00211888505542802,0.999997755160541,-6.31757439594452E-22));
#2921=DIRECTION('',(-0.999997755160541,0.0021188850554237,2.98154928122064E-19));
#2922=DIRECTION('',(5.55111512312579E-17,1.,0.));
#2923=DIRECTION('',(-1.,5.55111512312579E-17,0.));
#2924=DIRECTION('',(-0.999997755160541,0.00211888505542372,2.98154928122064E-19));
#2925=DIRECTION('',(-0.864964017168725,0.501833885865972,2.57893863297434E-19));
#2926=DIRECTION('',(0.00211888505542912,0.999997755160541,-6.31757439594779E-22));
#2927=DIRECTION('',(-0.999997755160541,0.00211888505543341,2.98154928122064E-19));
#2928=DIRECTION('',(5.55111512312579E-17,1.,0.));
#2929=DIRECTION('',(-1.,5.55111512312579E-17,0.));
#2930=DIRECTION('',(-0.999997755160541,0.00211888505543048,2.98154928122064E-19));
#2931=DIRECTION('',(-0.864964017168726,0.50183388586597,2.57893863297434E-19));
#2932=DIRECTION('',(-0.999999357894327,0.00113323030912676,0.));
#2933=DIRECTION('',(-0.865583839464149,0.500764033111906,0.));
#2934=DIRECTION('',(-0.864964017168731,0.501833885865961,0.));
#2935=DIRECTION('',(-0.999997755160541,0.00211888505542751,2.98154928122064E-19));
#2936=DIRECTION('',(-0.865583839464149,0.500764033111906,0.));
#2937=DIRECTION('',(-0.866466293708537,-0.499235577525271,0.));
#2938=DIRECTION('',(-0.867082902224152,-0.498163869294574,2.58525620737028E-19));
#2939=DIRECTION('',(0.498163869294588,-0.867082902224144,-1.48530346069319E-19));
#2940=DIRECTION('',(-0.866466293708537,-0.499235577525271,0.));
#2941=DIRECTION('',(-0.999997755160541,0.00211888505543498,2.98154928122064E-19));
#2942=DIRECTION('',(-0.867082902224153,-0.498163869294572,2.58525620737028E-19));
#2943=DIRECTION('',(-0.999997755160541,0.00211888505542594,2.98154928122064E-19));
#2944=DIRECTION('',(-0.864964017168726,0.50183388586597,2.57893863297434E-19));
#2945=DIRECTION('',(-0.999999357894327,0.00113323030912676,0.));
#2946=DIRECTION('',(-0.865583839464151,0.500764033111903,0.));
#2947=DIRECTION('',(-0.864964017168729,0.501833885865965,0.));
#2948=DIRECTION('',(-0.999997755160541,0.00211888505542347,2.98154928122064E-19));
#2949=DIRECTION('',(-0.865583839464151,0.500764033111903,0.));
#2950=DIRECTION('',(-0.866466293708535,-0.499235577525275,0.));
#2951=DIRECTION('',(-0.867082902224164,-0.498163869294554,2.58525620737031E-19));
#2952=DIRECTION('',(0.498163869294573,-0.867082902224153,-1.48530346069314E-19));
#2953=DIRECTION('',(-0.866466293708535,-0.499235577525275,0.));
#2954=DIRECTION('',(-0.999997755160541,0.00211888505542592,2.98154928122064E-19));
#2955=DIRECTION('',(-0.867082902224153,-0.498163869294573,2.58525620737028E-19));
#2956=DIRECTION('',(-0.999997755160541,0.00211888505542594,2.98154928122064E-19));
#2957=DIRECTION('',(-1.,-2.44893045807405E-15,0.));
#2958=DIRECTION('',(-5.55111512312579E-17,-1.,0.));
#2959=DIRECTION('',(0.866466293708535,0.499235577525275,0.));
#2960=DIRECTION('',(-0.00211888505542866,-0.999997755160541,6.31757439594641E-22));
#2961=DIRECTION('',(-0.865583839464151,0.500764033111903,0.));
#2962=DIRECTION('',(0.000882454244384268,0.999999610637177,0.));
#2963=DIRECTION('',(-0.867082902224152,-0.498163869294574,0.));
#2964=DIRECTION('',(-0.999997755160541,0.00211888505542823,2.98154928122064E-19));
#2965=DIRECTION('',(-0.00211888505542777,-0.999997755160541,0.));
#2966=DIRECTION('center_axis',(0.,0.,1.));
#2967=DIRECTION('ref_axis',(1.,-5.55111512312579E-17,0.));
#2968=DIRECTION('center_axis',(0.,0.,1.));
#2969=DIRECTION('ref_axis',(1.,-5.55111512312579E-17,0.));
#2970=DIRECTION('center_axis',(-0.499235577525271,0.866466293708537,0.));
#2971=DIRECTION('ref_axis',(-0.866466293708537,-0.499235577525271,0.));
#2972=DIRECTION('',(0.866466293708537,0.499235577525271,-2.58341775456672E-19));
#2973=DIRECTION('',(0.,0.,1.));
#2974=DIRECTION('',(0.,0.,1.));
#2975=DIRECTION('center_axis',(0.500764033111907,0.865583839464149,0.));
#2976=DIRECTION('ref_axis',(-0.865583839464149,0.500764033111906,0.));
#2977=DIRECTION('',(0.865583839464149,-0.500764033111906,-2.58078666784228E-19));
#2978=DIRECTION('',(0.,0.,-1.));
#2979=DIRECTION('center_axis',(0.500764033111907,0.865583839464149,0.));
#2980=DIRECTION('ref_axis',(-0.865583839464149,0.500764033111906,0.));
#2981=DIRECTION('',(0.865583839464149,-0.500764033111906,-2.58078666784228E-19));
#2982=DIRECTION('',(0.,0.,1.));
#2983=DIRECTION('',(0.,0.,-1.));
#2984=DIRECTION('center_axis',(5.55111512312579E-17,1.,0.));
#2985=DIRECTION('ref_axis',(-1.,5.55111512312579E-17,0.));
#2986=DIRECTION('',(1.,-5.55111512312579E-17,-2.98155597433514E-19));
#2987=DIRECTION('',(0.,0.,1.));
#2988=DIRECTION('',(0.,0.,1.));
#2989=DIRECTION('center_axis',(1.,-5.55111512312579E-17,0.));
#2990=DIRECTION('ref_axis',(5.55111512312579E-17,1.,0.));
#2991=DIRECTION('',(-5.55111512312579E-17,-1.,3.80672090570291E-34));
#2992=DIRECTION('',(0.,0.,-1.));
#2993=DIRECTION('center_axis',(5.55111512312579E-17,1.,0.));
#2994=DIRECTION('ref_axis',(-1.,5.55111512312579E-17,0.));
#2995=DIRECTION('',(1.,-5.55111512312579E-17,-2.98155597433514E-19));
#2996=DIRECTION('',(0.,0.,1.));
#2997=DIRECTION('',(0.,0.,1.));
#2998=DIRECTION('center_axis',(1.,-5.55111512312579E-17,0.));
#2999=DIRECTION('ref_axis',(5.55111512312579E-17,1.,0.));
#3000=DIRECTION('',(-5.55111512312579E-17,-1.,3.80672090570291E-34));
#3001=DIRECTION('',(0.,0.,-1.));
#3002=DIRECTION('center_axis',(0.999999610637177,-0.000882454244384268,
0.));
#3003=DIRECTION('ref_axis',(0.000882454244384268,0.999999610637177,0.));
#3004=DIRECTION('',(-0.000882454244384268,-0.999999610637177,2.63108672442496E-22));
#3005=DIRECTION('',(0.,0.,1.));
#3006=DIRECTION('',(0.,0.,1.));
#3007=DIRECTION('center_axis',(0.500764033111903,0.865583839464151,0.));
#3008=DIRECTION('ref_axis',(-0.865583839464151,0.500764033111903,0.));
#3009=DIRECTION('',(0.865583839464151,-0.500764033111903,-2.58078666784229E-19));
#3010=DIRECTION('',(0.,0.,-1.));
#3011=DIRECTION('center_axis',(0.499235577525275,-0.866466293708535,0.));
#3012=DIRECTION('ref_axis',(0.866466293708535,0.499235577525275,0.));
#3013=DIRECTION('',(-0.866466293708535,-0.499235577525275,2.58341775456671E-19));
#3014=DIRECTION('',(0.,0.,1.));
#3015=DIRECTION('',(0.,0.,1.));
#3016=DIRECTION('center_axis',(-1.,5.55111512312579E-17,0.));
#3017=DIRECTION('ref_axis',(-5.55111512312579E-17,-1.,0.));
#3018=DIRECTION('',(5.55111512312579E-17,1.,-3.80672090570291E-34));
#3019=DIRECTION('',(0.,0.,1.));
#3020=DIRECTION('center_axis',(-2.44893045807405E-15,1.,0.));
#3021=DIRECTION('ref_axis',(-1.,-2.44893045807405E-15,0.));
#3022=DIRECTION('',(1.,2.44893045807405E-15,-2.98155597433514E-19));
#3023=DIRECTION('',(0.,0.,1.));
#3024=DIRECTION('center_axis',(-0.499235577525275,0.866466293708535,0.));
#3025=DIRECTION('ref_axis',(-0.866466293708535,-0.499235577525275,0.));
#3026=DIRECTION('',(0.866466293708535,0.499235577525275,-2.58341775456671E-19));
#3027=DIRECTION('',(0.,0.,1.));
#3028=DIRECTION('',(0.,0.,-1.));
#3029=DIRECTION('center_axis',(-0.499235577525275,0.866466293708535,0.));
#3030=DIRECTION('ref_axis',(-0.866466293708535,-0.499235577525275,0.));
#3031=DIRECTION('',(0.866466293708535,0.499235577525275,-2.58341775456671E-19));
#3032=DIRECTION('',(0.,0.,1.));
#3033=DIRECTION('',(0.,0.,1.));
#3034=DIRECTION('center_axis',(0.500764033111903,0.865583839464151,0.));
#3035=DIRECTION('ref_axis',(-0.865583839464151,0.500764033111903,0.));
#3036=DIRECTION('',(0.865583839464151,-0.500764033111903,-2.58078666784229E-19));
#3037=DIRECTION('',(0.,0.,-1.));
#3038=DIRECTION('center_axis',(0.500764033111903,0.865583839464151,0.));
#3039=DIRECTION('ref_axis',(-0.865583839464151,0.500764033111903,0.));
#3040=DIRECTION('',(0.865583839464151,-0.500764033111903,-2.58078666784229E-19));
#3041=DIRECTION('',(0.,0.,1.));
#3042=DIRECTION('',(0.,0.,-1.));
#3043=DIRECTION('center_axis',(-0.499235577525271,0.866466293708537,0.));
#3044=DIRECTION('ref_axis',(-0.866466293708537,-0.499235577525271,0.));
#3045=DIRECTION('',(0.866466293708537,0.499235577525271,-2.58341775456672E-19));
#3046=DIRECTION('',(0.,0.,1.));
#3047=DIRECTION('',(0.,0.,-1.));
#3048=DIRECTION('center_axis',(0.,0.,-1.));
#3049=DIRECTION('ref_axis',(1.,-5.55111512312579E-17,0.));
#3050=DIRECTION('center_axis',(0.,0.,-1.));
#3051=DIRECTION('ref_axis',(1.,-5.55111512312579E-17,0.));
#3052=DIRECTION('',(0.,0.,-1.));
#3053=DIRECTION('',(0.,0.,-1.));
#3054=DIRECTION('center_axis',(2.98155597433514E-19,3.64121130110713E-34,
1.));
#3055=DIRECTION('ref_axis',(1.,-5.55111512312579E-17,0.));
#3056=DIRECTION('',(0.,0.,1.));
#3057=DIRECTION('center_axis',(0.999997755160541,-0.00211888505542866,0.));
#3058=DIRECTION('ref_axis',(0.00211888505542866,0.999997755160541,-6.31757439594641E-22));
#3059=DIRECTION('',(-0.00211888505542866,-0.999997755160541,6.31757439594641E-22));
#3060=DIRECTION('center_axis',(0.867082902224153,0.498163869294573,0.));
#3061=DIRECTION('ref_axis',(-0.498163869294573,0.867082902224153,1.48530346069314E-19));
#3062=DIRECTION('',(0.,0.,1.));
#3063=DIRECTION('',(0.498163869294573,-0.867082902224153,-1.48530346069314E-19));
#3064=DIRECTION('center_axis',(-0.00211888505542347,-0.999997755160541,
0.));
#3065=DIRECTION('ref_axis',(0.999997755160541,-0.00211888505542347,-2.98154928122064E-19));
#3066=DIRECTION('',(0.,0.,1.));
#3067=DIRECTION('',(-0.999997755160541,0.00211888505542347,2.98154928122064E-19));
#3068=DIRECTION('center_axis',(-0.00113323030912676,-0.999999357894327,
0.));
#3069=DIRECTION('ref_axis',(-0.999999357894327,0.00113323030912676,0.));
#3070=DIRECTION('',(0.,0.,-1.));
#3071=DIRECTION('',(0.999999357894327,-0.00113323030912676,-2.98155405986114E-19));
#3072=DIRECTION('center_axis',(-0.0021188850554237,-0.999997755160541,0.));
#3073=DIRECTION('ref_axis',(0.999997755160541,-0.0021188850554237,-2.98154928122064E-19));
#3074=DIRECTION('',(0.,0.,1.));
#3075=DIRECTION('',(-0.999997755160541,0.0021188850554237,2.98154928122064E-19));
#3076=DIRECTION('center_axis',(-0.999997755160541,0.00211888505542912,0.));
#3077=DIRECTION('ref_axis',(-0.00211888505542912,-0.999997755160541,6.31757439594779E-22));
#3078=DIRECTION('',(0.,0.,1.));
#3079=DIRECTION('',(0.00211888505542912,0.999997755160541,-6.31757439594779E-22));
#3080=DIRECTION('',(0.,0.,1.));
#3081=DIRECTION('center_axis',(0.498163869294574,-0.867082902224152,0.));
#3082=DIRECTION('ref_axis',(0.867082902224152,0.498163869294574,-2.58525620737028E-19));
#3083=DIRECTION('',(-0.867082902224152,-0.498163869294574,2.58525620737028E-19));
#3084=DIRECTION('',(0.,0.,1.));
#3085=DIRECTION('center_axis',(-0.501833885865961,-0.864964017168732,0.));
#3086=DIRECTION('ref_axis',(-0.864964017168731,0.501833885865961,0.));
#3087=DIRECTION('',(0.864964017168731,-0.501833885865961,-2.57893863297435E-19));
#3088=DIRECTION('',(0.,0.,1.));
#3089=DIRECTION('center_axis',(0.,0.,-1.));
#3090=DIRECTION('ref_axis',(1.,-5.55111512312579E-17,0.));
#3091=DIRECTION('center_axis',(0.,0.,-1.));
#3092=DIRECTION('ref_axis',(1.,-5.55111512312579E-17,0.));
#3093=DIRECTION('',(0.,0.,-1.));
#3094=DIRECTION('center_axis',(2.98155597433514E-19,3.64121130110713E-34,
1.));
#3095=DIRECTION('ref_axis',(1.,-5.55111512312579E-17,0.));
#3096=DIRECTION('',(0.,0.,1.));
#3097=DIRECTION('',(0.,0.,-1.));
#3098=DIRECTION('center_axis',(2.98155597433514E-19,3.64121130110713E-34,
1.));
#3099=DIRECTION('ref_axis',(1.,-5.55111512312579E-17,0.));
#3100=DIRECTION('center_axis',(-0.999997755160541,0.00211888505542802,0.));
#3101=DIRECTION('ref_axis',(-0.00211888505542802,-0.999997755160541,6.31757439594452E-22));
#3102=DIRECTION('',(0.00211888505542802,0.999997755160541,-6.31757439594452E-22));
#3103=DIRECTION('center_axis',(0.707106348444179,0.707107213928651,0.));
#3104=DIRECTION('ref_axis',(0.707107213928651,-0.707106348444179,0.));
#3105=DIRECTION('',(0.707107213928651,-0.707106348444179,0.));
#3106=DIRECTION('',(0.,0.,-1.));
#3107=DIRECTION('',(0.707107213928648,-0.707106348444182,0.));
#3108=DIRECTION('',(0.,0.,-1.));
#3109=DIRECTION('center_axis',(-0.707107213928568,0.707106348444262,0.));
#3110=DIRECTION('ref_axis',(0.707106348444262,0.707107213928568,0.));
#3111=DIRECTION('',(0.707106348444262,0.707107213928568,0.));
#3112=DIRECTION('',(0.,0.,-1.));
#3113=DIRECTION('',(0.707106348444262,0.707107213928568,0.));
#3114=DIRECTION('',(0.,0.,-1.));
#3115=DIRECTION('center_axis',(-0.749327848884156,0.662199195776198,0.));
#3116=DIRECTION('ref_axis',(0.662199195776198,0.749327848884156,0.));
#3117=DIRECTION('',(0.,0.,-1.));
#3118=DIRECTION('',(-0.662199195776198,-0.749327848884156,0.));
#3119=DIRECTION('',(0.,0.,1.));
#3120=DIRECTION('center_axis',(0.773722049702205,0.633525208499724,0.));
#3121=DIRECTION('ref_axis',(0.633525208499724,-0.773722049702205,0.));
#3122=DIRECTION('',(0.,0.,-1.));
#3123=DIRECTION('',(-0.633525208499724,0.773722049702205,0.));
#3124=DIRECTION('',(0.,0.,1.));
#3125=DIRECTION('center_axis',(-1.,-2.70132258843916E-16,0.));
#3126=DIRECTION('ref_axis',(2.70132258843916E-16,-1.,2.83579685089041E-34));
#3127=DIRECTION('',(1.12633142122386E-16,-1.,0.));
#3128=DIRECTION('',(0.,0.,-1.));
#3129=DIRECTION('center_axis',(-0.498163869294574,0.867082902224152,0.));
#3130=DIRECTION('ref_axis',(-0.867082902224152,-0.498163869294574,2.58525620737028E-19));
#3131=DIRECTION('',(0.,0.,1.));
#3132=DIRECTION('',(-0.867082902224152,-0.498163869294574,2.58525620737028E-19));
#3133=DIRECTION('center_axis',(0.501833885865972,0.864964017168725,0.));
#3134=DIRECTION('ref_axis',(-0.864964017168725,0.501833885865972,2.57893863297434E-19));
#3135=DIRECTION('',(-0.864964017168725,0.501833885865972,2.57893863297434E-19));
#3136=DIRECTION('',(0.,0.,1.));
#3137=DIRECTION('center_axis',(0.999997755160541,-0.00211888505542432,0.));
#3138=DIRECTION('ref_axis',(0.00211888505542432,0.999997755160541,-6.31757439593347E-22));
#3139=DIRECTION('',(0.,0.,1.));
#3140=DIRECTION('',(0.00211888505542432,0.999997755160541,-6.31757439593347E-22));
#3141=DIRECTION('center_axis',(0.,0.,-1.));
#3142=DIRECTION('ref_axis',(-1.,0.,0.));
#3143=DIRECTION('',(-6.11989883687814E-7,0.999999999999813,0.));
#3144=DIRECTION('',(-0.707107213928643,0.707106348444188,0.));
#3145=DIRECTION('',(-0.999999999999813,-6.11989883440943E-7,0.));
#3146=DIRECTION('',(-0.70710634844424,-0.70710721392859,0.));
#3147=DIRECTION('',(6.11989882207517E-7,-0.999999999999813,0.));
#3148=DIRECTION('',(0.999999999999813,6.1198988302795E-7,0.));
#3149=DIRECTION('center_axis',(-0.999999999999813,-6.11989883687814E-7,
0.));
#3150=DIRECTION('ref_axis',(-6.11989883687814E-7,0.999999999999813,0.));
#3151=DIRECTION('',(-6.11989883687814E-7,0.999999999999813,0.));
#3152=DIRECTION('',(0.,0.,-1.));
#3153=DIRECTION('center_axis',(-0.707106348444188,-0.707107213928643,0.));
#3154=DIRECTION('ref_axis',(-0.707107213928643,0.707106348444188,0.));
#3155=DIRECTION('',(-0.707107213928643,0.707106348444188,0.));
#3156=DIRECTION('',(0.,0.,-1.));
#3157=DIRECTION('center_axis',(6.11989883440943E-7,-0.999999999999813,0.));
#3158=DIRECTION('ref_axis',(-0.999999999999813,-6.11989883440943E-7,0.));
#3159=DIRECTION('',(-0.999999999999813,-6.11989883440943E-7,0.));
#3160=DIRECTION('',(0.,0.,-1.));
#3161=DIRECTION('center_axis',(0.70710721392859,-0.70710634844424,0.));
#3162=DIRECTION('ref_axis',(-0.70710634844424,-0.70710721392859,0.));
#3163=DIRECTION('',(-0.70710634844424,-0.70710721392859,0.));
#3164=DIRECTION('',(0.,0.,-1.));
#3165=DIRECTION('center_axis',(0.999999999999813,6.11989882207517E-7,0.));
#3166=DIRECTION('ref_axis',(6.11989882207517E-7,-0.999999999999813,0.));
#3167=DIRECTION('',(6.11989882207517E-7,-0.999999999999813,0.));
#3168=DIRECTION('center_axis',(-6.1198988302795E-7,0.999999999999813,0.));
#3169=DIRECTION('ref_axis',(0.999999999999813,6.1198988302795E-7,0.));
#3170=DIRECTION('',(0.999999999999813,6.1198988302795E-7,0.));
#3171=DIRECTION('center_axis',(0.501833885865967,0.864964017168728,0.));
#3172=DIRECTION('ref_axis',(0.864964017168728,-0.501833885865967,0.));
#3173=DIRECTION('',(0.,0.,1.));
#3174=DIRECTION('',(0.,0.,-1.));
#3175=DIRECTION('',(-0.864964017168728,0.501833885865967,0.));
#3176=DIRECTION('center_axis',(0.00211888505543116,0.999997755160541,0.));
#3177=DIRECTION('ref_axis',(0.999997755160541,-0.00211888505543116,0.));
#3178=DIRECTION('',(0.,0.,-1.));
#3179=DIRECTION('',(-0.999997755160541,0.00211888505543116,0.));
#3180=DIRECTION('center_axis',(-0.501833885865965,-0.864964017168729,0.));
#3181=DIRECTION('ref_axis',(-0.864964017168729,0.501833885865965,0.));
#3182=DIRECTION('',(0.864964017168729,-0.501833885865965,-2.57893863297435E-19));
#3183=DIRECTION('center_axis',(-0.00113323030912676,-0.999999357894327,
0.));
#3184=DIRECTION('ref_axis',(-0.999999357894327,0.00113323030912676,0.));
#3185=DIRECTION('',(0.,0.,-1.));
#3186=DIRECTION('',(0.999999357894327,-0.00113323030912676,-2.98155405986114E-19));
#3187=DIRECTION('center_axis',(-0.49816386929456,0.86708290222416,0.));
#3188=DIRECTION('ref_axis',(0.86708290222416,0.49816386929456,0.));
#3189=DIRECTION('',(-0.86708290222416,-0.49816386929456,0.));
#3190=DIRECTION('center_axis',(-0.50183388586597,-0.864964017168726,0.));
#3191=DIRECTION('ref_axis',(0.864964017168726,-0.50183388586597,-2.57893863297434E-19));
#3192=DIRECTION('',(0.,0.,1.));
#3193=DIRECTION('',(-0.864964017168726,0.50183388586597,2.57893863297434E-19));
#3194=DIRECTION('center_axis',(0.,0.,1.));
#3195=DIRECTION('ref_axis',(1.,0.,0.));
#3196=DIRECTION('',(0.867082902224154,0.498163869294572,-2.58525620737028E-19));
#3197=DIRECTION('',(0.867305991184231,0.49777536867139,-2.58592135959201E-19));
#3198=DIRECTION('',(5.55111512312579E-17,1.,-3.80672090570291E-34));
#3199=DIRECTION('',(0.00211888505542579,0.999997755160541,-6.31757439593784E-22));
#3200=DIRECTION('',(5.55111512312579E-17,1.,-3.80672090570291E-34));
#3201=DIRECTION('',(-0.864737931343631,0.502223366735895,2.57826454543181E-19));
#3202=DIRECTION('',(5.55111512312579E-17,1.,-3.80672090570291E-34));
#3203=DIRECTION('',(-0.864737931343604,0.502223366735942,2.57826454543173E-19));
#3204=DIRECTION('',(-0.864964017168726,0.50183388586597,2.57893863297434E-19));
#3205=DIRECTION('',(-0.867082902224155,-0.49816386929457,2.58525620737028E-19));
#3206=DIRECTION('',(-0.867305991184237,-0.49777536867138,2.58592135959203E-19));
#3207=DIRECTION('',(1.24706248906944E-15,-1.,-7.6975313547097E-36));
#3208=DIRECTION('',(-0.00211888505542579,-0.999997755160541,6.31757439593784E-22));
#3209=DIRECTION('',(2.54963612937018E-15,-1.,-3.96067153279727E-34));
#3210=DIRECTION('',(0.86473793134361,-0.502223366735932,-2.57826454543175E-19));
#3211=DIRECTION('',(0.864964017168725,-0.501833885865972,-2.57893863297434E-19));
#3212=DIRECTION('',(0.866025403784439,-0.499999999999999,-2.5821032165795E-19));
#3213=DIRECTION('center_axis',(-0.00211888505543498,-0.999997755160541,
0.));
#3214=DIRECTION('ref_axis',(0.999997755160541,-0.00211888505543498,-2.98154928122064E-19));
#3215=DIRECTION('',(-0.999997755160541,0.00211888505543498,2.98154928122064E-19));
#3216=DIRECTION('',(0.,0.,1.));
#3217=DIRECTION('center_axis',(-0.00211888505542592,-0.999997755160541,
0.));
#3218=DIRECTION('ref_axis',(0.999997755160541,-0.00211888505542592,-2.98154928122064E-19));
#3219=DIRECTION('',(-0.999997755160541,0.00211888505542592,2.98154928122064E-19));
#3220=DIRECTION('',(0.,0.,1.));
#3221=DIRECTION('center_axis',(2.98155597433514E-19,3.64121130110713E-34,
1.));
#3222=DIRECTION('ref_axis',(1.,0.,-2.98155597433514E-19));
#3223=DIRECTION('',(-0.864964017168726,0.50183388586597,2.57893863297434E-19));
#3224=DIRECTION('',(-0.999997755160541,0.00211888505543047,2.98154928122064E-19));
#3225=DIRECTION('',(-0.867082902224153,-0.498163869294572,2.58525620737028E-19));
#3226=DIRECTION('',(0.498163869294588,-0.867082902224144,-1.48530346069319E-19));
#3227=DIRECTION('',(-0.999997755160541,0.00211888505542751,2.98154928122064E-19));
#3228=DIRECTION('',(-0.999997755160541,0.00211888505543048,2.98154928122064E-19));
#3229=DIRECTION('',(-0.999997755160541,0.00211888505543341,2.98154928122064E-19));
#3230=DIRECTION('',(-0.864964017168724,0.501833885865974,2.57893863297433E-19));
#3231=DIRECTION('',(-0.999997755160541,0.00211888505542372,2.98154928122064E-19));
#3232=DIRECTION('',(-0.867082902224152,-0.498163869294574,2.58525620737028E-19));
#3233=DIRECTION('',(0.864964017168725,-0.501833885865972,-2.57893863297434E-19));
#3234=DIRECTION('',(0.999997755160541,-0.00211888505542822,-2.98154928122064E-19));
#3235=DIRECTION('',(-0.867082902224152,-0.498163869294574,2.58525620737028E-19));
#3236=DIRECTION('',(0.864964017168725,-0.501833885865973,-2.57893863297433E-19));
#3237=DIRECTION('',(0.999997755160541,-0.00211888505542823,-2.98154928122064E-19));
#3238=DIRECTION('',(-0.867082902224152,-0.498163869294574,2.58525620737028E-19));
#3239=DIRECTION('',(0.864964017168725,-0.501833885865972,-2.57893863297434E-19));
#3240=DIRECTION('',(0.00211888505542777,0.999997755160541,-6.31757439594377E-22));
#3241=DIRECTION('',(-0.999997755160541,0.00211888505542823,2.98154928122064E-19));
#3242=DIRECTION('',(-0.867082902224157,-0.498163869294565,2.58525620737029E-19));
#3243=DIRECTION('',(-0.999997755160541,0.00211888505542594,2.98154928122064E-19));
#3244=DIRECTION('',(-0.867082902224153,-0.498163869294573,2.58525620737028E-19));
#3245=DIRECTION('',(-0.867082902224164,-0.498163869294554,2.58525620737031E-19));
#3246=DIRECTION('center_axis',(-0.00211888505542372,-0.999997755160541,
0.));
#3247=DIRECTION('ref_axis',(0.999997755160541,-0.00211888505542372,-2.98154928122064E-19));
#3248=DIRECTION('',(0.,0.,1.));
#3249=DIRECTION('center_axis',(-0.501833885865972,-0.864964017168725,0.));
#3250=DIRECTION('ref_axis',(0.864964017168725,-0.501833885865972,-2.57893863297434E-19));
#3251=DIRECTION('center_axis',(-0.00211888505543341,-0.999997755160541,
0.));
#3252=DIRECTION('ref_axis',(0.999997755160541,-0.00211888505543341,-2.98154928122064E-19));
#3253=DIRECTION('center_axis',(-0.00211888505543048,-0.999997755160541,
0.));
#3254=DIRECTION('ref_axis',(0.999997755160541,-0.00211888505543048,-2.98154928122064E-19));
#3255=DIRECTION('center_axis',(-0.00211888505542751,-0.999997755160541,
0.));
#3256=DIRECTION('ref_axis',(0.999997755160541,-0.00211888505542751,-2.98154928122064E-19));
#3257=DIRECTION('center_axis',(0.867082902224144,0.498163869294588,0.));
#3258=DIRECTION('ref_axis',(-0.498163869294588,0.867082902224144,1.48530346069319E-19));
#3259=DIRECTION('center_axis',(0.498163869294572,-0.867082902224153,0.));
#3260=DIRECTION('ref_axis',(0.867082902224153,0.498163869294572,-2.58525620737028E-19));
#3261=DIRECTION('',(0.,0.,1.));
#3262=DIRECTION('center_axis',(-0.00211888505543047,-0.999997755160541,
0.));
#3263=DIRECTION('ref_axis',(0.999997755160541,-0.00211888505543047,-2.98154928122064E-19));
#3264=DIRECTION('',(0.,0.,1.));
#3265=DIRECTION('center_axis',(-0.50183388586597,-0.864964017168726,0.));
#3266=DIRECTION('ref_axis',(0.864964017168726,-0.50183388586597,-2.57893863297434E-19));
#3267=DIRECTION('center_axis',(0.498163869294554,-0.867082902224164,0.));
#3268=DIRECTION('ref_axis',(0.867082902224164,0.498163869294554,-2.58525620737031E-19));
#3269=DIRECTION('center_axis',(0.498163869294573,-0.867082902224153,0.));
#3270=DIRECTION('ref_axis',(0.867082902224153,0.498163869294573,-2.58525620737028E-19));
#3271=DIRECTION('',(0.,0.,1.));
#3272=DIRECTION('center_axis',(-0.00211888505542594,-0.999997755160541,
0.));
#3273=DIRECTION('ref_axis',(0.999997755160541,-0.00211888505542594,-2.98154928122064E-19));
#3274=DIRECTION('center_axis',(0.498163869294574,-0.867082902224152,0.));
#3275=DIRECTION('ref_axis',(0.867082902224152,0.498163869294574,-2.58525620737028E-19));
#3276=DIRECTION('',(0.,0.,1.));
#3277=DIRECTION('center_axis',(-0.00211888505542823,-0.999997755160541,
0.));
#3278=DIRECTION('ref_axis',(0.999997755160541,-0.00211888505542823,-2.98154928122064E-19));
#3279=DIRECTION('',(0.,0.,1.));
#3280=DIRECTION('center_axis',(0.999997755160541,-0.00211888505542774,0.));
#3281=DIRECTION('ref_axis',(0.00211888505542774,0.999997755160541,-6.31757439594368E-22));
#3282=DIRECTION('center_axis',(0.501833885865975,0.864964017168723,0.));
#3283=DIRECTION('ref_axis',(-0.864964017168723,0.501833885865975,2.57893863297433E-19));
#3284=DIRECTION('',(0.,0.,1.));
#3285=DIRECTION('center_axis',(-0.498163869294546,0.867082902224168,0.));
#3286=DIRECTION('ref_axis',(-0.867082902224168,-0.498163869294546,2.58525620737032E-19));
#3287=DIRECTION('',(0.,0.,1.));
#3288=DIRECTION('center_axis',(0.00211888505542823,0.999997755160541,0.));
#3289=DIRECTION('ref_axis',(-0.999997755160541,0.00211888505542823,2.98154928122064E-19));
#3290=DIRECTION('',(0.,0.,1.));
#3291=DIRECTION('center_axis',(0.501833885865973,0.864964017168725,0.));
#3292=DIRECTION('ref_axis',(-0.864964017168725,0.501833885865973,2.57893863297433E-19));
#3293=DIRECTION('',(0.,0.,1.));
#3294=DIRECTION('center_axis',(-0.498163869294551,0.867082902224165,0.));
#3295=DIRECTION('ref_axis',(-0.867082902224165,-0.498163869294551,2.58525620737032E-19));
#3296=DIRECTION('',(0.,0.,1.));
#3297=DIRECTION('center_axis',(0.00211888505542822,0.999997755160541,0.));
#3298=DIRECTION('ref_axis',(-0.999997755160541,0.00211888505542822,2.98154928122064E-19));
#3299=DIRECTION('',(0.,0.,1.));
#3300=DIRECTION('center_axis',(0.501833885865972,0.864964017168725,0.));
#3301=DIRECTION('ref_axis',(-0.864964017168725,0.501833885865972,2.57893863297434E-19));
#3302=DIRECTION('',(0.,0.,1.));
#3303=DIRECTION('center_axis',(-0.498163869294548,0.867082902224167,0.));
#3304=DIRECTION('ref_axis',(-0.867082902224167,-0.498163869294548,2.58525620737032E-19));
#3305=DIRECTION('center_axis',(-0.49816386929457,0.867082902224155,0.));
#3306=DIRECTION('ref_axis',(-0.867082902224155,-0.49816386929457,2.58525620737028E-19));
#3307=DIRECTION('',(0.,0.,1.));
#3308=DIRECTION('center_axis',(0.50183388586597,0.864964017168726,0.));
#3309=DIRECTION('ref_axis',(-0.864964017168726,0.50183388586597,2.57893863297434E-19));
#3310=DIRECTION('',(0.,0.,1.));
#3311=DIRECTION('center_axis',(0.502223366735942,0.864737931343604,0.));
#3312=DIRECTION('ref_axis',(-0.864737931343604,0.502223366735942,2.57826454543173E-19));
#3313=DIRECTION('',(0.,0.,1.));
#3314=DIRECTION('center_axis',(1.,-5.55111512312579E-17,0.));
#3315=DIRECTION('ref_axis',(5.55111512312579E-17,1.,-3.80672090570291E-34));
#3316=DIRECTION('center_axis',(0.502223366735895,0.864737931343632,0.));
#3317=DIRECTION('ref_axis',(-0.864737931343631,0.502223366735895,2.57826454543181E-19));
#3318=DIRECTION('',(0.,0.,1.));
#3319=DIRECTION('center_axis',(1.,-5.55111512312579E-17,0.));
#3320=DIRECTION('ref_axis',(5.55111512312579E-17,1.,-3.80672090570291E-34));
#3321=DIRECTION('',(0.,0.,1.));
#3322=DIRECTION('center_axis',(0.999997755160541,-0.00211888505542579,0.));
#3323=DIRECTION('ref_axis',(0.00211888505542579,0.999997755160541,-6.31757439593784E-22));
#3324=DIRECTION('',(0.,0.,1.));
#3325=DIRECTION('center_axis',(1.,-5.55111512312579E-17,0.));
#3326=DIRECTION('ref_axis',(5.55111512312579E-17,1.,-3.80672090570291E-34));
#3327=DIRECTION('',(0.,0.,1.));
#3328=DIRECTION('center_axis',(0.49777536867139,-0.867305991184231,0.));
#3329=DIRECTION('ref_axis',(0.867305991184231,0.49777536867139,-2.58592135959201E-19));
#3330=DIRECTION('',(0.,0.,1.));
#3331=DIRECTION('center_axis',(0.498163869294572,-0.867082902224154,0.));
#3332=DIRECTION('ref_axis',(0.867082902224154,0.498163869294572,-2.58525620737028E-19));
#3333=DIRECTION('center_axis',(-0.499999999999999,-0.866025403784439,0.));
#3334=DIRECTION('ref_axis',(0.866025403784439,-0.499999999999999,-2.5821032165795E-19));
#3335=DIRECTION('center_axis',(-0.501833885865972,-0.864964017168725,0.));
#3336=DIRECTION('ref_axis',(0.864964017168725,-0.501833885865972,-2.57893863297434E-19));
#3337=DIRECTION('',(0.,0.,1.));
#3338=DIRECTION('center_axis',(-0.502223366735932,-0.86473793134361,0.));
#3339=DIRECTION('ref_axis',(0.86473793134361,-0.502223366735932,-2.57826454543175E-19));
#3340=DIRECTION('',(0.,0.,1.));
#3341=DIRECTION('center_axis',(-1.,-2.54963612937018E-15,0.));
#3342=DIRECTION('ref_axis',(2.54963612937018E-15,-1.,-3.96067153279727E-34));
#3343=DIRECTION('',(0.,0.,1.));
#3344=DIRECTION('center_axis',(-0.999997755160541,0.00211888505542579,0.));
#3345=DIRECTION('ref_axis',(-0.00211888505542579,-0.999997755160541,6.31757439593784E-22));
#3346=DIRECTION('',(0.,0.,1.));
#3347=DIRECTION('center_axis',(-1.,-1.24706248906944E-15,0.));
#3348=DIRECTION('ref_axis',(1.24706248906944E-15,-1.,-7.6975313547097E-36));
#3349=DIRECTION('',(0.,0.,1.));
#3350=DIRECTION('center_axis',(-0.49777536867138,0.867305991184237,0.));
#3351=DIRECTION('ref_axis',(-0.867305991184237,-0.49777536867138,2.58592135959203E-19));
#3352=DIRECTION('axis',(0.,0.,1.));
#3353=DIRECTION('refdir',(1.,0.,0.));
#3354=DIRECTION('center_axis',(0.,1.,9.25185853854297E-17));
#3355=DIRECTION('ref_axis',(1.,0.,-2.2569491535788E-35));
#3356=DIRECTION('center_axis',(-2.43945488809239E-19,1.,4.69459540686238E-17));
#3357=DIRECTION('ref_axis',(1.,0.,-2.2569491535788E-35));
#3358=DIRECTION('',(0.,1.,9.25185853854297E-17));
#3359=DIRECTION('center_axis',(-2.43945488809239E-19,1.,4.69459540686238E-17));
#3360=DIRECTION('ref_axis',(1.,2.43945488809239E-19,0.));
#3361=DIRECTION('center_axis',(2.43945488809239E-19,-1.,-4.69459540686238E-17));
#3362=DIRECTION('ref_axis',(0.,4.69459540686238E-17,-1.));
#3363=DIRECTION('center_axis',(0.,1.,9.25185853854297E-17));
#3364=DIRECTION('ref_axis',(1.,0.,-2.2569491535788E-35));
#3365=DIRECTION('center_axis',(-2.43945488809239E-19,1.,4.69459540686238E-17));
#3366=DIRECTION('ref_axis',(1.,0.,-2.2569491535788E-35));
#3367=DIRECTION('',(0.,1.,9.25185853854297E-17));
#3368=DIRECTION('center_axis',(-2.43945488809239E-19,1.,4.69459540686238E-17));
#3369=DIRECTION('ref_axis',(1.,2.43945488809239E-19,0.));
#3370=DIRECTION('center_axis',(2.43945488809239E-19,-1.,-4.69459540686238E-17));
#3371=DIRECTION('ref_axis',(0.,4.69459540686238E-17,-1.));
#3372=DIRECTION('center_axis',(-1.,-9.20649632876378E-31,1.96220682284018E-14));
#3373=DIRECTION('ref_axis',(1.96220682284018E-14,-4.69459540686238E-17,
1.));
#3374=DIRECTION('',(-6.55962863424419E-30,-1.,-3.81217625993844E-16));
#3375=DIRECTION('',(-1.96220682284018E-14,4.69459540686238E-17,-1.));
#3376=DIRECTION('',(0.,1.,4.69190924300117E-17));
#3377=DIRECTION('',(1.96220682284018E-14,-3.80663382759627E-16,1.));
#3378=DIRECTION('center_axis',(0.,-1.,0.));
#3379=DIRECTION('ref_axis',(-1.,0.,4.98467480443884E-15));
#3380=DIRECTION('',(1.,0.,-1.14457009373251E-35));
#3381=DIRECTION('',(0.866025403784444,0.,-0.499999999999991));
#3382=DIRECTION('',(-4.88498130835069E-15,0.,-1.));
#3383=DIRECTION('',(1.,0.,-4.98467480443884E-15));
#3384=DIRECTION('',(-4.88498130835069E-15,0.,-1.));
#3385=DIRECTION('',(0.866025403784445,0.,0.499999999999988));
#3386=DIRECTION('center_axis',(2.43945488809239E-19,-1.,-4.69459540686238E-17));
#3387=DIRECTION('ref_axis',(0.,4.69459540686238E-17,-1.));
#3388=DIRECTION('',(0.866025403784445,-2.3261714043864E-17,0.499999999999989));
#3389=DIRECTION('',(0.866025403784438,2.36842400247594E-17,-0.500000000000001));
#3390=DIRECTION('',(1.,2.43945488809239E-19,0.));
#3391=DIRECTION('',(0.866025403784445,-2.32617140438639E-17,0.499999999999988));
#3392=DIRECTION('',(0.866025403784432,2.36842400247599E-17,-0.500000000000012));
#3393=DIRECTION('',(1.,2.43945488808815E-19,9.04411882618228E-15));
#3394=DIRECTION('',(2.84519989311827E-14,-4.69459540686238E-17,1.));
#3395=DIRECTION('',(-0.866025403784442,-2.3684240024759E-17,0.499999999999995));
#3396=DIRECTION('',(-1.,-2.43945488809473E-19,4.98467480443884E-15));
#3397=DIRECTION('',(-0.866025403784446,2.32617140438639E-17,-0.499999999999987));
#3398=DIRECTION('',(1.,2.43945488809265E-19,-5.43782705942528E-16));
#3399=DIRECTION('center_axis',(-4.88498130835069E-15,0.,-1.));
#3400=DIRECTION('ref_axis',(1.,0.,-4.88498130835069E-15));
#3401=DIRECTION('center_axis',(-4.98467480443884E-15,4.69190924300117E-17,
-1.));
#3402=DIRECTION('ref_axis',(1.,0.,-4.88498130835069E-15));
#3403=DIRECTION('',(-4.88498130835069E-15,0.,-1.));
#3404=DIRECTION('center_axis',(-4.98467480443884E-15,4.69190924300117E-17,
-1.));
#3405=DIRECTION('ref_axis',(1.,0.,-4.98467480443884E-15));
#3406=DIRECTION('center_axis',(4.98467480443884E-15,-4.69190924300117E-17,
1.));
#3407=DIRECTION('ref_axis',(1.,0.,-4.98467480443884E-15));
#3408=DIRECTION('center_axis',(-4.88498130835069E-15,0.,-1.));
#3409=DIRECTION('ref_axis',(1.,0.,-4.88498130835069E-15));
#3410=DIRECTION('center_axis',(-4.98467480443884E-15,4.69190924300117E-17,
-1.));
#3411=DIRECTION('ref_axis',(1.,0.,-4.88498130835069E-15));
#3412=DIRECTION('',(-4.88498130835069E-15,0.,-1.));
#3413=DIRECTION('center_axis',(-4.98467480443884E-15,4.69190924300117E-17,
-1.));
#3414=DIRECTION('ref_axis',(1.,0.,-4.98467480443884E-15));
#3415=DIRECTION('center_axis',(4.98467480443884E-15,-4.69190924300117E-17,
1.));
#3416=DIRECTION('ref_axis',(1.,0.,-4.98467480443884E-15));
#3417=DIRECTION('center_axis',(-5.9211894646675E-15,0.,-1.));
#3418=DIRECTION('ref_axis',(1.,0.,-5.9211894646675E-15));
#3419=DIRECTION('center_axis',(0.499999999999987,4.06331259669006E-17,-0.866025403784446));
#3420=DIRECTION('ref_axis',(0.866025403784446,0.,0.499999999999987));
#3421=DIRECTION('center_axis',(-4.98467480443884E-15,4.69190924300117E-17,
-1.));
#3422=DIRECTION('ref_axis',(1.,0.,-5.9211894646675E-15));
#3423=DIRECTION('center_axis',(-0.499999999999995,4.06331259669004E-17,
-0.866025403784442));
#3424=DIRECTION('ref_axis',(0.866025403784442,0.,-0.499999999999995));
#3425=DIRECTION('center_axis',(-4.98467480443884E-15,4.69190924300117E-17,
-1.));
#3426=DIRECTION('ref_axis',(1.,0.,-5.9211894646675E-15));
#3427=DIRECTION('center_axis',(0.499999999999987,4.06331259669006E-17,-0.866025403784446));
#3428=DIRECTION('ref_axis',(0.866025403784446,0.,0.499999999999987));
#3429=DIRECTION('',(-5.9211894646675E-15,0.,-1.));
#3430=DIRECTION('center_axis',(-4.98467480443884E-15,4.69190924300117E-17,
-1.));
#3431=DIRECTION('ref_axis',(1.,0.,-4.98467480443884E-15));
#3432=DIRECTION('center_axis',(4.98467480443884E-15,-4.69190924300117E-17,
1.));
#3433=DIRECTION('ref_axis',(1.,0.,-4.98467480443884E-15));
#3434=DIRECTION('',(2.33876417883016E-31,1.,4.69190924300117E-17));
#3435=DIRECTION('',(-2.33876417883016E-31,-1.,-4.69190924300117E-17));
#3436=DIRECTION('',(-1.,0.,4.98467480443884E-15));
#3437=DIRECTION('center_axis',(-0.499999999999987,-4.06331259669006E-17,
0.866025403784446));
#3438=DIRECTION('ref_axis',(0.866025403784446,-2.32617140438639E-17,0.499999999999987));
#3439=DIRECTION('',(0.,1.,4.69190924300117E-17));
#3440=DIRECTION('',(0.866025403784446,-3.46308674200841E-17,0.499999999999987));
#3441=DIRECTION('',(0.,1.,4.69190924300117E-17));
#3442=DIRECTION('center_axis',(4.98467480443884E-15,-4.69190924300117E-17,
1.));
#3443=DIRECTION('ref_axis',(1.,2.43945488809473E-19,-4.98467480443884E-15));
#3444=DIRECTION('',(0.,1.,4.69190924300117E-17));
#3445=DIRECTION('',(1.,1.79787825252389E-16,-4.98467480443884E-15));
#3446=DIRECTION('center_axis',(-1.,4.67752835763119E-33,4.88498130835069E-15));
#3447=DIRECTION('ref_axis',(2.33876417883016E-31,1.,4.69190924300117E-17));
#3448=DIRECTION('',(-2.33876417883016E-31,-1.,-4.69190924300115E-17));
#3449=DIRECTION('',(-4.88498130835069E-15,0.,-1.));
#3450=DIRECTION('center_axis',(1.,-4.67752835763119E-33,-4.88498130835069E-15));
#3451=DIRECTION('ref_axis',(-2.33876417883016E-31,-1.,-4.69190924300117E-17));
#3452=DIRECTION('',(-4.88498130835069E-15,0.,-1.));
#3453=DIRECTION('',(2.33876417883017E-31,1.,4.69190924300118E-17));
#3454=DIRECTION('center_axis',(0.,1.,0.));
#3455=DIRECTION('ref_axis',(1.,0.,-4.98467480443884E-15));
#3456=DIRECTION('',(-1.,0.,1.14457009373251E-35));
#3457=DIRECTION('',(-0.866025403784445,0.,-0.499999999999988));
#3458=DIRECTION('',(-0.866025403784444,0.,0.499999999999991));
#3459=DIRECTION('center_axis',(-1.13051485327279E-15,4.69190924300117E-17,
-1.));
#3460=DIRECTION('ref_axis',(-1.,-2.43945488809292E-19,1.13051485327279E-15));
#3461=DIRECTION('',(0.,1.,4.69190924300117E-17));
#3462=DIRECTION('',(-1.,-1.79787825252387E-16,-8.42403588987022E-33));
#3463=DIRECTION('',(0.,1.,4.69190924300117E-17));
#3464=DIRECTION('center_axis',(0.499999999999978,4.06331259669009E-17,-0.866025403784451));
#3465=DIRECTION('ref_axis',(-0.866025403784451,2.32617140438634E-17,-0.499999999999978));
#3466=DIRECTION('',(-0.866025403784445,3.46308674200847E-17,-0.499999999999988));
#3467=DIRECTION('',(1.87676369720047E-16,-1.,-3.8066338275963E-16));
#3468=DIRECTION('',(0.,1.,4.69190924300117E-17));
#3469=DIRECTION('center_axis',(-0.499999999999993,4.06331259669004E-17,
-0.866025403784443));
#3470=DIRECTION('ref_axis',(-0.866025403784443,-2.36842400247589E-17,0.499999999999993));
#3471=DIRECTION('',(-0.866025403784432,-3.46032515339543E-16,0.500000000000012));
#3472=DIRECTION('',(0.,1.,4.69190924300117E-17));
#3473=DIRECTION('center_axis',(9.04411882618228E-15,4.69190924300117E-17,
-1.));
#3474=DIRECTION('ref_axis',(-1.,-2.43945488808815E-19,-9.04411882618228E-15));
#3475=DIRECTION('',(-1.,-1.79787825252384E-16,-9.04411882618228E-15));
#3476=DIRECTION('',(9.51146151965397E-30,1.,3.8121762599384E-16));
#3477=DIRECTION('center_axis',(1.,1.33494196767075E-30,-2.84519989311827E-14));
#3478=DIRECTION('ref_axis',(-2.84519989311827E-14,4.69459540686238E-17,
-1.));
#3479=DIRECTION('',(-2.84519989311827E-14,3.80663382759625E-16,-1.));
#3480=DIRECTION('',(0.,1.,4.69190924300117E-17));
#3481=DIRECTION('center_axis',(0.499999999999995,-4.06331259669004E-17,
0.866025403784442));
#3482=DIRECTION('ref_axis',(0.866025403784442,2.3684240024759E-17,-0.499999999999995));
#3483=DIRECTION('',(0.,1.,4.69190924300117E-17));
#3484=DIRECTION('',(0.866025403784442,3.46032515339539E-16,-0.499999999999995));
#3485=DIRECTION('center_axis',(4.98467480443884E-15,-4.69190924300117E-17,
1.));
#3486=DIRECTION('ref_axis',(1.,2.43945488809473E-19,-4.98467480443884E-15));
#3487=DIRECTION('center_axis',(-1.13051485327279E-15,4.69190924300117E-17,
-1.));
#3488=DIRECTION('ref_axis',(-1.,-2.43945488809292E-19,1.13051485327279E-15));
#3489=DIRECTION('',(-1.,-1.79787825252388E-16,5.43782705942528E-16));
#3490=DIRECTION('',(0.,1.,4.69190924300117E-17));
#3491=DIRECTION('center_axis',(0.499999999999989,4.06331259669005E-17,-0.866025403784445));
#3492=DIRECTION('ref_axis',(-0.866025403784445,2.3261714043864E-17,-0.499999999999989));
#3493=DIRECTION('',(-0.866025403784445,3.46308674200851E-17,-0.499999999999989));
#3494=DIRECTION('',(1.79612150708638E-16,-1.,-3.8066338275963E-16));
#3495=DIRECTION('center_axis',(-0.499999999999991,4.06331259669005E-17,
-0.866025403784444));
#3496=DIRECTION('ref_axis',(-0.866025403784444,-2.36842400247589E-17,0.499999999999991));
#3497=DIRECTION('',(0.,1.,4.69190924300117E-17));
#3498=DIRECTION('',(-0.866025403784438,-3.4603251533954E-16,0.500000000000001));
#3499=DIRECTION('center_axis',(-1.13051485327279E-15,4.69190924300117E-17,
-1.));
#3500=DIRECTION('ref_axis',(-1.,-2.43945488809292E-19,1.13051485327279E-15));
#3501=DIRECTION('center_axis',(1.79787825252387E-16,-1.,-3.8066338275963E-16));
#3502=DIRECTION('ref_axis',(0.,3.8066338275963E-16,-1.));
#3503=DIRECTION('',(-0.0160127644389821,0.999357685695377,0.0320594356875132));
#3504=DIRECTION('',(0.988693340520141,0.0206067031316913,-0.148528927139351));
#3505=DIRECTION('',(-0.146998901922505,0.0293621892621976,-0.988700755878799));
#3506=DIRECTION('',(-0.989007034458602,-0.0205445341468519,0.146434312604967));
#3507=DIRECTION('center_axis',(0.,0.,1.));
#3508=DIRECTION('ref_axis',(1.,0.,0.));
#3509=CARTESIAN_POINT('',(0.,0.,0.));
#3510=CARTESIAN_POINT('',(0.,0.,0.));
#3511=CARTESIAN_POINT('Origin',(4.86483060368748,-12.4955552151969,-2.5));
#3512=CARTESIAN_POINT('',(-4.95309654901936,-12.4747521093785,2.5));
#3513=CARTESIAN_POINT('',(4.86483060368748,-12.4955552151969,2.5));
#3514=CARTESIAN_POINT('',(12.2013463155298,-12.511100483594,2.5));
#3515=CARTESIAN_POINT('',(-4.95309654901936,-12.4747521093785,-2.5));
#3516=CARTESIAN_POINT('',(-4.95309654901867,-12.4747521093785,-1.25));
#3517=CARTESIAN_POINT('',(4.86483060368748,-12.4955552151969,-2.5));
#3518=CARTESIAN_POINT('',(12.2013463155298,-12.511100483594,-2.5));
#3519=CARTESIAN_POINT('',(4.86483060368739,-12.4955552151969,-1.25));
#3520=CARTESIAN_POINT('Origin',(24.464786604835,-12.5370853622825,-2.5));
#3521=CARTESIAN_POINT('',(14.6789545799839,-12.5163502625036,2.5));
#3522=CARTESIAN_POINT('',(24.4647866048349,-12.5370853622825,2.5));
#3523=CARTESIAN_POINT('',(22.0013243161035,-12.5318655571368,2.5));
#3524=CARTESIAN_POINT('',(14.6789545799839,-12.5163502625036,-2.5));
#3525=CARTESIAN_POINT('',(14.6789545799842,-12.5163502625036,-1.25));
#3526=CARTESIAN_POINT('',(24.4647866048349,-12.5370853622825,-2.5));
#3527=CARTESIAN_POINT('',(22.0013243161035,-12.5318655571368,-2.5));
#3528=CARTESIAN_POINT('',(24.464786604835,-12.5370853622825,-1.25));
#3529=CARTESIAN_POINT('Origin',(44.0647426059824,-12.5786155093681,-2.5));
#3530=CARTESIAN_POINT('',(34.2468154532716,-12.5578124035497,2.5));
#3531=CARTESIAN_POINT('',(44.0647426059824,-12.5786155093681,2.5));
#3532=CARTESIAN_POINT('',(31.8013023166773,-12.5526306306796,2.5));
#3533=CARTESIAN_POINT('',(34.2468154532716,-12.5578124035497,-2.5));
#3534=CARTESIAN_POINT('',(34.2468154532714,-12.5578124035497,-1.25));
#3535=CARTESIAN_POINT('',(44.0647426059824,-12.5786155093681,-2.5));
#3536=CARTESIAN_POINT('',(31.8013023166773,-12.5526306306796,-2.5));
#3537=CARTESIAN_POINT('',(44.0647426059827,-12.5786155093681,-1.25));
#3538=CARTESIAN_POINT('Origin',(29.3617844104812,-9.72362038848338,-8.75438037262107E-18));
#3539=CARTESIAN_POINT('',(29.3617844104812,-9.72362038848337,2.5));
#3540=CARTESIAN_POINT('',(29.3617844104812,-9.72362038848338,2.5));
#3541=CARTESIAN_POINT('',(29.3617844104812,-9.72362038848337,-2.5));
#3542=CARTESIAN_POINT('',(29.3617844104812,-9.72362038848338,-8.75438037262107E-18));
#3543=CARTESIAN_POINT('',(29.3617844104812,-9.72362038848338,-2.5));
#3544=CARTESIAN_POINT('Origin',(23.0361204080873,-13.3578948589023,-6.86834824282364E-18));
#3545=CARTESIAN_POINT('',(23.0361204080873,-13.3578948589023,-2.5));
#3546=CARTESIAN_POINT('',(23.0361204080873,-13.3578948589023,2.5));
#3547=CARTESIAN_POINT('Origin',(-0.0501383120381944,-15.3193451045372,1.49490183800615E-20));
#3548=CARTESIAN_POINT('',(9.76586016783365,-9.67977388109439,-2.5));
#3549=CARTESIAN_POINT('',(-0.0501383120381943,-15.3193451045372,-2.5));
#3550=CARTESIAN_POINT('',(9.76586016783365,-9.67977388109439,2.5));
#3551=CARTESIAN_POINT('',(9.76586016783365,-9.67977388109439,-2.9117458727926E-18));
#3552=CARTESIAN_POINT('',(-0.0501383120381943,-15.3193451045372,2.5));
#3553=CARTESIAN_POINT('Origin',(19.5823585027079,8.47325480191342,-2.5));
#3554=CARTESIAN_POINT('',(9.76586016783365,-9.67977388109439,-2.5));
#3555=CARTESIAN_POINT('',(-9.85605478600506,-9.63015911421638,-2.5));
#3556=CARTESIAN_POINT('',(-9.85605478600506,-9.63015911421638,-2.5));
#3557=CARTESIAN_POINT('',(-13.3302260688635,-7.61242641734784,-2.5));
#3558=CARTESIAN_POINT('',(-13.3302260688635,-7.61242641734784,-2.5));
#3559=CARTESIAN_POINT('',(-13.3302260688635,-5.90776575130082,-2.5));
#3560=CARTESIAN_POINT('',(-13.3302260688635,-5.90776575130082,-2.5));
#3561=CARTESIAN_POINT('',(-13.3049092152835,6.04040325526769,-2.5));
#3562=CARTESIAN_POINT('',(-13.3049092152835,6.04040325526769,-2.5));
#3563=CARTESIAN_POINT('',(-13.3049092152835,7.74506392131475,-2.5));
#3564=CARTESIAN_POINT('',(-13.3049092152835,7.74506392131474,-2.5));
#3565=CARTESIAN_POINT('',(-9.81499451629444,9.74804048734649,-2.5));
#3566=CARTESIAN_POINT('',(-9.81499451629444,9.74804048734649,-2.5));
#3567=CARTESIAN_POINT('',(-6.03189004260819,11.9215419573016,-2.5));
#3568=CARTESIAN_POINT('',(-3.50000000000012,13.3761850335504,-2.5));
#3569=CARTESIAN_POINT('',(-3.50000000000012,14.786564644342,-2.5));
#3570=CARTESIAN_POINT('',(-0.0754731446773227,18.6616725549416,-2.5));
#3571=CARTESIAN_POINT('',(-3.50000000000016,24.7082451216623,-2.5));
#3572=CARTESIAN_POINT('',(-3.50000000000016,24.652856494397,-2.5));
#3573=CARTESIAN_POINT('',(9.79921649537758,32.3490244876596,-2.5));
#3574=CARTESIAN_POINT('',(9.79921649537758,32.3490244876596,-2.5));
#3575=CARTESIAN_POINT('',(29.3991724965266,32.3074943405732,-2.5));
#3576=CARTESIAN_POINT('',(29.3991724965266,32.3074943405732,-2.5));
#3577=CARTESIAN_POINT('',(29.4249763822756,32.2925234701106,-2.5));
#3578=CARTESIAN_POINT('',(42.6828722333636,24.6005718266933,-2.5));
#3579=CARTESIAN_POINT('',(29.4508434792808,32.3073848554504,-2.5));
#3580=CARTESIAN_POINT('',(29.4508434792808,32.3073848554504,-2.5));
#3581=CARTESIAN_POINT('',(39.2567599532477,26.6181988651296,-2.5));
#3582=CARTESIAN_POINT('',(39.2567599532477,26.6181988651296,-2.5));
#3583=CARTESIAN_POINT('',(42.7309312361062,24.600466168261,-2.5));
#3584=CARTESIAN_POINT('',(42.7309312361062,24.600466168261,-2.5));
#3585=CARTESIAN_POINT('',(42.7309312361062,22.895805502214,-2.5));
#3586=CARTESIAN_POINT('',(42.7309312361062,22.895805502214,-2.5));
#3587=CARTESIAN_POINT('',(42.7137486482694,14.786564644342,-2.5));
#3588=CARTESIAN_POINT('',(42.7105657745162,13.2844224682044,-2.5));
#3589=CARTESIAN_POINT('',(45.0596351276095,11.9215419573016,-2.5));
#3590=CARTESIAN_POINT('',(38.409153687283,20.0437509278041,-2.5));
#3591=CARTESIAN_POINT('',(49.0207717914208,9.62337398153616,-2.5));
#3592=CARTESIAN_POINT('',(49.0207717914208,9.62337398153615,-2.5));
#3593=CARTESIAN_POINT('',(52.4949430742793,7.60564128466783,-2.5));
#3594=CARTESIAN_POINT('',(52.4949430742793,7.60564128466783,-2.5));
#3595=CARTESIAN_POINT('',(52.4949430742793,5.90098061862063,-2.5));
#3596=CARTESIAN_POINT('',(52.4949430742793,5.90098061862063,-2.5));
#3597=CARTESIAN_POINT('',(52.4696262206993,-6.04718838794788,-2.5));
#3598=CARTESIAN_POINT('',(52.4696262206993,-6.04718838794788,-2.5));
#3599=CARTESIAN_POINT('',(52.4696262206993,-7.75184905399491,-2.5));
#3600=CARTESIAN_POINT('',(52.4696262206993,-7.75184905399491,-2.5));
#3601=CARTESIAN_POINT('',(48.9797115217102,-9.75482562002669,-2.5));
#3602=CARTESIAN_POINT('',(48.9797115217102,-9.75482562002669,-2.5));
#3603=CARTESIAN_POINT('',(39.1497736902544,-15.4024053987099,-2.5));
#3604=CARTESIAN_POINT('',(-6.83349095804168,-7.337375819685,-2.5));
#3605=CARTESIAN_POINT('',(-0.0415749400382781,-11.2779022926205,-2.5));
#3606=CARTESIAN_POINT('',(-1.77150297437569,-10.2742345208886,-2.5));
#3607=CARTESIAN_POINT('',(8.03622597688651,-6.63697516806945,-2.5));
#3608=CARTESIAN_POINT('',(11.6011330416851,-4.58883433572196,-2.5));
#3609=CARTESIAN_POINT('',(11.5003198156722,-6.64431520121223,-2.5));
#3610=CARTESIAN_POINT('',(9.01827457990897,-6.63905602084928,-2.5));
#3611=CARTESIAN_POINT('',(19.5583810611081,-11.3194324397068,-2.5));
#3612=CARTESIAN_POINT('',(17.8284530267707,-10.3157646679749,-2.5));
#3613=CARTESIAN_POINT('',(27.6361819780329,-6.6785053151558,-2.5));
#3614=CARTESIAN_POINT('',(23.8421140018017,-8.85830563016345,-2.5));
#3615=CARTESIAN_POINT('',(31.1002758168186,-6.6858453482986,-2.5));
#3616=CARTESIAN_POINT('',(28.6182305810553,-6.68058616793562,-2.5));
#3617=CARTESIAN_POINT('',(39.1583370622544,-11.3609625867932,-2.5));
#3618=CARTESIAN_POINT('',(37.428409027917,-10.3572948150613,-2.5));
#3619=CARTESIAN_POINT('',(45.9668911010842,-7.44925401131048,-2.5));
#3620=CARTESIAN_POINT('',(36.0830949619183,-13.1277769246049,-2.5));
#3621=CARTESIAN_POINT('',(48.9707230729962,-5.52582609415664,-2.5));
#3622=CARTESIAN_POINT('Origin',(48.0667047916154,-7.42128143441905,-2.5));
#3623=CARTESIAN_POINT('',(48.9949509312174,5.90839671631458,-2.5));
#3624=CARTESIAN_POINT('',(48.9949509312174,5.90839671631458,-2.5));
#3625=CARTESIAN_POINT('',(48.9942812252272,5.90839813534778,-2.5));
#3626=CARTESIAN_POINT('',(47.8500836043244,5.91082256402961,-2.5));
#3627=CARTESIAN_POINT('',(48.9942812252272,6.59391906866583,-2.5));
#3628=CARTESIAN_POINT('',(48.9942812252272,7.1908264686306,-2.5));
#3629=CARTESIAN_POINT('',(48.2464017939123,6.59391906866583,-2.5));
#3630=CARTESIAN_POINT('',(34.2883198639675,6.59391906866583,-2.5));
#3631=CARTESIAN_POINT('',(47.2643531908899,6.59599992144566,-2.5));
#3632=CARTESIAN_POINT('',(47.2643531908899,6.59599992144565,-2.5));
#3633=CARTESIAN_POINT('',(39.2062919454541,11.2711171599399,-2.5));
#3634=CARTESIAN_POINT('',(40.9362199797915,10.2674493882083,-2.5));
#3635=CARTESIAN_POINT('',(39.2309390930443,22.903221599908,-2.5));
#3636=CARTESIAN_POINT('',(39.2309390930443,22.903221599908,-2.5));
#3637=CARTESIAN_POINT('',(39.2028378719251,22.9032811432991,-2.5));
#3638=CARTESIAN_POINT('',(38.0860717661513,22.905647447623,-2.5));
#3639=CARTESIAN_POINT('',(39.2028378719251,23.5887439522592,-2.5));
#3640=CARTESIAN_POINT('',(39.2028378719251,15.6882679726063,-2.5));
#3641=CARTESIAN_POINT('',(38.4823899557392,23.5887439522592,-2.5));
#3642=CARTESIAN_POINT('',(29.3925981873165,23.5887439522592,-2.5));
#3643=CARTESIAN_POINT('',(37.5003413527168,23.5908248050391,-2.5));
#3644=CARTESIAN_POINT('',(37.5003413527168,23.5908248050391,-2.5));
#3645=CARTESIAN_POINT('',(35.7464748506794,24.608381171012,-2.5));
#3646=CARTESIAN_POINT('',(31.1722081416183,27.2622742718018,-2.5));
#3647=CARTESIAN_POINT('',(35.7107192467051,24.6084216903722,-2.5));
#3648=CARTESIAN_POINT('',(-3.50000000000016,24.652856494397,-2.5));
#3649=CARTESIAN_POINT('',(30.1611405243192,27.8190054563704,-2.5));
#3650=CARTESIAN_POINT('',(33.165670275389,26.0808024456928,-2.5));
#3651=CARTESIAN_POINT('',(29.9373793063591,27.9488269972509,-2.5));
#3652=CARTESIAN_POINT('',(29.9373793063591,27.9488269972509,-2.5));
#3653=CARTESIAN_POINT('',(29.936738218694,27.948828355645,-2.5));
#3654=CARTESIAN_POINT('',(28.8941705134658,27.9510374417338,-2.5));
#3655=CARTESIAN_POINT('',(29.4142838938495,28.2510825370399,-2.5));
#3656=CARTESIAN_POINT('',(30.2786797613834,27.7510057783292,-2.5));
#3657=CARTESIAN_POINT('',(28.6698611521248,27.8221653130389,-2.5));
#3658=CARTESIAN_POINT('',(21.4459014841842,23.659905680979,-2.5));
#3659=CARTESIAN_POINT('',(28.4455517907838,27.6932931843439,-2.5));
#3660=CARTESIAN_POINT('',(28.4455517907838,27.6932931843439,-2.5));
#3661=CARTESIAN_POINT('',(28.4457111325252,27.6930158408671,-2.5));
#3662=CARTESIAN_POINT('',(28.690162905855,27.2675334521647,-2.5));
#3663=CARTESIAN_POINT('',(27.7108512767077,27.2696085055985,-2.5));
#3664=CARTESIAN_POINT('',(20.961615103522,23.3808723328926,-2.5));
#3665=CARTESIAN_POINT('',(27.7081143028325,27.2696143049446,-2.5));
#3666=CARTESIAN_POINT('',(27.7081143028325,27.2696143049446,-2.5));
#3667=CARTESIAN_POINT('',(21.364479190356,23.6250149189826,-2.5));
#3668=CARTESIAN_POINT('',(21.364479190356,23.6250149189826,-2.5));
#3669=CARTESIAN_POINT('',(17.9003853515702,23.6323549521254,-2.5));
#3670=CARTESIAN_POINT('',(20.3824305873335,23.6270957717625,-2.5));
#3671=CARTESIAN_POINT('',(16.179882138696,24.6305546411573,-2.5));
#3672=CARTESIAN_POINT('',(11.5722521404717,27.3038044188881,-2.5));
#3673=CARTESIAN_POINT('',(16.1442219591256,24.6305950523795,-2.5));
#3674=CARTESIAN_POINT('',(-3.50000000000016,24.652856494397,-2.5));
#3675=CARTESIAN_POINT('',(10.5611845231727,27.8605356034569,-2.5));
#3676=CARTESIAN_POINT('',(20.9339345917699,21.8596146966756,-2.5));
#3677=CARTESIAN_POINT('',(10.3374233052126,27.9903571443374,-2.5));
#3678=CARTESIAN_POINT('',(10.3374233052126,27.9903571443374,-2.5));
#3679=CARTESIAN_POINT('',(10.3367822175475,27.9903585027315,-2.5));
#3680=CARTESIAN_POINT('',(9.29421451231921,27.9925675888202,-2.5));
#3681=CARTESIAN_POINT('',(9.81432789270312,28.2926126841264,-2.5));
#3682=CARTESIAN_POINT('',(18.0302147209808,23.5394964218516,-2.5));
#3683=CARTESIAN_POINT('',(9.06990515097822,27.8636954601253,-2.5));
#3684=CARTESIAN_POINT('',(9.19443221588111,27.9354447498734,-2.5));
#3685=CARTESIAN_POINT('',(8.84559578963722,27.7348233314303,-2.5));
#3686=CARTESIAN_POINT('',(8.84559578963722,27.7348233314303,-2.5));
#3687=CARTESIAN_POINT('',(8.8457551313786,27.7345459879535,-2.5));
#3688=CARTESIAN_POINT('',(9.09020690470841,27.3090635992511,-2.5));
#3689=CARTESIAN_POINT('',(8.11089527556112,27.3111386526849,-2.5));
#3690=CARTESIAN_POINT('',(8.71014583521885,27.656411401787,-2.5));
#3691=CARTESIAN_POINT('',(8.10815830168593,27.3111444520309,-2.5));
#3692=CARTESIAN_POINT('',(8.10815830168593,27.3111444520309,-2.5));
#3693=CARTESIAN_POINT('',(1.76452318920936,23.666545066069,-2.5));
#3694=CARTESIAN_POINT('',(1.76452318920936,23.666545066069,-2.5));
#3695=CARTESIAN_POINT('',(0.782474586186883,23.6686259188488,-2.5));
#3696=CARTESIAN_POINT('',(0.782474586186883,23.6686259188488,-2.5));
#3697=CARTESIAN_POINT('',(0.0157945797433347,23.6686259188488,-2.5));
#3698=CARTESIAN_POINT('',(10.1824165444474,23.6686259188488,-2.5));
#3699=CARTESIAN_POINT('',(0.0157945797433347,22.6469499815889,-2.5));
#3700=CARTESIAN_POINT('',(0.0157945797433356,16.0709403603811,-2.5));
#3701=CARTESIAN_POINT('',(0.0303258242855042,22.6553225106923,-2.5));
#3702=CARTESIAN_POINT('',(4.29516555940122,25.1126133986047,-2.5));
#3703=CARTESIAN_POINT('',(0.00634573475393283,11.3380329584896,-2.5));
#3704=CARTESIAN_POINT('',(0.00571023717112595,11.0381128875122,-2.5));
#3705=CARTESIAN_POINT('',(0.00581524485916592,11.3383398614689,-2.5));
#3706=CARTESIAN_POINT('',(7.96074015566204,6.73619723840189,-2.5));
#3707=CARTESIAN_POINT('',(0.00582894146016156,11.3538608879129,-2.5));
#3708=CARTESIAN_POINT('',(0.00455871449237089,9.9144361457295,-2.5));
#3709=CARTESIAN_POINT('',(-8.07142097376343,6.71325032956195,-2.5));
#3710=CARTESIAN_POINT('',(6.74282906334755,15.2244596963414,-2.5));
#3711=CARTESIAN_POINT('',(-9.80346789315629,6.71692034613335,-2.5));
#3712=CARTESIAN_POINT('',(-9.05346957678589,6.71533118234178,-2.5));
#3713=CARTESIAN_POINT('',(-9.82914493044279,-5.40123565288834,-2.5));
#3714=CARTESIAN_POINT('',(-9.80154119552942,7.62621615564704,-2.5));
#3715=CARTESIAN_POINT('',(-11.0331672525315,-7.30050498625966,-2.5));
#3716=CARTESIAN_POINT('Origin',(-8.93316725253151,-7.30050498625966,-2.5));
#3717=CARTESIAN_POINT('Origin',(-8.93316725253151,-7.30050498625966,-2.5));
#3718=CARTESIAN_POINT('Origin',(29.4142838938495,28.2510825370399,-2.5));
#3719=CARTESIAN_POINT('',(28.6698611521248,27.8221653130389,0.));
#3720=CARTESIAN_POINT('',(29.4142838938495,28.2510825370399,0.));
#3721=CARTESIAN_POINT('',(21.4384424330757,23.6556079677096,0.));
#3722=CARTESIAN_POINT('',(28.669861152123,27.8221653130379,-1.25));
#3723=CARTESIAN_POINT('',(29.4142838938495,28.2510825370399,-2.5));
#3724=CARTESIAN_POINT('Origin',(29.936738218694,27.948828355645,-2.5));
#3725=CARTESIAN_POINT('',(29.936738218694,27.948828355645,0.));
#3726=CARTESIAN_POINT('',(30.2744497968949,27.7534529290045,0.));
#3727=CARTESIAN_POINT('',(29.9367382186941,27.9488283556449,-1.25));
#3728=CARTESIAN_POINT('Origin',(35.7107192467051,24.6084216903722,-2.5));
#3729=CARTESIAN_POINT('',(30.1611405243192,27.8190054563704,0.));
#3730=CARTESIAN_POINT('',(35.7107192467051,24.6084216903722,0.));
#3731=CARTESIAN_POINT('',(33.1614403109004,26.083249596368,0.));
#3732=CARTESIAN_POINT('',(30.1611405243206,27.8190054563695,0.));
#3733=CARTESIAN_POINT('',(35.7107192467051,24.6084216903722,0.));
#3734=CARTESIAN_POINT('Origin',(39.2028378719251,23.5887439522592,-2.5));
#3735=CARTESIAN_POINT('',(38.4823899557392,23.5887439522592,-1.14737399679229E-17));
#3736=CARTESIAN_POINT('',(39.2028378719251,23.5887439522592,0.));
#3737=CARTESIAN_POINT('',(29.3848033207335,23.5887439522592,0.));
#3738=CARTESIAN_POINT('',(38.4823899557392,23.5887439522592,-1.14737399679229E-17));
#3739=CARTESIAN_POINT('',(39.2028378719251,23.5887439522592,-2.5));
#3740=CARTESIAN_POINT('Origin',(39.2028378719251,22.9032811432991,-2.5));
#3741=CARTESIAN_POINT('',(39.2028378719251,22.9032811432991,0.));
#3742=CARTESIAN_POINT('',(39.2028378719251,15.6845530959828,0.));
#3743=CARTESIAN_POINT('',(39.2028378719251,22.9032811432991,-1.25));
#3744=CARTESIAN_POINT('Origin',(48.9942812252272,6.59391906866583,-2.5));
#3745=CARTESIAN_POINT('',(48.2464017939123,6.59391906866583,-1.43849347508813E-17));
#3746=CARTESIAN_POINT('',(48.9942812252272,6.59391906866583,0.));
#3747=CARTESIAN_POINT('',(34.2805249973846,6.59391906866583,0.));
#3748=CARTESIAN_POINT('',(48.2464017939123,6.59391906866583,-1.43849347508813E-17));
#3749=CARTESIAN_POINT('',(48.9942812252272,6.59391906866583,-2.5));
#3750=CARTESIAN_POINT('Origin',(48.9942812252272,5.90839813534778,-2.5));
#3751=CARTESIAN_POINT('',(48.9942812252272,5.90839813534778,0.));
#3752=CARTESIAN_POINT('',(48.9942812252272,7.18711159200717,0.));
#3753=CARTESIAN_POINT('',(48.9942812252272,5.90839813534778,-1.25));
#3754=CARTESIAN_POINT('Origin',(0.00581524485916592,11.3383398614689,-2.5));
#3755=CARTESIAN_POINT('',(0.00582894146016156,11.3538608879129,0.));
#3756=CARTESIAN_POINT('',(0.00581524485916592,11.3383398614689,0.));
#3757=CARTESIAN_POINT('',(0.00455543021494309,9.91071439338853,0.));
#3758=CARTESIAN_POINT('',(0.00582894146016156,11.3538608879129,-2.5));
#3759=CARTESIAN_POINT('',(0.00581524485916592,11.3383398614689,-2.5));
#3760=CARTESIAN_POINT('Origin',(0.00634573475393257,11.3380329584896,-2.5));
#3761=CARTESIAN_POINT('',(0.00634573475393283,11.3380329584896,0.));
#3762=CARTESIAN_POINT('',(7.9565101911735,6.73864438907711,0.));
#3763=CARTESIAN_POINT('',(0.00634573475393314,11.3380329584896,-1.25));
#3764=CARTESIAN_POINT('Origin',(0.0157945797433345,22.6469499815889,-2.5));
#3765=CARTESIAN_POINT('',(0.0303258242855042,22.6553225106923,0.));
#3766=CARTESIAN_POINT('',(0.0157945797433347,22.6469499815889,0.));
#3767=CARTESIAN_POINT('',(4.28770650829273,25.1083156853354,0.));
#3768=CARTESIAN_POINT('',(0.0303258242855059,22.6553225106923,-1.25));
#3769=CARTESIAN_POINT('',(0.0157945797433347,22.6469499815889,-2.5));
#3770=CARTESIAN_POINT('Origin',(0.0157945797433347,23.6686259188488,-2.5));
#3771=CARTESIAN_POINT('',(0.0157945797433347,23.6686259188488,0.));
#3772=CARTESIAN_POINT('',(0.0157945797433356,16.0672254837577,0.));
#3773=CARTESIAN_POINT('',(0.0157945797433347,23.6686259188488,-2.5));
#3774=CARTESIAN_POINT('Origin',(0.782474586186883,23.6686259188488,-2.5));
#3775=CARTESIAN_POINT('',(0.782474586186883,23.6686259188488,-2.33299177721101E-19));
#3776=CARTESIAN_POINT('',(10.1746216778644,23.6686259188489,0.));
#3777=CARTESIAN_POINT('',(0.782474586186883,23.6686259188488,-2.33299177721101E-19));
#3778=CARTESIAN_POINT('Origin',(8.8457551313786,27.7345459879535,-2.5));
#3779=CARTESIAN_POINT('',(8.11089527556112,27.3111386526849,0.));
#3780=CARTESIAN_POINT('',(8.8457551313786,27.7345459879535,0.));
#3781=CARTESIAN_POINT('',(8.70268678411036,27.6521136885176,0.));
#3782=CARTESIAN_POINT('',(8.11089527556112,27.3111386526849,-1.25));
#3783=CARTESIAN_POINT('',(8.84575513137859,27.7345459879535,-1.25));
#3784=CARTESIAN_POINT('Origin',(9.81432789270312,28.2926126841264,-2.5));
#3785=CARTESIAN_POINT('',(9.06990515097822,27.8636954601253,0.));
#3786=CARTESIAN_POINT('',(9.81432789270312,28.2926126841264,0.));
#3787=CARTESIAN_POINT('',(9.18697316477262,27.9311470366041,0.));
#3788=CARTESIAN_POINT('',(9.06990515097596,27.863695460124,-1.25));
#3789=CARTESIAN_POINT('',(9.81432789270312,28.2926126841264,-2.5));
#3790=CARTESIAN_POINT('Origin',(10.3367822175475,27.9903585027315,-2.5));
#3791=CARTESIAN_POINT('',(10.3367822175475,27.9903585027315,0.));
#3792=CARTESIAN_POINT('',(18.0259847564923,23.5419435725268,0.));
#3793=CARTESIAN_POINT('',(10.3367822175479,27.9903585027313,-1.25));
#3794=CARTESIAN_POINT('Origin',(16.1442219591256,24.6305950523795,-2.5));
#3795=CARTESIAN_POINT('',(10.5611845231727,27.8605356034569,0.));
#3796=CARTESIAN_POINT('',(16.1442219591256,24.6305950523795,0.));
#3797=CARTESIAN_POINT('',(20.9297046272813,21.8620618473508,0.));
#3798=CARTESIAN_POINT('',(10.5611845231753,27.8605356034554,0.));
#3799=CARTESIAN_POINT('',(16.1442219591256,24.6305950523795,0.));
#3800=CARTESIAN_POINT('Origin',(28.4457111325252,27.6930158408671,-2.5));
#3801=CARTESIAN_POINT('',(27.7108512767077,27.2696085055985,0.));
#3802=CARTESIAN_POINT('',(28.4457111325252,27.6930158408671,0.));
#3803=CARTESIAN_POINT('',(20.9541560524135,23.3765746196232,0.));
#3804=CARTESIAN_POINT('',(27.7108512767077,27.2696085055985,-1.25));
#3805=CARTESIAN_POINT('',(28.4457111325252,27.6930158408671,-1.25));
#3806=CARTESIAN_POINT('Origin',(-8.93316725253151,-7.30050498625966,2.5));
#3807=CARTESIAN_POINT('',(-11.0331672525315,-7.30050498625966,2.5));
#3808=CARTESIAN_POINT('Origin',(-8.93316725253151,-7.30050498625966,2.5));
#3809=CARTESIAN_POINT('',(-11.0331672525315,-7.30050498625966,2.5));
#3810=CARTESIAN_POINT('',(-9.82914493044279,-5.40123565288834,0.));
#3811=CARTESIAN_POINT('',(-9.82914493044279,-5.40123565288834,2.5));
#3812=CARTESIAN_POINT('',(-6.83349095804168,-7.33737581968499,2.77555756156289E-16));
#3813=CARTESIAN_POINT('Origin',(-8.93316725253151,-7.30050498625966,0.));
#3814=CARTESIAN_POINT('',(-6.83349095804168,-7.337375819685,2.5));
#3815=CARTESIAN_POINT('Origin',(0.00571023717112595,11.0381128875122,-1.70253917524814E-21));
#3816=CARTESIAN_POINT('',(0.00303686992080832,9.77642988956486,-9.0545976556927E-22));
#3817=CARTESIAN_POINT('Origin',(9.09020690470841,27.3090635992511,-2.7102960704676E-18));
#3818=CARTESIAN_POINT('',(8.84559578963722,27.7348233314303,-2.63736389731467E-18));
#3819=CARTESIAN_POINT('',(8.84559578963722,27.7348233314303,-2.63736389731467E-18));
#3820=CARTESIAN_POINT('',(14.4601689654527,17.9623353930141,-4.31138031688411E-18));
#3821=CARTESIAN_POINT('Origin',(9.29421451231921,27.9925675888202,-2.77112208059578E-18));
#3822=CARTESIAN_POINT('',(10.3374233052126,27.9903571443374,0.));
#3823=CARTESIAN_POINT('',(10.337423305213,27.9903571443372,1.25));
#3824=CARTESIAN_POINT('',(14.4589429559637,27.9816240983393,-4.31101477529246E-18));
#3825=CARTESIAN_POINT('Origin',(23.0492678882465,24.6227700400223,2.5));
#3826=CARTESIAN_POINT('',(16.179882138696,24.6305546411573,-4.82412242546675E-18));
#3827=CARTESIAN_POINT('',(16.179882138696,24.6305546411573,1.25));
#3828=CARTESIAN_POINT('',(21.3249659757958,24.6247240724662,0.));
#3829=CARTESIAN_POINT('Origin',(47.8500836043244,5.91082256402961,-1.42667702642909E-17));
#3830=CARTESIAN_POINT('',(48.9949509312174,5.90839671631458,-1.46081188661228E-17));
#3831=CARTESIAN_POINT('',(48.9949509312174,5.90839671631458,-1.46081188661228E-17));
#3832=CARTESIAN_POINT('',(33.7135697663566,5.94077627917795,-1.00518895353045E-17));
#3833=CARTESIAN_POINT('Origin',(39.2309390930443,22.903221599908,-1.16969240831644E-17));
#3834=CARTESIAN_POINT('',(39.2062919454541,11.2711171599399,0.));
#3835=CARTESIAN_POINT('',(39.2062919454544,11.2711171599397,-1.25));
#3836=CARTESIAN_POINT('',(39.2309390930443,22.903221599908,-1.16969240831644E-17));
#3837=CARTESIAN_POINT('',(39.215607299004,15.6674540986764,-1.16923528229526E-17));
#3838=CARTESIAN_POINT('',(39.2309390930443,22.903221599908,-1.16969240831644E-17));
#3839=CARTESIAN_POINT('Origin',(28.4455517907838,27.6932931843439,-8.48120048850713E-18));
#3840=CARTESIAN_POINT('',(28.4455517907838,27.6932931843439,-8.48120048850713E-18));
#3841=CARTESIAN_POINT('',(20.9626904880094,23.3941758445569,-6.2501435062663E-18));
#3842=CARTESIAN_POINT('',(28.4455517907838,27.6932931843439,-8.48120048850713E-18));
#3843=CARTESIAN_POINT('Origin',(30.3849017422793,27.6891839154899,2.5));
#3844=CARTESIAN_POINT('',(29.9373793063591,27.9488269972509,0.));
#3845=CARTESIAN_POINT('',(30.5143839067503,27.6140610936649,0.));
#3846=CARTESIAN_POINT('',(29.9373793063592,27.9488269972508,1.25));
#3847=CARTESIAN_POINT('Origin',(48.0667047916154,-7.42128143441905,2.5));
#3848=CARTESIAN_POINT('',(45.9667047916154,-7.42128143441905,2.5));
#3849=CARTESIAN_POINT('Origin',(48.0667047916154,-7.42128143441905,2.5));
#3850=CARTESIAN_POINT('',(45.9667047916154,-7.42128143441905,3.13063377305189E-19));
#3851=CARTESIAN_POINT('',(45.9667047916154,-7.42128143441905,2.5));
#3852=CARTESIAN_POINT('',(48.9707230729962,-5.52582609415664,0.));
#3853=CARTESIAN_POINT('Origin',(48.0667047916154,-7.42128143441905,0.));
#3854=CARTESIAN_POINT('',(48.9707230729962,-5.52582609415664,2.5));
#3855=CARTESIAN_POINT('',(45.9668911010842,-7.44925401131049,0.));
#3856=CARTESIAN_POINT('',(45.9668911010842,-7.44925401131048,2.5));
#3857=CARTESIAN_POINT('Origin',(48.0667047916154,-7.42128143441905,0.));
#3858=CARTESIAN_POINT('Origin',(48.9949509312174,5.90839671631458,-1.46081188661228E-17));
#3859=CARTESIAN_POINT('',(48.9976022183769,7.15965912010808,-1.46089093622299E-17));
#3860=CARTESIAN_POINT('Origin',(42.4185415772856,13.7403172336042,2.5));
#3861=CARTESIAN_POINT('',(42.4185415772856,13.7403172336042,0.9));
#3862=CARTESIAN_POINT('',(43.4185421892754,12.7403178455942,0.9));
#3863=CARTESIAN_POINT('',(43.4185421892754,12.7403178455942,0.9));
#3864=CARTESIAN_POINT('',(43.4185421892754,12.7403178455942,2.5));
#3865=CARTESIAN_POINT('',(43.4185421892754,12.7403178455942,2.5));
#3866=CARTESIAN_POINT('',(42.4185415772856,13.7403172336042,2.5));
#3867=CARTESIAN_POINT('',(42.4185415772857,13.7403172336041,2.5));
#3868=CARTESIAN_POINT('',(42.4185415772856,13.7403172336042,2.5));
#3869=CARTESIAN_POINT('Origin',(-4.28145781071586,12.7402886536768,2.5));
#3870=CARTESIAN_POINT('',(-4.28145781071586,12.7402886536768,0.9));
#3871=CARTESIAN_POINT('',(-3.28145842270583,13.7402892656665,0.9));
#3872=CARTESIAN_POINT('',(-3.28145842270583,13.7402892656665,0.9));
#3873=CARTESIAN_POINT('',(-3.28145842270583,13.7402892656665,2.5));
#3874=CARTESIAN_POINT('',(-3.28145842270583,13.7402892656665,2.5));
#3875=CARTESIAN_POINT('',(-4.28145781071586,12.7402886536768,2.5));
#3876=CARTESIAN_POINT('',(0.61773050249368,17.6394829633968,2.5));
#3877=CARTESIAN_POINT('',(-4.28145781071586,12.7402886536768,2.5));
#3878=CARTESIAN_POINT('Origin',(-6.03189004260819,11.9215419573016,2.5));
#3879=CARTESIAN_POINT('',(-6.03189004260819,11.9215419573016,2.5));
#3880=CARTESIAN_POINT('',(-6.03189004260819,11.9215419573016,1.25));
#3881=CARTESIAN_POINT('',(-3.50000000000012,14.786564644342,2.5));
#3882=CARTESIAN_POINT('',(-3.50000000000012,14.786564644342,2.5));
#3883=CARTESIAN_POINT('',(-3.50000000000016,14.786564644342,1.25));
#3884=CARTESIAN_POINT('Origin',(42.7137486482694,14.786564644342,2.5));
#3885=CARTESIAN_POINT('',(42.7137486482694,14.786564644342,2.5));
#3886=CARTESIAN_POINT('',(42.7137486482694,14.786564644342,1.25));
#3887=CARTESIAN_POINT('',(45.0596351276095,11.9215419573016,2.5));
#3888=CARTESIAN_POINT('',(45.0596351276095,11.9215419573016,2.5));
#3889=CARTESIAN_POINT('',(45.0596351276095,11.9215419573016,1.25));
#3890=CARTESIAN_POINT('Origin',(-3.50000000000016,24.652856494397,1.04354459101734E-18));
#3891=CARTESIAN_POINT('',(-3.50000000000016,24.7082451216623,2.5));
#3892=CARTESIAN_POINT('',(-3.50000000000016,31.2556558073069,2.5));
#3893=CARTESIAN_POINT('',(-3.50000000000016,24.7082451216623,2.5));
#3894=CARTESIAN_POINT('Origin',(-3.50000000000012,13.3761850335504,1.04354459101733E-18));
#3895=CARTESIAN_POINT('',(-9.81499451629444,9.74804048734649,2.5));
#3896=CARTESIAN_POINT('',(-9.81499451629444,9.74804048734649,2.92639555381243E-18));
#3897=CARTESIAN_POINT('',(-3.50000000000012,13.3761850335504,2.5));
#3898=CARTESIAN_POINT('Origin',(49.0207717914208,9.62337398153615,-1.4615817500123E-17));
#3899=CARTESIAN_POINT('',(49.0207717914208,9.62337398153616,2.5));
#3900=CARTESIAN_POINT('',(49.0207717914208,9.62337398153615,2.5));
#3901=CARTESIAN_POINT('',(49.0207717914208,9.62337398153615,-1.4615817500123E-17));
#3902=CARTESIAN_POINT('Origin',(42.7105657745162,13.2844224682044,-1.27343942552243E-17));
#3903=CARTESIAN_POINT('',(42.7309312361062,22.895805502214,2.5));
#3904=CARTESIAN_POINT('',(42.7309312361062,22.895805502214,-1.27404663315917E-17));
#3905=CARTESIAN_POINT('',(42.7105657745162,13.2844224682044,2.5));
#3906=CARTESIAN_POINT('Origin',(19.5685486151735,2.24030324963748,0.9));
#3907=CARTESIAN_POINT('',(-4.2814449589283,-8.25971134631925,0.9));
#3908=CARTESIAN_POINT('',(-4.28145781071586,12.7402886536768,0.9));
#3909=CARTESIAN_POINT('',(-3.28144434693851,-9.25971073432919,0.9));
#3910=CARTESIAN_POINT('',(-4.2814449589283,-8.25971134631925,0.9));
#3911=CARTESIAN_POINT('',(42.418555653053,-9.25968276639152,0.9));
#3912=CARTESIAN_POINT('',(-3.28144434693851,-9.25971073432919,0.9));
#3913=CARTESIAN_POINT('',(43.418555041063,-8.25968215440182,0.9));
#3914=CARTESIAN_POINT('',(42.418555653053,-9.25968276639152,0.9));
#3915=CARTESIAN_POINT('',(43.418555041063,-8.25968215440182,0.9));
#3916=CARTESIAN_POINT('',(42.4185415772856,13.7403172336042,0.9));
#3917=CARTESIAN_POINT('Origin',(-4.2814449589283,-8.25971134631926,2.5));
#3918=CARTESIAN_POINT('',(-4.2814449589283,-8.25971134631925,2.5));
#3919=CARTESIAN_POINT('',(-4.28145007912684,0.106764425590798,2.5));
#3920=CARTESIAN_POINT('',(-4.2814449589283,-8.25971134631925,2.5));
#3921=CARTESIAN_POINT('Origin',(-3.28144434693851,-9.25971073432919,2.5));
#3922=CARTESIAN_POINT('',(-3.28144434693851,-9.25971073432919,2.5));
#3923=CARTESIAN_POINT('',(-1.99872802237573,-10.542425488874,2.5));
#3924=CARTESIAN_POINT('',(-3.28144434693851,-9.25971073432919,2.5));
#3925=CARTESIAN_POINT('Origin',(42.418555653053,-9.25968276639152,2.5));
#3926=CARTESIAN_POINT('',(42.418555653053,-9.25968276639152,2.5));
#3927=CARTESIAN_POINT('',(31.0004625040739,-9.25968975414902,2.5));
#3928=CARTESIAN_POINT('',(42.418555653053,-9.25968276639152,2.5));
#3929=CARTESIAN_POINT('Origin',(43.418555041063,-8.25968215440182,2.5));
#3930=CARTESIAN_POINT('',(43.418555041063,-8.25968215440182,2.5));
#3931=CARTESIAN_POINT('',(41.6427474393051,-10.0354919297135,2.5));
#3932=CARTESIAN_POINT('',(43.418555041063,-8.25968215440182,2.5));
#3933=CARTESIAN_POINT('Origin',(43.4185421892754,12.7403178455942,2.5));
#3934=CARTESIAN_POINT('',(43.4185434949707,10.6067936175062,2.5));
#3935=CARTESIAN_POINT('Origin',(-3.28145842270584,13.7402892656665,2.5));
#3936=CARTESIAN_POINT('',(8.15044842831083,13.7402962618778,2.5));
#3937=CARTESIAN_POINT('Origin',(29.3991724965266,32.3074943405732,2.5));
#3938=CARTESIAN_POINT('',(29.4249763822756,32.2925234701106,2.5));
#3939=CARTESIAN_POINT('',(29.4249763822756,32.2925234701106,1.25));
#3940=CARTESIAN_POINT('',(29.3991724965266,32.3074943405732,2.5));
#3941=CARTESIAN_POINT('',(29.3991724965266,32.3074943405732,2.5));
#3942=CARTESIAN_POINT('',(42.6828722333636,24.6005718266933,2.5));
#3943=CARTESIAN_POINT('Origin',(9.79921649537758,32.3490244876596,2.5));
#3944=CARTESIAN_POINT('',(9.79921649537758,32.3490244876596,2.5));
#3945=CARTESIAN_POINT('',(9.79921649537758,32.3490244876596,2.5));
#3946=CARTESIAN_POINT('',(29.3991724965266,32.3074943405732,2.5));
#3947=CARTESIAN_POINT('Origin',(10.7849457411328,27.7307140625764,2.5));
#3948=CARTESIAN_POINT('',(18.2554198654339,23.3965024830815,0.));
#3949=CARTESIAN_POINT('Origin',(42.6828721248841,24.6005206303374,2.5));
#3950=CARTESIAN_POINT('',(35.7464748506794,24.608381171012,-1.06580115652464E-17));
#3951=CARTESIAN_POINT('',(35.7464748506794,24.608381171012,1.25));
#3952=CARTESIAN_POINT('',(31.1417680941146,24.6135993676238,0.));
#3953=CARTESIAN_POINT('Origin',(-3.50000000000016,24.7082451216623,2.5));
#3954=CARTESIAN_POINT('',(9.79921649537758,32.3490244876596,2.5));
#3955=CARTESIAN_POINT('Origin',(31.1722081416183,27.2622742718018,-9.29416834178607E-18));
#3956=CARTESIAN_POINT('',(37.5003413527168,23.5908248050391,-1.118093667998E-17));
#3957=CARTESIAN_POINT('',(37.5003413527168,23.5908248050391,-1.118093667998E-17));
#3958=CARTESIAN_POINT('',(30.914519683488,27.4117796821073,-9.21733708560051E-18));
#3959=CARTESIAN_POINT('Origin',(19.5823585027079,8.47325480191342,2.5));
#3960=CARTESIAN_POINT('',(48.9797115217102,-9.75482562002669,2.5));
#3961=CARTESIAN_POINT('',(39.1497736902544,-15.4024053987099,2.5));
#3962=CARTESIAN_POINT('',(52.4696262206993,-7.75184905399491,2.5));
#3963=CARTESIAN_POINT('',(48.9797115217102,-9.75482562002669,2.5));
#3964=CARTESIAN_POINT('',(52.4696262206993,-6.04718838794788,2.5));
#3965=CARTESIAN_POINT('',(52.4696262206993,-7.75184905399491,2.5));
#3966=CARTESIAN_POINT('',(52.4949430742793,5.90098061862063,2.5));
#3967=CARTESIAN_POINT('',(52.4696262206993,-6.04718838794788,2.5));
#3968=CARTESIAN_POINT('',(52.4949430742793,7.60564128466783,2.5));
#3969=CARTESIAN_POINT('',(52.4949430742793,5.90098061862063,2.5));
#3970=CARTESIAN_POINT('',(52.4949430742793,7.60564128466783,2.5));
#3971=CARTESIAN_POINT('',(42.7309312361062,24.600466168261,2.5));
#3972=CARTESIAN_POINT('',(42.7309312361062,22.895805502214,2.5));
#3973=CARTESIAN_POINT('',(39.2567599532477,26.6181988651296,2.5));
#3974=CARTESIAN_POINT('',(42.7309312361062,24.600466168261,2.5));
#3975=CARTESIAN_POINT('',(29.4508434792808,32.3073848554504,2.5));
#3976=CARTESIAN_POINT('',(39.2567599532477,26.6181988651296,2.5));
#3977=CARTESIAN_POINT('',(29.4508434792808,32.3073848554504,2.5));
#3978=CARTESIAN_POINT('',(-13.3049092152835,7.74506392131475,2.5));
#3979=CARTESIAN_POINT('',(-9.81499451629444,9.74804048734649,2.5));
#3980=CARTESIAN_POINT('',(-13.3049092152835,6.04040325526769,2.5));
#3981=CARTESIAN_POINT('',(-13.3049092152835,7.74506392131474,2.5));
#3982=CARTESIAN_POINT('',(-13.3302260688635,-5.90776575130082,2.5));
#3983=CARTESIAN_POINT('',(-13.3049092152835,6.04040325526769,2.5));
#3984=CARTESIAN_POINT('',(-13.3302260688635,-7.61242641734784,2.5));
#3985=CARTESIAN_POINT('',(-13.3302260688635,-5.90776575130082,2.5));
#3986=CARTESIAN_POINT('',(-9.85605478600506,-9.63015911421638,2.5));
#3987=CARTESIAN_POINT('',(-13.3302260688635,-7.61242641734784,2.5));
#3988=CARTESIAN_POINT('',(-9.85605478600506,-9.63015911421638,2.5));
#3989=CARTESIAN_POINT('',(9.76586016783365,-9.67977388109439,2.5));
#3990=CARTESIAN_POINT('Origin',(27.7081143028325,27.2696143049446,-8.26132937371715E-18));
#3991=CARTESIAN_POINT('',(27.7081143028325,27.2696143049446,-8.26132937371715E-18));
#3992=CARTESIAN_POINT('',(23.6651682616878,27.2781808621216,-7.05590238142817E-18));
#3993=CARTESIAN_POINT('',(27.7081143028325,27.2696143049446,-8.26132937371715E-18));
#3994=CARTESIAN_POINT('Origin',(8.10815830168593,27.3111444520309,-2.41749278252469E-18));
#3995=CARTESIAN_POINT('',(8.10815830168593,27.3111444520309,-2.41749278252469E-18));
#3996=CARTESIAN_POINT('',(13.8651902611144,27.2989459356648,-4.13398408583192E-18));
#3997=CARTESIAN_POINT('',(8.10815830168593,27.3111444520309,-2.41749278252469E-18));
#3998=CARTESIAN_POINT('Origin',(19.5823585027079,8.47325480191343,-5.83858979853213E-18));
#3999=CARTESIAN_POINT('',(17.9003853515702,23.6323549521254,-5.33710008878754E-18));
#4000=CARTESIAN_POINT('',(18.6555556421714,23.1942210715237,-5.5622583379458E-18));
#4001=CARTESIAN_POINT('',(21.364479190356,23.6250149189826,-6.36993905685647E-18));
#4002=CARTESIAN_POINT('',(18.757428310712,23.6305389725309,-5.59263224429667E-18));
#4003=CARTESIAN_POINT('',(17.4221541877955,21.3600367118763,-5.19451279044097E-18));
#4004=CARTESIAN_POINT('',(31.6191220070559,22.1695114668263,-9.42741821233693E-18));
#4005=CARTESIAN_POINT('',(24.258920956537,27.9608590247961,-7.2329330708887E-18));
#4006=CARTESIAN_POINT('',(28.5574063112853,23.6097738989877,-8.5145505398929E-18));
#4007=CARTESIAN_POINT('',(28.8495469284699,22.9252186259999,-8.60165390014417E-18));
#4008=CARTESIAN_POINT('',(47.2643531908899,6.59599992144566,-1.40921314629384E-17));
#4009=CARTESIAN_POINT('',(32.74596063558,15.0192651763488,-9.7633914568357E-18));
#4010=CARTESIAN_POINT('',(33.421429149172,6.62533155216582,-9.96478617505325E-18));
#4011=CARTESIAN_POINT('',(39.1583370622544,-11.3609625867932,0.));
#4012=CARTESIAN_POINT('',(36.0756298872362,-13.1320658230236,0.));
#4013=CARTESIAN_POINT('',(31.1002758168186,-6.6858453482986,-9.27272131651062E-18));
#4014=CARTESIAN_POINT('',(26.6656620044076,-4.1129759137045,-7.9505163858843E-18));
#4015=CARTESIAN_POINT('',(27.6361819780329,-6.6785053151558,-8.23988234844171E-18));
#4016=CARTESIAN_POINT('',(24.0842602383994,-6.67097918436868,-7.1808570001242E-18));
#4017=CARTESIAN_POINT('',(19.5583810611081,-11.3194324397068,0.));
#4018=CARTESIAN_POINT('',(23.8346489271196,-8.8625945285821,0.));
#4019=CARTESIAN_POINT('',(11.5003198156722,-6.64431520121223,-3.42888472531824E-18));
#4020=CARTESIAN_POINT('',(14.4066979630911,-8.33053452428804,-4.29543763822963E-18));
#4021=CARTESIAN_POINT('',(8.03622597688651,-6.63697516806945,-2.39604575724932E-18));
#4022=CARTESIAN_POINT('',(14.2842822378262,-6.65021411082553,-4.25893870452801E-18));
#4023=CARTESIAN_POINT('',(-0.0415749400382781,-11.2779022926205,0.));
#4024=CARTESIAN_POINT('',(11.5936679670031,-4.59312323414061,0.));
#4025=CARTESIAN_POINT('',(2.14773392177474,-12.5480931348716,-6.40358890574969E-19));
#4026=CARTESIAN_POINT('',(-9.80346789315629,6.71692034613335,0.));
#4027=CARTESIAN_POINT('',(-9.80154910190472,7.62248477931297,0.));
#4028=CARTESIAN_POINT('',(-8.07142097376343,6.71325032956195,2.40653934256983E-18));
#4029=CARTESIAN_POINT('',(5.26251776533413,6.68499718261391,-1.56904912832768E-18));
#4030=CARTESIAN_POINT('',(6.24474040594976,14.9382935498465,-1.86190430655316E-18));
#4031=CARTESIAN_POINT('',(1.76452318920936,23.666545066069,-5.26102465664014E-19));
#4032=CARTESIAN_POINT('',(10.1984729280204,23.6486744558926,-3.04073178876344E-18));
#4033=CARTESIAN_POINT('',(5.18117322767877,25.6295080063178,-1.5447957991051E-18));
#4034=CARTESIAN_POINT('',(8.7217095278929,27.6636471389986,-2.60042651493049E-18));
#4035=CARTESIAN_POINT('Origin',(47.2643531908899,6.59599992144565,-1.40921314629384E-17));
#4036=CARTESIAN_POINT('',(47.2643531908899,6.59599992144565,-1.40921314629384E-17));
#4037=CARTESIAN_POINT('Origin',(40.9362199797915,10.2674493882083,-1.22053631247445E-17));
#4038=CARTESIAN_POINT('Origin',(38.0860717661513,22.905647447623,-1.13555754813325E-17));
#4039=CARTESIAN_POINT('Origin',(37.5003413527168,23.5908248050391,-1.118093667998E-17));
#4040=CARTESIAN_POINT('Origin',(28.8941705134658,27.9510374417338,-8.61495867178824E-18));
#4041=CARTESIAN_POINT('Origin',(28.690162905855,27.2675334521647,-8.55413266166006E-18));
#4042=CARTESIAN_POINT('Origin',(21.364479190356,23.6250149189826,-6.36993905685647E-18));
#4043=CARTESIAN_POINT('',(21.364479190356,23.6250149189826,-6.36993905685647E-18));
#4044=CARTESIAN_POINT('Origin',(17.9003853515702,23.6323549521254,-5.33710008878754E-18));
#4045=CARTESIAN_POINT('',(17.9003853515702,23.6323549521254,-5.33710008878754E-18));
#4046=CARTESIAN_POINT('Origin',(11.5722521404717,27.3038044188881,-3.45033175059361E-18));
#4047=CARTESIAN_POINT('Origin',(8.84559578963722,27.7348233314303,-2.63736389731467E-18));
#4048=CARTESIAN_POINT('Origin',(1.76452318920936,23.666545066069,-5.26102465664014E-19));
#4049=CARTESIAN_POINT('',(1.76452318920936,23.666545066069,-5.26102465664014E-19));
#4050=CARTESIAN_POINT('Origin',(0.782474586186883,23.6686259188488,-2.33299177721101E-19));
#4051=CARTESIAN_POINT('Origin',(-8.07142097376343,6.71325032956195,2.40653934256983E-18));
#4052=CARTESIAN_POINT('',(-8.07142097376343,6.71325032956195,2.40653934256983E-18));
#4053=CARTESIAN_POINT('Origin',(-9.05346957678589,6.71533118234178,2.69934263051274E-18));
#4054=CARTESIAN_POINT('',(-9.80346789315629,6.71692034613335,-2.5));
#4055=CARTESIAN_POINT('Origin',(-9.83023392580163,-5.91518184899481,2.93093926905859E-18));
#4056=CARTESIAN_POINT('Origin',(-0.588345121873104,-10.9606777612186,1.75418391309173E-19));
#4057=CARTESIAN_POINT('',(-0.0415749400382781,-11.2779022926205,-2.5));
#4058=CARTESIAN_POINT('Origin',(0.955153376458742,-10.7052534334307,-2.84784325598691E-19));
#4059=CARTESIAN_POINT('',(8.03622597688651,-6.63697516806945,-2.39604575724932E-18));
#4060=CARTESIAN_POINT('Origin',(9.01827457990897,-6.63905602084928,-2.68884904519223E-18));
#4061=CARTESIAN_POINT('',(11.5003198156722,-6.64431520121223,-3.42888472531824E-18));
#4062=CARTESIAN_POINT('Origin',(17.8284530267707,-10.3157646679749,-5.31565306351215E-18));
#4063=CARTESIAN_POINT('',(19.5583810611081,-11.3194324397068,-2.5));
#4064=CARTESIAN_POINT('Origin',(20.5551093776051,-10.7467835805171,-6.12862091679107E-18));
#4065=CARTESIAN_POINT('',(27.6361819780329,-6.6785053151558,-8.23988234844171E-18));
#4066=CARTESIAN_POINT('Origin',(28.6182305810553,-6.68058616793562,-8.53268563638462E-18));
#4067=CARTESIAN_POINT('',(31.1002758168186,-6.68584534829859,-9.27272131651062E-18));
#4068=CARTESIAN_POINT('Origin',(37.428409027917,-10.3572948150613,-1.11594896547045E-17));
#4069=CARTESIAN_POINT('',(39.1583370622544,-11.3609625867932,-2.5));
#4070=CARTESIAN_POINT('Origin',(40.1550653787514,-10.7883137276035,-1.19724575079834E-17));
#4071=CARTESIAN_POINT('Origin',(29.4508434792808,32.3073848554504,-8.78093383248589E-18));
#4072=CARTESIAN_POINT('',(29.4508434792808,32.3073848554504,-8.78093383248589E-18));
#4073=CARTESIAN_POINT('Origin',(39.2567599532477,26.6181988651296,-1.17046227171646E-17));
#4074=CARTESIAN_POINT('',(39.2567599532477,26.6181988651296,-1.17046227171646E-17));
#4075=CARTESIAN_POINT('Origin',(42.7309312361062,24.600466168261,-1.27404663315917E-17));
#4076=CARTESIAN_POINT('',(42.7309312361062,24.600466168261,-1.27404663315917E-17));
#4077=CARTESIAN_POINT('Origin',(42.7309312361062,22.895805502214,-1.27404663315917E-17));
#4078=CARTESIAN_POINT('Origin',(52.4949430742793,7.60564128466783,-1.56516611145501E-17));
#4079=CARTESIAN_POINT('',(52.4949430742793,7.60564128466783,-1.56516611145501E-17));
#4080=CARTESIAN_POINT('Origin',(52.4949430742793,5.90098061862063,-1.56516611145501E-17));
#4081=CARTESIAN_POINT('',(52.4949430742793,5.90098061862063,-1.56516611145501E-17));
#4082=CARTESIAN_POINT('Origin',(52.4696262206993,-6.04718838794788,-1.56441127529458E-17));
#4083=CARTESIAN_POINT('',(52.4696262206993,-6.04718838794788,-1.56441127529458E-17));
#4084=CARTESIAN_POINT('Origin',(52.4696262206993,-7.75184905399491,-1.56441127529458E-17));
#4085=CARTESIAN_POINT('',(52.4696262206993,-7.75184905399491,-1.56441127529458E-17));
#4086=CARTESIAN_POINT('Origin',(48.9797115217102,-9.75482562002669,-1.46035751508767E-17));
#4087=CARTESIAN_POINT('',(48.9797115217102,-9.75482562002669,-1.46035751508767E-17));
#4088=CARTESIAN_POINT('Origin',(39.1497736902544,-15.4024053987099,-1.16727241640047E-17));
#4089=CARTESIAN_POINT('Origin',(9.76586016783365,-9.67977388109439,-2.9117458727926E-18));
#4090=CARTESIAN_POINT('Origin',(-9.85605478600506,-9.63015911421638,2.93863790305879E-18));
#4091=CARTESIAN_POINT('',(-9.85605478600506,-9.63015911421638,2.93863790305879E-18));
#4092=CARTESIAN_POINT('Origin',(-13.3302260688635,-7.61242641734784,3.97448151748581E-18));
#4093=CARTESIAN_POINT('',(-13.3302260688635,-7.61242641734784,3.97448151748581E-18));
#4094=CARTESIAN_POINT('Origin',(-13.3302260688635,-5.90776575130082,3.97448151748581E-18));
#4095=CARTESIAN_POINT('',(-13.3302260688635,-5.90776575130082,3.97448151748581E-18));
#4096=CARTESIAN_POINT('Origin',(-13.3049092152835,6.04040325526769,3.96693315588153E-18));
#4097=CARTESIAN_POINT('',(-13.3049092152835,6.04040325526769,3.96693315588153E-18));
#4098=CARTESIAN_POINT('Origin',(-13.3049092152835,7.74506392131474,3.96693315588153E-18));
#4099=CARTESIAN_POINT('',(-13.3049092152835,7.74506392131474,3.96693315588153E-18));
#4100=CARTESIAN_POINT('Origin',(-9.81499451629444,9.74804048734649,2.92639555381243E-18));
#4101=CARTESIAN_POINT('',(0.,0.,0.));
#4102=CARTESIAN_POINT('Origin',(6.07999999999997,-7.99999999999954,1.45751716044769));
#4103=CARTESIAN_POINT('',(3.97999999999997,-7.99999999999954,1.45751716044769));
#4104=CARTESIAN_POINT('Origin',(6.07999999999997,-7.99999999999954,1.45751716044769));
#4105=CARTESIAN_POINT('',(3.97999999999997,-4.99999999999954,1.45751716044769));
#4106=CARTESIAN_POINT('',(3.97999999999997,-7.99999999999954,1.45751716044769));
#4107=CARTESIAN_POINT('Origin',(6.07999999999997,-4.99999999999954,1.45751716044769));
#4108=CARTESIAN_POINT('Origin',(6.07999999999997,-4.99999999999954,1.45751716044769));
#4109=CARTESIAN_POINT('Origin',(13.5198257591901,-7.99999999999954,1.45751716044769));
#4110=CARTESIAN_POINT('',(11.4198257591901,-7.99999999999954,1.45751716044769));
#4111=CARTESIAN_POINT('Origin',(13.5198257591901,-7.99999999999954,1.45751716044769));
#4112=CARTESIAN_POINT('',(11.4198257591901,-4.99999999999954,1.45751716044769));
#4113=CARTESIAN_POINT('',(11.4198257591901,-7.99999999999954,1.45751716044769));
#4114=CARTESIAN_POINT('Origin',(13.5198257591901,-4.99999999999954,1.45751716044769));
#4115=CARTESIAN_POINT('Origin',(13.5198257591901,-4.99999999999954,1.45751716044769));
#4116=CARTESIAN_POINT('Origin',(-13.3000000000041,-7.99999999999954,-5.02590208582488));
#4117=CARTESIAN_POINT('',(-13.3000000000041,55.1000000000007,-4.34196736194157));
#4118=CARTESIAN_POINT('',(-13.3000000000041,-7.99999999999955,-4.34196736194159));
#4119=CARTESIAN_POINT('',(-13.3000000000041,23.5500000000006,-4.34196736194158));
#4120=CARTESIAN_POINT('',(-13.3000000000041,-7.99999999999954,-3.32124141977501));
#4121=CARTESIAN_POINT('',(-13.3000000000041,-7.99999999999954,-3.32124141977501));
#4122=CARTESIAN_POINT('',(-13.3000000000041,55.1000000000007,-3.32124141977501));
#4123=CARTESIAN_POINT('',(-13.3000000000041,-7.99999999999954,-3.32124141977501));
#4124=CARTESIAN_POINT('',(-13.3000000000041,55.1000000000007,-2.6800472742565));
#4125=CARTESIAN_POINT('Origin',(13.5198257591901,16.0382116445876,4.35751716044769));
#4126=CARTESIAN_POINT('',(8.06794919243106,16.0382116445876,-4.34196736194156));
#4127=CARTESIAN_POINT('',(11.5320508075688,16.0382116445876,-4.34196736194156));
#4128=CARTESIAN_POINT('',(11.284912879595,16.0382116445876,-4.34196736194156));
#4129=CARTESIAN_POINT('',(6.75738008344031,16.0382116445876,-3.58530993407417));
#4130=CARTESIAN_POINT('',(8.22890925591108,16.0382116445876,-4.43489769792053));
#4131=CARTESIAN_POINT('',(6.75738008344034,16.0382116445876,2.85751716044773));
#4132=CARTESIAN_POINT('',(6.75738008344035,16.0382116445876,4.35751716044773));
#4133=CARTESIAN_POINT('',(13.5198257591901,16.0382116445876,2.85751716044769));
#4134=CARTESIAN_POINT('',(12.1606647303569,16.0382116445876,2.8575171604477));
#4135=CARTESIAN_POINT('',(13.51982575919,16.0382116445876,-3.19432495853469));
#4136=CARTESIAN_POINT('',(13.5198257591901,16.0382116445876,4.35751716044769));
#4137=CARTESIAN_POINT('',(17.3289092559126,16.0382116445876,-0.995149576336254));
#4138=CARTESIAN_POINT('Origin',(9.79999999999873,-7.99999999999954,-0.334192462688609));
#4139=CARTESIAN_POINT('',(-8.06794919243113,-7.99999999999954,-4.34196736194157));
#4140=CARTESIAN_POINT('',(2.10479781751852E-14,-7.99999999999955,0.316065276116607));
#4141=CARTESIAN_POINT('',(-8.06794919243113,-7.99999999999954,-4.34196736194157));
#4142=CARTESIAN_POINT('',(8.06794919243106,-7.99999999999954,-4.34196736194156));
#4143=CARTESIAN_POINT('',(4.08950548857388,-7.99999999999954,-2.04501181856397));
#4144=CARTESIAN_POINT('',(11.5320508075688,-7.99999999999954,-4.34196736194156));
#4145=CARTESIAN_POINT('',(8.06794919243106,-7.99999999999954,-4.34196736194156));
#4146=CARTESIAN_POINT('',(19.5999999999994,-7.99999999999955,0.316065276116347));
#4147=CARTESIAN_POINT('',(11.5320508075688,-7.99999999999954,-4.34196736194156));
#4148=CARTESIAN_POINT('',(27.667949192431,-7.99999999999954,-4.34196736194157));
#4149=CARTESIAN_POINT('',(16.3395054885736,-7.99999999999954,2.19851265997934));
#4150=CARTESIAN_POINT('',(32.9000000000016,-7.99999999999955,-4.3419673619417));
#4151=CARTESIAN_POINT('',(27.667949192431,-7.99999999999954,-4.34196736194157));
#4152=CARTESIAN_POINT('',(32.9000000000016,-7.99999999999954,-3.32124141977509));
#4153=CARTESIAN_POINT('',(32.9000000000013,-7.99999999999954,-14.6373066958928));
#4154=CARTESIAN_POINT('',(19.6000000000001,-7.99999999999954,4.35751716044766));
#4155=CARTESIAN_POINT('',(32.9000000000016,-7.99999999999954,-3.32124141977509));
#4156=CARTESIAN_POINT('',(-2.34701147405758E-12,-7.99999999999954,4.35751716044776));
#4157=CARTESIAN_POINT('',(19.6000000000001,-7.99999999999954,4.35751716044766));
#4158=CARTESIAN_POINT('',(-2.34701147405758E-12,-7.99999999999954,4.35751716044776));
#4159=CARTESIAN_POINT('',(0.374999999999363,-7.99999999999954,-4.3419673619416));
#4160=CARTESIAN_POINT('Origin',(4.96124536163968,52.0331213791408,4.35751716044774));
#4161=CARTESIAN_POINT('',(2.86124536163968,52.0331213791408,4.35751716044775));
#4162=CARTESIAN_POINT('Origin',(4.96124536163968,52.0331213791408,4.35751716044773));
#4163=CARTESIAN_POINT('',(2.86124536163965,52.0331213791408,-0.642482839552252));
#4164=CARTESIAN_POINT('',(2.86124536163968,52.0331213791408,4.35751716044775));
#4165=CARTESIAN_POINT('Origin',(4.96124536163965,52.0331213791408,-0.642482839552262));
#4166=CARTESIAN_POINT('Origin',(4.96124536163965,52.0331213791408,-0.642482839552262));
#4167=CARTESIAN_POINT('Origin',(15.6790880067603,52.0331213791408,4.35751716044768));
#4168=CARTESIAN_POINT('',(13.5790880067603,52.0331213791408,4.35751716044769));
#4169=CARTESIAN_POINT('Origin',(15.6790880067603,52.0331213791408,4.35751716044768));
#4170=CARTESIAN_POINT('',(13.5790880067603,52.0331213791408,-0.642482839552306));
#4171=CARTESIAN_POINT('',(13.5790880067603,52.0331213791408,4.35751716044769));
#4172=CARTESIAN_POINT('Origin',(15.6790880067603,52.0331213791408,-0.642482839552316));
#4173=CARTESIAN_POINT('Origin',(15.6790880067603,52.0331213791408,-0.642482839552316));
#4174=CARTESIAN_POINT('Origin',(10.8015037015237,25.6616299935937,4.35751716044771));
#4175=CARTESIAN_POINT('',(-2.34701147405758E-12,24.6369262383935,4.35751716044776));
#4176=CARTESIAN_POINT('',(-0.0484962984764059,25.6616299935937,4.32951780946907));
#4177=CARTESIAN_POINT('Origin',(10.8015037015237,25.6616299935937,10.5937682301763));
#4178=CARTESIAN_POINT('',(19.6000000000001,19.3126959975833,4.35751716044766));
#4179=CARTESIAN_POINT('Origin',(10.8015037015237,25.6616299935937,4.3575171604477));
#4180=CARTESIAN_POINT('',(19.6000000000001,32.0105639896041,4.35751716044766));
#4181=CARTESIAN_POINT('Origin',(10.8015037015237,25.6616299935937,9.4373313668369));
#4182=CARTESIAN_POINT('',(-2.34701147405758E-12,26.6863337487939,4.35751716044776));
#4183=CARTESIAN_POINT('Origin',(10.8015037015237,25.6616299935937,4.3575171604477));
#4184=CARTESIAN_POINT('Origin',(10.8015037015237,25.6616299935937,10.5937682301763));
#4185=CARTESIAN_POINT('',(-0.0484962984764148,25.6616299935937,2.85751716044776));
#4186=CARTESIAN_POINT('',(-0.0484962984764059,25.6616299935937,4.35751716044777));
#4187=CARTESIAN_POINT('Origin',(10.8015037015236,25.6616299935937,2.85751716044771));
#4188=CARTESIAN_POINT('Origin',(10.8015037015236,25.6616299935937,2.85751716044771));
#4189=CARTESIAN_POINT('',(13.5198257591901,33.5397756523278,2.85751716044769));
#4190=CARTESIAN_POINT('',(13.5198257591901,29.6007028229607,2.85751716044769));
#4191=CARTESIAN_POINT('',(6.75738008344034,33.5397756523278,2.85751716044773));
#4192=CARTESIAN_POINT('',(6.75738008344034,20.8499208190906,2.85751716044773));
#4193=CARTESIAN_POINT('',(8.77944189248199,33.5397756523278,2.85751716044772));
#4194=CARTESIAN_POINT('Origin',(-13.3000000000041,-7.99999999999954,-3.32124141977501));
#4195=CARTESIAN_POINT('',(-2.34701147405758E-12,55.1000000000007,4.35751716044776));
#4196=CARTESIAN_POINT('',(-2.34701147405758E-12,-7.99999999999954,4.35751716044776));
#4197=CARTESIAN_POINT('',(-3.99078493020674,55.1000000000007,2.05343640671643));
#4198=CARTESIAN_POINT('',(-2.34701147405758E-12,-7.99999999999954,4.35751716044776));
#4199=CARTESIAN_POINT('Origin',(-2.34701147405758E-12,-7.99999999999954,
4.35751716044776));
#4200=CARTESIAN_POINT('',(19.6000000000001,55.1000000000007,4.35751716044766));
#4201=CARTESIAN_POINT('',(19.6000000000001,-7.99999999999954,4.35751716044766));
#4202=CARTESIAN_POINT('',(4.8999999999982,55.1000000000007,4.35751716044774));
#4203=CARTESIAN_POINT('Origin',(6.75738008344035,16.0382116445876,4.35751716044773));
#4204=CARTESIAN_POINT('',(6.75738008344031,33.5397756523278,-3.58530993407416));
#4205=CARTESIAN_POINT('',(6.75738008344031,4.01910582229403,-3.58530993407417));
#4206=CARTESIAN_POINT('',(6.75738008344035,33.5397756523278,4.35751716044773));
#4207=CARTESIAN_POINT('Origin',(13.5198257591901,33.5397756523278,4.35751716044769));
#4208=CARTESIAN_POINT('',(13.51982575919,33.5397756523278,-3.19432495853469));
#4209=CARTESIAN_POINT('',(13.5198257591901,33.5397756523278,4.35751716044769));
#4210=CARTESIAN_POINT('',(13.51982575919,12.7698878261641,-3.19432495853469));
#4211=CARTESIAN_POINT('Origin',(6.75738008344035,33.5397756523278,4.35751716044773));
#4212=CARTESIAN_POINT('',(11.5320508075688,33.5397756523278,-4.34196736194156));
#4213=CARTESIAN_POINT('',(8.06794919243106,33.5397756523278,-4.34196736194156));
#4214=CARTESIAN_POINT('',(7.90369004172015,33.5397756523278,-4.34196736194156));
#4215=CARTESIAN_POINT('',(14.7929921275064,33.5397756523278,-2.4592620130641));
#4216=CARTESIAN_POINT('',(5.69299212750489,33.5397756523278,-2.97078526119267));
#4217=CARTESIAN_POINT('Origin',(11.5320508075688,-7.99999999999954,-4.34196736194156));
#4218=CARTESIAN_POINT('',(8.06794919243106,55.1000000000007,-4.34196736194156));
#4219=CARTESIAN_POINT('',(8.06794919243106,-7.99999999999954,-4.34196736194156));
#4220=CARTESIAN_POINT('',(11.5320508075688,55.1000000000007,-4.34196736194156));
#4221=CARTESIAN_POINT('',(9.42499999999933,55.1000000000007,-4.34196736194156));
#4222=CARTESIAN_POINT('',(11.5320508075688,-7.99999999999954,-4.34196736194156));
#4223=CARTESIAN_POINT('Origin',(19.0525588832576,-7.99999999999954,-3.58046925441613E-14));
#4224=CARTESIAN_POINT('',(19.5999999999993,55.1000000000008,0.316065276116371));
#4225=CARTESIAN_POINT('',(14.9181896660118,55.1000000000007,-2.38697918050611));
#4226=CARTESIAN_POINT('',(19.5999999999993,55.1000000000008,0.316065276116371));
#4227=CARTESIAN_POINT('',(11.5320508075688,-7.99999999999954,-4.34196736194156));
#4228=CARTESIAN_POINT('Origin',(27.667949192431,-7.99999999999954,-4.34196736194157));
#4229=CARTESIAN_POINT('',(27.667949192431,55.1000000000007,-4.34196736194157));
#4230=CARTESIAN_POINT('',(16.3395054885736,55.1000000000007,2.19851265997935));
#4231=CARTESIAN_POINT('',(27.667949192431,-7.99999999999954,-4.34196736194157));
#4232=CARTESIAN_POINT('Origin',(28.6499999999999,-7.99999999999954,-4.34196736194156));
#4233=CARTESIAN_POINT('',(32.9000000000016,55.1000000000008,-4.34196736194167));
#4234=CARTESIAN_POINT('',(19.2249999999993,55.1000000000007,-4.34196736194165));
#4235=CARTESIAN_POINT('',(32.9000000000016,23.5500000000006,-4.34196736194168));
#4236=CARTESIAN_POINT('Origin',(32.9000000000016,-7.99999999999954,-3.32124141977509));
#4237=CARTESIAN_POINT('',(32.9000000000016,55.1000000000007,-3.32124141977509));
#4238=CARTESIAN_POINT('',(32.9000000000016,55.1000000000007,-1.82771694123217));
#4239=CARTESIAN_POINT('',(32.9000000000016,-7.99999999999954,-3.32124141977509));
#4240=CARTESIAN_POINT('Origin',(19.6000000000001,-7.99999999999954,4.35751716044766));
#4241=CARTESIAN_POINT('',(19.6000000000001,-7.99999999999954,4.35751716044766));
#4242=CARTESIAN_POINT('',(16.9407849302036,55.1000000000007,5.89281569682781));
#4243=CARTESIAN_POINT('Origin',(-2.34701147405758E-12,-7.99999999999954,
4.35751716044776));
#4244=CARTESIAN_POINT('Origin',(-8.06794919243113,-7.99999999999954,-4.34196736194157));
#4245=CARTESIAN_POINT('',(-8.06794919243113,55.1000000000007,-4.34196736194157));
#4246=CARTESIAN_POINT('',(0.374999999999363,55.1000000000007,-4.34196736194157));
#4247=CARTESIAN_POINT('',(-8.06794919243113,-7.99999999999954,-4.34196736194157));
#4248=CARTESIAN_POINT('Origin',(-1.73205080756888,-7.99999999999954,-0.683934723883342));
#4249=CARTESIAN_POINT('',(9.71445146547012E-15,55.1000000000007,0.316065276116631));
#4250=CARTESIAN_POINT('',(2.66818966601195,55.1000000000007,1.85654529803756));
#4251=CARTESIAN_POINT('',(9.71445146547012E-15,55.1000000000007,0.316065276116631));
#4252=CARTESIAN_POINT('Origin',(8.06794919243106,-7.99999999999954,-4.34196736194156));
#4253=CARTESIAN_POINT('',(8.06794919243106,-7.99999999999954,-4.34196736194156));
#4254=CARTESIAN_POINT('',(4.08950548857389,55.1000000000007,-2.04501181856396));
#4255=CARTESIAN_POINT('Origin',(11.5320508075688,-7.99999999999954,-4.34196736194156));
#4256=CARTESIAN_POINT('Origin',(9.79999999999873,55.1000000000007,-0.334192462688606));
#4257=CARTESIAN_POINT('',(2.1720805999594E-14,0.,4.35751716044776));
#4258=CARTESIAN_POINT('',(45.4839984683832,92.9124629274806,90.2732468083646));
#4259=CARTESIAN_POINT('',(71.2967911371142,36.774544247824,56.4359281917624));
#4260=CARTESIAN_POINT('Origin',(0.,0.,0.));
#4261=UNCERTAINTY_MEASURE_WITH_UNIT(LENGTH_MEASURE(0.01),#4269,
'DISTANCE_ACCURACY_VALUE',
'Maximum model space distance between geometric entities at asserted c
onnectivities');
#4262=UNCERTAINTY_MEASURE_WITH_UNIT(LENGTH_MEASURE(0.01),#4269,
'DISTANCE_ACCURACY_VALUE',
'Maximum model space distance between geometric entities at asserted c
onnectivities');
#4263=UNCERTAINTY_MEASURE_WITH_UNIT(LENGTH_MEASURE(0.01),#4269,
'DISTANCE_ACCURACY_VALUE',
'Maximum model space distance between geometric entities at asserted c
onnectivities');
#4264=UNCERTAINTY_MEASURE_WITH_UNIT(LENGTH_MEASURE(0.01),#4269,
'DISTANCE_ACCURACY_VALUE',
'Maximum model space distance between geometric entities at asserted c
onnectivities');
#4265=(
GEOMETRIC_REPRESENTATION_CONTEXT(3)
GLOBAL_UNCERTAINTY_ASSIGNED_CONTEXT((#4261))
GLOBAL_UNIT_ASSIGNED_CONTEXT((#4269,#4271,#4272))
REPRESENTATION_CONTEXT('','3D')
);
#4266=(
GEOMETRIC_REPRESENTATION_CONTEXT(3)
GLOBAL_UNCERTAINTY_ASSIGNED_CONTEXT((#4262))
GLOBAL_UNIT_ASSIGNED_CONTEXT((#4269,#4271,#4272))
REPRESENTATION_CONTEXT('','3D')
);
#4267=(
GEOMETRIC_REPRESENTATION_CONTEXT(3)
GLOBAL_UNCERTAINTY_ASSIGNED_CONTEXT((#4263))
GLOBAL_UNIT_ASSIGNED_CONTEXT((#4269,#4271,#4272))
REPRESENTATION_CONTEXT('','3D')
);
#4268=(
GEOMETRIC_REPRESENTATION_CONTEXT(3)
GLOBAL_UNCERTAINTY_ASSIGNED_CONTEXT((#4264))
GLOBAL_UNIT_ASSIGNED_CONTEXT((#4269,#4271,#4272))
REPRESENTATION_CONTEXT('','3D')
);
#4269=(
LENGTH_UNIT()
NAMED_UNIT(*)
SI_UNIT(.MILLI.,.METRE.)
);
#4270=(
LENGTH_UNIT()
NAMED_UNIT(*)
SI_UNIT(.CENTI.,.METRE.)
);
#4271=(
NAMED_UNIT(*)
PLANE_ANGLE_UNIT()
SI_UNIT($,.RADIAN.)
);
#4272=(
NAMED_UNIT(*)
SI_UNIT($,.STERADIAN.)
SOLID_ANGLE_UNIT()
);
#4273=SHAPE_DEFINITION_REPRESENTATION(#4276,#4281);
#4274=SHAPE_DEFINITION_REPRESENTATION(#4277,#4282);
#4275=SHAPE_DEFINITION_REPRESENTATION(#4278,#4283);
#4276=PRODUCT_DEFINITION_SHAPE('',$,#4285);
#4277=PRODUCT_DEFINITION_SHAPE('',$,#4286);
#4278=PRODUCT_DEFINITION_SHAPE('',$,#4287);
#4279=PRODUCT_DEFINITION_SHAPE($,$,#21);
#4280=PRODUCT_DEFINITION_SHAPE($,$,#22);
#4281=SHAPE_REPRESENTATION('',(#2688,#2843,#2844),#4265);
#4282=SHAPE_REPRESENTATION('',(#2689),#4266);
#4283=SHAPE_REPRESENTATION('',(#2798),#4267);
#4284=PRODUCT_DEFINITION_CONTEXT('part definition',#4295,'design');
#4285=PRODUCT_DEFINITION('\X2\0430043A043A0443043C0443043B044F0442043E0440\X0\ 
18650','\X2\0430043A043A0443043C0443043B044F0442043E0440\X0\ 18650',#4288,
#4284);
#4286=PRODUCT_DEFINITION('\X2\043A04400435043F04350436\X0\',
'\X2\043A04400435043F04350436\X0\',#4289,#4284);
#4287=PRODUCT_DEFINITION('\X2\043A04400435043F04350436\X0\ \X2\0431043E043A\X0\',
'\X2\043A04400435043F04350436\X0\ \X2\0431043E043A\X0\',#4290,#4284);
#4288=PRODUCT_DEFINITION_FORMATION('',$,#4297);
#4289=PRODUCT_DEFINITION_FORMATION('',$,#4298);
#4290=PRODUCT_DEFINITION_FORMATION('',$,#4299);
#4291=PRODUCT_RELATED_PRODUCT_CATEGORY('\X2\0430043A043A0443043C0443043B044F0442043E0440\X0\ 
18650','\X2\0430043A043A0443043C0443043B044F0442043E0440\X0\ 18650',(#4297));
#4292=PRODUCT_RELATED_PRODUCT_CATEGORY('\X2\043A04400435043F04350436\X0\',
'\X2\043A04400435043F04350436\X0\',(#4298));
#4293=PRODUCT_RELATED_PRODUCT_CATEGORY('\X2\043A04400435043F04350436\X0\ 
\X2\0431043E043A\X0\','\X2\043A04400435043F04350436\X0\ \X2\0431043E043A\X0\',
(#4299));
#4294=APPLICATION_PROTOCOL_DEFINITION('international standard',
'automotive_design',2009,#4295);
#4295=APPLICATION_CONTEXT(
'Core Data for Automotive Mechanical Design Process');
#4296=PRODUCT_CONTEXT('part definition',#4295,'mechanical');
#4297=PRODUCT('\X2\0430043A043A0443043C0443043B044F0442043E0440\X0\ 18
650','\X2\0430043A043A0443043C0443043B044F0442043E0440\X0\ 18650',$,(#4296));
#4298=PRODUCT('\X2\043A04400435043F04350436\X0\','\X2\043A04400435043F04350436\X0\',
$,(#4296));
#4299=PRODUCT('\X2\043A04400435043F04350436\X0\ \X2\0431043E043A\X0\',
'\X2\043A04400435043F04350436\X0\ \X2\0431043E043A\X0\',$,(#4296));
#4300=PRESENTATION_STYLE_ASSIGNMENT((#4305));
#4301=PRESENTATION_STYLE_ASSIGNMENT((#4306));
#4302=PRESENTATION_STYLE_ASSIGNMENT((#4307));
#4303=PRESENTATION_STYLE_ASSIGNMENT((#4308));
#4304=PRESENTATION_STYLE_ASSIGNMENT((NULL_STYLE(.NULL.)));
#4305=SURFACE_STYLE_USAGE(.BOTH.,#4315);
#4306=SURFACE_STYLE_USAGE(.BOTH.,#4316);
#4307=SURFACE_STYLE_USAGE(.BOTH.,#4317);
#4308=SURFACE_STYLE_USAGE(.BOTH.,#4318);
#4309=SURFACE_STYLE_RENDERING_WITH_PROPERTIES($,#4331,(#4312));
#4310=SURFACE_STYLE_RENDERING_WITH_PROPERTIES($,#4332,(#4313));
#4311=SURFACE_STYLE_RENDERING_WITH_PROPERTIES($,#4333,(#4314));
#4312=SURFACE_STYLE_TRANSPARENT(0.);
#4313=SURFACE_STYLE_TRANSPARENT(0.);
#4314=SURFACE_STYLE_TRANSPARENT(0.);
#4315=SURFACE_SIDE_STYLE('',(#4319,#4309));
#4316=SURFACE_SIDE_STYLE('',(#4320,#4310));
#4317=SURFACE_SIDE_STYLE('',(#4321,#4311));
#4318=SURFACE_SIDE_STYLE('',(#4322));
#4319=SURFACE_STYLE_FILL_AREA(#4323);
#4320=SURFACE_STYLE_FILL_AREA(#4324);
#4321=SURFACE_STYLE_FILL_AREA(#4325);
#4322=SURFACE_STYLE_FILL_AREA(#4326);
#4323=FILL_AREA_STYLE('',(#4327));
#4324=FILL_AREA_STYLE('',(#4328));
#4325=FILL_AREA_STYLE('',(#4329));
#4326=FILL_AREA_STYLE('',(#4330));
#4327=FILL_AREA_STYLE_COLOUR('',#4331);
#4328=FILL_AREA_STYLE_COLOUR('',#4332);
#4329=FILL_AREA_STYLE_COLOUR('',#4333);
#4330=FILL_AREA_STYLE_COLOUR('',#4334);
#4331=COLOUR_RGB('',0.6,0.6,0.6);
#4332=COLOUR_RGB('',0.96078431372549,0.96078431372549,0.96078431372549);
#4333=COLOUR_RGB('',0.749019607843137,0.749019607843137,0.749019607843137);
#4334=COLOUR_RGB('',1.,1.,0.);
ENDSEC;
END-ISO-10303-21;
