ISO-10303-21;
HEADER;
/* Generated by software containing ST-Developer
 * from STEP Tools, Inc. (www.steptools.com) 
 */

FILE_DESCRIPTION(
/* description */ (''),
/* implementation_level */ '2;1');

FILE_NAME(
/* name */ '',
/* time_stamp */ '2026-06-29T16:40:14+03:00',
/* author */ ('katya_notebook'),
/* organization */ (''),
/* preprocessor_version */ 'ST-DEVELOPER v20',
/* originating_system */ 'Autodesk Inventor 2024',
/* authorisation */ '');

FILE_SCHEMA (('AUTOMOTIVE_DESIGN { 1 0 10303 214 3 1 1 }'));
ENDSEC;

DATA;
#10=MECHANICAL_DESIGN_GEOMETRIC_PRESENTATION_REPRESENTATION('',(#17),#7717);
#11=GEOMETRICALLY_BOUNDED_WIREFRAME_SHAPE_REPRESENTATION('',(#12,#13),#7716);
#12=GEOMETRIC_CURVE_SET('\X2\042D0441043A04380437\X0\13',(#7712));
#13=GEOMETRIC_CURVE_SET('\X2\042D0441043A04380437\X0\35',(#7713));
#14=SHAPE_REPRESENTATION_RELATIONSHIP('SRR','None',#7724,#16);
#15=SHAPE_REPRESENTATION_RELATIONSHIP('SRR','None',#7724,#11);
#16=ADVANCED_BREP_SHAPE_REPRESENTATION('',(#18),#7716);
#17=STYLED_ITEM('',(#7733),#18);
#18=MANIFOLD_SOLID_BREP('\X2\04220432043504400434043E0435\X0\ \X2\04420435043B043E\X0\1',
#4513);
#19=B_SPLINE_SURFACE_WITH_KNOTS('',3,3,((#7004,#7005,#7006,#7007,#7008,
#7009),(#7010,#7011,#7012,#7013,#7014,#7015),(#7016,#7017,#7018,#7019,#7020,
#7021),(#7022,#7023,#7024,#7025,#7026,#7027),(#7028,#7029,#7030,#7031,#7032,
#7033)),.UNSPECIFIED.,.F.,.F.,.F.,(4,1,4),(4,1,1,4),(0.,0.571428571428571,
1.),(2.08166817117217E-16,0.448798950512829,0.673198425769243,1.5707963267949),
 .UNSPECIFIED.);
#20=B_SPLINE_SURFACE_WITH_KNOTS('',3,3,((#7034,#7035,#7036,#7037,#7038,
#7039),(#7040,#7041,#7042,#7043,#7044,#7045),(#7046,#7047,#7048,#7049,#7050,
#7051),(#7052,#7053,#7054,#7055,#7056,#7057),(#7058,#7059,#7060,#7061,#7062,
#7063)),.UNSPECIFIED.,.F.,.F.,.F.,(4,1,4),(4,1,1,4),(0.,0.571428571428571,
1.),(0.,0.448798950512828,0.673198425769241,1.5707963267949),
 .UNSPECIFIED.);
#21=B_SPLINE_SURFACE_WITH_KNOTS('',3,3,((#7064,#7065,#7066,#7067,#7068,
#7069),(#7070,#7071,#7072,#7073,#7074,#7075),(#7076,#7077,#7078,#7079,#7080,
#7081),(#7082,#7083,#7084,#7085,#7086,#7087),(#7088,#7089,#7090,#7091,#7092,
#7093)),.UNSPECIFIED.,.F.,.F.,.F.,(4,1,4),(4,1,1,4),(0.,0.571428571428571,
1.),(0.,0.448798950512828,0.673198425769241,1.5707963267949),
 .UNSPECIFIED.);
#22=B_SPLINE_SURFACE_WITH_KNOTS('',3,3,((#7094,#7095,#7096,#7097,#7098,
#7099),(#7100,#7101,#7102,#7103,#7104,#7105),(#7106,#7107,#7108,#7109,#7110,
#7111),(#7112,#7113,#7114,#7115,#7116,#7117),(#7118,#7119,#7120,#7121,#7122,
#7123)),.UNSPECIFIED.,.F.,.F.,.F.,(4,1,4),(4,1,1,4),(0.,0.571428571428571,
1.),(0.,0.448798950512828,0.673198425769241,1.5707963267949),
 .UNSPECIFIED.);
#23=B_SPLINE_SURFACE_WITH_KNOTS('',3,3,((#7557,#7558,#7559,#7560,#7561,
#7562),(#7563,#7564,#7565,#7566,#7567,#7568),(#7569,#7570,#7571,#7572,#7573,
#7574),(#7575,#7576,#7577,#7578,#7579,#7580),(#7581,#7582,#7583,#7584,#7585,
#7586)),.UNSPECIFIED.,.F.,.F.,.F.,(4,1,4),(4,1,1,4),(0.,0.571428571428571,
1.),(6.93889390390723E-17,0.448798950512828,0.673198425769241,1.5707963267949),
 .UNSPECIFIED.);
#24=B_SPLINE_SURFACE_WITH_KNOTS('',3,3,((#7589,#7590,#7591,#7592,#7593,
#7594),(#7595,#7596,#7597,#7598,#7599,#7600),(#7601,#7602,#7603,#7604,#7605,
#7606),(#7607,#7608,#7609,#7610,#7611,#7612),(#7613,#7614,#7615,#7616,#7617,
#7618)),.UNSPECIFIED.,.F.,.F.,.F.,(4,1,4),(4,1,1,4),(0.,0.571428571428571,
1.),(1.38777878078145E-16,0.44879895051283,0.89759790102566,1.5707963267949),
 .UNSPECIFIED.);
#25=ELLIPSE('',#4718,2.23606797749977,2.);
#26=ELLIPSE('',#4720,2.23606797749979,2.);
#27=ELLIPSE('',#4721,2.23606797749979,2.);
#28=ELLIPSE('',#4723,2.23606797749978,2.);
#29=ELLIPSE('',#4725,2.23606797749979,2.);
#30=ELLIPSE('',#4727,2.23606797749979,2.);
#31=ELLIPSE('',#4728,2.23606797749979,2.);
#32=ELLIPSE('',#4730,2.23606797749977,2.);
#33=ELLIPSE('',#4770,2.82842712474619,2.);
#34=ELLIPSE('',#4771,2.82842712474619,2.);
#35=ELLIPSE('',#4788,2.23606797749979,2.);
#36=ELLIPSE('',#4789,2.23606797749978,2.);
#37=ELLIPSE('',#4794,2.82842712474619,2.);
#38=ELLIPSE('',#4795,2.82842712474619,2.);
#39=ELLIPSE('',#4855,2.23606797749979,2.);
#40=ELLIPSE('',#4857,2.23606797749979,2.);
#41=TOROIDAL_SURFACE('',#4576,4.,2.);
#42=TOROIDAL_SURFACE('',#4597,4.,2.);
#43=TOROIDAL_SURFACE('',#4715,3.99999999999998,2.);
#44=TOROIDAL_SURFACE('',#4732,4.00000000000001,2.);
#45=TOROIDAL_SURFACE('',#4777,4.,2.);
#46=TOROIDAL_SURFACE('',#4802,4.,2.);
#47=TOROIDAL_SURFACE('',#4803,4.,2.);
#48=FACE_BOUND('',#582,.T.);
#49=FACE_BOUND('',#583,.T.);
#50=FACE_BOUND('',#584,.T.);
#51=FACE_BOUND('',#585,.T.);
#52=FACE_BOUND('',#586,.T.);
#53=FACE_BOUND('',#593,.T.);
#54=FACE_BOUND('',#594,.T.);
#55=FACE_BOUND('',#595,.T.);
#56=FACE_BOUND('',#601,.T.);
#57=FACE_BOUND('',#602,.T.);
#58=FACE_BOUND('',#603,.T.);
#59=FACE_BOUND('',#605,.T.);
#60=FACE_BOUND('',#606,.T.);
#61=FACE_BOUND('',#607,.T.);
#62=FACE_BOUND('',#619,.T.);
#63=FACE_BOUND('',#641,.T.);
#64=FACE_BOUND('',#642,.T.);
#65=FACE_BOUND('',#643,.T.);
#66=FACE_BOUND('',#644,.T.);
#67=FACE_BOUND('',#650,.T.);
#68=FACE_BOUND('',#672,.T.);
#69=FACE_BOUND('',#673,.T.);
#70=FACE_BOUND('',#674,.T.);
#71=FACE_BOUND('',#675,.T.);
#72=FACE_BOUND('',#676,.T.);
#73=FACE_BOUND('',#705,.T.);
#74=FACE_BOUND('',#706,.T.);
#75=FACE_BOUND('',#707,.T.);
#76=FACE_BOUND('',#708,.T.);
#77=FACE_BOUND('',#709,.T.);
#78=FACE_BOUND('',#712,.T.);
#79=FACE_BOUND('',#713,.T.);
#80=FACE_BOUND('',#714,.T.);
#81=FACE_BOUND('',#715,.T.);
#82=FACE_BOUND('',#716,.T.);
#83=FACE_BOUND('',#718,.T.);
#84=FACE_BOUND('',#719,.T.);
#85=FACE_BOUND('',#720,.T.);
#86=FACE_BOUND('',#721,.T.);
#87=FACE_BOUND('',#722,.T.);
#88=FACE_BOUND('',#737,.T.);
#89=FACE_BOUND('',#740,.T.);
#90=FACE_BOUND('',#751,.T.);
#91=FACE_BOUND('',#753,.T.);
#92=FACE_BOUND('',#754,.T.);
#93=FACE_BOUND('',#761,.T.);
#94=FACE_BOUND('',#765,.T.);
#95=FACE_BOUND('',#766,.T.);
#96=FACE_BOUND('',#769,.T.);
#97=FACE_BOUND('',#770,.T.);
#98=FACE_BOUND('',#783,.T.);
#99=FACE_BOUND('',#784,.T.);
#100=FACE_BOUND('',#785,.T.);
#101=FACE_BOUND('',#807,.T.);
#102=FACE_BOUND('',#808,.T.);
#103=FACE_BOUND('',#809,.T.);
#104=FACE_BOUND('',#810,.T.);
#105=FACE_BOUND('',#811,.T.);
#106=FACE_BOUND('',#819,.T.);
#107=FACE_BOUND('',#820,.T.);
#108=FACE_BOUND('',#823,.T.);
#109=FACE_BOUND('',#824,.T.);
#110=FACE_BOUND('',#825,.T.);
#111=FACE_BOUND('',#831,.T.);
#112=FACE_BOUND('',#832,.T.);
#113=FACE_BOUND('',#833,.T.);
#114=FACE_BOUND('',#839,.T.);
#115=FACE_BOUND('',#840,.T.);
#116=FACE_BOUND('',#843,.T.);
#117=FACE_BOUND('',#844,.T.);
#118=B_SPLINE_CURVE_WITH_KNOTS('',3,(#6294,#6295,#6296,#6297,#6298,#6299,
#6300,#6301,#6302,#6303,#6304,#6305,#6306,#6307,#6308,#6309,#6310,#6311,
#6312,#6313,#6314,#6315),.UNSPECIFIED.,.F.,.F.,(4,2,2,2,2,2,2,2,2,2,4),
(-7.9005550864822,-7.89612300226827,-7.89047955688102,-7.88324062060983,
-7.87245706987593,-7.8564875546894,-7.81256357250809,-7.62348786661616,
-7.46351266899896,-7.33914889355859,-7.23620276729811),.UNSPECIFIED.);
#119=B_SPLINE_CURVE_WITH_KNOTS('',3,(#6323,#6324,#6325,#6326),
 .UNSPECIFIED.,.F.,.F.,(4,4),(0.591953154638198,0.592959419593138),
 .UNSPECIFIED.);
#120=B_SPLINE_CURVE_WITH_KNOTS('',3,(#6369,#6370,#6371,#6372,#6373,#6374,
#6375,#6376,#6377,#6378,#6379,#6380,#6381,#6382,#6383,#6384,#6385,#6386,
#6387,#6388),.UNSPECIFIED.,.F.,.F.,(4,2,2,2,2,2,2,2,2,4),(-9.36699074800033,
-8.77759620415715,-7.98085211309368,-6.99971090634744,-5.87960566343337,
-5.68607142160404,-5.61116737479495,-5.56293162459368,-5.51498432626762,
-5.49581687230082),.UNSPECIFIED.);
#121=B_SPLINE_CURVE_WITH_KNOTS('',3,(#6546,#6547,#6548,#6549),
 .UNSPECIFIED.,.F.,.F.,(4,4),(0.592959419593138,0.592968153833639),
 .UNSPECIFIED.);
#122=B_SPLINE_CURVE_WITH_KNOTS('',3,(#6631,#6632,#6633,#6634,#6635,#6636,
#6637,#6638,#6639,#6640,#6641,#6642,#6643,#6644,#6645,#6646,#6647,#6648,
#6649,#6650,#6651,#6652,#6653,#6654,#6655,#6656,#6657,#6658,#6659,#6660,
#6661),.UNSPECIFIED.,.F.,.F.,(4,2,2,2,2,2,2,3,2,2,2,2,2,2,4),(-0.412165059339285,
-0.39155560494832,-0.327162484660745,-0.26276936437317,-0.19585496477198,
-0.128940565170789,-0.0644702825853946,0.,0.0644702825853946,0.128940565170789,
0.19585496477198,0.26276936437317,0.327162484660745,0.39155560494832,0.412165059313588),
 .UNSPECIFIED.);
#123=B_SPLINE_CURVE_WITH_KNOTS('',3,(#6810,#6811,#6812,#6813,#6814,#6815,
#6816,#6817,#6818,#6819,#6820,#6821,#6822,#6823,#6824,#6825),
 .UNSPECIFIED.,.F.,.F.,(4,2,2,2,2,2,2,4),(0.0891669652363103,0.128221867597907,
0.19273489236085,0.257247917123794,0.324519375797802,0.39179083447181,0.456276603243368,
0.520762372014926),.UNSPECIFIED.);
#124=B_SPLINE_CURVE_WITH_KNOTS('',3,(#6826,#6827,#6828,#6829,#6830,#6831,
#6832,#6833,#6834,#6835,#6836,#6837,#6838,#6839,#6840,#6841),
 .UNSPECIFIED.,.F.,.F.,(4,2,2,2,2,2,2,4),(0.520762372014926,0.585248140786484,
0.649733909558042,0.71700536823205,0.784276826906058,0.848789851669001,
0.913302876431944,0.952357778793541),.UNSPECIFIED.);
#125=B_SPLINE_CURVE_WITH_KNOTS('',3,(#7283,#7284,#7285,#7286,#7287,#7288,
#7289,#7290,#7291,#7292,#7293,#7294),.UNSPECIFIED.,.F.,.F.,(4,2,2,2,2,4),
(1.7016863620146,1.76009684685703,1.81850733169947,1.87869099668171,1.93887466166395,
1.95918283151032),.UNSPECIFIED.);
#126=B_SPLINE_CURVE_WITH_KNOTS('',3,(#7300,#7301,#7302,#7303,#7304,#7305,
#7306,#7307,#7308,#7309),.UNSPECIFIED.,.F.,.F.,(4,2,2,2,4),(0.481085665265859,
0.542840826920443,0.614056643998383,0.722988532343735,0.723536446043926),
 .UNSPECIFIED.);
#127=B_SPLINE_CURVE_WITH_KNOTS('',3,(#7371,#7372,#7373,#7374,#7375,#7376,
#7377,#7378,#7379,#7380),.UNSPECIFIED.,.F.,.F.,(4,2,2,2,4),(-0.000632455429829195,
0.,0.125739817687483,0.207944077449066,0.279227929141295),.UNSPECIFIED.);
#128=B_SPLINE_CURVE_WITH_KNOTS('',3,(#7383,#7384,#7385,#7386),
 .UNSPECIFIED.,.F.,.F.,(4,4),(1.31455894048308,1.39911657146818),
 .UNSPECIFIED.);
#129=B_SPLINE_CURVE_WITH_KNOTS('',3,(#7387,#7388,#7389,#7390,#7391,#7392,
#7393,#7394),.UNSPECIFIED.,.F.,.F.,(4,2,2,4),(0.48108566541853,0.542840835030407,
0.614056654363988,0.663434769117077),.UNSPECIFIED.);
#130=CIRCLE('',#4563,1.99);
#131=CIRCLE('',#4564,1.99);
#132=CIRCLE('',#4566,18.5000004029668);
#133=CIRCLE('',#4567,1.35000000000002);
#134=CIRCLE('',#4568,1.35000000000002);
#135=CIRCLE('',#4570,2.);
#136=CIRCLE('',#4572,2.);
#137=CIRCLE('',#4573,2.);
#138=CIRCLE('',#4577,4.);
#139=CIRCLE('',#4578,2.);
#140=CIRCLE('',#4579,2.);
#141=CIRCLE('',#4589,2.);
#142=CIRCLE('',#4590,2.);
#143=CIRCLE('',#4591,1.);
#144=CIRCLE('',#4594,1.);
#145=CIRCLE('',#4595,2.);
#146=CIRCLE('',#4596,2.);
#147=CIRCLE('',#4598,4.);
#148=CIRCLE('',#4599,2.);
#149=CIRCLE('',#4600,2.);
#150=CIRCLE('',#4604,3.);
#151=CIRCLE('',#4605,3.);
#152=CIRCLE('',#4608,2.);
#153=CIRCLE('',#4609,2.);
#154=CIRCLE('',#4611,1.7);
#155=CIRCLE('',#4612,1.25);
#156=CIRCLE('',#4614,6.99999999994134);
#157=CIRCLE('',#4615,6.99999999994134);
#158=CIRCLE('',#4617,2.);
#159=CIRCLE('',#4618,2.);
#160=CIRCLE('',#4621,2.);
#161=CIRCLE('',#4622,2.);
#162=CIRCLE('',#4624,6.99999999994134);
#163=CIRCLE('',#4625,6.99999999994134);
#164=CIRCLE('',#4627,7.00000000001353);
#165=CIRCLE('',#4628,7.00000000001353);
#166=CIRCLE('',#4630,2.);
#167=CIRCLE('',#4631,2.);
#168=CIRCLE('',#4634,3.);
#169=CIRCLE('',#4635,3.);
#170=CIRCLE('',#4640,1.99999999999998);
#171=CIRCLE('',#4641,1.99999999999998);
#172=CIRCLE('',#4644,2.);
#173=CIRCLE('',#4650,2.);
#174=CIRCLE('',#4652,1.25);
#175=CIRCLE('',#4653,1.25);
#176=CIRCLE('',#4654,1.7);
#177=CIRCLE('',#4655,1.7);
#178=CIRCLE('',#4661,1.7);
#179=CIRCLE('',#4662,1.7);
#180=CIRCLE('',#4663,1.25);
#181=CIRCLE('',#4665,7.00000000001353);
#182=CIRCLE('',#4666,7.00000000001353);
#183=CIRCLE('',#4672,3.99999999999998);
#184=CIRCLE('',#4673,4.00000000000001);
#185=CIRCLE('',#4675,1.35000000000002);
#186=CIRCLE('',#4676,1.35000000000002);
#187=CIRCLE('',#4678,1.35000000000002);
#188=CIRCLE('',#4679,1.35000000000002);
#189=CIRCLE('',#4681,1.35000000000002);
#190=CIRCLE('',#4682,1.35000000000002);
#191=CIRCLE('',#4684,1.35000000000002);
#192=CIRCLE('',#4685,1.35000000000002);
#193=CIRCLE('',#4688,2.00000000000001);
#194=CIRCLE('',#4689,2.00000000000001);
#195=CIRCLE('',#4692,0.999999999999996);
#196=CIRCLE('',#4693,1.);
#197=CIRCLE('',#4695,1.00000000000001);
#198=CIRCLE('',#4696,1.);
#199=CIRCLE('',#4699,2.);
#200=CIRCLE('',#4701,2.);
#201=CIRCLE('',#4704,0.999999999999999);
#202=CIRCLE('',#4705,1.);
#203=CIRCLE('',#4707,18.5000004029668);
#204=CIRCLE('',#4708,2.1);
#205=CIRCLE('',#4709,2.1);
#206=CIRCLE('',#4711,0.999999999999996);
#207=CIRCLE('',#4712,0.999999999999996);
#208=CIRCLE('',#4714,1.99999999999999);
#209=CIRCLE('',#4716,1.99999999999999);
#210=CIRCLE('',#4731,1.99999999999999);
#211=CIRCLE('',#4733,2.);
#212=CIRCLE('',#4736,2.1);
#213=CIRCLE('',#4738,2.1);
#214=CIRCLE('',#4739,2.1);
#215=CIRCLE('',#4741,2.1);
#216=CIRCLE('',#4743,2.1);
#217=CIRCLE('',#4744,2.1);
#218=CIRCLE('',#4754,18.5000004029668);
#219=CIRCLE('',#4757,18.5000004029668);
#220=CIRCLE('',#4759,18.5000004029668);
#221=CIRCLE('',#4773,2.);
#222=CIRCLE('',#4774,2.);
#223=CIRCLE('',#4776,2.);
#224=CIRCLE('',#4778,2.);
#225=CIRCLE('',#4780,10.);
#226=CIRCLE('',#4781,3.25);
#227=CIRCLE('',#4784,10.);
#228=CIRCLE('',#4785,3.25);
#229=CIRCLE('',#4787,2.);
#230=CIRCLE('',#4797,1.99999999999998);
#231=CIRCLE('',#4798,1.99999999999998);
#232=CIRCLE('',#4800,2.);
#233=CIRCLE('',#4801,2.);
#234=CIRCLE('',#4805,10.);
#235=CIRCLE('',#4806,3.25);
#236=CIRCLE('',#4808,2.1);
#237=CIRCLE('',#4809,2.1);
#238=CIRCLE('',#4813,3.25);
#239=CIRCLE('',#4815,10.);
#240=CIRCLE('',#4819,2.1);
#241=CIRCLE('',#4820,2.1);
#242=CIRCLE('',#4822,2.1);
#243=CIRCLE('',#4823,2.1);
#244=CIRCLE('',#4852,2.1);
#245=CIRCLE('',#4854,2.1);
#246=CIRCLE('',#4856,0.999999999999996);
#247=CIRCLE('',#4858,1.);
#248=CIRCLE('',#4862,1.);
#249=CIRCLE('',#4864,1.);
#250=CIRCLE('',#4866,18.5000004029666);
#251=CIRCLE('',#4867,1.35000000000002);
#252=CIRCLE('',#4868,1.35000000000002);
#253=CIRCLE('',#4870,1.35000000000002);
#254=CIRCLE('',#4872,1.35000000000002);
#255=CIRCLE('',#4874,1.35000000000002);
#256=CIRCLE('',#4876,1.35000000000002);
#257=CIRCLE('',#4878,18.5000004029666);
#258=CIRCLE('',#4880,18.5000004029668);
#259=CIRCLE('',#4890,2.1);
#260=CIRCLE('',#4891,2.1);
#261=CIRCLE('',#4893,2.1);
#262=CIRCLE('',#4894,2.1);
#263=CYLINDRICAL_SURFACE('',#4562,1.99);
#264=CYLINDRICAL_SURFACE('',#4571,2.);
#265=CYLINDRICAL_SURFACE('',#4603,3.);
#266=CYLINDRICAL_SURFACE('',#4607,2.);
#267=CYLINDRICAL_SURFACE('',#4613,6.99999999994134);
#268=CYLINDRICAL_SURFACE('',#4616,2.);
#269=CYLINDRICAL_SURFACE('',#4620,2.);
#270=CYLINDRICAL_SURFACE('',#4623,6.99999999994134);
#271=CYLINDRICAL_SURFACE('',#4626,7.00000000001353);
#272=CYLINDRICAL_SURFACE('',#4629,2.);
#273=CYLINDRICAL_SURFACE('',#4633,3.);
#274=CYLINDRICAL_SURFACE('',#4639,1.99999999999998);
#275=CYLINDRICAL_SURFACE('',#4664,7.00000000001353);
#276=CYLINDRICAL_SURFACE('',#4667,1.7);
#277=CYLINDRICAL_SURFACE('',#4668,1.7);
#278=CYLINDRICAL_SURFACE('',#4669,1.25);
#279=CYLINDRICAL_SURFACE('',#4670,1.25);
#280=CYLINDRICAL_SURFACE('',#4674,1.35000000000002);
#281=CYLINDRICAL_SURFACE('',#4677,1.35000000000002);
#282=CYLINDRICAL_SURFACE('',#4680,1.35000000000002);
#283=CYLINDRICAL_SURFACE('',#4683,1.35000000000002);
#284=CYLINDRICAL_SURFACE('',#4687,2.00000000000001);
#285=CYLINDRICAL_SURFACE('',#4691,1.);
#286=CYLINDRICAL_SURFACE('',#4694,1.);
#287=CYLINDRICAL_SURFACE('',#4698,2.);
#288=CYLINDRICAL_SURFACE('',#4700,2.);
#289=CYLINDRICAL_SURFACE('',#4703,1.);
#290=CYLINDRICAL_SURFACE('',#4710,0.999999999999996);
#291=CYLINDRICAL_SURFACE('',#4713,2.);
#292=CYLINDRICAL_SURFACE('',#4717,2.);
#293=CYLINDRICAL_SURFACE('',#4719,2.);
#294=CYLINDRICAL_SURFACE('',#4722,2.);
#295=CYLINDRICAL_SURFACE('',#4724,2.);
#296=CYLINDRICAL_SURFACE('',#4726,2.);
#297=CYLINDRICAL_SURFACE('',#4729,2.);
#298=CYLINDRICAL_SURFACE('',#4734,2.);
#299=CYLINDRICAL_SURFACE('',#4735,2.1);
#300=CYLINDRICAL_SURFACE('',#4737,2.1);
#301=CYLINDRICAL_SURFACE('',#4740,2.1);
#302=CYLINDRICAL_SURFACE('',#4742,2.1);
#303=CYLINDRICAL_SURFACE('',#4760,18.5000004029668);
#304=CYLINDRICAL_SURFACE('',#4761,18.5000004029668);
#305=CYLINDRICAL_SURFACE('',#4769,2.);
#306=CYLINDRICAL_SURFACE('',#4772,2.);
#307=CYLINDRICAL_SURFACE('',#4775,2.);
#308=CYLINDRICAL_SURFACE('',#4786,2.);
#309=CYLINDRICAL_SURFACE('',#4790,3.25);
#310=CYLINDRICAL_SURFACE('',#4792,10.);
#311=CYLINDRICAL_SURFACE('',#4793,2.);
#312=CYLINDRICAL_SURFACE('',#4796,2.);
#313=CYLINDRICAL_SURFACE('',#4799,2.);
#314=CYLINDRICAL_SURFACE('',#4810,2.);
#315=CYLINDRICAL_SURFACE('',#4812,3.25);
#316=CYLINDRICAL_SURFACE('',#4814,10.);
#317=CYLINDRICAL_SURFACE('',#4818,2.1);
#318=CYLINDRICAL_SURFACE('',#4821,2.1);
#319=CYLINDRICAL_SURFACE('',#4851,2.1);
#320=CYLINDRICAL_SURFACE('',#4853,2.1);
#321=CYLINDRICAL_SURFACE('',#4859,2.);
#322=CYLINDRICAL_SURFACE('',#4860,2.);
#323=CYLINDRICAL_SURFACE('',#4861,1.);
#324=CYLINDRICAL_SURFACE('',#4863,1.);
#325=CYLINDRICAL_SURFACE('',#4869,1.35000000000002);
#326=CYLINDRICAL_SURFACE('',#4871,1.35000000000002);
#327=CYLINDRICAL_SURFACE('',#4873,1.35000000000002);
#328=CYLINDRICAL_SURFACE('',#4875,1.35000000000002);
#329=CYLINDRICAL_SURFACE('',#4877,18.5000004029666);
#330=CYLINDRICAL_SURFACE('',#4879,18.5000004029668);
#331=CYLINDRICAL_SURFACE('',#4889,2.1);
#332=CYLINDRICAL_SURFACE('',#4892,2.1);
#333=FACE_OUTER_BOUND('',#554,.T.);
#334=FACE_OUTER_BOUND('',#555,.T.);
#335=FACE_OUTER_BOUND('',#556,.T.);
#336=FACE_OUTER_BOUND('',#557,.T.);
#337=FACE_OUTER_BOUND('',#558,.T.);
#338=FACE_OUTER_BOUND('',#559,.T.);
#339=FACE_OUTER_BOUND('',#560,.T.);
#340=FACE_OUTER_BOUND('',#561,.T.);
#341=FACE_OUTER_BOUND('',#562,.T.);
#342=FACE_OUTER_BOUND('',#563,.T.);
#343=FACE_OUTER_BOUND('',#564,.T.);
#344=FACE_OUTER_BOUND('',#565,.T.);
#345=FACE_OUTER_BOUND('',#566,.T.);
#346=FACE_OUTER_BOUND('',#567,.T.);
#347=FACE_OUTER_BOUND('',#568,.T.);
#348=FACE_OUTER_BOUND('',#569,.T.);
#349=FACE_OUTER_BOUND('',#570,.T.);
#350=FACE_OUTER_BOUND('',#571,.T.);
#351=FACE_OUTER_BOUND('',#572,.T.);
#352=FACE_OUTER_BOUND('',#573,.T.);
#353=FACE_OUTER_BOUND('',#574,.T.);
#354=FACE_OUTER_BOUND('',#575,.T.);
#355=FACE_OUTER_BOUND('',#576,.T.);
#356=FACE_OUTER_BOUND('',#577,.T.);
#357=FACE_OUTER_BOUND('',#578,.T.);
#358=FACE_OUTER_BOUND('',#579,.T.);
#359=FACE_OUTER_BOUND('',#580,.T.);
#360=FACE_OUTER_BOUND('',#581,.T.);
#361=FACE_OUTER_BOUND('',#587,.T.);
#362=FACE_OUTER_BOUND('',#588,.T.);
#363=FACE_OUTER_BOUND('',#589,.T.);
#364=FACE_OUTER_BOUND('',#590,.T.);
#365=FACE_OUTER_BOUND('',#591,.T.);
#366=FACE_OUTER_BOUND('',#592,.T.);
#367=FACE_OUTER_BOUND('',#596,.T.);
#368=FACE_OUTER_BOUND('',#597,.T.);
#369=FACE_OUTER_BOUND('',#598,.T.);
#370=FACE_OUTER_BOUND('',#599,.T.);
#371=FACE_OUTER_BOUND('',#600,.T.);
#372=FACE_OUTER_BOUND('',#604,.T.);
#373=FACE_OUTER_BOUND('',#608,.T.);
#374=FACE_OUTER_BOUND('',#609,.T.);
#375=FACE_OUTER_BOUND('',#610,.T.);
#376=FACE_OUTER_BOUND('',#611,.T.);
#377=FACE_OUTER_BOUND('',#612,.T.);
#378=FACE_OUTER_BOUND('',#613,.T.);
#379=FACE_OUTER_BOUND('',#614,.T.);
#380=FACE_OUTER_BOUND('',#615,.T.);
#381=FACE_OUTER_BOUND('',#616,.T.);
#382=FACE_OUTER_BOUND('',#617,.T.);
#383=FACE_OUTER_BOUND('',#618,.T.);
#384=FACE_OUTER_BOUND('',#620,.T.);
#385=FACE_OUTER_BOUND('',#621,.T.);
#386=FACE_OUTER_BOUND('',#622,.T.);
#387=FACE_OUTER_BOUND('',#623,.T.);
#388=FACE_OUTER_BOUND('',#624,.T.);
#389=FACE_OUTER_BOUND('',#625,.T.);
#390=FACE_OUTER_BOUND('',#626,.T.);
#391=FACE_OUTER_BOUND('',#627,.T.);
#392=FACE_OUTER_BOUND('',#628,.T.);
#393=FACE_OUTER_BOUND('',#629,.T.);
#394=FACE_OUTER_BOUND('',#630,.T.);
#395=FACE_OUTER_BOUND('',#631,.T.);
#396=FACE_OUTER_BOUND('',#632,.T.);
#397=FACE_OUTER_BOUND('',#633,.T.);
#398=FACE_OUTER_BOUND('',#634,.T.);
#399=FACE_OUTER_BOUND('',#635,.T.);
#400=FACE_OUTER_BOUND('',#636,.T.);
#401=FACE_OUTER_BOUND('',#637,.T.);
#402=FACE_OUTER_BOUND('',#638,.T.);
#403=FACE_OUTER_BOUND('',#639,.T.);
#404=FACE_OUTER_BOUND('',#640,.T.);
#405=FACE_OUTER_BOUND('',#645,.T.);
#406=FACE_OUTER_BOUND('',#646,.T.);
#407=FACE_OUTER_BOUND('',#647,.T.);
#408=FACE_OUTER_BOUND('',#648,.T.);
#409=FACE_OUTER_BOUND('',#649,.T.);
#410=FACE_OUTER_BOUND('',#651,.T.);
#411=FACE_OUTER_BOUND('',#652,.T.);
#412=FACE_OUTER_BOUND('',#653,.T.);
#413=FACE_OUTER_BOUND('',#654,.T.);
#414=FACE_OUTER_BOUND('',#655,.T.);
#415=FACE_OUTER_BOUND('',#656,.T.);
#416=FACE_OUTER_BOUND('',#657,.T.);
#417=FACE_OUTER_BOUND('',#658,.T.);
#418=FACE_OUTER_BOUND('',#659,.T.);
#419=FACE_OUTER_BOUND('',#660,.T.);
#420=FACE_OUTER_BOUND('',#661,.T.);
#421=FACE_OUTER_BOUND('',#662,.T.);
#422=FACE_OUTER_BOUND('',#663,.T.);
#423=FACE_OUTER_BOUND('',#664,.T.);
#424=FACE_OUTER_BOUND('',#665,.T.);
#425=FACE_OUTER_BOUND('',#666,.T.);
#426=FACE_OUTER_BOUND('',#667,.T.);
#427=FACE_OUTER_BOUND('',#668,.T.);
#428=FACE_OUTER_BOUND('',#669,.T.);
#429=FACE_OUTER_BOUND('',#670,.T.);
#430=FACE_OUTER_BOUND('',#671,.T.);
#431=FACE_OUTER_BOUND('',#677,.T.);
#432=FACE_OUTER_BOUND('',#678,.T.);
#433=FACE_OUTER_BOUND('',#679,.T.);
#434=FACE_OUTER_BOUND('',#680,.T.);
#435=FACE_OUTER_BOUND('',#681,.T.);
#436=FACE_OUTER_BOUND('',#682,.T.);
#437=FACE_OUTER_BOUND('',#683,.T.);
#438=FACE_OUTER_BOUND('',#684,.T.);
#439=FACE_OUTER_BOUND('',#685,.T.);
#440=FACE_OUTER_BOUND('',#686,.T.);
#441=FACE_OUTER_BOUND('',#687,.T.);
#442=FACE_OUTER_BOUND('',#688,.T.);
#443=FACE_OUTER_BOUND('',#689,.T.);
#444=FACE_OUTER_BOUND('',#690,.T.);
#445=FACE_OUTER_BOUND('',#691,.T.);
#446=FACE_OUTER_BOUND('',#692,.T.);
#447=FACE_OUTER_BOUND('',#693,.T.);
#448=FACE_OUTER_BOUND('',#694,.T.);
#449=FACE_OUTER_BOUND('',#695,.T.);
#450=FACE_OUTER_BOUND('',#696,.T.);
#451=FACE_OUTER_BOUND('',#697,.T.);
#452=FACE_OUTER_BOUND('',#698,.T.);
#453=FACE_OUTER_BOUND('',#699,.T.);
#454=FACE_OUTER_BOUND('',#700,.T.);
#455=FACE_OUTER_BOUND('',#701,.T.);
#456=FACE_OUTER_BOUND('',#702,.T.);
#457=FACE_OUTER_BOUND('',#703,.T.);
#458=FACE_OUTER_BOUND('',#704,.T.);
#459=FACE_OUTER_BOUND('',#710,.T.);
#460=FACE_OUTER_BOUND('',#711,.T.);
#461=FACE_OUTER_BOUND('',#717,.T.);
#462=FACE_OUTER_BOUND('',#723,.T.);
#463=FACE_OUTER_BOUND('',#724,.T.);
#464=FACE_OUTER_BOUND('',#725,.T.);
#465=FACE_OUTER_BOUND('',#726,.T.);
#466=FACE_OUTER_BOUND('',#727,.T.);
#467=FACE_OUTER_BOUND('',#728,.T.);
#468=FACE_OUTER_BOUND('',#729,.T.);
#469=FACE_OUTER_BOUND('',#730,.T.);
#470=FACE_OUTER_BOUND('',#731,.T.);
#471=FACE_OUTER_BOUND('',#732,.T.);
#472=FACE_OUTER_BOUND('',#733,.T.);
#473=FACE_OUTER_BOUND('',#734,.T.);
#474=FACE_OUTER_BOUND('',#735,.T.);
#475=FACE_OUTER_BOUND('',#736,.T.);
#476=FACE_OUTER_BOUND('',#738,.T.);
#477=FACE_OUTER_BOUND('',#739,.T.);
#478=FACE_OUTER_BOUND('',#741,.T.);
#479=FACE_OUTER_BOUND('',#742,.T.);
#480=FACE_OUTER_BOUND('',#743,.T.);
#481=FACE_OUTER_BOUND('',#744,.T.);
#482=FACE_OUTER_BOUND('',#745,.T.);
#483=FACE_OUTER_BOUND('',#746,.T.);
#484=FACE_OUTER_BOUND('',#747,.T.);
#485=FACE_OUTER_BOUND('',#748,.T.);
#486=FACE_OUTER_BOUND('',#749,.T.);
#487=FACE_OUTER_BOUND('',#750,.T.);
#488=FACE_OUTER_BOUND('',#752,.T.);
#489=FACE_OUTER_BOUND('',#755,.T.);
#490=FACE_OUTER_BOUND('',#756,.T.);
#491=FACE_OUTER_BOUND('',#757,.T.);
#492=FACE_OUTER_BOUND('',#758,.T.);
#493=FACE_OUTER_BOUND('',#759,.T.);
#494=FACE_OUTER_BOUND('',#760,.T.);
#495=FACE_OUTER_BOUND('',#762,.T.);
#496=FACE_OUTER_BOUND('',#763,.T.);
#497=FACE_OUTER_BOUND('',#764,.T.);
#498=FACE_OUTER_BOUND('',#767,.T.);
#499=FACE_OUTER_BOUND('',#768,.T.);
#500=FACE_OUTER_BOUND('',#771,.T.);
#501=FACE_OUTER_BOUND('',#772,.T.);
#502=FACE_OUTER_BOUND('',#773,.T.);
#503=FACE_OUTER_BOUND('',#774,.T.);
#504=FACE_OUTER_BOUND('',#775,.T.);
#505=FACE_OUTER_BOUND('',#776,.T.);
#506=FACE_OUTER_BOUND('',#777,.T.);
#507=FACE_OUTER_BOUND('',#778,.T.);
#508=FACE_OUTER_BOUND('',#779,.T.);
#509=FACE_OUTER_BOUND('',#780,.T.);
#510=FACE_OUTER_BOUND('',#781,.T.);
#511=FACE_OUTER_BOUND('',#782,.T.);
#512=FACE_OUTER_BOUND('',#786,.T.);
#513=FACE_OUTER_BOUND('',#787,.T.);
#514=FACE_OUTER_BOUND('',#788,.T.);
#515=FACE_OUTER_BOUND('',#789,.T.);
#516=FACE_OUTER_BOUND('',#790,.T.);
#517=FACE_OUTER_BOUND('',#791,.T.);
#518=FACE_OUTER_BOUND('',#792,.T.);
#519=FACE_OUTER_BOUND('',#793,.T.);
#520=FACE_OUTER_BOUND('',#794,.T.);
#521=FACE_OUTER_BOUND('',#795,.T.);
#522=FACE_OUTER_BOUND('',#796,.T.);
#523=FACE_OUTER_BOUND('',#797,.T.);
#524=FACE_OUTER_BOUND('',#798,.T.);
#525=FACE_OUTER_BOUND('',#799,.T.);
#526=FACE_OUTER_BOUND('',#800,.T.);
#527=FACE_OUTER_BOUND('',#801,.T.);
#528=FACE_OUTER_BOUND('',#802,.T.);
#529=FACE_OUTER_BOUND('',#803,.T.);
#530=FACE_OUTER_BOUND('',#804,.T.);
#531=FACE_OUTER_BOUND('',#805,.T.);
#532=FACE_OUTER_BOUND('',#806,.T.);
#533=FACE_OUTER_BOUND('',#812,.T.);
#534=FACE_OUTER_BOUND('',#813,.T.);
#535=FACE_OUTER_BOUND('',#814,.T.);
#536=FACE_OUTER_BOUND('',#815,.T.);
#537=FACE_OUTER_BOUND('',#816,.T.);
#538=FACE_OUTER_BOUND('',#817,.T.);
#539=FACE_OUTER_BOUND('',#818,.T.);
#540=FACE_OUTER_BOUND('',#821,.T.);
#541=FACE_OUTER_BOUND('',#822,.T.);
#542=FACE_OUTER_BOUND('',#826,.T.);
#543=FACE_OUTER_BOUND('',#827,.T.);
#544=FACE_OUTER_BOUND('',#828,.T.);
#545=FACE_OUTER_BOUND('',#829,.T.);
#546=FACE_OUTER_BOUND('',#830,.T.);
#547=FACE_OUTER_BOUND('',#834,.T.);
#548=FACE_OUTER_BOUND('',#835,.T.);
#549=FACE_OUTER_BOUND('',#836,.T.);
#550=FACE_OUTER_BOUND('',#837,.T.);
#551=FACE_OUTER_BOUND('',#838,.T.);
#552=FACE_OUTER_BOUND('',#841,.T.);
#553=FACE_OUTER_BOUND('',#842,.T.);
#554=EDGE_LOOP('',(#2868,#2869,#2870,#2871));
#555=EDGE_LOOP('',(#2872,#2873,#2874,#2875));
#556=EDGE_LOOP('',(#2876,#2877,#2878,#2879));
#557=EDGE_LOOP('',(#2880,#2881,#2882,#2883));
#558=EDGE_LOOP('',(#2884,#2885,#2886,#2887));
#559=EDGE_LOOP('',(#2888,#2889,#2890,#2891));
#560=EDGE_LOOP('',(#2892,#2893,#2894,#2895));
#561=EDGE_LOOP('',(#2896,#2897,#2898,#2899));
#562=EDGE_LOOP('',(#2900,#2901,#2902,#2903));
#563=EDGE_LOOP('',(#2904,#2905,#2906,#2907));
#564=EDGE_LOOP('',(#2908,#2909,#2910,#2911));
#565=EDGE_LOOP('',(#2912,#2913,#2914,#2915));
#566=EDGE_LOOP('',(#2916,#2917,#2918,#2919));
#567=EDGE_LOOP('',(#2920,#2921,#2922,#2923));
#568=EDGE_LOOP('',(#2924,#2925,#2926,#2927));
#569=EDGE_LOOP('',(#2928,#2929,#2930,#2931));
#570=EDGE_LOOP('',(#2932,#2933,#2934,#2935,#2936,#2937));
#571=EDGE_LOOP('',(#2938,#2939,#2940,#2941,#2942,#2943));
#572=EDGE_LOOP('',(#2944,#2945,#2946,#2947));
#573=EDGE_LOOP('',(#2948,#2949,#2950,#2951));
#574=EDGE_LOOP('',(#2952,#2953,#2954,#2955));
#575=EDGE_LOOP('',(#2956,#2957,#2958,#2959));
#576=EDGE_LOOP('',(#2960,#2961,#2962,#2963));
#577=EDGE_LOOP('',(#2964,#2965,#2966,#2967));
#578=EDGE_LOOP('',(#2968,#2969,#2970,#2971));
#579=EDGE_LOOP('',(#2972,#2973,#2974,#2975));
#580=EDGE_LOOP('',(#2976,#2977,#2978,#2979,#2980,#2981));
#581=EDGE_LOOP('',(#2982,#2983,#2984,#2985,#2986,#2987,#2988,#2989,#2990,
#2991));
#582=EDGE_LOOP('',(#2992,#2993,#2994,#2995));
#583=EDGE_LOOP('',(#2996,#2997,#2998,#2999));
#584=EDGE_LOOP('',(#3000,#3001,#3002,#3003));
#585=EDGE_LOOP('',(#3004));
#586=EDGE_LOOP('',(#3005));
#587=EDGE_LOOP('',(#3006,#3007,#3008,#3009,#3010,#3011));
#588=EDGE_LOOP('',(#3012,#3013,#3014,#3015,#3016,#3017));
#589=EDGE_LOOP('',(#3018,#3019,#3020,#3021,#3022,#3023));
#590=EDGE_LOOP('',(#3024,#3025,#3026,#3027));
#591=EDGE_LOOP('',(#3028,#3029,#3030,#3031,#3032));
#592=EDGE_LOOP('',(#3033,#3034,#3035,#3036,#3037,#3038,#3039,#3040,#3041,
#3042,#3043,#3044,#3045,#3046));
#593=EDGE_LOOP('',(#3047,#3048,#3049,#3050));
#594=EDGE_LOOP('',(#3051,#3052,#3053,#3054));
#595=EDGE_LOOP('',(#3055,#3056,#3057,#3058));
#596=EDGE_LOOP('',(#3059,#3060,#3061,#3062,#3063,#3064));
#597=EDGE_LOOP('',(#3065,#3066,#3067,#3068));
#598=EDGE_LOOP('',(#3069,#3070,#3071,#3072));
#599=EDGE_LOOP('',(#3073,#3074,#3075,#3076,#3077,#3078));
#600=EDGE_LOOP('',(#3079,#3080,#3081,#3082,#3083,#3084,#3085,#3086,#3087,
#3088,#3089,#3090,#3091,#3092,#3093));
#601=EDGE_LOOP('',(#3094,#3095,#3096,#3097));
#602=EDGE_LOOP('',(#3098,#3099,#3100,#3101));
#603=EDGE_LOOP('',(#3102,#3103,#3104,#3105));
#604=EDGE_LOOP('',(#3106,#3107,#3108,#3109,#3110,#3111,#3112,#3113));
#605=EDGE_LOOP('',(#3114,#3115,#3116,#3117));
#606=EDGE_LOOP('',(#3118,#3119,#3120,#3121));
#607=EDGE_LOOP('',(#3122,#3123,#3124,#3125));
#608=EDGE_LOOP('',(#3126,#3127,#3128,#3129));
#609=EDGE_LOOP('',(#3130,#3131,#3132,#3133,#3134,#3135,#3136,#3137));
#610=EDGE_LOOP('',(#3138,#3139,#3140,#3141));
#611=EDGE_LOOP('',(#3142,#3143,#3144,#3145,#3146,#3147,#3148,#3149));
#612=EDGE_LOOP('',(#3150,#3151,#3152,#3153,#3154));
#613=EDGE_LOOP('',(#3155,#3156,#3157,#3158));
#614=EDGE_LOOP('',(#3159,#3160,#3161,#3162));
#615=EDGE_LOOP('',(#3163,#3164,#3165,#3166));
#616=EDGE_LOOP('',(#3167,#3168,#3169,#3170));
#617=EDGE_LOOP('',(#3171,#3172,#3173,#3174));
#618=EDGE_LOOP('',(#3175,#3176,#3177,#3178,#3179,#3180));
#619=EDGE_LOOP('',(#3181));
#620=EDGE_LOOP('',(#3182,#3183,#3184,#3185));
#621=EDGE_LOOP('',(#3186,#3187,#3188,#3189));
#622=EDGE_LOOP('',(#3190,#3191,#3192,#3193));
#623=EDGE_LOOP('',(#3194,#3195,#3196,#3197));
#624=EDGE_LOOP('',(#3198,#3199,#3200,#3201));
#625=EDGE_LOOP('',(#3202,#3203,#3204,#3205,#3206,#3207));
#626=EDGE_LOOP('',(#3208,#3209,#3210,#3211));
#627=EDGE_LOOP('',(#3212,#3213,#3214,#3215));
#628=EDGE_LOOP('',(#3216,#3217,#3218,#3219));
#629=EDGE_LOOP('',(#3220,#3221,#3222,#3223));
#630=EDGE_LOOP('',(#3224,#3225,#3226,#3227));
#631=EDGE_LOOP('',(#3228,#3229,#3230,#3231));
#632=EDGE_LOOP('',(#3232,#3233,#3234,#3235));
#633=EDGE_LOOP('',(#3236,#3237,#3238,#3239));
#634=EDGE_LOOP('',(#3240,#3241,#3242,#3243,#3244));
#635=EDGE_LOOP('',(#3245,#3246,#3247,#3248));
#636=EDGE_LOOP('',(#3249,#3250,#3251,#3252));
#637=EDGE_LOOP('',(#3253,#3254,#3255,#3256));
#638=EDGE_LOOP('',(#3257,#3258,#3259,#3260));
#639=EDGE_LOOP('',(#3261,#3262,#3263,#3264,#3265));
#640=EDGE_LOOP('',(#3266,#3267,#3268,#3269,#3270,#3271,#3272,#3273));
#641=EDGE_LOOP('',(#3274));
#642=EDGE_LOOP('',(#3275));
#643=EDGE_LOOP('',(#3276));
#644=EDGE_LOOP('',(#3277));
#645=EDGE_LOOP('',(#3278,#3279,#3280,#3281));
#646=EDGE_LOOP('',(#3282,#3283,#3284,#3285));
#647=EDGE_LOOP('',(#3286,#3287,#3288,#3289));
#648=EDGE_LOOP('',(#3290,#3291,#3292,#3293));
#649=EDGE_LOOP('',(#3294,#3295,#3296,#3297,#3298,#3299,#3300));
#650=EDGE_LOOP('',(#3301));
#651=EDGE_LOOP('',(#3302,#3303,#3304,#3305,#3306,#3307,#3308));
#652=EDGE_LOOP('',(#3309,#3310,#3311,#3312,#3313,#3314));
#653=EDGE_LOOP('',(#3315,#3316,#3317,#3318,#3319,#3320));
#654=EDGE_LOOP('',(#3321,#3322,#3323,#3324));
#655=EDGE_LOOP('',(#3325,#3326,#3327,#3328));
#656=EDGE_LOOP('',(#3329,#3330,#3331,#3332,#3333,#3334,#3335,#3336,#3337,
#3338,#3339,#3340,#3341,#3342,#3343,#3344,#3345,#3346,#3347,#3348,#3349,
#3350,#3351,#3352,#3353,#3354,#3355,#3356,#3357,#3358,#3359,#3360,#3361,
#3362,#3363,#3364,#3365,#3366,#3367,#3368,#3369,#3370,#3371,#3372));
#657=EDGE_LOOP('',(#3373,#3374,#3375,#3376));
#658=EDGE_LOOP('',(#3377,#3378,#3379,#3380));
#659=EDGE_LOOP('',(#3381,#3382,#3383,#3384));
#660=EDGE_LOOP('',(#3385,#3386,#3387,#3388));
#661=EDGE_LOOP('',(#3389,#3390,#3391,#3392));
#662=EDGE_LOOP('',(#3393,#3394,#3395,#3396));
#663=EDGE_LOOP('',(#3397,#3398,#3399,#3400));
#664=EDGE_LOOP('',(#3401,#3402,#3403,#3404));
#665=EDGE_LOOP('',(#3405,#3406,#3407,#3408));
#666=EDGE_LOOP('',(#3409,#3410,#3411,#3412));
#667=EDGE_LOOP('',(#3413,#3414,#3415,#3416,#3417));
#668=EDGE_LOOP('',(#3418,#3419,#3420,#3421,#3422));
#669=EDGE_LOOP('',(#3423,#3424,#3425,#3426));
#670=EDGE_LOOP('',(#3427,#3428,#3429,#3430));
#671=EDGE_LOOP('',(#3431,#3432,#3433,#3434,#3435,#3436));
#672=EDGE_LOOP('',(#3437,#3438,#3439,#3440));
#673=EDGE_LOOP('',(#3441));
#674=EDGE_LOOP('',(#3442));
#675=EDGE_LOOP('',(#3443));
#676=EDGE_LOOP('',(#3444));
#677=EDGE_LOOP('',(#3445,#3446,#3447,#3448));
#678=EDGE_LOOP('',(#3449,#3450,#3451,#3452));
#679=EDGE_LOOP('',(#3453,#3454,#3455,#3456));
#680=EDGE_LOOP('',(#3457,#3458,#3459,#3460));
#681=EDGE_LOOP('',(#3461,#3462,#3463,#3464));
#682=EDGE_LOOP('',(#3465,#3466,#3467,#3468));
#683=EDGE_LOOP('',(#3469,#3470,#3471,#3472));
#684=EDGE_LOOP('',(#3473,#3474,#3475,#3476));
#685=EDGE_LOOP('',(#3477,#3478,#3479,#3480));
#686=EDGE_LOOP('',(#3481,#3482,#3483,#3484));
#687=EDGE_LOOP('',(#3485,#3486,#3487,#3488));
#688=EDGE_LOOP('',(#3489,#3490,#3491));
#689=EDGE_LOOP('',(#3492,#3493,#3494));
#690=EDGE_LOOP('',(#3495,#3496,#3497));
#691=EDGE_LOOP('',(#3498,#3499,#3500));
#692=EDGE_LOOP('',(#3501,#3502,#3503,#3504));
#693=EDGE_LOOP('',(#3505,#3506,#3507,#3508));
#694=EDGE_LOOP('',(#3509,#3510,#3511,#3512));
#695=EDGE_LOOP('',(#3513,#3514,#3515,#3516));
#696=EDGE_LOOP('',(#3517,#3518,#3519,#3520));
#697=EDGE_LOOP('',(#3521,#3522,#3523,#3524));
#698=EDGE_LOOP('',(#3525,#3526,#3527,#3528));
#699=EDGE_LOOP('',(#3529,#3530,#3531,#3532));
#700=EDGE_LOOP('',(#3533,#3534,#3535,#3536));
#701=EDGE_LOOP('',(#3537,#3538,#3539,#3540));
#702=EDGE_LOOP('',(#3541,#3542,#3543,#3544));
#703=EDGE_LOOP('',(#3545,#3546,#3547,#3548));
#704=EDGE_LOOP('',(#3549,#3550,#3551,#3552,#3553,#3554));
#705=EDGE_LOOP('',(#3555));
#706=EDGE_LOOP('',(#3556));
#707=EDGE_LOOP('',(#3557));
#708=EDGE_LOOP('',(#3558));
#709=EDGE_LOOP('',(#3559,#3560,#3561,#3562));
#710=EDGE_LOOP('',(#3563,#3564,#3565,#3566,#3567,#3568,#3569,#3570,#3571,
#3572,#3573,#3574,#3575,#3576,#3577,#3578,#3579,#3580,#3581,#3582,#3583,
#3584,#3585,#3586,#3587,#3588,#3589,#3590,#3591,#3592,#3593,#3594,#3595,
#3596,#3597,#3598,#3599,#3600,#3601,#3602,#3603,#3604,#3605,#3606));
#711=EDGE_LOOP('',(#3607,#3608,#3609,#3610,#3611,#3612));
#712=EDGE_LOOP('',(#3613));
#713=EDGE_LOOP('',(#3614));
#714=EDGE_LOOP('',(#3615));
#715=EDGE_LOOP('',(#3616));
#716=EDGE_LOOP('',(#3617,#3618,#3619,#3620));
#717=EDGE_LOOP('',(#3621,#3622,#3623,#3624,#3625,#3626));
#718=EDGE_LOOP('',(#3627));
#719=EDGE_LOOP('',(#3628));
#720=EDGE_LOOP('',(#3629));
#721=EDGE_LOOP('',(#3630));
#722=EDGE_LOOP('',(#3631,#3632,#3633,#3634));
#723=EDGE_LOOP('',(#3635,#3636,#3637,#3638));
#724=EDGE_LOOP('',(#3639,#3640,#3641,#3642));
#725=EDGE_LOOP('',(#3643,#3644,#3645,#3646,#3647,#3648,#3649,#3650,#3651));
#726=EDGE_LOOP('',(#3652,#3653,#3654,#3655,#3656,#3657,#3658,#3659,#3660));
#727=EDGE_LOOP('',(#3661,#3662,#3663,#3664,#3665,#3666));
#728=EDGE_LOOP('',(#3667,#3668,#3669,#3670,#3671,#3672,#3673,#3674));
#729=EDGE_LOOP('',(#3675,#3676,#3677,#3678,#3679,#3680,#3681,#3682));
#730=EDGE_LOOP('',(#3683,#3684,#3685,#3686,#3687,#3688,#3689,#3690,#3691,
#3692,#3693,#3694,#3695,#3696,#3697,#3698,#3699,#3700,#3701,#3702,#3703,
#3704,#3705,#3706));
#731=EDGE_LOOP('',(#3707,#3708,#3709,#3710,#3711,#3712,#3713,#3714));
#732=EDGE_LOOP('',(#3715,#3716,#3717,#3718));
#733=EDGE_LOOP('',(#3719,#3720,#3721,#3722,#3723));
#734=EDGE_LOOP('',(#3724,#3725,#3726,#3727,#3728));
#735=EDGE_LOOP('',(#3729,#3730,#3731));
#736=EDGE_LOOP('',(#3732,#3733,#3734,#3735));
#737=EDGE_LOOP('',(#3736));
#738=EDGE_LOOP('',(#3737,#3738,#3739,#3740));
#739=EDGE_LOOP('',(#3741,#3742,#3743,#3744));
#740=EDGE_LOOP('',(#3745));
#741=EDGE_LOOP('',(#3746,#3747,#3748,#3749,#3750,#3751,#3752,#3753));
#742=EDGE_LOOP('',(#3754,#3755,#3756,#3757));
#743=EDGE_LOOP('',(#3758,#3759,#3760,#3761,#3762,#3763));
#744=EDGE_LOOP('',(#3764,#3765,#3766,#3767));
#745=EDGE_LOOP('',(#3768,#3769,#3770,#3771));
#746=EDGE_LOOP('',(#3772,#3773,#3774,#3775,#3776));
#747=EDGE_LOOP('',(#3777,#3778,#3779,#3780,#3781));
#748=EDGE_LOOP('',(#3782,#3783,#3784));
#749=EDGE_LOOP('',(#3785,#3786,#3787));
#750=EDGE_LOOP('',(#3788,#3789,#3790,#3791));
#751=EDGE_LOOP('',(#3792));
#752=EDGE_LOOP('',(#3793,#3794,#3795,#3796,#3797,#3798,#3799,#3800,#3801,
#3802,#3803,#3804,#3805));
#753=EDGE_LOOP('',(#3806));
#754=EDGE_LOOP('',(#3807));
#755=EDGE_LOOP('',(#3808,#3809,#3810,#3811,#3812,#3813,#3814,#3815));
#756=EDGE_LOOP('',(#3816,#3817,#3818,#3819,#3820,#3821));
#757=EDGE_LOOP('',(#3822,#3823,#3824,#3825));
#758=EDGE_LOOP('',(#3826,#3827,#3828,#3829));
#759=EDGE_LOOP('',(#3830,#3831,#3832,#3833));
#760=EDGE_LOOP('',(#3834,#3835,#3836,#3837));
#761=EDGE_LOOP('',(#3838));
#762=EDGE_LOOP('',(#3839,#3840,#3841,#3842));
#763=EDGE_LOOP('',(#3843,#3844,#3845,#3846));
#764=EDGE_LOOP('',(#3847,#3848,#3849,#3850,#3851,#3852,#3853,#3854));
#765=EDGE_LOOP('',(#3855));
#766=EDGE_LOOP('',(#3856));
#767=EDGE_LOOP('',(#3857,#3858,#3859,#3860));
#768=EDGE_LOOP('',(#3861,#3862,#3863,#3864,#3865,#3866,#3867,#3868));
#769=EDGE_LOOP('',(#3869));
#770=EDGE_LOOP('',(#3870));
#771=EDGE_LOOP('',(#3871,#3872,#3873,#3874));
#772=EDGE_LOOP('',(#3875,#3876,#3877,#3878));
#773=EDGE_LOOP('',(#3879,#3880,#3881,#3882));
#774=EDGE_LOOP('',(#3883,#3884,#3885,#3886));
#775=EDGE_LOOP('',(#3887,#3888,#3889,#3890));
#776=EDGE_LOOP('',(#3891,#3892,#3893,#3894));
#777=EDGE_LOOP('',(#3895,#3896,#3897,#3898));
#778=EDGE_LOOP('',(#3899,#3900,#3901,#3902));
#779=EDGE_LOOP('',(#3903,#3904,#3905,#3906));
#780=EDGE_LOOP('',(#3907,#3908,#3909,#3910));
#781=EDGE_LOOP('',(#3911,#3912,#3913,#3914));
#782=EDGE_LOOP('',(#3915,#3916,#3917,#3918,#3919,#3920,#3921,#3922));
#783=EDGE_LOOP('',(#3923,#3924,#3925,#3926));
#784=EDGE_LOOP('',(#3927,#3928,#3929,#3930));
#785=EDGE_LOOP('',(#3931,#3932,#3933,#3934));
#786=EDGE_LOOP('',(#3935,#3936,#3937,#3938));
#787=EDGE_LOOP('',(#3939,#3940,#3941,#3942));
#788=EDGE_LOOP('',(#3943,#3944,#3945,#3946));
#789=EDGE_LOOP('',(#3947,#3948,#3949,#3950));
#790=EDGE_LOOP('',(#3951,#3952,#3953,#3954));
#791=EDGE_LOOP('',(#3955,#3956,#3957,#3958));
#792=EDGE_LOOP('',(#3959,#3960,#3961,#3962));
#793=EDGE_LOOP('',(#3963,#3964,#3965,#3966));
#794=EDGE_LOOP('',(#3967,#3968,#3969,#3970));
#795=EDGE_LOOP('',(#3971,#3972,#3973,#3974));
#796=EDGE_LOOP('',(#3975,#3976,#3977,#3978));
#797=EDGE_LOOP('',(#3979,#3980,#3981,#3982));
#798=EDGE_LOOP('',(#3983,#3984,#3985,#3986));
#799=EDGE_LOOP('',(#3987,#3988,#3989,#3990));
#800=EDGE_LOOP('',(#3991,#3992,#3993));
#801=EDGE_LOOP('',(#3994,#3995,#3996));
#802=EDGE_LOOP('',(#3997,#3998,#3999,#4000));
#803=EDGE_LOOP('',(#4001,#4002,#4003,#4004));
#804=EDGE_LOOP('',(#4005,#4006,#4007,#4008));
#805=EDGE_LOOP('',(#4009,#4010,#4011,#4012));
#806=EDGE_LOOP('',(#4013,#4014,#4015,#4016,#4017,#4018,#4019,#4020,#4021));
#807=EDGE_LOOP('',(#4022,#4023,#4024,#4025));
#808=EDGE_LOOP('',(#4026,#4027,#4028,#4029));
#809=EDGE_LOOP('',(#4030,#4031,#4032,#4033));
#810=EDGE_LOOP('',(#4034));
#811=EDGE_LOOP('',(#4035));
#812=EDGE_LOOP('',(#4036,#4037,#4038,#4039));
#813=EDGE_LOOP('',(#4040,#4041,#4042,#4043));
#814=EDGE_LOOP('',(#4044,#4045,#4046,#4047));
#815=EDGE_LOOP('',(#4048,#4049,#4050,#4051));
#816=EDGE_LOOP('',(#4052,#4053,#4054,#4055));
#817=EDGE_LOOP('',(#4056,#4057,#4058,#4059));
#818=EDGE_LOOP('',(#4060,#4061,#4062,#4063));
#819=EDGE_LOOP('',(#4064));
#820=EDGE_LOOP('',(#4065));
#821=EDGE_LOOP('',(#4066,#4067,#4068,#4069,#4070,#4071,#4072,#4073,#4074,
#4075));
#822=EDGE_LOOP('',(#4076,#4077,#4078,#4079,#4080,#4081));
#823=EDGE_LOOP('',(#4082,#4083,#4084,#4085));
#824=EDGE_LOOP('',(#4086));
#825=EDGE_LOOP('',(#4087));
#826=EDGE_LOOP('',(#4088,#4089,#4090,#4091));
#827=EDGE_LOOP('',(#4092,#4093,#4094,#4095));
#828=EDGE_LOOP('',(#4096,#4097,#4098,#4099));
#829=EDGE_LOOP('',(#4100,#4101,#4102,#4103));
#830=EDGE_LOOP('',(#4104,#4105,#4106,#4107,#4108,#4109));
#831=EDGE_LOOP('',(#4110,#4111,#4112,#4113));
#832=EDGE_LOOP('',(#4114));
#833=EDGE_LOOP('',(#4115));
#834=EDGE_LOOP('',(#4116,#4117,#4118,#4119));
#835=EDGE_LOOP('',(#4120,#4121,#4122,#4123));
#836=EDGE_LOOP('',(#4124,#4125,#4126,#4127));
#837=EDGE_LOOP('',(#4128,#4129,#4130,#4131,#4132,#4133,#4134,#4135));
#838=EDGE_LOOP('',(#4136,#4137,#4138,#4139));
#839=EDGE_LOOP('',(#4140));
#840=EDGE_LOOP('',(#4141));
#841=EDGE_LOOP('',(#4142,#4143,#4144,#4145));
#842=EDGE_LOOP('',(#4146,#4147,#4148,#4149,#4150,#4151));
#843=EDGE_LOOP('',(#4152));
#844=EDGE_LOOP('',(#4153));
#845=LINE('',#6116,#1327);
#846=LINE('',#6118,#1328);
#847=LINE('',#6120,#1329);
#848=LINE('',#6121,#1330);
#849=LINE('',#6125,#1331);
#850=LINE('',#6127,#1332);
#851=LINE('',#6129,#1333);
#852=LINE('',#6130,#1334);
#853=LINE('',#6133,#1335);
#854=LINE('',#6135,#1336);
#855=LINE('',#6136,#1337);
#856=LINE('',#6139,#1338);
#857=LINE('',#6141,#1339);
#858=LINE('',#6142,#1340);
#859=LINE('',#6145,#1341);
#860=LINE('',#6147,#1342);
#861=LINE('',#6148,#1343);
#862=LINE('',#6150,#1344);
#863=LINE('',#6151,#1345);
#864=LINE('',#6154,#1346);
#865=LINE('',#6156,#1347);
#866=LINE('',#6157,#1348);
#867=LINE('',#6159,#1349);
#868=LINE('',#6160,#1350);
#869=LINE('',#6164,#1351);
#870=LINE('',#6166,#1352);
#871=LINE('',#6168,#1353);
#872=LINE('',#6169,#1354);
#873=LINE('',#6173,#1355);
#874=LINE('',#6175,#1356);
#875=LINE('',#6177,#1357);
#876=LINE('',#6178,#1358);
#877=LINE('',#6181,#1359);
#878=LINE('',#6183,#1360);
#879=LINE('',#6184,#1361);
#880=LINE('',#6187,#1362);
#881=LINE('',#6189,#1363);
#882=LINE('',#6190,#1364);
#883=LINE('',#6193,#1365);
#884=LINE('',#6195,#1366);
#885=LINE('',#6196,#1367);
#886=LINE('',#6198,#1368);
#887=LINE('',#6199,#1369);
#888=LINE('',#6202,#1370);
#889=LINE('',#6204,#1371);
#890=LINE('',#6205,#1372);
#891=LINE('',#6207,#1373);
#892=LINE('',#6208,#1374);
#893=LINE('',#6212,#1375);
#894=LINE('',#6214,#1376);
#895=LINE('',#6216,#1377);
#896=LINE('',#6218,#1378);
#897=LINE('',#6220,#1379);
#898=LINE('',#6221,#1380);
#899=LINE('',#6225,#1381);
#900=LINE('',#6227,#1382);
#901=LINE('',#6229,#1383);
#902=LINE('',#6231,#1384);
#903=LINE('',#6233,#1385);
#904=LINE('',#6234,#1386);
#905=LINE('',#6236,#1387);
#906=LINE('',#6237,#1388);
#907=LINE('',#6239,#1389);
#908=LINE('',#6240,#1390);
#909=LINE('',#6243,#1391);
#910=LINE('',#6245,#1392);
#911=LINE('',#6246,#1393);
#912=LINE('',#6249,#1394);
#913=LINE('',#6251,#1395);
#914=LINE('',#6252,#1396);
#915=LINE('',#6255,#1397);
#916=LINE('',#6257,#1398);
#917=LINE('',#6258,#1399);
#918=LINE('',#6261,#1400);
#919=LINE('',#6263,#1401);
#920=LINE('',#6264,#1402);
#921=LINE('',#6268,#1403);
#922=LINE('',#6270,#1404);
#923=LINE('',#6272,#1405);
#924=LINE('',#6273,#1406);
#925=LINE('',#6277,#1407);
#926=LINE('',#6279,#1408);
#927=LINE('',#6281,#1409);
#928=LINE('',#6282,#1410);
#929=LINE('',#6288,#1411);
#930=LINE('',#6292,#1412);
#931=LINE('',#6316,#1413);
#932=LINE('',#6320,#1414);
#933=LINE('',#6322,#1415);
#934=LINE('',#6328,#1416);
#935=LINE('',#6330,#1417);
#936=LINE('',#6332,#1418);
#937=LINE('',#6334,#1419);
#938=LINE('',#6337,#1420);
#939=LINE('',#6340,#1421);
#940=LINE('',#6342,#1422);
#941=LINE('',#6344,#1423);
#942=LINE('',#6345,#1424);
#943=LINE('',#6352,#1425);
#944=LINE('',#6354,#1426);
#945=LINE('',#6356,#1427);
#946=LINE('',#6363,#1428);
#947=LINE('',#6367,#1429);
#948=LINE('',#6389,#1430);
#949=LINE('',#6392,#1431);
#950=LINE('',#6394,#1432);
#951=LINE('',#6396,#1433);
#952=LINE('',#6398,#1434);
#953=LINE('',#6399,#1435);
#954=LINE('',#6402,#1436);
#955=LINE('',#6403,#1437);
#956=LINE('',#6412,#1438);
#957=LINE('',#6413,#1439);
#958=LINE('',#6415,#1440);
#959=LINE('',#6417,#1441);
#960=LINE('',#6418,#1442);
#961=LINE('',#6419,#1443);
#962=LINE('',#6422,#1444);
#963=LINE('',#6424,#1445);
#964=LINE('',#6426,#1446);
#965=LINE('',#6427,#1447);
#966=LINE('',#6430,#1448);
#967=LINE('',#6432,#1449);
#968=LINE('',#6433,#1450);
#969=LINE('',#6436,#1451);
#970=LINE('',#6438,#1452);
#971=LINE('',#6439,#1453);
#972=LINE('',#6443,#1454);
#973=LINE('',#6444,#1455);
#974=LINE('',#6445,#1456);
#975=LINE('',#6449,#1457);
#976=LINE('',#6450,#1458);
#977=LINE('',#6451,#1459);
#978=LINE('',#6454,#1460);
#979=LINE('',#6456,#1461);
#980=LINE('',#6458,#1462);
#981=LINE('',#6459,#1463);
#982=LINE('',#6460,#1464);
#983=LINE('',#6462,#1465);
#984=LINE('',#6464,#1466);
#985=LINE('',#6465,#1467);
#986=LINE('',#6468,#1468);
#987=LINE('',#6470,#1469);
#988=LINE('',#6472,#1470);
#989=LINE('',#6473,#1471);
#990=LINE('',#6475,#1472);
#991=LINE('',#6477,#1473);
#992=LINE('',#6479,#1474);
#993=LINE('',#6481,#1475);
#994=LINE('',#6483,#1476);
#995=LINE('',#6484,#1477);
#996=LINE('',#6487,#1478);
#997=LINE('',#6489,#1479);
#998=LINE('',#6491,#1480);
#999=LINE('',#6492,#1481);
#1000=LINE('',#6495,#1482);
#1001=LINE('',#6497,#1483);
#1002=LINE('',#6499,#1484);
#1003=LINE('',#6500,#1485);
#1004=LINE('',#6503,#1486);
#1005=LINE('',#6505,#1487);
#1006=LINE('',#6507,#1488);
#1007=LINE('',#6508,#1489);
#1008=LINE('',#6510,#1490);
#1009=LINE('',#6511,#1491);
#1010=LINE('',#6516,#1492);
#1011=LINE('',#6518,#1493);
#1012=LINE('',#6522,#1494);
#1013=LINE('',#6524,#1495);
#1014=LINE('',#6530,#1496);
#1015=LINE('',#6533,#1497);
#1016=LINE('',#6535,#1498);
#1017=LINE('',#6538,#1499);
#1018=LINE('',#6553,#1500);
#1019=LINE('',#6555,#1501);
#1020=LINE('',#6557,#1502);
#1021=LINE('',#6558,#1503);
#1022=LINE('',#6561,#1504);
#1023=LINE('',#6563,#1505);
#1024=LINE('',#6564,#1506);
#1025=LINE('',#6569,#1507);
#1026=LINE('',#6573,#1508);
#1027=LINE('',#6575,#1509);
#1028=LINE('',#6576,#1510);
#1029=LINE('',#6581,#1511);
#1030=LINE('',#6588,#1512);
#1031=LINE('',#6590,#1513);
#1032=LINE('',#6592,#1514);
#1033=LINE('',#6594,#1515);
#1034=LINE('',#6595,#1516);
#1035=LINE('',#6602,#1517);
#1036=LINE('',#6608,#1518);
#1037=LINE('',#6612,#1519);
#1038=LINE('',#6614,#1520);
#1039=LINE('',#6615,#1521);
#1040=LINE('',#6620,#1522);
#1041=LINE('',#6626,#1523);
#1042=LINE('',#6663,#1524);
#1043=LINE('',#6667,#1525);
#1044=LINE('',#6670,#1526);
#1045=LINE('',#6675,#1527);
#1046=LINE('',#6679,#1528);
#1047=LINE('',#6681,#1529);
#1048=LINE('',#6682,#1530);
#1049=LINE('',#6687,#1531);
#1050=LINE('',#6691,#1532);
#1051=LINE('',#6693,#1533);
#1052=LINE('',#6694,#1534);
#1053=LINE('',#6697,#1535);
#1054=LINE('',#6699,#1536);
#1055=LINE('',#6700,#1537);
#1056=LINE('',#6704,#1538);
#1057=LINE('',#6706,#1539);
#1058=LINE('',#6708,#1540);
#1059=LINE('',#6709,#1541);
#1060=LINE('',#6715,#1542);
#1061=LINE('',#6718,#1543);
#1062=LINE('',#6720,#1544);
#1063=LINE('',#6721,#1545);
#1064=LINE('',#6726,#1546);
#1065=LINE('',#6728,#1547);
#1066=LINE('',#6729,#1548);
#1067=LINE('',#6732,#1549);
#1068=LINE('',#6734,#1550);
#1069=LINE('',#6735,#1551);
#1070=LINE('',#6738,#1552);
#1071=LINE('',#6740,#1553);
#1072=LINE('',#6741,#1554);
#1073=LINE('',#6745,#1555);
#1074=LINE('',#6747,#1556);
#1075=LINE('',#6749,#1557);
#1076=LINE('',#6750,#1558);
#1077=LINE('',#6753,#1559);
#1078=LINE('',#6755,#1560);
#1079=LINE('',#6756,#1561);
#1080=LINE('',#6761,#1562);
#1081=LINE('',#6763,#1563);
#1082=LINE('',#6764,#1564);
#1083=LINE('',#6768,#1565);
#1084=LINE('',#6770,#1566);
#1085=LINE('',#6772,#1567);
#1086=LINE('',#6773,#1568);
#1087=LINE('',#6774,#1569);
#1088=LINE('',#6775,#1570);
#1089=LINE('',#6787,#1571);
#1090=LINE('',#6789,#1572);
#1091=LINE('',#6791,#1573);
#1092=LINE('',#6792,#1574);
#1093=LINE('',#6794,#1575);
#1094=LINE('',#6795,#1576);
#1095=LINE('',#6797,#1577);
#1096=LINE('',#6799,#1578);
#1097=LINE('',#6804,#1579);
#1098=LINE('',#6805,#1580);
#1099=LINE('',#6845,#1581);
#1100=LINE('',#6847,#1582);
#1101=LINE('',#6849,#1583);
#1102=LINE('',#6851,#1584);
#1103=LINE('',#6854,#1585);
#1104=LINE('',#6856,#1586);
#1105=LINE('',#6858,#1587);
#1106=LINE('',#6861,#1588);
#1107=LINE('',#6863,#1589);
#1108=LINE('',#6867,#1590);
#1109=LINE('',#6869,#1591);
#1110=LINE('',#6870,#1592);
#1111=LINE('',#6871,#1593);
#1112=LINE('',#6873,#1594);
#1113=LINE('',#6874,#1595);
#1114=LINE('',#6879,#1596);
#1115=LINE('',#6885,#1597);
#1116=LINE('',#6891,#1598);
#1117=LINE('',#6897,#1599);
#1118=LINE('',#6901,#1600);
#1119=LINE('',#6903,#1601);
#1120=LINE('',#6904,#1602);
#1121=LINE('',#6910,#1603);
#1122=LINE('',#6913,#1604);
#1123=LINE('',#6915,#1605);
#1124=LINE('',#6916,#1606);
#1125=LINE('',#6922,#1607);
#1126=LINE('',#6928,#1608);
#1127=LINE('',#6931,#1609);
#1128=LINE('',#6933,#1610);
#1129=LINE('',#6935,#1611);
#1130=LINE('',#6936,#1612);
#1131=LINE('',#6938,#1613);
#1132=LINE('',#6943,#1614);
#1133=LINE('',#6946,#1615);
#1134=LINE('',#6948,#1616);
#1135=LINE('',#6949,#1617);
#1136=LINE('',#6955,#1618);
#1137=LINE('',#6961,#1619);
#1138=LINE('',#6963,#1620);
#1139=LINE('',#6964,#1621);
#1140=LINE('',#6965,#1622);
#1141=LINE('',#6968,#1623);
#1142=LINE('',#6970,#1624);
#1143=LINE('',#6972,#1625);
#1144=LINE('',#6973,#1626);
#1145=LINE('',#6997,#1627);
#1146=LINE('',#7127,#1628);
#1147=LINE('',#7132,#1629);
#1148=LINE('',#7137,#1630);
#1149=LINE('',#7142,#1631);
#1150=LINE('',#7146,#1632);
#1151=LINE('',#7148,#1633);
#1152=LINE('',#7149,#1634);
#1153=LINE('',#7152,#1635);
#1154=LINE('',#7153,#1636);
#1155=LINE('',#7157,#1637);
#1156=LINE('',#7159,#1638);
#1157=LINE('',#7161,#1639);
#1158=LINE('',#7162,#1640);
#1159=LINE('',#7165,#1641);
#1160=LINE('',#7166,#1642);
#1161=LINE('',#7169,#1643);
#1162=LINE('',#7171,#1644);
#1163=LINE('',#7172,#1645);
#1164=LINE('',#7175,#1646);
#1165=LINE('',#7177,#1647);
#1166=LINE('',#7178,#1648);
#1167=LINE('',#7180,#1649);
#1168=LINE('',#7182,#1650);
#1169=LINE('',#7183,#1651);
#1170=LINE('',#7188,#1652);
#1171=LINE('',#7189,#1653);
#1172=LINE('',#7192,#1654);
#1173=LINE('',#7193,#1655);
#1174=LINE('',#7195,#1656);
#1175=LINE('',#7196,#1657);
#1176=LINE('',#7201,#1658);
#1177=LINE('',#7202,#1659);
#1178=LINE('',#7206,#1660);
#1179=LINE('',#7208,#1661);
#1180=LINE('',#7210,#1662);
#1181=LINE('',#7212,#1663);
#1182=LINE('',#7218,#1664);
#1183=LINE('',#7219,#1665);
#1184=LINE('',#7221,#1666);
#1185=LINE('',#7222,#1667);
#1186=LINE('',#7225,#1668);
#1187=LINE('',#7227,#1669);
#1188=LINE('',#7228,#1670);
#1189=LINE('',#7230,#1671);
#1190=LINE('',#7232,#1672);
#1191=LINE('',#7233,#1673);
#1192=LINE('',#7236,#1674);
#1193=LINE('',#7238,#1675);
#1194=LINE('',#7240,#1676);
#1195=LINE('',#7242,#1677);
#1196=LINE('',#7244,#1678);
#1197=LINE('',#7246,#1679);
#1198=LINE('',#7248,#1680);
#1199=LINE('',#7250,#1681);
#1200=LINE('',#7252,#1682);
#1201=LINE('',#7253,#1683);
#1202=LINE('',#7256,#1684);
#1203=LINE('',#7258,#1685);
#1204=LINE('',#7260,#1686);
#1205=LINE('',#7261,#1687);
#1206=LINE('',#7265,#1688);
#1207=LINE('',#7269,#1689);
#1208=LINE('',#7273,#1690);
#1209=LINE('',#7278,#1691);
#1210=LINE('',#7281,#1692);
#1211=LINE('',#7297,#1693);
#1212=LINE('',#7313,#1694);
#1213=LINE('',#7316,#1695);
#1214=LINE('',#7321,#1696);
#1215=LINE('',#7322,#1697);
#1216=LINE('',#7325,#1698);
#1217=LINE('',#7331,#1699);
#1218=LINE('',#7335,#1700);
#1219=LINE('',#7339,#1701);
#1220=LINE('',#7341,#1702);
#1221=LINE('',#7343,#1703);
#1222=LINE('',#7344,#1704);
#1223=LINE('',#7349,#1705);
#1224=LINE('',#7353,#1706);
#1225=LINE('',#7356,#1707);
#1226=LINE('',#7361,#1708);
#1227=LINE('',#7364,#1709);
#1228=LINE('',#7369,#1710);
#1229=LINE('',#7397,#1711);
#1230=LINE('',#7400,#1712);
#1231=LINE('',#7405,#1713);
#1232=LINE('',#7407,#1714);
#1233=LINE('',#7408,#1715);
#1234=LINE('',#7409,#1716);
#1235=LINE('',#7415,#1717);
#1236=LINE('',#7418,#1718);
#1237=LINE('',#7419,#1719);
#1238=LINE('',#7422,#1720);
#1239=LINE('',#7427,#1721);
#1240=LINE('',#7429,#1722);
#1241=LINE('',#7435,#1723);
#1242=LINE('',#7441,#1724);
#1243=LINE('',#7444,#1725);
#1244=LINE('',#7446,#1726);
#1245=LINE('',#7451,#1727);
#1246=LINE('',#7453,#1728);
#1247=LINE('',#7455,#1729);
#1248=LINE('',#7456,#1730);
#1249=LINE('',#7459,#1731);
#1250=LINE('',#7461,#1732);
#1251=LINE('',#7462,#1733);
#1252=LINE('',#7465,#1734);
#1253=LINE('',#7467,#1735);
#1254=LINE('',#7468,#1736);
#1255=LINE('',#7471,#1737);
#1256=LINE('',#7472,#1738);
#1257=LINE('',#7475,#1739);
#1258=LINE('',#7477,#1740);
#1259=LINE('',#7478,#1741);
#1260=LINE('',#7480,#1742);
#1261=LINE('',#7481,#1743);
#1262=LINE('',#7484,#1744);
#1263=LINE('',#7485,#1745);
#1264=LINE('',#7487,#1746);
#1265=LINE('',#7490,#1747);
#1266=LINE('',#7492,#1748);
#1267=LINE('',#7493,#1749);
#1268=LINE('',#7495,#1750);
#1269=LINE('',#7497,#1751);
#1270=LINE('',#7499,#1752);
#1271=LINE('',#7500,#1753);
#1272=LINE('',#7503,#1754);
#1273=LINE('',#7505,#1755);
#1274=LINE('',#7507,#1756);
#1275=LINE('',#7508,#1757);
#1276=LINE('',#7511,#1758);
#1277=LINE('',#7513,#1759);
#1278=LINE('',#7515,#1760);
#1279=LINE('',#7516,#1761);
#1280=LINE('',#7519,#1762);
#1281=LINE('',#7521,#1763);
#1282=LINE('',#7523,#1764);
#1283=LINE('',#7524,#1765);
#1284=LINE('',#7526,#1766);
#1285=LINE('',#7527,#1767);
#1286=LINE('',#7529,#1768);
#1287=LINE('',#7531,#1769);
#1288=LINE('',#7534,#1770);
#1289=LINE('',#7535,#1771);
#1290=LINE('',#7537,#1772);
#1291=LINE('',#7539,#1773);
#1292=LINE('',#7542,#1774);
#1293=LINE('',#7543,#1775);
#1294=LINE('',#7545,#1776);
#1295=LINE('',#7547,#1777);
#1296=LINE('',#7551,#1778);
#1297=LINE('',#7555,#1779);
#1298=LINE('',#7623,#1780);
#1299=LINE('',#7629,#1781);
#1300=LINE('',#7634,#1782);
#1301=LINE('',#7641,#1783);
#1302=LINE('',#7646,#1784);
#1303=LINE('',#7649,#1785);
#1304=LINE('',#7654,#1786);
#1305=LINE('',#7658,#1787);
#1306=LINE('',#7662,#1788);
#1307=LINE('',#7666,#1789);
#1308=LINE('',#7667,#1790);
#1309=LINE('',#7668,#1791);
#1310=LINE('',#7670,#1792);
#1311=LINE('',#7671,#1793);
#1312=LINE('',#7673,#1794);
#1313=LINE('',#7675,#1795);
#1314=LINE('',#7678,#1796);
#1315=LINE('',#7680,#1797);
#1316=LINE('',#7686,#1798);
#1317=LINE('',#7692,#1799);
#1318=LINE('',#7697,#1800);
#1319=LINE('',#7699,#1801);
#1320=LINE('',#7701,#1802);
#1321=LINE('',#7702,#1803);
#1322=LINE('',#7704,#1804);
#1323=LINE('',#7705,#1805);
#1324=LINE('',#7706,#1806);
#1325=LINE('',#7708,#1807);
#1326=LINE('',#7710,#1808);
#1327=VECTOR('',#4904,10.);
#1328=VECTOR('',#4905,10.);
#1329=VECTOR('',#4906,10.);
#1330=VECTOR('',#4907,10.);
#1331=VECTOR('',#4910,10.);
#1332=VECTOR('',#4911,10.);
#1333=VECTOR('',#4912,10.);
#1334=VECTOR('',#4913,10.);
#1335=VECTOR('',#4916,10.);
#1336=VECTOR('',#4917,10.);
#1337=VECTOR('',#4918,10.);
#1338=VECTOR('',#4921,10.);
#1339=VECTOR('',#4922,10.);
#1340=VECTOR('',#4923,10.);
#1341=VECTOR('',#4926,10.);
#1342=VECTOR('',#4927,10.);
#1343=VECTOR('',#4928,10.);
#1344=VECTOR('',#4931,10.);
#1345=VECTOR('',#4932,10.);
#1346=VECTOR('',#4935,10.);
#1347=VECTOR('',#4936,10.);
#1348=VECTOR('',#4937,10.);
#1349=VECTOR('',#4940,10.);
#1350=VECTOR('',#4941,10.);
#1351=VECTOR('',#4944,10.);
#1352=VECTOR('',#4945,10.);
#1353=VECTOR('',#4946,10.);
#1354=VECTOR('',#4947,10.);
#1355=VECTOR('',#4950,10.);
#1356=VECTOR('',#4951,10.);
#1357=VECTOR('',#4952,10.);
#1358=VECTOR('',#4953,10.);
#1359=VECTOR('',#4956,10.);
#1360=VECTOR('',#4957,10.);
#1361=VECTOR('',#4958,10.);
#1362=VECTOR('',#4961,10.);
#1363=VECTOR('',#4962,10.);
#1364=VECTOR('',#4963,10.);
#1365=VECTOR('',#4966,10.);
#1366=VECTOR('',#4967,10.);
#1367=VECTOR('',#4968,10.);
#1368=VECTOR('',#4971,10.);
#1369=VECTOR('',#4972,10.);
#1370=VECTOR('',#4975,10.);
#1371=VECTOR('',#4976,10.);
#1372=VECTOR('',#4977,10.);
#1373=VECTOR('',#4980,10.);
#1374=VECTOR('',#4981,10.);
#1375=VECTOR('',#4984,10.);
#1376=VECTOR('',#4985,10.);
#1377=VECTOR('',#4986,10.);
#1378=VECTOR('',#4987,10.);
#1379=VECTOR('',#4988,10.);
#1380=VECTOR('',#4989,10.);
#1381=VECTOR('',#4992,10.);
#1382=VECTOR('',#4993,10.);
#1383=VECTOR('',#4994,10.);
#1384=VECTOR('',#4995,10.);
#1385=VECTOR('',#4996,10.);
#1386=VECTOR('',#4997,10.);
#1387=VECTOR('',#5000,10.);
#1388=VECTOR('',#5001,10.);
#1389=VECTOR('',#5004,10.);
#1390=VECTOR('',#5005,10.);
#1391=VECTOR('',#5008,10.);
#1392=VECTOR('',#5009,10.);
#1393=VECTOR('',#5010,10.);
#1394=VECTOR('',#5013,10.);
#1395=VECTOR('',#5014,10.);
#1396=VECTOR('',#5015,10.);
#1397=VECTOR('',#5018,10.);
#1398=VECTOR('',#5019,10.);
#1399=VECTOR('',#5020,10.);
#1400=VECTOR('',#5023,10.);
#1401=VECTOR('',#5024,10.);
#1402=VECTOR('',#5025,10.);
#1403=VECTOR('',#5028,10.);
#1404=VECTOR('',#5029,10.);
#1405=VECTOR('',#5030,10.);
#1406=VECTOR('',#5031,10.);
#1407=VECTOR('',#5034,10.);
#1408=VECTOR('',#5035,10.);
#1409=VECTOR('',#5036,10.);
#1410=VECTOR('',#5037,10.);
#1411=VECTOR('',#5042,10.);
#1412=VECTOR('',#5045,10.);
#1413=VECTOR('',#5046,10.);
#1414=VECTOR('',#5049,10.);
#1415=VECTOR('',#5050,10.);
#1416=VECTOR('',#5051,10.);
#1417=VECTOR('',#5052,10.);
#1418=VECTOR('',#5053,10.);
#1419=VECTOR('',#5054,10.);
#1420=VECTOR('',#5057,10.);
#1421=VECTOR('',#5058,10.);
#1422=VECTOR('',#5059,10.);
#1423=VECTOR('',#5060,10.);
#1424=VECTOR('',#5061,10.);
#1425=VECTOR('',#5068,10.);
#1426=VECTOR('',#5069,10.);
#1427=VECTOR('',#5070,10.);
#1428=VECTOR('',#5077,10.);
#1429=VECTOR('',#5080,10.);
#1430=VECTOR('',#5081,10.);
#1431=VECTOR('',#5084,10.);
#1432=VECTOR('',#5085,10.);
#1433=VECTOR('',#5086,10.);
#1434=VECTOR('',#5087,10.);
#1435=VECTOR('',#5088,10.);
#1436=VECTOR('',#5091,10.);
#1437=VECTOR('',#5092,10.);
#1438=VECTOR('',#5103,10.);
#1439=VECTOR('',#5104,10.);
#1440=VECTOR('',#5105,10.);
#1441=VECTOR('',#5106,10.);
#1442=VECTOR('',#5107,10.);
#1443=VECTOR('',#5108,10.);
#1444=VECTOR('',#5109,10.);
#1445=VECTOR('',#5110,10.);
#1446=VECTOR('',#5111,10.);
#1447=VECTOR('',#5112,10.);
#1448=VECTOR('',#5115,10.);
#1449=VECTOR('',#5116,10.);
#1450=VECTOR('',#5117,10.);
#1451=VECTOR('',#5120,10.);
#1452=VECTOR('',#5121,10.);
#1453=VECTOR('',#5122,10.);
#1454=VECTOR('',#5125,10.);
#1455=VECTOR('',#5126,10.);
#1456=VECTOR('',#5127,10.);
#1457=VECTOR('',#5130,10.);
#1458=VECTOR('',#5131,10.);
#1459=VECTOR('',#5132,10.);
#1460=VECTOR('',#5135,10.);
#1461=VECTOR('',#5136,10.);
#1462=VECTOR('',#5137,10.);
#1463=VECTOR('',#5138,10.);
#1464=VECTOR('',#5139,10.);
#1465=VECTOR('',#5140,10.);
#1466=VECTOR('',#5141,10.);
#1467=VECTOR('',#5142,10.);
#1468=VECTOR('',#5143,10.);
#1469=VECTOR('',#5144,10.);
#1470=VECTOR('',#5145,10.);
#1471=VECTOR('',#5146,10.);
#1472=VECTOR('',#5149,10.);
#1473=VECTOR('',#5150,10.);
#1474=VECTOR('',#5151,10.);
#1475=VECTOR('',#5152,10.);
#1476=VECTOR('',#5153,10.);
#1477=VECTOR('',#5154,10.);
#1478=VECTOR('',#5155,10.);
#1479=VECTOR('',#5156,10.);
#1480=VECTOR('',#5157,10.);
#1481=VECTOR('',#5158,10.);
#1482=VECTOR('',#5159,10.);
#1483=VECTOR('',#5160,10.);
#1484=VECTOR('',#5161,10.);
#1485=VECTOR('',#5162,10.);
#1486=VECTOR('',#5163,10.);
#1487=VECTOR('',#5164,10.);
#1488=VECTOR('',#5165,10.);
#1489=VECTOR('',#5166,10.);
#1490=VECTOR('',#5169,10.);
#1491=VECTOR('',#5170,10.);
#1492=VECTOR('',#5175,10.);
#1493=VECTOR('',#5176,10.);
#1494=VECTOR('',#5181,10.);
#1495=VECTOR('',#5184,10.);
#1496=VECTOR('',#5189,10.);
#1497=VECTOR('',#5192,10.);
#1498=VECTOR('',#5193,10.);
#1499=VECTOR('',#5196,10.);
#1500=VECTOR('',#5207,10.);
#1501=VECTOR('',#5208,10.);
#1502=VECTOR('',#5209,10.);
#1503=VECTOR('',#5210,10.);
#1504=VECTOR('',#5213,10.);
#1505=VECTOR('',#5214,10.);
#1506=VECTOR('',#5215,10.);
#1507=VECTOR('',#5220,10.);
#1508=VECTOR('',#5225,10.);
#1509=VECTOR('',#5226,10.);
#1510=VECTOR('',#5227,10.);
#1511=VECTOR('',#5232,10.);
#1512=VECTOR('',#5239,10.);
#1513=VECTOR('',#5240,10.);
#1514=VECTOR('',#5241,10.);
#1515=VECTOR('',#5242,10.);
#1516=VECTOR('',#5243,10.);
#1517=VECTOR('',#5250,10.);
#1518=VECTOR('',#5257,10.);
#1519=VECTOR('',#5262,10.);
#1520=VECTOR('',#5263,10.);
#1521=VECTOR('',#5264,10.);
#1522=VECTOR('',#5269,10.);
#1523=VECTOR('',#5276,10.);
#1524=VECTOR('',#5281,10.);
#1525=VECTOR('',#5284,10.);
#1526=VECTOR('',#5287,10.);
#1527=VECTOR('',#5292,10.);
#1528=VECTOR('',#5297,10.);
#1529=VECTOR('',#5298,10.);
#1530=VECTOR('',#5299,10.);
#1531=VECTOR('',#5304,10.);
#1532=VECTOR('',#5309,10.);
#1533=VECTOR('',#5310,10.);
#1534=VECTOR('',#5311,10.);
#1535=VECTOR('',#5314,10.);
#1536=VECTOR('',#5315,10.);
#1537=VECTOR('',#5316,10.);
#1538=VECTOR('',#5319,10.);
#1539=VECTOR('',#5320,10.);
#1540=VECTOR('',#5321,10.);
#1541=VECTOR('',#5322,10.);
#1542=VECTOR('',#5329,10.);
#1543=VECTOR('',#5332,10.);
#1544=VECTOR('',#5333,10.);
#1545=VECTOR('',#5334,10.);
#1546=VECTOR('',#5339,10.);
#1547=VECTOR('',#5340,10.);
#1548=VECTOR('',#5341,10.);
#1549=VECTOR('',#5344,10.);
#1550=VECTOR('',#5345,10.);
#1551=VECTOR('',#5346,10.);
#1552=VECTOR('',#5349,10.);
#1553=VECTOR('',#5350,10.);
#1554=VECTOR('',#5351,10.);
#1555=VECTOR('',#5354,10.);
#1556=VECTOR('',#5355,10.);
#1557=VECTOR('',#5356,10.);
#1558=VECTOR('',#5357,10.);
#1559=VECTOR('',#5360,10.);
#1560=VECTOR('',#5361,10.);
#1561=VECTOR('',#5362,10.);
#1562=VECTOR('',#5367,10.);
#1563=VECTOR('',#5368,10.);
#1564=VECTOR('',#5369,10.);
#1565=VECTOR('',#5372,10.);
#1566=VECTOR('',#5373,10.);
#1567=VECTOR('',#5374,10.);
#1568=VECTOR('',#5375,10.);
#1569=VECTOR('',#5376,10.);
#1570=VECTOR('',#5377,10.);
#1571=VECTOR('',#5388,10.);
#1572=VECTOR('',#5389,10.);
#1573=VECTOR('',#5390,10.);
#1574=VECTOR('',#5391,10.);
#1575=VECTOR('',#5394,10.);
#1576=VECTOR('',#5395,10.);
#1577=VECTOR('',#5398,10.);
#1578=VECTOR('',#5401,10.);
#1579=VECTOR('',#5408,10.);
#1580=VECTOR('',#5409,10.);
#1581=VECTOR('',#5420,1.7);
#1582=VECTOR('',#5423,1.7);
#1583=VECTOR('',#5426,1.25);
#1584=VECTOR('',#5429,1.25);
#1585=VECTOR('',#5432,10.);
#1586=VECTOR('',#5433,10.);
#1587=VECTOR('',#5434,10.);
#1588=VECTOR('',#5437,10.);
#1589=VECTOR('',#5438,10.);
#1590=VECTOR('',#5441,10.);
#1591=VECTOR('',#5442,10.);
#1592=VECTOR('',#5443,10.);
#1593=VECTOR('',#5444,10.);
#1594=VECTOR('',#5445,10.);
#1595=VECTOR('',#5446,10.);
#1596=VECTOR('',#5451,1.35000000000002);
#1597=VECTOR('',#5458,1.35000000000002);
#1598=VECTOR('',#5465,1.35000000000002);
#1599=VECTOR('',#5472,1.35000000000002);
#1600=VECTOR('',#5477,10.);
#1601=VECTOR('',#5478,10.);
#1602=VECTOR('',#5479,10.);
#1603=VECTOR('',#5486,10.);
#1604=VECTOR('',#5489,10.);
#1605=VECTOR('',#5490,10.);
#1606=VECTOR('',#5491,10.);
#1607=VECTOR('',#5498,10.);
#1608=VECTOR('',#5503,10.);
#1609=VECTOR('',#5506,10.);
#1610=VECTOR('',#5509,10.);
#1611=VECTOR('',#5510,10.);
#1612=VECTOR('',#5511,10.);
#1613=VECTOR('',#5514,10.);
#1614=VECTOR('',#5521,10.);
#1615=VECTOR('',#5524,10.);
#1616=VECTOR('',#5525,10.);
#1617=VECTOR('',#5526,10.);
#1618=VECTOR('',#5533,10.);
#1619=VECTOR('',#5538,10.);
#1620=VECTOR('',#5539,10.);
#1621=VECTOR('',#5540,10.);
#1622=VECTOR('',#5541,10.);
#1623=VECTOR('',#5542,10.);
#1624=VECTOR('',#5543,10.);
#1625=VECTOR('',#5544,10.);
#1626=VECTOR('',#5545,10.);
#1627=VECTOR('',#5588,10.);
#1628=VECTOR('',#5605,2.1);
#1629=VECTOR('',#5610,2.1);
#1630=VECTOR('',#5617,2.1);
#1631=VECTOR('',#5622,2.1);
#1632=VECTOR('',#5627,10.);
#1633=VECTOR('',#5628,10.);
#1634=VECTOR('',#5629,10.);
#1635=VECTOR('',#5632,10.);
#1636=VECTOR('',#5633,10.);
#1637=VECTOR('',#5636,10.);
#1638=VECTOR('',#5637,10.);
#1639=VECTOR('',#5638,10.);
#1640=VECTOR('',#5639,10.);
#1641=VECTOR('',#5642,10.);
#1642=VECTOR('',#5643,10.);
#1643=VECTOR('',#5646,10.);
#1644=VECTOR('',#5647,10.);
#1645=VECTOR('',#5648,10.);
#1646=VECTOR('',#5651,10.);
#1647=VECTOR('',#5652,10.);
#1648=VECTOR('',#5653,10.);
#1649=VECTOR('',#5656,10.);
#1650=VECTOR('',#5659,10.);
#1651=VECTOR('',#5660,10.);
#1652=VECTOR('',#5665,10.);
#1653=VECTOR('',#5666,10.);
#1654=VECTOR('',#5669,10.);
#1655=VECTOR('',#5670,10.);
#1656=VECTOR('',#5671,10.);
#1657=VECTOR('',#5672,10.);
#1658=VECTOR('',#5677,10.);
#1659=VECTOR('',#5678,10.);
#1660=VECTOR('',#5683,10.);
#1661=VECTOR('',#5686,10.);
#1662=VECTOR('',#5689,10.);
#1663=VECTOR('',#5692,10.);
#1664=VECTOR('',#5699,10.);
#1665=VECTOR('',#5700,10.);
#1666=VECTOR('',#5701,10.);
#1667=VECTOR('',#5702,10.);
#1668=VECTOR('',#5705,10.);
#1669=VECTOR('',#5706,10.);
#1670=VECTOR('',#5707,10.);
#1671=VECTOR('',#5708,10.);
#1672=VECTOR('',#5709,10.);
#1673=VECTOR('',#5710,10.);
#1674=VECTOR('',#5713,10.);
#1675=VECTOR('',#5714,10.);
#1676=VECTOR('',#5715,10.);
#1677=VECTOR('',#5716,10.);
#1678=VECTOR('',#5717,10.);
#1679=VECTOR('',#5718,10.);
#1680=VECTOR('',#5719,10.);
#1681=VECTOR('',#5720,10.);
#1682=VECTOR('',#5721,10.);
#1683=VECTOR('',#5722,10.);
#1684=VECTOR('',#5725,10.);
#1685=VECTOR('',#5726,10.);
#1686=VECTOR('',#5727,10.);
#1687=VECTOR('',#5728,10.);
#1688=VECTOR('',#5731,10.);
#1689=VECTOR('',#5734,10.);
#1690=VECTOR('',#5739,10.);
#1691=VECTOR('',#5744,10.);
#1692=VECTOR('',#5747,10.);
#1693=VECTOR('',#5750,10.);
#1694=VECTOR('',#5757,10.);
#1695=VECTOR('',#5760,10.);
#1696=VECTOR('',#5765,10.);
#1697=VECTOR('',#5766,10.);
#1698=VECTOR('',#5769,10.);
#1699=VECTOR('',#5776,10.);
#1700=VECTOR('',#5779,10.);
#1701=VECTOR('',#5784,10.);
#1702=VECTOR('',#5787,3.25);
#1703=VECTOR('',#5790,10.);
#1704=VECTOR('',#5791,10.);
#1705=VECTOR('',#5796,10.);
#1706=VECTOR('',#5799,10.);
#1707=VECTOR('',#5804,10.);
#1708=VECTOR('',#5809,10.);
#1709=VECTOR('',#5812,10.);
#1710=VECTOR('',#5817,10.);
#1711=VECTOR('',#5824,10.);
#1712=VECTOR('',#5827,10.);
#1713=VECTOR('',#5832,10.);
#1714=VECTOR('',#5833,10.);
#1715=VECTOR('',#5834,10.);
#1716=VECTOR('',#5835,10.);
#1717=VECTOR('',#5842,10.);
#1718=VECTOR('',#5845,10.);
#1719=VECTOR('',#5846,10.);
#1720=VECTOR('',#5849,3.25);
#1721=VECTOR('',#5856,10.);
#1722=VECTOR('',#5859,10.);
#1723=VECTOR('',#5866,2.1);
#1724=VECTOR('',#5873,2.1);
#1725=VECTOR('',#5878,10.);
#1726=VECTOR('',#5881,10.);
#1727=VECTOR('',#5886,10.);
#1728=VECTOR('',#5887,10.);
#1729=VECTOR('',#5888,10.);
#1730=VECTOR('',#5889,10.);
#1731=VECTOR('',#5892,10.);
#1732=VECTOR('',#5893,10.);
#1733=VECTOR('',#5894,10.);
#1734=VECTOR('',#5897,10.);
#1735=VECTOR('',#5898,10.);
#1736=VECTOR('',#5899,10.);
#1737=VECTOR('',#5902,10.);
#1738=VECTOR('',#5903,10.);
#1739=VECTOR('',#5906,10.);
#1740=VECTOR('',#5907,10.);
#1741=VECTOR('',#5908,10.);
#1742=VECTOR('',#5911,10.);
#1743=VECTOR('',#5912,10.);
#1744=VECTOR('',#5915,10.);
#1745=VECTOR('',#5916,10.);
#1746=VECTOR('',#5919,10.);
#1747=VECTOR('',#5922,10.);
#1748=VECTOR('',#5923,10.);
#1749=VECTOR('',#5924,10.);
#1750=VECTOR('',#5927,10.);
#1751=VECTOR('',#5930,10.);
#1752=VECTOR('',#5933,10.);
#1753=VECTOR('',#5934,10.);
#1754=VECTOR('',#5935,10.);
#1755=VECTOR('',#5936,10.);
#1756=VECTOR('',#5937,10.);
#1757=VECTOR('',#5938,10.);
#1758=VECTOR('',#5939,10.);
#1759=VECTOR('',#5940,10.);
#1760=VECTOR('',#5941,10.);
#1761=VECTOR('',#5942,10.);
#1762=VECTOR('',#5943,10.);
#1763=VECTOR('',#5944,10.);
#1764=VECTOR('',#5945,10.);
#1765=VECTOR('',#5946,10.);
#1766=VECTOR('',#5949,10.);
#1767=VECTOR('',#5950,10.);
#1768=VECTOR('',#5953,10.);
#1769=VECTOR('',#5956,10.);
#1770=VECTOR('',#5961,10.);
#1771=VECTOR('',#5962,10.);
#1772=VECTOR('',#5965,10.);
#1773=VECTOR('',#5968,10.);
#1774=VECTOR('',#5973,10.);
#1775=VECTOR('',#5974,10.);
#1776=VECTOR('',#5977,10.);
#1777=VECTOR('',#5980,10.);
#1778=VECTOR('',#5985,2.1);
#1779=VECTOR('',#5990,2.1);
#1780=VECTOR('',#6003,10.);
#1781=VECTOR('',#6012,10.);
#1782=VECTOR('',#6019,10.);
#1783=VECTOR('',#6026,1.35000000000002);
#1784=VECTOR('',#6033,1.35000000000002);
#1785=VECTOR('',#6036,1.35000000000002);
#1786=VECTOR('',#6043,1.35000000000002);
#1787=VECTOR('',#6048,10.);
#1788=VECTOR('',#6053,10.);
#1789=VECTOR('',#6056,10.);
#1790=VECTOR('',#6057,10.);
#1791=VECTOR('',#6058,10.);
#1792=VECTOR('',#6061,10.);
#1793=VECTOR('',#6062,10.);
#1794=VECTOR('',#6065,10.);
#1795=VECTOR('',#6068,10.);
#1796=VECTOR('',#6073,10.);
#1797=VECTOR('',#6076,10.);
#1798=VECTOR('',#6083,2.1);
#1799=VECTOR('',#6090,2.1);
#1800=VECTOR('',#6095,10.);
#1801=VECTOR('',#6096,10.);
#1802=VECTOR('',#6097,10.);
#1803=VECTOR('',#6098,10.);
#1804=VECTOR('',#6101,10.);
#1805=VECTOR('',#6102,10.);
#1806=VECTOR('',#6103,10.);
#1807=VECTOR('',#6106,10.);
#1808=VECTOR('',#6109,10.);
#1809=VERTEX_POINT('',#6114);
#1810=VERTEX_POINT('',#6115);
#1811=VERTEX_POINT('',#6117);
#1812=VERTEX_POINT('',#6119);
#1813=VERTEX_POINT('',#6123);
#1814=VERTEX_POINT('',#6124);
#1815=VERTEX_POINT('',#6126);
#1816=VERTEX_POINT('',#6128);
#1817=VERTEX_POINT('',#6132);
#1818=VERTEX_POINT('',#6134);
#1819=VERTEX_POINT('',#6138);
#1820=VERTEX_POINT('',#6140);
#1821=VERTEX_POINT('',#6144);
#1822=VERTEX_POINT('',#6146);
#1823=VERTEX_POINT('',#6153);
#1824=VERTEX_POINT('',#6155);
#1825=VERTEX_POINT('',#6162);
#1826=VERTEX_POINT('',#6163);
#1827=VERTEX_POINT('',#6165);
#1828=VERTEX_POINT('',#6167);
#1829=VERTEX_POINT('',#6171);
#1830=VERTEX_POINT('',#6172);
#1831=VERTEX_POINT('',#6174);
#1832=VERTEX_POINT('',#6176);
#1833=VERTEX_POINT('',#6180);
#1834=VERTEX_POINT('',#6182);
#1835=VERTEX_POINT('',#6186);
#1836=VERTEX_POINT('',#6188);
#1837=VERTEX_POINT('',#6192);
#1838=VERTEX_POINT('',#6194);
#1839=VERTEX_POINT('',#6201);
#1840=VERTEX_POINT('',#6203);
#1841=VERTEX_POINT('',#6210);
#1842=VERTEX_POINT('',#6211);
#1843=VERTEX_POINT('',#6213);
#1844=VERTEX_POINT('',#6215);
#1845=VERTEX_POINT('',#6217);
#1846=VERTEX_POINT('',#6219);
#1847=VERTEX_POINT('',#6223);
#1848=VERTEX_POINT('',#6224);
#1849=VERTEX_POINT('',#6226);
#1850=VERTEX_POINT('',#6228);
#1851=VERTEX_POINT('',#6230);
#1852=VERTEX_POINT('',#6232);
#1853=VERTEX_POINT('',#6242);
#1854=VERTEX_POINT('',#6244);
#1855=VERTEX_POINT('',#6248);
#1856=VERTEX_POINT('',#6250);
#1857=VERTEX_POINT('',#6254);
#1858=VERTEX_POINT('',#6256);
#1859=VERTEX_POINT('',#6260);
#1860=VERTEX_POINT('',#6262);
#1861=VERTEX_POINT('',#6266);
#1862=VERTEX_POINT('',#6267);
#1863=VERTEX_POINT('',#6269);
#1864=VERTEX_POINT('',#6271);
#1865=VERTEX_POINT('',#6275);
#1866=VERTEX_POINT('',#6276);
#1867=VERTEX_POINT('',#6278);
#1868=VERTEX_POINT('',#6280);
#1869=VERTEX_POINT('',#6284);
#1870=VERTEX_POINT('',#6285);
#1871=VERTEX_POINT('',#6287);
#1872=VERTEX_POINT('',#6289);
#1873=VERTEX_POINT('',#6291);
#1874=VERTEX_POINT('',#6293);
#1875=VERTEX_POINT('',#6318);
#1876=VERTEX_POINT('',#6319);
#1877=VERTEX_POINT('',#6321);
#1878=VERTEX_POINT('',#6327);
#1879=VERTEX_POINT('',#6329);
#1880=VERTEX_POINT('',#6331);
#1881=VERTEX_POINT('',#6333);
#1882=VERTEX_POINT('',#6335);
#1883=VERTEX_POINT('',#6338);
#1884=VERTEX_POINT('',#6339);
#1885=VERTEX_POINT('',#6341);
#1886=VERTEX_POINT('',#6343);
#1887=VERTEX_POINT('',#6346);
#1888=VERTEX_POINT('',#6348);
#1889=VERTEX_POINT('',#6351);
#1890=VERTEX_POINT('',#6353);
#1891=VERTEX_POINT('',#6355);
#1892=VERTEX_POINT('',#6359);
#1893=VERTEX_POINT('',#6360);
#1894=VERTEX_POINT('',#6362);
#1895=VERTEX_POINT('',#6364);
#1896=VERTEX_POINT('',#6366);
#1897=VERTEX_POINT('',#6368);
#1898=VERTEX_POINT('',#6391);
#1899=VERTEX_POINT('',#6393);
#1900=VERTEX_POINT('',#6395);
#1901=VERTEX_POINT('',#6397);
#1902=VERTEX_POINT('',#6401);
#1903=VERTEX_POINT('',#6405);
#1904=VERTEX_POINT('',#6407);
#1905=VERTEX_POINT('',#6411);
#1906=VERTEX_POINT('',#6414);
#1907=VERTEX_POINT('',#6416);
#1908=VERTEX_POINT('',#6420);
#1909=VERTEX_POINT('',#6421);
#1910=VERTEX_POINT('',#6423);
#1911=VERTEX_POINT('',#6425);
#1912=VERTEX_POINT('',#6429);
#1913=VERTEX_POINT('',#6431);
#1914=VERTEX_POINT('',#6435);
#1915=VERTEX_POINT('',#6437);
#1916=VERTEX_POINT('',#6441);
#1917=VERTEX_POINT('',#6442);
#1918=VERTEX_POINT('',#6447);
#1919=VERTEX_POINT('',#6448);
#1920=VERTEX_POINT('',#6453);
#1921=VERTEX_POINT('',#6455);
#1922=VERTEX_POINT('',#6457);
#1923=VERTEX_POINT('',#6461);
#1924=VERTEX_POINT('',#6463);
#1925=VERTEX_POINT('',#6466);
#1926=VERTEX_POINT('',#6467);
#1927=VERTEX_POINT('',#6469);
#1928=VERTEX_POINT('',#6471);
#1929=VERTEX_POINT('',#6476);
#1930=VERTEX_POINT('',#6478);
#1931=VERTEX_POINT('',#6480);
#1932=VERTEX_POINT('',#6482);
#1933=VERTEX_POINT('',#6485);
#1934=VERTEX_POINT('',#6486);
#1935=VERTEX_POINT('',#6488);
#1936=VERTEX_POINT('',#6490);
#1937=VERTEX_POINT('',#6493);
#1938=VERTEX_POINT('',#6494);
#1939=VERTEX_POINT('',#6496);
#1940=VERTEX_POINT('',#6498);
#1941=VERTEX_POINT('',#6501);
#1942=VERTEX_POINT('',#6502);
#1943=VERTEX_POINT('',#6504);
#1944=VERTEX_POINT('',#6506);
#1945=VERTEX_POINT('',#6513);
#1946=VERTEX_POINT('',#6514);
#1947=VERTEX_POINT('',#6517);
#1948=VERTEX_POINT('',#6520);
#1949=VERTEX_POINT('',#6526);
#1950=VERTEX_POINT('',#6527);
#1951=VERTEX_POINT('',#6529);
#1952=VERTEX_POINT('',#6531);
#1953=VERTEX_POINT('',#6534);
#1954=VERTEX_POINT('',#6536);
#1955=VERTEX_POINT('',#6540);
#1956=VERTEX_POINT('',#6542);
#1957=VERTEX_POINT('',#6544);
#1958=VERTEX_POINT('',#6551);
#1959=VERTEX_POINT('',#6552);
#1960=VERTEX_POINT('',#6554);
#1961=VERTEX_POINT('',#6556);
#1962=VERTEX_POINT('',#6560);
#1963=VERTEX_POINT('',#6562);
#1964=VERTEX_POINT('',#6566);
#1965=VERTEX_POINT('',#6568);
#1966=VERTEX_POINT('',#6572);
#1967=VERTEX_POINT('',#6574);
#1968=VERTEX_POINT('',#6578);
#1969=VERTEX_POINT('',#6580);
#1970=VERTEX_POINT('',#6584);
#1971=VERTEX_POINT('',#6585);
#1972=VERTEX_POINT('',#6587);
#1973=VERTEX_POINT('',#6589);
#1974=VERTEX_POINT('',#6591);
#1975=VERTEX_POINT('',#6593);
#1976=VERTEX_POINT('',#6596);
#1977=VERTEX_POINT('',#6599);
#1978=VERTEX_POINT('',#6601);
#1979=VERTEX_POINT('',#6605);
#1980=VERTEX_POINT('',#6607);
#1981=VERTEX_POINT('',#6611);
#1982=VERTEX_POINT('',#6613);
#1983=VERTEX_POINT('',#6617);
#1984=VERTEX_POINT('',#6619);
#1985=VERTEX_POINT('',#6623);
#1986=VERTEX_POINT('',#6625);
#1987=VERTEX_POINT('',#6629);
#1988=VERTEX_POINT('',#6630);
#1989=VERTEX_POINT('',#6662);
#1990=VERTEX_POINT('',#6664);
#1991=VERTEX_POINT('',#6666);
#1992=VERTEX_POINT('',#6668);
#1993=VERTEX_POINT('',#6672);
#1994=VERTEX_POINT('',#6674);
#1995=VERTEX_POINT('',#6678);
#1996=VERTEX_POINT('',#6680);
#1997=VERTEX_POINT('',#6684);
#1998=VERTEX_POINT('',#6686);
#1999=VERTEX_POINT('',#6690);
#2000=VERTEX_POINT('',#6692);
#2001=VERTEX_POINT('',#6696);
#2002=VERTEX_POINT('',#6698);
#2003=VERTEX_POINT('',#6702);
#2004=VERTEX_POINT('',#6703);
#2005=VERTEX_POINT('',#6705);
#2006=VERTEX_POINT('',#6707);
#2007=VERTEX_POINT('',#6711);
#2008=VERTEX_POINT('',#6713);
#2009=VERTEX_POINT('',#6717);
#2010=VERTEX_POINT('',#6719);
#2011=VERTEX_POINT('',#6723);
#2012=VERTEX_POINT('',#6725);
#2013=VERTEX_POINT('',#6727);
#2014=VERTEX_POINT('',#6731);
#2015=VERTEX_POINT('',#6733);
#2016=VERTEX_POINT('',#6737);
#2017=VERTEX_POINT('',#6739);
#2018=VERTEX_POINT('',#6743);
#2019=VERTEX_POINT('',#6744);
#2020=VERTEX_POINT('',#6746);
#2021=VERTEX_POINT('',#6748);
#2022=VERTEX_POINT('',#6752);
#2023=VERTEX_POINT('',#6754);
#2024=VERTEX_POINT('',#6758);
#2025=VERTEX_POINT('',#6759);
#2026=VERTEX_POINT('',#6762);
#2027=VERTEX_POINT('',#6766);
#2028=VERTEX_POINT('',#6767);
#2029=VERTEX_POINT('',#6769);
#2030=VERTEX_POINT('',#6771);
#2031=VERTEX_POINT('',#6776);
#2032=VERTEX_POINT('',#6778);
#2033=VERTEX_POINT('',#6780);
#2034=VERTEX_POINT('',#6782);
#2035=VERTEX_POINT('',#6785);
#2036=VERTEX_POINT('',#6786);
#2037=VERTEX_POINT('',#6788);
#2038=VERTEX_POINT('',#6790);
#2039=VERTEX_POINT('',#6801);
#2040=VERTEX_POINT('',#6806);
#2041=VERTEX_POINT('',#6809);
#2042=VERTEX_POINT('',#6853);
#2043=VERTEX_POINT('',#6855);
#2044=VERTEX_POINT('',#6857);
#2045=VERTEX_POINT('',#6859);
#2046=VERTEX_POINT('',#6862);
#2047=VERTEX_POINT('',#6864);
#2048=VERTEX_POINT('',#6866);
#2049=VERTEX_POINT('',#6868);
#2050=VERTEX_POINT('',#6872);
#2051=VERTEX_POINT('',#6876);
#2052=VERTEX_POINT('',#6878);
#2053=VERTEX_POINT('',#6882);
#2054=VERTEX_POINT('',#6884);
#2055=VERTEX_POINT('',#6888);
#2056=VERTEX_POINT('',#6890);
#2057=VERTEX_POINT('',#6894);
#2058=VERTEX_POINT('',#6896);
#2059=VERTEX_POINT('',#6900);
#2060=VERTEX_POINT('',#6902);
#2061=VERTEX_POINT('',#6906);
#2062=VERTEX_POINT('',#6908);
#2063=VERTEX_POINT('',#6912);
#2064=VERTEX_POINT('',#6914);
#2065=VERTEX_POINT('',#6918);
#2066=VERTEX_POINT('',#6920);
#2067=VERTEX_POINT('',#6924);
#2068=VERTEX_POINT('',#6925);
#2069=VERTEX_POINT('',#6927);
#2070=VERTEX_POINT('',#6929);
#2071=VERTEX_POINT('',#6934);
#2072=VERTEX_POINT('',#6941);
#2073=VERTEX_POINT('',#6945);
#2074=VERTEX_POINT('',#6947);
#2075=VERTEX_POINT('',#6951);
#2076=VERTEX_POINT('',#6953);
#2077=VERTEX_POINT('',#6957);
#2078=VERTEX_POINT('',#6958);
#2079=VERTEX_POINT('',#6960);
#2080=VERTEX_POINT('',#6962);
#2081=VERTEX_POINT('',#6966);
#2082=VERTEX_POINT('',#6967);
#2083=VERTEX_POINT('',#6969);
#2084=VERTEX_POINT('',#6971);
#2085=VERTEX_POINT('',#6974);
#2086=VERTEX_POINT('',#6976);
#2087=VERTEX_POINT('',#7125);
#2088=VERTEX_POINT('',#7129);
#2089=VERTEX_POINT('',#7131);
#2090=VERTEX_POINT('',#7135);
#2091=VERTEX_POINT('',#7139);
#2092=VERTEX_POINT('',#7141);
#2093=VERTEX_POINT('',#7145);
#2094=VERTEX_POINT('',#7147);
#2095=VERTEX_POINT('',#7151);
#2096=VERTEX_POINT('',#7155);
#2097=VERTEX_POINT('',#7156);
#2098=VERTEX_POINT('',#7158);
#2099=VERTEX_POINT('',#7160);
#2100=VERTEX_POINT('',#7164);
#2101=VERTEX_POINT('',#7168);
#2102=VERTEX_POINT('',#7170);
#2103=VERTEX_POINT('',#7174);
#2104=VERTEX_POINT('',#7176);
#2105=VERTEX_POINT('',#7185);
#2106=VERTEX_POINT('',#7186);
#2107=VERTEX_POINT('',#7191);
#2108=VERTEX_POINT('',#7194);
#2109=VERTEX_POINT('',#7198);
#2110=VERTEX_POINT('',#7200);
#2111=VERTEX_POINT('',#7204);
#2112=VERTEX_POINT('',#7216);
#2113=VERTEX_POINT('',#7217);
#2114=VERTEX_POINT('',#7220);
#2115=VERTEX_POINT('',#7224);
#2116=VERTEX_POINT('',#7226);
#2117=VERTEX_POINT('',#7229);
#2118=VERTEX_POINT('',#7231);
#2119=VERTEX_POINT('',#7235);
#2120=VERTEX_POINT('',#7237);
#2121=VERTEX_POINT('',#7239);
#2122=VERTEX_POINT('',#7241);
#2123=VERTEX_POINT('',#7243);
#2124=VERTEX_POINT('',#7245);
#2125=VERTEX_POINT('',#7247);
#2126=VERTEX_POINT('',#7249);
#2127=VERTEX_POINT('',#7251);
#2128=VERTEX_POINT('',#7255);
#2129=VERTEX_POINT('',#7257);
#2130=VERTEX_POINT('',#7259);
#2131=VERTEX_POINT('',#7263);
#2132=VERTEX_POINT('',#7264);
#2133=VERTEX_POINT('',#7266);
#2134=VERTEX_POINT('',#7268);
#2135=VERTEX_POINT('',#7272);
#2136=VERTEX_POINT('',#7274);
#2137=VERTEX_POINT('',#7276);
#2138=VERTEX_POINT('',#7280);
#2139=VERTEX_POINT('',#7282);
#2140=VERTEX_POINT('',#7295);
#2141=VERTEX_POINT('',#7299);
#2142=VERTEX_POINT('',#7312);
#2143=VERTEX_POINT('',#7314);
#2144=VERTEX_POINT('',#7317);
#2145=VERTEX_POINT('',#7320);
#2146=VERTEX_POINT('',#7324);
#2147=VERTEX_POINT('',#7327);
#2148=VERTEX_POINT('',#7330);
#2149=VERTEX_POINT('',#7332);
#2150=VERTEX_POINT('',#7334);
#2151=VERTEX_POINT('',#7337);
#2152=VERTEX_POINT('',#7347);
#2153=VERTEX_POINT('',#7348);
#2154=VERTEX_POINT('',#7350);
#2155=VERTEX_POINT('',#7352);
#2156=VERTEX_POINT('',#7357);
#2157=VERTEX_POINT('',#7359);
#2158=VERTEX_POINT('',#7363);
#2159=VERTEX_POINT('',#7365);
#2160=VERTEX_POINT('',#7367);
#2161=VERTEX_POINT('',#7382);
#2162=VERTEX_POINT('',#7396);
#2163=VERTEX_POINT('',#7398);
#2164=VERTEX_POINT('',#7401);
#2165=VERTEX_POINT('',#7404);
#2166=VERTEX_POINT('',#7406);
#2167=VERTEX_POINT('',#7410);
#2168=VERTEX_POINT('',#7412);
#2169=VERTEX_POINT('',#7417);
#2170=VERTEX_POINT('',#7421);
#2171=VERTEX_POINT('',#7425);
#2172=VERTEX_POINT('',#7432);
#2173=VERTEX_POINT('',#7434);
#2174=VERTEX_POINT('',#7438);
#2175=VERTEX_POINT('',#7440);
#2176=VERTEX_POINT('',#7449);
#2177=VERTEX_POINT('',#7450);
#2178=VERTEX_POINT('',#7452);
#2179=VERTEX_POINT('',#7454);
#2180=VERTEX_POINT('',#7458);
#2181=VERTEX_POINT('',#7460);
#2182=VERTEX_POINT('',#7464);
#2183=VERTEX_POINT('',#7466);
#2184=VERTEX_POINT('',#7470);
#2185=VERTEX_POINT('',#7474);
#2186=VERTEX_POINT('',#7476);
#2187=VERTEX_POINT('',#7483);
#2188=VERTEX_POINT('',#7489);
#2189=VERTEX_POINT('',#7491);
#2190=VERTEX_POINT('',#7501);
#2191=VERTEX_POINT('',#7502);
#2192=VERTEX_POINT('',#7504);
#2193=VERTEX_POINT('',#7506);
#2194=VERTEX_POINT('',#7509);
#2195=VERTEX_POINT('',#7510);
#2196=VERTEX_POINT('',#7512);
#2197=VERTEX_POINT('',#7514);
#2198=VERTEX_POINT('',#7517);
#2199=VERTEX_POINT('',#7518);
#2200=VERTEX_POINT('',#7520);
#2201=VERTEX_POINT('',#7522);
#2202=VERTEX_POINT('',#7550);
#2203=VERTEX_POINT('',#7554);
#2204=VERTEX_POINT('',#7619);
#2205=VERTEX_POINT('',#7628);
#2206=VERTEX_POINT('',#7632);
#2207=VERTEX_POINT('',#7635);
#2208=VERTEX_POINT('',#7637);
#2209=VERTEX_POINT('',#7640);
#2210=VERTEX_POINT('',#7644);
#2211=VERTEX_POINT('',#7648);
#2212=VERTEX_POINT('',#7652);
#2213=VERTEX_POINT('',#7656);
#2214=VERTEX_POINT('',#7660);
#2215=VERTEX_POINT('',#7664);
#2216=VERTEX_POINT('',#7665);
#2217=VERTEX_POINT('',#7683);
#2218=VERTEX_POINT('',#7685);
#2219=VERTEX_POINT('',#7689);
#2220=VERTEX_POINT('',#7691);
#2221=VERTEX_POINT('',#7695);
#2222=VERTEX_POINT('',#7696);
#2223=VERTEX_POINT('',#7698);
#2224=VERTEX_POINT('',#7700);
#2225=EDGE_CURVE('',#1809,#1810,#845,.T.);
#2226=EDGE_CURVE('',#1809,#1811,#846,.T.);
#2227=EDGE_CURVE('',#1812,#1811,#847,.T.);
#2228=EDGE_CURVE('',#1810,#1812,#848,.T.);
#2229=EDGE_CURVE('',#1813,#1814,#849,.T.);
#2230=EDGE_CURVE('',#1813,#1815,#850,.T.);
#2231=EDGE_CURVE('',#1816,#1815,#851,.T.);
#2232=EDGE_CURVE('',#1814,#1816,#852,.T.);
#2233=EDGE_CURVE('',#1810,#1817,#853,.T.);
#2234=EDGE_CURVE('',#1818,#1812,#854,.T.);
#2235=EDGE_CURVE('',#1817,#1818,#855,.T.);
#2236=EDGE_CURVE('',#1814,#1819,#856,.T.);
#2237=EDGE_CURVE('',#1820,#1816,#857,.T.);
#2238=EDGE_CURVE('',#1819,#1820,#858,.T.);
#2239=EDGE_CURVE('',#1821,#1809,#859,.T.);
#2240=EDGE_CURVE('',#1822,#1821,#860,.T.);
#2241=EDGE_CURVE('',#1811,#1822,#861,.T.);
#2242=EDGE_CURVE('',#1817,#1821,#862,.T.);
#2243=EDGE_CURVE('',#1822,#1818,#863,.T.);
#2244=EDGE_CURVE('',#1819,#1823,#864,.T.);
#2245=EDGE_CURVE('',#1824,#1820,#865,.T.);
#2246=EDGE_CURVE('',#1824,#1823,#866,.T.);
#2247=EDGE_CURVE('',#1823,#1813,#867,.T.);
#2248=EDGE_CURVE('',#1815,#1824,#868,.T.);
#2249=EDGE_CURVE('',#1825,#1826,#869,.T.);
#2250=EDGE_CURVE('',#1825,#1827,#870,.T.);
#2251=EDGE_CURVE('',#1828,#1827,#871,.T.);
#2252=EDGE_CURVE('',#1826,#1828,#872,.T.);
#2253=EDGE_CURVE('',#1829,#1830,#873,.T.);
#2254=EDGE_CURVE('',#1829,#1831,#874,.T.);
#2255=EDGE_CURVE('',#1832,#1831,#875,.T.);
#2256=EDGE_CURVE('',#1830,#1832,#876,.T.);
#2257=EDGE_CURVE('',#1826,#1833,#877,.T.);
#2258=EDGE_CURVE('',#1834,#1828,#878,.T.);
#2259=EDGE_CURVE('',#1833,#1834,#879,.T.);
#2260=EDGE_CURVE('',#1830,#1835,#880,.T.);
#2261=EDGE_CURVE('',#1836,#1832,#881,.T.);
#2262=EDGE_CURVE('',#1835,#1836,#882,.T.);
#2263=EDGE_CURVE('',#1837,#1825,#883,.T.);
#2264=EDGE_CURVE('',#1838,#1837,#884,.T.);
#2265=EDGE_CURVE('',#1827,#1838,#885,.T.);
#2266=EDGE_CURVE('',#1833,#1837,#886,.T.);
#2267=EDGE_CURVE('',#1838,#1834,#887,.T.);
#2268=EDGE_CURVE('',#1835,#1839,#888,.T.);
#2269=EDGE_CURVE('',#1840,#1836,#889,.T.);
#2270=EDGE_CURVE('',#1840,#1839,#890,.T.);
#2271=EDGE_CURVE('',#1839,#1829,#891,.T.);
#2272=EDGE_CURVE('',#1831,#1840,#892,.T.);
#2273=EDGE_CURVE('',#1841,#1842,#893,.T.);
#2274=EDGE_CURVE('',#1841,#1843,#894,.T.);
#2275=EDGE_CURVE('',#1844,#1843,#895,.T.);
#2276=EDGE_CURVE('',#1845,#1844,#896,.T.);
#2277=EDGE_CURVE('',#1846,#1845,#897,.T.);
#2278=EDGE_CURVE('',#1842,#1846,#898,.T.);
#2279=EDGE_CURVE('',#1847,#1848,#899,.T.);
#2280=EDGE_CURVE('',#1847,#1849,#900,.T.);
#2281=EDGE_CURVE('',#1850,#1849,#901,.T.);
#2282=EDGE_CURVE('',#1851,#1850,#902,.T.);
#2283=EDGE_CURVE('',#1852,#1851,#903,.T.);
#2284=EDGE_CURVE('',#1848,#1852,#904,.T.);
#2285=EDGE_CURVE('',#1852,#1845,#905,.T.);
#2286=EDGE_CURVE('',#1846,#1851,#906,.T.);
#2287=EDGE_CURVE('',#1849,#1841,#907,.T.);
#2288=EDGE_CURVE('',#1847,#1843,#908,.T.);
#2289=EDGE_CURVE('',#1853,#1842,#909,.T.);
#2290=EDGE_CURVE('',#1853,#1854,#910,.T.);
#2291=EDGE_CURVE('',#1841,#1854,#911,.T.);
#2292=EDGE_CURVE('',#1855,#1849,#912,.T.);
#2293=EDGE_CURVE('',#1856,#1855,#913,.T.);
#2294=EDGE_CURVE('',#1850,#1856,#914,.T.);
#2295=EDGE_CURVE('',#1857,#1848,#915,.T.);
#2296=EDGE_CURVE('',#1858,#1857,#916,.T.);
#2297=EDGE_CURVE('',#1858,#1847,#917,.T.);
#2298=EDGE_CURVE('',#1843,#1859,#918,.T.);
#2299=EDGE_CURVE('',#1859,#1860,#919,.T.);
#2300=EDGE_CURVE('',#1844,#1860,#920,.T.);
#2301=EDGE_CURVE('',#1861,#1862,#921,.T.);
#2302=EDGE_CURVE('',#1861,#1863,#922,.T.);
#2303=EDGE_CURVE('',#1863,#1864,#923,.T.);
#2304=EDGE_CURVE('',#1862,#1864,#924,.T.);
#2305=EDGE_CURVE('',#1865,#1866,#925,.T.);
#2306=EDGE_CURVE('',#1867,#1865,#926,.T.);
#2307=EDGE_CURVE('',#1867,#1868,#927,.T.);
#2308=EDGE_CURVE('',#1866,#1868,#928,.T.);
#2309=EDGE_CURVE('',#1869,#1870,#130,.T.);
#2310=EDGE_CURVE('',#1870,#1871,#929,.T.);
#2311=EDGE_CURVE('',#1871,#1872,#131,.T.);
#2312=EDGE_CURVE('',#1872,#1873,#930,.T.);
#2313=EDGE_CURVE('',#1873,#1874,#118,.F.);
#2314=EDGE_CURVE('',#1874,#1869,#931,.F.);
#2315=EDGE_CURVE('',#1875,#1876,#932,.T.);
#2316=EDGE_CURVE('',#1877,#1875,#933,.T.);
#2317=EDGE_CURVE('',#1873,#1877,#119,.T.);
#2318=EDGE_CURVE('',#1878,#1872,#934,.T.);
#2319=EDGE_CURVE('',#1879,#1878,#935,.T.);
#2320=EDGE_CURVE('',#1880,#1879,#936,.T.);
#2321=EDGE_CURVE('',#1880,#1881,#937,.T.);
#2322=EDGE_CURVE('',#1881,#1882,#132,.T.);
#2323=EDGE_CURVE('',#1882,#1876,#938,.T.);
#2324=EDGE_CURVE('',#1883,#1884,#939,.T.);
#2325=EDGE_CURVE('',#1884,#1885,#940,.T.);
#2326=EDGE_CURVE('',#1885,#1886,#941,.T.);
#2327=EDGE_CURVE('',#1886,#1883,#942,.T.);
#2328=EDGE_CURVE('',#1887,#1887,#133,.T.);
#2329=EDGE_CURVE('',#1888,#1888,#134,.T.);
#2330=EDGE_CURVE('',#1889,#1871,#943,.T.);
#2331=EDGE_CURVE('',#1889,#1890,#944,.T.);
#2332=EDGE_CURVE('',#1891,#1890,#945,.T.);
#2333=EDGE_CURVE('',#1878,#1891,#135,.T.);
#2334=EDGE_CURVE('',#1892,#1893,#136,.T.);
#2335=EDGE_CURVE('',#1893,#1894,#946,.T.);
#2336=EDGE_CURVE('',#1894,#1895,#137,.T.);
#2337=EDGE_CURVE('',#1896,#1895,#947,.T.);
#2338=EDGE_CURVE('',#1897,#1896,#120,.T.);
#2339=EDGE_CURVE('',#1897,#1892,#948,.T.);
#2340=EDGE_CURVE('',#1895,#1898,#949,.T.);
#2341=EDGE_CURVE('',#1899,#1894,#950,.T.);
#2342=EDGE_CURVE('',#1899,#1900,#951,.T.);
#2343=EDGE_CURVE('',#1900,#1901,#952,.T.);
#2344=EDGE_CURVE('',#1901,#1898,#953,.T.);
#2345=EDGE_CURVE('',#1893,#1902,#954,.T.);
#2346=EDGE_CURVE('',#1902,#1899,#955,.T.);
#2347=EDGE_CURVE('',#1903,#1874,#138,.T.);
#2348=EDGE_CURVE('',#1877,#1904,#139,.T.);
#2349=EDGE_CURVE('',#1904,#1903,#140,.T.);
#2350=EDGE_CURVE('',#1900,#1905,#956,.T.);
#2351=EDGE_CURVE('',#1857,#1902,#957,.T.);
#2352=EDGE_CURVE('',#1860,#1906,#958,.T.);
#2353=EDGE_CURVE('',#1906,#1907,#959,.T.);
#2354=EDGE_CURVE('',#1907,#1861,#960,.T.);
#2355=EDGE_CURVE('',#1905,#1862,#961,.T.);
#2356=EDGE_CURVE('',#1908,#1909,#962,.T.);
#2357=EDGE_CURVE('',#1909,#1910,#963,.T.);
#2358=EDGE_CURVE('',#1910,#1911,#964,.T.);
#2359=EDGE_CURVE('',#1911,#1908,#965,.T.);
#2360=EDGE_CURVE('',#1854,#1912,#966,.T.);
#2361=EDGE_CURVE('',#1913,#1912,#967,.T.);
#2362=EDGE_CURVE('',#1855,#1913,#968,.T.);
#2363=EDGE_CURVE('',#1914,#1867,#969,.T.);
#2364=EDGE_CURVE('',#1915,#1865,#970,.T.);
#2365=EDGE_CURVE('',#1914,#1915,#971,.T.);
#2366=EDGE_CURVE('',#1916,#1917,#972,.T.);
#2367=EDGE_CURVE('',#1864,#1916,#973,.T.);
#2368=EDGE_CURVE('',#1863,#1917,#974,.T.);
#2369=EDGE_CURVE('',#1918,#1919,#975,.T.);
#2370=EDGE_CURVE('',#1918,#1859,#976,.T.);
#2371=EDGE_CURVE('',#1919,#1858,#977,.T.);
#2372=EDGE_CURVE('',#1866,#1920,#978,.T.);
#2373=EDGE_CURVE('',#1868,#1921,#979,.T.);
#2374=EDGE_CURVE('',#1921,#1922,#980,.T.);
#2375=EDGE_CURVE('',#1922,#1853,#981,.T.);
#2376=EDGE_CURVE('',#1890,#1856,#982,.T.);
#2377=EDGE_CURVE('',#1923,#1889,#983,.T.);
#2378=EDGE_CURVE('',#1924,#1923,#984,.T.);
#2379=EDGE_CURVE('',#1920,#1924,#985,.T.);
#2380=EDGE_CURVE('',#1925,#1926,#986,.T.);
#2381=EDGE_CURVE('',#1926,#1927,#987,.T.);
#2382=EDGE_CURVE('',#1927,#1928,#988,.T.);
#2383=EDGE_CURVE('',#1928,#1925,#989,.T.);
#2384=EDGE_CURVE('',#1912,#1918,#990,.T.);
#2385=EDGE_CURVE('',#1929,#1919,#991,.T.);
#2386=EDGE_CURVE('',#1929,#1930,#992,.T.);
#2387=EDGE_CURVE('',#1930,#1931,#993,.T.);
#2388=EDGE_CURVE('',#1931,#1932,#994,.T.);
#2389=EDGE_CURVE('',#1913,#1932,#995,.T.);
#2390=EDGE_CURVE('',#1933,#1934,#996,.T.);
#2391=EDGE_CURVE('',#1934,#1935,#997,.T.);
#2392=EDGE_CURVE('',#1935,#1936,#998,.T.);
#2393=EDGE_CURVE('',#1936,#1933,#999,.T.);
#2394=EDGE_CURVE('',#1937,#1938,#1000,.T.);
#2395=EDGE_CURVE('',#1938,#1939,#1001,.T.);
#2396=EDGE_CURVE('',#1939,#1940,#1002,.T.);
#2397=EDGE_CURVE('',#1940,#1937,#1003,.T.);
#2398=EDGE_CURVE('',#1941,#1942,#1004,.T.);
#2399=EDGE_CURVE('',#1942,#1943,#1005,.T.);
#2400=EDGE_CURVE('',#1943,#1944,#1006,.T.);
#2401=EDGE_CURVE('',#1944,#1941,#1007,.T.);
#2402=EDGE_CURVE('',#1916,#1915,#1008,.T.);
#2403=EDGE_CURVE('',#1917,#1914,#1009,.T.);
#2404=EDGE_CURVE('',#1945,#1946,#141,.T.);
#2405=EDGE_CURVE('',#1946,#1866,#1010,.T.);
#2406=EDGE_CURVE('',#1947,#1920,#1011,.T.);
#2407=EDGE_CURVE('',#1875,#1947,#142,.T.);
#2408=EDGE_CURVE('',#1876,#1948,#143,.T.);
#2409=EDGE_CURVE('',#1948,#1945,#1012,.T.);
#2410=EDGE_CURVE('',#1870,#1923,#1013,.T.);
#2411=EDGE_CURVE('',#1949,#1950,#144,.T.);
#2412=EDGE_CURVE('',#1949,#1951,#1014,.T.);
#2413=EDGE_CURVE('',#1952,#1951,#145,.T.);
#2414=EDGE_CURVE('',#1905,#1952,#1015,.T.);
#2415=EDGE_CURVE('',#1862,#1953,#1016,.T.);
#2416=EDGE_CURVE('',#1954,#1953,#146,.T.);
#2417=EDGE_CURVE('',#1950,#1954,#1017,.T.);
#2418=EDGE_CURVE('',#1896,#1955,#147,.T.);
#2419=EDGE_CURVE('',#1956,#1955,#148,.T.);
#2420=EDGE_CURVE('',#1956,#1957,#149,.T.);
#2421=EDGE_CURVE('',#1957,#1897,#121,.T.);
#2422=EDGE_CURVE('',#1958,#1959,#1018,.T.);
#2423=EDGE_CURVE('',#1959,#1960,#1019,.T.);
#2424=EDGE_CURVE('',#1961,#1960,#1020,.T.);
#2425=EDGE_CURVE('',#1958,#1961,#1021,.T.);
#2426=EDGE_CURVE('',#1959,#1962,#1022,.T.);
#2427=EDGE_CURVE('',#1962,#1963,#1023,.T.);
#2428=EDGE_CURVE('',#1960,#1963,#1024,.T.);
#2429=EDGE_CURVE('',#1962,#1964,#150,.T.);
#2430=EDGE_CURVE('',#1964,#1965,#1025,.T.);
#2431=EDGE_CURVE('',#1963,#1965,#151,.T.);
#2432=EDGE_CURVE('',#1964,#1966,#1026,.T.);
#2433=EDGE_CURVE('',#1966,#1967,#1027,.T.);
#2434=EDGE_CURVE('',#1965,#1967,#1028,.T.);
#2435=EDGE_CURVE('',#1966,#1968,#152,.T.);
#2436=EDGE_CURVE('',#1968,#1969,#1029,.T.);
#2437=EDGE_CURVE('',#1967,#1969,#153,.T.);
#2438=EDGE_CURVE('',#1970,#1971,#154,.T.);
#2439=EDGE_CURVE('',#1972,#1971,#1030,.T.);
#2440=EDGE_CURVE('',#1972,#1973,#1031,.T.);
#2441=EDGE_CURVE('',#1973,#1974,#1032,.T.);
#2442=EDGE_CURVE('',#1975,#1974,#1033,.T.);
#2443=EDGE_CURVE('',#1970,#1975,#1034,.T.);
#2444=EDGE_CURVE('',#1976,#1976,#155,.T.);
#2445=EDGE_CURVE('',#1973,#1977,#156,.T.);
#2446=EDGE_CURVE('',#1977,#1978,#1035,.T.);
#2447=EDGE_CURVE('',#1974,#1978,#157,.T.);
#2448=EDGE_CURVE('',#1977,#1979,#158,.T.);
#2449=EDGE_CURVE('',#1979,#1980,#1036,.T.);
#2450=EDGE_CURVE('',#1978,#1980,#159,.T.);
#2451=EDGE_CURVE('',#1979,#1981,#1037,.T.);
#2452=EDGE_CURVE('',#1981,#1982,#1038,.T.);
#2453=EDGE_CURVE('',#1980,#1982,#1039,.T.);
#2454=EDGE_CURVE('',#1981,#1983,#160,.T.);
#2455=EDGE_CURVE('',#1983,#1984,#1040,.T.);
#2456=EDGE_CURVE('',#1982,#1984,#161,.T.);
#2457=EDGE_CURVE('',#1983,#1985,#162,.T.);
#2458=EDGE_CURVE('',#1985,#1986,#1041,.T.);
#2459=EDGE_CURVE('',#1984,#1986,#163,.T.);
#2460=EDGE_CURVE('',#1987,#1988,#122,.T.);
#2461=EDGE_CURVE('',#1989,#1988,#1042,.T.);
#2462=EDGE_CURVE('',#1989,#1990,#164,.T.);
#2463=EDGE_CURVE('',#1990,#1991,#1043,.T.);
#2464=EDGE_CURVE('',#1992,#1991,#165,.T.);
#2465=EDGE_CURVE('',#1987,#1992,#1044,.T.);
#2466=EDGE_CURVE('',#1990,#1993,#166,.T.);
#2467=EDGE_CURVE('',#1993,#1994,#1045,.T.);
#2468=EDGE_CURVE('',#1991,#1994,#167,.T.);
#2469=EDGE_CURVE('',#1993,#1995,#1046,.T.);
#2470=EDGE_CURVE('',#1995,#1996,#1047,.T.);
#2471=EDGE_CURVE('',#1994,#1996,#1048,.T.);
#2472=EDGE_CURVE('',#1995,#1997,#168,.T.);
#2473=EDGE_CURVE('',#1997,#1998,#1049,.T.);
#2474=EDGE_CURVE('',#1996,#1998,#169,.T.);
#2475=EDGE_CURVE('',#1997,#1999,#1050,.T.);
#2476=EDGE_CURVE('',#1999,#2000,#1051,.T.);
#2477=EDGE_CURVE('',#1998,#2000,#1052,.T.);
#2478=EDGE_CURVE('',#1999,#2001,#1053,.T.);
#2479=EDGE_CURVE('',#2001,#2002,#1054,.T.);
#2480=EDGE_CURVE('',#2000,#2002,#1055,.T.);
#2481=EDGE_CURVE('',#2003,#2004,#1056,.T.);
#2482=EDGE_CURVE('',#2005,#2003,#1057,.T.);
#2483=EDGE_CURVE('',#2005,#2006,#1058,.T.);
#2484=EDGE_CURVE('',#2006,#2004,#1059,.T.);
#2485=EDGE_CURVE('',#2004,#2007,#170,.T.);
#2486=EDGE_CURVE('',#2006,#2008,#171,.T.);
#2487=EDGE_CURVE('',#2008,#2007,#1060,.T.);
#2488=EDGE_CURVE('',#2007,#2009,#1061,.T.);
#2489=EDGE_CURVE('',#2008,#2010,#1062,.T.);
#2490=EDGE_CURVE('',#2010,#2009,#1063,.T.);
#2491=EDGE_CURVE('',#2009,#2011,#172,.T.);
#2492=EDGE_CURVE('',#2010,#2012,#1064,.T.);
#2493=EDGE_CURVE('',#2012,#2013,#1065,.T.);
#2494=EDGE_CURVE('',#2011,#2013,#1066,.T.);
#2495=EDGE_CURVE('',#2012,#2014,#1067,.T.);
#2496=EDGE_CURVE('',#2014,#2015,#1068,.T.);
#2497=EDGE_CURVE('',#2013,#2015,#1069,.T.);
#2498=EDGE_CURVE('',#2014,#2016,#1070,.T.);
#2499=EDGE_CURVE('',#2016,#2017,#1071,.T.);
#2500=EDGE_CURVE('',#2015,#2017,#1072,.T.);
#2501=EDGE_CURVE('',#2018,#2019,#1073,.T.);
#2502=EDGE_CURVE('',#2019,#2020,#1074,.T.);
#2503=EDGE_CURVE('',#2021,#2020,#1075,.T.);
#2504=EDGE_CURVE('',#2018,#2021,#1076,.T.);
#2505=EDGE_CURVE('',#2019,#2022,#1077,.T.);
#2506=EDGE_CURVE('',#2022,#2023,#1078,.T.);
#2507=EDGE_CURVE('',#2020,#2023,#1079,.T.);
#2508=EDGE_CURVE('',#2024,#2025,#173,.T.);
#2509=EDGE_CURVE('',#2023,#2024,#1080,.T.);
#2510=EDGE_CURVE('',#2022,#2026,#1081,.T.);
#2511=EDGE_CURVE('',#2026,#2025,#1082,.T.);
#2512=EDGE_CURVE('',#2027,#2028,#1083,.T.);
#2513=EDGE_CURVE('',#2028,#2029,#1084,.T.);
#2514=EDGE_CURVE('',#2029,#2030,#1085,.T.);
#2515=EDGE_CURVE('',#2030,#2018,#1086,.T.);
#2516=EDGE_CURVE('',#2017,#2021,#1087,.T.);
#2517=EDGE_CURVE('',#2016,#2027,#1088,.T.);
#2518=EDGE_CURVE('',#2031,#2031,#174,.T.);
#2519=EDGE_CURVE('',#2032,#2032,#175,.T.);
#2520=EDGE_CURVE('',#2033,#2033,#176,.T.);
#2521=EDGE_CURVE('',#2034,#2034,#177,.T.);
#2522=EDGE_CURVE('',#2035,#2036,#1089,.T.);
#2523=EDGE_CURVE('',#2037,#2035,#1090,.T.);
#2524=EDGE_CURVE('',#2038,#2037,#1091,.T.);
#2525=EDGE_CURVE('',#2036,#2038,#1092,.T.);
#2526=EDGE_CURVE('',#2036,#2027,#1093,.T.);
#2527=EDGE_CURVE('',#2028,#2038,#1094,.T.);
#2528=EDGE_CURVE('',#2029,#2037,#1095,.T.);
#2529=EDGE_CURVE('',#2030,#2035,#1096,.T.);
#2530=EDGE_CURVE('',#1988,#2039,#178,.T.);
#2531=EDGE_CURVE('',#2039,#1987,#179,.T.);
#2532=EDGE_CURVE('',#1986,#1992,#1097,.T.);
#2533=EDGE_CURVE('',#1985,#1989,#1098,.T.);
#2534=EDGE_CURVE('',#2040,#2040,#180,.T.);
#2535=EDGE_CURVE('',#1971,#2041,#123,.T.);
#2536=EDGE_CURVE('',#2041,#1970,#124,.T.);
#2537=EDGE_CURVE('',#1969,#1975,#181,.T.);
#2538=EDGE_CURVE('',#1968,#1972,#182,.T.);
#2539=EDGE_CURVE('',#2034,#2039,#1099,.T.);
#2540=EDGE_CURVE('',#2033,#2041,#1100,.T.);
#2541=EDGE_CURVE('',#2032,#2040,#1101,.T.);
#2542=EDGE_CURVE('',#2031,#1976,#1102,.T.);
#2543=EDGE_CURVE('',#2042,#1903,#1103,.T.);
#2544=EDGE_CURVE('',#2043,#2042,#1104,.T.);
#2545=EDGE_CURVE('',#2044,#2043,#1105,.T.);
#2546=EDGE_CURVE('',#2045,#2044,#183,.T.);
#2547=EDGE_CURVE('',#2011,#2045,#1106,.T.);
#2548=EDGE_CURVE('',#2046,#2024,#1107,.T.);
#2549=EDGE_CURVE('',#2047,#2046,#184,.T.);
#2550=EDGE_CURVE('',#2048,#2047,#1108,.T.);
#2551=EDGE_CURVE('',#2049,#2048,#1109,.T.);
#2552=EDGE_CURVE('',#1955,#2049,#1110,.T.);
#2553=EDGE_CURVE('',#1898,#1961,#1111,.T.);
#2554=EDGE_CURVE('',#2002,#2050,#1112,.T.);
#2555=EDGE_CURVE('',#2050,#1869,#1113,.T.);
#2556=EDGE_CURVE('',#2051,#2051,#185,.T.);
#2557=EDGE_CURVE('',#2051,#2052,#1114,.T.);
#2558=EDGE_CURVE('',#2052,#2052,#186,.T.);
#2559=EDGE_CURVE('',#2053,#2053,#187,.T.);
#2560=EDGE_CURVE('',#2053,#2054,#1115,.T.);
#2561=EDGE_CURVE('',#2054,#2054,#188,.T.);
#2562=EDGE_CURVE('',#2055,#2055,#189,.T.);
#2563=EDGE_CURVE('',#2055,#2056,#1116,.T.);
#2564=EDGE_CURVE('',#2056,#2056,#190,.T.);
#2565=EDGE_CURVE('',#2057,#2057,#191,.T.);
#2566=EDGE_CURVE('',#2057,#2058,#1117,.T.);
#2567=EDGE_CURVE('',#2058,#2058,#192,.T.);
#2568=EDGE_CURVE('',#2025,#2059,#1118,.T.);
#2569=EDGE_CURVE('',#2026,#2060,#1119,.T.);
#2570=EDGE_CURVE('',#2060,#2059,#1120,.T.);
#2571=EDGE_CURVE('',#2059,#2061,#193,.T.);
#2572=EDGE_CURVE('',#2060,#2062,#194,.T.);
#2573=EDGE_CURVE('',#2062,#2061,#1121,.T.);
#2574=EDGE_CURVE('',#2061,#2063,#1122,.T.);
#2575=EDGE_CURVE('',#2062,#2064,#1123,.T.);
#2576=EDGE_CURVE('',#2064,#2063,#1124,.T.);
#2577=EDGE_CURVE('',#2063,#2065,#195,.T.);
#2578=EDGE_CURVE('',#2064,#2066,#196,.T.);
#2579=EDGE_CURVE('',#2066,#2065,#1125,.T.);
#2580=EDGE_CURVE('',#2067,#2068,#197,.T.);
#2581=EDGE_CURVE('',#2069,#2067,#1126,.T.);
#2582=EDGE_CURVE('',#2069,#2070,#198,.T.);
#2583=EDGE_CURVE('',#2070,#2068,#1127,.T.);
#2584=EDGE_CURVE('',#2068,#1956,#1128,.T.);
#2585=EDGE_CURVE('',#2070,#2071,#1129,.T.);
#2586=EDGE_CURVE('',#2071,#1956,#1130,.T.);
#2587=EDGE_CURVE('',#1951,#1957,#1131,.T.);
#2588=EDGE_CURVE('',#2071,#1952,#199,.T.);
#2589=EDGE_CURVE('',#1947,#2072,#200,.T.);
#2590=EDGE_CURVE('',#2072,#1904,#1132,.T.);
#2591=EDGE_CURVE('',#1904,#2073,#1133,.T.);
#2592=EDGE_CURVE('',#2072,#2074,#1134,.T.);
#2593=EDGE_CURVE('',#2074,#2073,#1135,.T.);
#2594=EDGE_CURVE('',#2073,#2075,#201,.T.);
#2595=EDGE_CURVE('',#2074,#2076,#202,.T.);
#2596=EDGE_CURVE('',#2076,#2075,#1136,.T.);
#2597=EDGE_CURVE('',#2077,#2078,#203,.T.);
#2598=EDGE_CURVE('',#2078,#2079,#1137,.T.);
#2599=EDGE_CURVE('',#2079,#2080,#1138,.T.);
#2600=EDGE_CURVE('',#2075,#2080,#1139,.T.);
#2601=EDGE_CURVE('',#2076,#2077,#1140,.T.);
#2602=EDGE_CURVE('',#2081,#2082,#1141,.T.);
#2603=EDGE_CURVE('',#2082,#2083,#1142,.T.);
#2604=EDGE_CURVE('',#2083,#2084,#1143,.T.);
#2605=EDGE_CURVE('',#2084,#2081,#1144,.T.);
#2606=EDGE_CURVE('',#2085,#2085,#204,.T.);
#2607=EDGE_CURVE('',#2086,#2086,#205,.T.);
#2608=EDGE_CURVE('',#2080,#2003,#206,.T.);
#2609=EDGE_CURVE('',#2079,#2005,#207,.T.);
#2610=EDGE_CURVE('',#2007,#2045,#208,.T.);
#2611=EDGE_CURVE('',#2004,#2044,#209,.T.);
#2612=EDGE_CURVE('',#2003,#2043,#25,.T.);
#2613=EDGE_CURVE('',#2043,#2080,#26,.T.);
#2614=EDGE_CURVE('',#2075,#2042,#27,.T.);
#2615=EDGE_CURVE('',#2042,#2073,#28,.T.);
#2616=EDGE_CURVE('',#2068,#2049,#29,.T.);
#2617=EDGE_CURVE('',#2049,#2067,#30,.T.);
#2618=EDGE_CURVE('',#2065,#2048,#31,.T.);
#2619=EDGE_CURVE('',#2065,#2067,#1145,.T.);
#2620=EDGE_CURVE('',#2048,#2063,#32,.T.);
#2621=EDGE_CURVE('',#2061,#2047,#210,.T.);
#2622=EDGE_CURVE('',#2059,#2046,#211,.T.);
#2623=EDGE_CURVE('',#2087,#2087,#212,.T.);
#2624=EDGE_CURVE('',#2087,#2086,#1146,.T.);
#2625=EDGE_CURVE('',#2088,#2088,#213,.T.);
#2626=EDGE_CURVE('',#2088,#2089,#1147,.T.);
#2627=EDGE_CURVE('',#2089,#2089,#214,.T.);
#2628=EDGE_CURVE('',#2090,#2090,#215,.T.);
#2629=EDGE_CURVE('',#2090,#2085,#1148,.T.);
#2630=EDGE_CURVE('',#2091,#2091,#216,.T.);
#2631=EDGE_CURVE('',#2091,#2092,#1149,.T.);
#2632=EDGE_CURVE('',#2092,#2092,#217,.T.);
#2633=EDGE_CURVE('',#2093,#2082,#1150,.T.);
#2634=EDGE_CURVE('',#2094,#2093,#1151,.T.);
#2635=EDGE_CURVE('',#2094,#2083,#1152,.T.);
#2636=EDGE_CURVE('',#2095,#2081,#1153,.T.);
#2637=EDGE_CURVE('',#2093,#2095,#1154,.T.);
#2638=EDGE_CURVE('',#2096,#2097,#1155,.T.);
#2639=EDGE_CURVE('',#2098,#2096,#1156,.T.);
#2640=EDGE_CURVE('',#2099,#2098,#1157,.T.);
#2641=EDGE_CURVE('',#2099,#2097,#1158,.T.);
#2642=EDGE_CURVE('',#2100,#2084,#1159,.T.);
#2643=EDGE_CURVE('',#2095,#2100,#1160,.T.);
#2644=EDGE_CURVE('',#2101,#2096,#1161,.T.);
#2645=EDGE_CURVE('',#2102,#2101,#1162,.T.);
#2646=EDGE_CURVE('',#2098,#2102,#1163,.T.);
#2647=EDGE_CURVE('',#2097,#2103,#1164,.T.);
#2648=EDGE_CURVE('',#2104,#2099,#1165,.T.);
#2649=EDGE_CURVE('',#2104,#2103,#1166,.T.);
#2650=EDGE_CURVE('',#2100,#2094,#1167,.T.);
#2651=EDGE_CURVE('',#2103,#2101,#1168,.T.);
#2652=EDGE_CURVE('',#2102,#2104,#1169,.T.);
#2653=EDGE_CURVE('',#2105,#2106,#218,.T.);
#2654=EDGE_CURVE('',#2106,#1958,#1170,.T.);
#2655=EDGE_CURVE('',#1901,#2105,#1171,.T.);
#2656=EDGE_CURVE('',#2078,#2107,#1172,.T.);
#2657=EDGE_CURVE('',#2001,#2107,#1173,.T.);
#2658=EDGE_CURVE('',#2108,#2106,#1174,.T.);
#2659=EDGE_CURVE('',#2066,#2108,#1175,.T.);
#2660=EDGE_CURVE('',#2107,#2109,#219,.T.);
#2661=EDGE_CURVE('',#2109,#2110,#1176,.T.);
#2662=EDGE_CURVE('',#2110,#2050,#1177,.T.);
#2663=EDGE_CURVE('',#2108,#2111,#220,.T.);
#2664=EDGE_CURVE('',#2111,#2069,#1178,.T.);
#2665=EDGE_CURVE('',#2111,#2105,#1179,.T.);
#2666=EDGE_CURVE('',#2109,#2077,#1180,.T.);
#2667=EDGE_CURVE('',#2110,#1924,#1181,.T.);
#2668=EDGE_CURVE('',#2112,#2113,#1182,.T.);
#2669=EDGE_CURVE('',#2113,#1929,#1183,.T.);
#2670=EDGE_CURVE('',#1902,#2114,#1184,.T.);
#2671=EDGE_CURVE('',#2114,#2112,#1185,.T.);
#2672=EDGE_CURVE('',#1890,#2115,#1186,.T.);
#2673=EDGE_CURVE('',#2115,#2116,#1187,.T.);
#2674=EDGE_CURVE('',#2116,#1902,#1188,.T.);
#2675=EDGE_CURVE('',#2117,#1893,#1189,.T.);
#2676=EDGE_CURVE('',#2118,#2117,#1190,.T.);
#2677=EDGE_CURVE('',#1891,#2118,#1191,.T.);
#2678=EDGE_CURVE('',#1882,#2119,#1192,.T.);
#2679=EDGE_CURVE('',#2120,#2119,#1193,.T.);
#2680=EDGE_CURVE('',#2121,#2120,#1194,.T.);
#2681=EDGE_CURVE('',#2122,#2121,#1195,.T.);
#2682=EDGE_CURVE('',#2123,#2122,#1196,.T.);
#2683=EDGE_CURVE('',#2124,#2123,#1197,.T.);
#2684=EDGE_CURVE('',#2125,#2124,#1198,.T.);
#2685=EDGE_CURVE('',#2125,#2126,#1199,.T.);
#2686=EDGE_CURVE('',#2127,#2126,#1200,.T.);
#2687=EDGE_CURVE('',#1949,#2127,#1201,.T.);
#2688=EDGE_CURVE('',#1932,#2128,#1202,.T.);
#2689=EDGE_CURVE('',#2128,#2129,#1203,.T.);
#2690=EDGE_CURVE('',#2129,#2130,#1204,.T.);
#2691=EDGE_CURVE('',#2130,#1890,#1205,.T.);
#2692=EDGE_CURVE('',#2131,#2132,#1206,.T.);
#2693=EDGE_CURVE('',#2132,#2133,#33,.T.);
#2694=EDGE_CURVE('',#2133,#2134,#1207,.T.);
#2695=EDGE_CURVE('',#2134,#2131,#34,.T.);
#2696=EDGE_CURVE('',#2132,#2135,#1208,.T.);
#2697=EDGE_CURVE('',#2135,#2136,#221,.T.);
#2698=EDGE_CURVE('',#2136,#2137,#222,.T.);
#2699=EDGE_CURVE('',#2137,#2133,#1209,.T.);
#2700=EDGE_CURVE('',#2134,#2138,#1210,.T.);
#2701=EDGE_CURVE('',#2138,#2139,#125,.T.);
#2702=EDGE_CURVE('',#2139,#2140,#223,.T.);
#2703=EDGE_CURVE('',#2140,#2131,#1211,.T.);
#2704=EDGE_CURVE('',#2141,#2136,#126,.F.);
#2705=EDGE_CURVE('',#2141,#2137,#224,.T.);
#2706=EDGE_CURVE('',#2132,#2142,#1212,.T.);
#2707=EDGE_CURVE('',#2142,#2143,#225,.T.);
#2708=EDGE_CURVE('',#2143,#2135,#1213,.T.);
#2709=EDGE_CURVE('',#2144,#2144,#226,.T.);
#2710=EDGE_CURVE('',#2145,#2131,#1214,.T.);
#2711=EDGE_CURVE('',#2145,#2142,#1215,.T.);
#2712=EDGE_CURVE('',#2140,#2146,#1216,.T.);
#2713=EDGE_CURVE('',#2146,#2145,#227,.T.);
#2714=EDGE_CURVE('',#2147,#2147,#228,.T.);
#2715=EDGE_CURVE('',#2141,#2148,#1217,.T.);
#2716=EDGE_CURVE('',#2149,#2148,#229,.T.);
#2717=EDGE_CURVE('',#2149,#2150,#1218,.T.);
#2718=EDGE_CURVE('',#2118,#2150,#35,.T.);
#2719=EDGE_CURVE('',#2151,#2117,#36,.T.);
#2720=EDGE_CURVE('',#2151,#2137,#1219,.T.);
#2721=EDGE_CURVE('',#2144,#2147,#1220,.T.);
#2722=EDGE_CURVE('',#2136,#2139,#1221,.T.);
#2723=EDGE_CURVE('',#2146,#2143,#1222,.T.);
#2724=EDGE_CURVE('',#2152,#2153,#1223,.T.);
#2725=EDGE_CURVE('',#2153,#2154,#37,.T.);
#2726=EDGE_CURVE('',#2154,#2155,#1224,.T.);
#2727=EDGE_CURVE('',#2155,#2152,#38,.T.);
#2728=EDGE_CURVE('',#2153,#2149,#1225,.T.);
#2729=EDGE_CURVE('',#2149,#2156,#230,.T.);
#2730=EDGE_CURVE('',#2156,#2157,#231,.T.);
#2731=EDGE_CURVE('',#2157,#2154,#1226,.T.);
#2732=EDGE_CURVE('',#2155,#2158,#1227,.T.);
#2733=EDGE_CURVE('',#2158,#2159,#232,.T.);
#2734=EDGE_CURVE('',#2159,#2160,#233,.T.);
#2735=EDGE_CURVE('',#2160,#2152,#1228,.T.);
#2736=EDGE_CURVE('',#2148,#2156,#127,.T.);
#2737=EDGE_CURVE('',#2161,#2160,#128,.T.);
#2738=EDGE_CURVE('',#2161,#2159,#129,.F.);
#2739=EDGE_CURVE('',#2157,#2162,#1229,.T.);
#2740=EDGE_CURVE('',#2162,#2163,#234,.T.);
#2741=EDGE_CURVE('',#2163,#2154,#1230,.T.);
#2742=EDGE_CURVE('',#2164,#2164,#235,.T.);
#2743=EDGE_CURVE('',#2165,#2151,#1231,.T.);
#2744=EDGE_CURVE('',#2165,#2166,#1232,.T.);
#2745=EDGE_CURVE('',#2166,#2150,#1233,.T.);
#2746=EDGE_CURVE('',#2138,#2161,#1234,.T.);
#2747=EDGE_CURVE('',#2167,#2167,#236,.T.);
#2748=EDGE_CURVE('',#2168,#2168,#237,.T.);
#2749=EDGE_CURVE('',#2159,#2156,#1235,.F.);
#2750=EDGE_CURVE('',#2158,#2169,#1236,.T.);
#2751=EDGE_CURVE('',#2169,#2162,#1237,.T.);
#2752=EDGE_CURVE('',#2164,#2170,#1238,.T.);
#2753=EDGE_CURVE('',#2170,#2170,#238,.T.);
#2754=EDGE_CURVE('',#2169,#2171,#239,.T.);
#2755=EDGE_CURVE('',#2171,#2163,#1239,.T.);
#2756=EDGE_CURVE('',#2171,#2155,#1240,.T.);
#2757=EDGE_CURVE('',#2172,#2172,#240,.T.);
#2758=EDGE_CURVE('',#2172,#2173,#1241,.T.);
#2759=EDGE_CURVE('',#2173,#2173,#241,.T.);
#2760=EDGE_CURVE('',#2174,#2174,#242,.T.);
#2761=EDGE_CURVE('',#2174,#2175,#1242,.T.);
#2762=EDGE_CURVE('',#2175,#2175,#243,.T.);
#2763=EDGE_CURVE('',#1921,#1907,#1243,.T.);
#2764=EDGE_CURVE('',#1922,#1906,#1244,.T.);
#2765=EDGE_CURVE('',#2176,#2177,#1245,.T.);
#2766=EDGE_CURVE('',#2176,#2178,#1246,.T.);
#2767=EDGE_CURVE('',#2179,#2178,#1247,.T.);
#2768=EDGE_CURVE('',#2177,#2179,#1248,.T.);
#2769=EDGE_CURVE('',#2180,#1885,#1249,.T.);
#2770=EDGE_CURVE('',#2181,#2180,#1250,.T.);
#2771=EDGE_CURVE('',#2181,#1886,#1251,.T.);
#2772=EDGE_CURVE('',#2182,#2176,#1252,.T.);
#2773=EDGE_CURVE('',#2182,#2183,#1253,.T.);
#2774=EDGE_CURVE('',#2178,#2183,#1254,.T.);
#2775=EDGE_CURVE('',#2184,#2181,#1255,.T.);
#2776=EDGE_CURVE('',#2184,#1883,#1256,.T.);
#2777=EDGE_CURVE('',#2177,#2185,#1257,.T.);
#2778=EDGE_CURVE('',#2186,#2179,#1258,.T.);
#2779=EDGE_CURVE('',#2185,#2186,#1259,.T.);
#2780=EDGE_CURVE('',#2185,#2182,#1260,.T.);
#2781=EDGE_CURVE('',#2183,#2186,#1261,.T.);
#2782=EDGE_CURVE('',#2187,#2184,#1262,.T.);
#2783=EDGE_CURVE('',#2187,#1884,#1263,.T.);
#2784=EDGE_CURVE('',#2180,#2187,#1264,.T.);
#2785=EDGE_CURVE('',#2188,#1930,#1265,.T.);
#2786=EDGE_CURVE('',#2189,#2188,#1266,.T.);
#2787=EDGE_CURVE('',#2189,#1931,#1267,.T.);
#2788=EDGE_CURVE('',#2128,#2189,#1268,.T.);
#2789=EDGE_CURVE('',#2188,#2113,#1269,.T.);
#2790=EDGE_CURVE('',#2123,#2112,#1270,.T.);
#2791=EDGE_CURVE('',#2122,#2129,#1271,.T.);
#2792=EDGE_CURVE('',#2190,#2191,#1272,.T.);
#2793=EDGE_CURVE('',#2191,#2192,#1273,.T.);
#2794=EDGE_CURVE('',#2192,#2193,#1274,.T.);
#2795=EDGE_CURVE('',#2193,#2190,#1275,.T.);
#2796=EDGE_CURVE('',#2194,#2195,#1276,.T.);
#2797=EDGE_CURVE('',#2195,#2196,#1277,.T.);
#2798=EDGE_CURVE('',#2196,#2197,#1278,.T.);
#2799=EDGE_CURVE('',#2197,#2194,#1279,.T.);
#2800=EDGE_CURVE('',#2198,#2199,#1280,.T.);
#2801=EDGE_CURVE('',#2199,#2200,#1281,.T.);
#2802=EDGE_CURVE('',#2200,#2201,#1282,.T.);
#2803=EDGE_CURVE('',#2201,#2198,#1283,.T.);
#2804=EDGE_CURVE('',#2201,#1935,#1284,.T.);
#2805=EDGE_CURVE('',#2200,#1936,#1285,.T.);
#2806=EDGE_CURVE('',#2199,#1933,#1286,.T.);
#2807=EDGE_CURVE('',#2198,#1934,#1287,.T.);
#2808=EDGE_CURVE('',#2197,#1939,#1288,.T.);
#2809=EDGE_CURVE('',#2196,#1940,#1289,.T.);
#2810=EDGE_CURVE('',#2195,#1937,#1290,.T.);
#2811=EDGE_CURVE('',#2194,#1938,#1291,.T.);
#2812=EDGE_CURVE('',#2193,#1943,#1292,.T.);
#2813=EDGE_CURVE('',#2192,#1944,#1293,.T.);
#2814=EDGE_CURVE('',#2191,#1941,#1294,.T.);
#2815=EDGE_CURVE('',#2190,#1942,#1295,.T.);
#2816=EDGE_CURVE('',#2168,#2202,#1296,.T.);
#2817=EDGE_CURVE('',#2202,#2202,#244,.T.);
#2818=EDGE_CURVE('',#2167,#2203,#1297,.T.);
#2819=EDGE_CURVE('',#2203,#2203,#245,.T.);
#2820=EDGE_CURVE('',#1879,#2118,#39,.T.);
#2821=EDGE_CURVE('',#2150,#1879,#246,.T.);
#2822=EDGE_CURVE('',#2117,#2204,#40,.T.);
#2823=EDGE_CURVE('',#2204,#2151,#247,.T.);
#2824=EDGE_CURVE('',#1892,#2204,#1298,.T.);
#2825=EDGE_CURVE('',#2166,#1880,#248,.T.);
#2826=EDGE_CURVE('',#2205,#2204,#1299,.T.);
#2827=EDGE_CURVE('',#2205,#2165,#249,.T.);
#2828=EDGE_CURVE('',#2127,#2206,#250,.T.);
#2829=EDGE_CURVE('',#2206,#2205,#1300,.T.);
#2830=EDGE_CURVE('',#2207,#2207,#251,.T.);
#2831=EDGE_CURVE('',#2208,#2208,#252,.T.);
#2832=EDGE_CURVE('',#1888,#2209,#1301,.T.);
#2833=EDGE_CURVE('',#2209,#2209,#253,.T.);
#2834=EDGE_CURVE('',#2210,#2210,#254,.T.);
#2835=EDGE_CURVE('',#2210,#2208,#1302,.T.);
#2836=EDGE_CURVE('',#1887,#2211,#1303,.T.);
#2837=EDGE_CURVE('',#2211,#2211,#255,.T.);
#2838=EDGE_CURVE('',#2212,#2212,#256,.T.);
#2839=EDGE_CURVE('',#2212,#2207,#1304,.T.);
#2840=EDGE_CURVE('',#2126,#2213,#257,.T.);
#2841=EDGE_CURVE('',#2206,#2213,#1305,.T.);
#2842=EDGE_CURVE('',#2214,#2119,#258,.T.);
#2843=EDGE_CURVE('',#1881,#2214,#1306,.T.);
#2844=EDGE_CURVE('',#2215,#2216,#1307,.T.);
#2845=EDGE_CURVE('',#2216,#2116,#1308,.T.);
#2846=EDGE_CURVE('',#2215,#2115,#1309,.T.);
#2847=EDGE_CURVE('',#2216,#2213,#1310,.T.);
#2848=EDGE_CURVE('',#2215,#2214,#1311,.T.);
#2849=EDGE_CURVE('',#2125,#1902,#1312,.T.);
#2850=EDGE_CURVE('',#2124,#2114,#1313,.T.);
#2851=EDGE_CURVE('',#2121,#2130,#1314,.T.);
#2852=EDGE_CURVE('',#2120,#1890,#1315,.T.);
#2853=EDGE_CURVE('',#2217,#2217,#259,.T.);
#2854=EDGE_CURVE('',#2217,#2218,#1316,.T.);
#2855=EDGE_CURVE('',#2218,#2218,#260,.T.);
#2856=EDGE_CURVE('',#2219,#2219,#261,.T.);
#2857=EDGE_CURVE('',#2219,#2220,#1317,.T.);
#2858=EDGE_CURVE('',#2220,#2220,#262,.T.);
#2859=EDGE_CURVE('',#2221,#2222,#1318,.T.);
#2860=EDGE_CURVE('',#2223,#2221,#1319,.T.);
#2861=EDGE_CURVE('',#2224,#2223,#1320,.T.);
#2862=EDGE_CURVE('',#2224,#2222,#1321,.T.);
#2863=EDGE_CURVE('',#2223,#1927,#1322,.T.);
#2864=EDGE_CURVE('',#1908,#1926,#1323,.T.);
#2865=EDGE_CURVE('',#1911,#2221,#1324,.T.);
#2866=EDGE_CURVE('',#1925,#1909,#1325,.T.);
#2867=EDGE_CURVE('',#1928,#1910,#1326,.T.);
#2868=ORIENTED_EDGE('',*,*,#2225,.F.);
#2869=ORIENTED_EDGE('',*,*,#2226,.T.);
#2870=ORIENTED_EDGE('',*,*,#2227,.F.);
#2871=ORIENTED_EDGE('',*,*,#2228,.F.);
#2872=ORIENTED_EDGE('',*,*,#2229,.F.);
#2873=ORIENTED_EDGE('',*,*,#2230,.T.);
#2874=ORIENTED_EDGE('',*,*,#2231,.F.);
#2875=ORIENTED_EDGE('',*,*,#2232,.F.);
#2876=ORIENTED_EDGE('',*,*,#2233,.F.);
#2877=ORIENTED_EDGE('',*,*,#2228,.T.);
#2878=ORIENTED_EDGE('',*,*,#2234,.F.);
#2879=ORIENTED_EDGE('',*,*,#2235,.F.);
#2880=ORIENTED_EDGE('',*,*,#2236,.F.);
#2881=ORIENTED_EDGE('',*,*,#2232,.T.);
#2882=ORIENTED_EDGE('',*,*,#2237,.F.);
#2883=ORIENTED_EDGE('',*,*,#2238,.F.);
#2884=ORIENTED_EDGE('',*,*,#2239,.F.);
#2885=ORIENTED_EDGE('',*,*,#2240,.F.);
#2886=ORIENTED_EDGE('',*,*,#2241,.F.);
#2887=ORIENTED_EDGE('',*,*,#2226,.F.);
#2888=ORIENTED_EDGE('',*,*,#2242,.F.);
#2889=ORIENTED_EDGE('',*,*,#2235,.T.);
#2890=ORIENTED_EDGE('',*,*,#2243,.F.);
#2891=ORIENTED_EDGE('',*,*,#2240,.T.);
#2892=ORIENTED_EDGE('',*,*,#2244,.F.);
#2893=ORIENTED_EDGE('',*,*,#2238,.T.);
#2894=ORIENTED_EDGE('',*,*,#2245,.F.);
#2895=ORIENTED_EDGE('',*,*,#2246,.T.);
#2896=ORIENTED_EDGE('',*,*,#2247,.F.);
#2897=ORIENTED_EDGE('',*,*,#2246,.F.);
#2898=ORIENTED_EDGE('',*,*,#2248,.F.);
#2899=ORIENTED_EDGE('',*,*,#2230,.F.);
#2900=ORIENTED_EDGE('',*,*,#2249,.F.);
#2901=ORIENTED_EDGE('',*,*,#2250,.T.);
#2902=ORIENTED_EDGE('',*,*,#2251,.F.);
#2903=ORIENTED_EDGE('',*,*,#2252,.F.);
#2904=ORIENTED_EDGE('',*,*,#2253,.F.);
#2905=ORIENTED_EDGE('',*,*,#2254,.T.);
#2906=ORIENTED_EDGE('',*,*,#2255,.F.);
#2907=ORIENTED_EDGE('',*,*,#2256,.F.);
#2908=ORIENTED_EDGE('',*,*,#2257,.F.);
#2909=ORIENTED_EDGE('',*,*,#2252,.T.);
#2910=ORIENTED_EDGE('',*,*,#2258,.F.);
#2911=ORIENTED_EDGE('',*,*,#2259,.F.);
#2912=ORIENTED_EDGE('',*,*,#2260,.F.);
#2913=ORIENTED_EDGE('',*,*,#2256,.T.);
#2914=ORIENTED_EDGE('',*,*,#2261,.F.);
#2915=ORIENTED_EDGE('',*,*,#2262,.F.);
#2916=ORIENTED_EDGE('',*,*,#2263,.F.);
#2917=ORIENTED_EDGE('',*,*,#2264,.F.);
#2918=ORIENTED_EDGE('',*,*,#2265,.F.);
#2919=ORIENTED_EDGE('',*,*,#2250,.F.);
#2920=ORIENTED_EDGE('',*,*,#2266,.F.);
#2921=ORIENTED_EDGE('',*,*,#2259,.T.);
#2922=ORIENTED_EDGE('',*,*,#2267,.F.);
#2923=ORIENTED_EDGE('',*,*,#2264,.T.);
#2924=ORIENTED_EDGE('',*,*,#2268,.F.);
#2925=ORIENTED_EDGE('',*,*,#2262,.T.);
#2926=ORIENTED_EDGE('',*,*,#2269,.F.);
#2927=ORIENTED_EDGE('',*,*,#2270,.T.);
#2928=ORIENTED_EDGE('',*,*,#2271,.F.);
#2929=ORIENTED_EDGE('',*,*,#2270,.F.);
#2930=ORIENTED_EDGE('',*,*,#2272,.F.);
#2931=ORIENTED_EDGE('',*,*,#2254,.F.);
#2932=ORIENTED_EDGE('',*,*,#2273,.F.);
#2933=ORIENTED_EDGE('',*,*,#2274,.T.);
#2934=ORIENTED_EDGE('',*,*,#2275,.F.);
#2935=ORIENTED_EDGE('',*,*,#2276,.F.);
#2936=ORIENTED_EDGE('',*,*,#2277,.F.);
#2937=ORIENTED_EDGE('',*,*,#2278,.F.);
#2938=ORIENTED_EDGE('',*,*,#2279,.F.);
#2939=ORIENTED_EDGE('',*,*,#2280,.T.);
#2940=ORIENTED_EDGE('',*,*,#2281,.F.);
#2941=ORIENTED_EDGE('',*,*,#2282,.F.);
#2942=ORIENTED_EDGE('',*,*,#2283,.F.);
#2943=ORIENTED_EDGE('',*,*,#2284,.F.);
#2944=ORIENTED_EDGE('',*,*,#2285,.F.);
#2945=ORIENTED_EDGE('',*,*,#2283,.T.);
#2946=ORIENTED_EDGE('',*,*,#2286,.F.);
#2947=ORIENTED_EDGE('',*,*,#2277,.T.);
#2948=ORIENTED_EDGE('',*,*,#2287,.F.);
#2949=ORIENTED_EDGE('',*,*,#2280,.F.);
#2950=ORIENTED_EDGE('',*,*,#2288,.T.);
#2951=ORIENTED_EDGE('',*,*,#2274,.F.);
#2952=ORIENTED_EDGE('',*,*,#2273,.T.);
#2953=ORIENTED_EDGE('',*,*,#2289,.F.);
#2954=ORIENTED_EDGE('',*,*,#2290,.T.);
#2955=ORIENTED_EDGE('',*,*,#2291,.F.);
#2956=ORIENTED_EDGE('',*,*,#2281,.T.);
#2957=ORIENTED_EDGE('',*,*,#2292,.F.);
#2958=ORIENTED_EDGE('',*,*,#2293,.F.);
#2959=ORIENTED_EDGE('',*,*,#2294,.F.);
#2960=ORIENTED_EDGE('',*,*,#2279,.T.);
#2961=ORIENTED_EDGE('',*,*,#2295,.F.);
#2962=ORIENTED_EDGE('',*,*,#2296,.F.);
#2963=ORIENTED_EDGE('',*,*,#2297,.T.);
#2964=ORIENTED_EDGE('',*,*,#2275,.T.);
#2965=ORIENTED_EDGE('',*,*,#2298,.T.);
#2966=ORIENTED_EDGE('',*,*,#2299,.T.);
#2967=ORIENTED_EDGE('',*,*,#2300,.F.);
#2968=ORIENTED_EDGE('',*,*,#2301,.F.);
#2969=ORIENTED_EDGE('',*,*,#2302,.T.);
#2970=ORIENTED_EDGE('',*,*,#2303,.T.);
#2971=ORIENTED_EDGE('',*,*,#2304,.F.);
#2972=ORIENTED_EDGE('',*,*,#2305,.F.);
#2973=ORIENTED_EDGE('',*,*,#2306,.F.);
#2974=ORIENTED_EDGE('',*,*,#2307,.T.);
#2975=ORIENTED_EDGE('',*,*,#2308,.F.);
#2976=ORIENTED_EDGE('',*,*,#2309,.T.);
#2977=ORIENTED_EDGE('',*,*,#2310,.T.);
#2978=ORIENTED_EDGE('',*,*,#2311,.T.);
#2979=ORIENTED_EDGE('',*,*,#2312,.T.);
#2980=ORIENTED_EDGE('',*,*,#2313,.T.);
#2981=ORIENTED_EDGE('',*,*,#2314,.T.);
#2982=ORIENTED_EDGE('',*,*,#2315,.F.);
#2983=ORIENTED_EDGE('',*,*,#2316,.F.);
#2984=ORIENTED_EDGE('',*,*,#2317,.F.);
#2985=ORIENTED_EDGE('',*,*,#2312,.F.);
#2986=ORIENTED_EDGE('',*,*,#2318,.F.);
#2987=ORIENTED_EDGE('',*,*,#2319,.F.);
#2988=ORIENTED_EDGE('',*,*,#2320,.F.);
#2989=ORIENTED_EDGE('',*,*,#2321,.T.);
#2990=ORIENTED_EDGE('',*,*,#2322,.T.);
#2991=ORIENTED_EDGE('',*,*,#2323,.T.);
#2992=ORIENTED_EDGE('',*,*,#2244,.T.);
#2993=ORIENTED_EDGE('',*,*,#2247,.T.);
#2994=ORIENTED_EDGE('',*,*,#2229,.T.);
#2995=ORIENTED_EDGE('',*,*,#2236,.T.);
#2996=ORIENTED_EDGE('',*,*,#2268,.T.);
#2997=ORIENTED_EDGE('',*,*,#2271,.T.);
#2998=ORIENTED_EDGE('',*,*,#2253,.T.);
#2999=ORIENTED_EDGE('',*,*,#2260,.T.);
#3000=ORIENTED_EDGE('',*,*,#2324,.T.);
#3001=ORIENTED_EDGE('',*,*,#2325,.T.);
#3002=ORIENTED_EDGE('',*,*,#2326,.T.);
#3003=ORIENTED_EDGE('',*,*,#2327,.T.);
#3004=ORIENTED_EDGE('',*,*,#2328,.T.);
#3005=ORIENTED_EDGE('',*,*,#2329,.T.);
#3006=ORIENTED_EDGE('',*,*,#2311,.F.);
#3007=ORIENTED_EDGE('',*,*,#2330,.F.);
#3008=ORIENTED_EDGE('',*,*,#2331,.T.);
#3009=ORIENTED_EDGE('',*,*,#2332,.F.);
#3010=ORIENTED_EDGE('',*,*,#2333,.F.);
#3011=ORIENTED_EDGE('',*,*,#2318,.T.);
#3012=ORIENTED_EDGE('',*,*,#2334,.T.);
#3013=ORIENTED_EDGE('',*,*,#2335,.T.);
#3014=ORIENTED_EDGE('',*,*,#2336,.T.);
#3015=ORIENTED_EDGE('',*,*,#2337,.F.);
#3016=ORIENTED_EDGE('',*,*,#2338,.F.);
#3017=ORIENTED_EDGE('',*,*,#2339,.T.);
#3018=ORIENTED_EDGE('',*,*,#2340,.F.);
#3019=ORIENTED_EDGE('',*,*,#2336,.F.);
#3020=ORIENTED_EDGE('',*,*,#2341,.F.);
#3021=ORIENTED_EDGE('',*,*,#2342,.T.);
#3022=ORIENTED_EDGE('',*,*,#2343,.T.);
#3023=ORIENTED_EDGE('',*,*,#2344,.T.);
#3024=ORIENTED_EDGE('',*,*,#2335,.F.);
#3025=ORIENTED_EDGE('',*,*,#2345,.T.);
#3026=ORIENTED_EDGE('',*,*,#2346,.T.);
#3027=ORIENTED_EDGE('',*,*,#2341,.T.);
#3028=ORIENTED_EDGE('',*,*,#2347,.T.);
#3029=ORIENTED_EDGE('',*,*,#2313,.F.);
#3030=ORIENTED_EDGE('',*,*,#2317,.T.);
#3031=ORIENTED_EDGE('',*,*,#2348,.T.);
#3032=ORIENTED_EDGE('',*,*,#2349,.T.);
#3033=ORIENTED_EDGE('',*,*,#2350,.F.);
#3034=ORIENTED_EDGE('',*,*,#2342,.F.);
#3035=ORIENTED_EDGE('',*,*,#2346,.F.);
#3036=ORIENTED_EDGE('',*,*,#2351,.F.);
#3037=ORIENTED_EDGE('',*,*,#2295,.T.);
#3038=ORIENTED_EDGE('',*,*,#2284,.T.);
#3039=ORIENTED_EDGE('',*,*,#2285,.T.);
#3040=ORIENTED_EDGE('',*,*,#2276,.T.);
#3041=ORIENTED_EDGE('',*,*,#2300,.T.);
#3042=ORIENTED_EDGE('',*,*,#2352,.T.);
#3043=ORIENTED_EDGE('',*,*,#2353,.T.);
#3044=ORIENTED_EDGE('',*,*,#2354,.T.);
#3045=ORIENTED_EDGE('',*,*,#2301,.T.);
#3046=ORIENTED_EDGE('',*,*,#2355,.F.);
#3047=ORIENTED_EDGE('',*,*,#2242,.T.);
#3048=ORIENTED_EDGE('',*,*,#2239,.T.);
#3049=ORIENTED_EDGE('',*,*,#2225,.T.);
#3050=ORIENTED_EDGE('',*,*,#2233,.T.);
#3051=ORIENTED_EDGE('',*,*,#2266,.T.);
#3052=ORIENTED_EDGE('',*,*,#2263,.T.);
#3053=ORIENTED_EDGE('',*,*,#2249,.T.);
#3054=ORIENTED_EDGE('',*,*,#2257,.T.);
#3055=ORIENTED_EDGE('',*,*,#2356,.T.);
#3056=ORIENTED_EDGE('',*,*,#2357,.T.);
#3057=ORIENTED_EDGE('',*,*,#2358,.T.);
#3058=ORIENTED_EDGE('',*,*,#2359,.T.);
#3059=ORIENTED_EDGE('',*,*,#2360,.T.);
#3060=ORIENTED_EDGE('',*,*,#2361,.F.);
#3061=ORIENTED_EDGE('',*,*,#2362,.F.);
#3062=ORIENTED_EDGE('',*,*,#2292,.T.);
#3063=ORIENTED_EDGE('',*,*,#2287,.T.);
#3064=ORIENTED_EDGE('',*,*,#2291,.T.);
#3065=ORIENTED_EDGE('',*,*,#2363,.T.);
#3066=ORIENTED_EDGE('',*,*,#2306,.T.);
#3067=ORIENTED_EDGE('',*,*,#2364,.F.);
#3068=ORIENTED_EDGE('',*,*,#2365,.F.);
#3069=ORIENTED_EDGE('',*,*,#2366,.F.);
#3070=ORIENTED_EDGE('',*,*,#2367,.F.);
#3071=ORIENTED_EDGE('',*,*,#2303,.F.);
#3072=ORIENTED_EDGE('',*,*,#2368,.T.);
#3073=ORIENTED_EDGE('',*,*,#2369,.F.);
#3074=ORIENTED_EDGE('',*,*,#2370,.T.);
#3075=ORIENTED_EDGE('',*,*,#2298,.F.);
#3076=ORIENTED_EDGE('',*,*,#2288,.F.);
#3077=ORIENTED_EDGE('',*,*,#2297,.F.);
#3078=ORIENTED_EDGE('',*,*,#2371,.F.);
#3079=ORIENTED_EDGE('',*,*,#2372,.F.);
#3080=ORIENTED_EDGE('',*,*,#2308,.T.);
#3081=ORIENTED_EDGE('',*,*,#2373,.T.);
#3082=ORIENTED_EDGE('',*,*,#2374,.T.);
#3083=ORIENTED_EDGE('',*,*,#2375,.T.);
#3084=ORIENTED_EDGE('',*,*,#2289,.T.);
#3085=ORIENTED_EDGE('',*,*,#2278,.T.);
#3086=ORIENTED_EDGE('',*,*,#2286,.T.);
#3087=ORIENTED_EDGE('',*,*,#2282,.T.);
#3088=ORIENTED_EDGE('',*,*,#2294,.T.);
#3089=ORIENTED_EDGE('',*,*,#2376,.F.);
#3090=ORIENTED_EDGE('',*,*,#2331,.F.);
#3091=ORIENTED_EDGE('',*,*,#2377,.F.);
#3092=ORIENTED_EDGE('',*,*,#2378,.F.);
#3093=ORIENTED_EDGE('',*,*,#2379,.F.);
#3094=ORIENTED_EDGE('',*,*,#2245,.T.);
#3095=ORIENTED_EDGE('',*,*,#2237,.T.);
#3096=ORIENTED_EDGE('',*,*,#2231,.T.);
#3097=ORIENTED_EDGE('',*,*,#2248,.T.);
#3098=ORIENTED_EDGE('',*,*,#2269,.T.);
#3099=ORIENTED_EDGE('',*,*,#2261,.T.);
#3100=ORIENTED_EDGE('',*,*,#2255,.T.);
#3101=ORIENTED_EDGE('',*,*,#2272,.T.);
#3102=ORIENTED_EDGE('',*,*,#2380,.T.);
#3103=ORIENTED_EDGE('',*,*,#2381,.T.);
#3104=ORIENTED_EDGE('',*,*,#2382,.T.);
#3105=ORIENTED_EDGE('',*,*,#2383,.T.);
#3106=ORIENTED_EDGE('',*,*,#2361,.T.);
#3107=ORIENTED_EDGE('',*,*,#2384,.T.);
#3108=ORIENTED_EDGE('',*,*,#2369,.T.);
#3109=ORIENTED_EDGE('',*,*,#2385,.F.);
#3110=ORIENTED_EDGE('',*,*,#2386,.T.);
#3111=ORIENTED_EDGE('',*,*,#2387,.T.);
#3112=ORIENTED_EDGE('',*,*,#2388,.T.);
#3113=ORIENTED_EDGE('',*,*,#2389,.F.);
#3114=ORIENTED_EDGE('',*,*,#2390,.T.);
#3115=ORIENTED_EDGE('',*,*,#2391,.T.);
#3116=ORIENTED_EDGE('',*,*,#2392,.T.);
#3117=ORIENTED_EDGE('',*,*,#2393,.T.);
#3118=ORIENTED_EDGE('',*,*,#2394,.T.);
#3119=ORIENTED_EDGE('',*,*,#2395,.T.);
#3120=ORIENTED_EDGE('',*,*,#2396,.T.);
#3121=ORIENTED_EDGE('',*,*,#2397,.T.);
#3122=ORIENTED_EDGE('',*,*,#2398,.T.);
#3123=ORIENTED_EDGE('',*,*,#2399,.T.);
#3124=ORIENTED_EDGE('',*,*,#2400,.T.);
#3125=ORIENTED_EDGE('',*,*,#2401,.T.);
#3126=ORIENTED_EDGE('',*,*,#2365,.T.);
#3127=ORIENTED_EDGE('',*,*,#2402,.F.);
#3128=ORIENTED_EDGE('',*,*,#2366,.T.);
#3129=ORIENTED_EDGE('',*,*,#2403,.T.);
#3130=ORIENTED_EDGE('',*,*,#2404,.T.);
#3131=ORIENTED_EDGE('',*,*,#2405,.T.);
#3132=ORIENTED_EDGE('',*,*,#2372,.T.);
#3133=ORIENTED_EDGE('',*,*,#2406,.F.);
#3134=ORIENTED_EDGE('',*,*,#2407,.F.);
#3135=ORIENTED_EDGE('',*,*,#2315,.T.);
#3136=ORIENTED_EDGE('',*,*,#2408,.T.);
#3137=ORIENTED_EDGE('',*,*,#2409,.T.);
#3138=ORIENTED_EDGE('',*,*,#2310,.F.);
#3139=ORIENTED_EDGE('',*,*,#2410,.T.);
#3140=ORIENTED_EDGE('',*,*,#2377,.T.);
#3141=ORIENTED_EDGE('',*,*,#2330,.T.);
#3142=ORIENTED_EDGE('',*,*,#2411,.F.);
#3143=ORIENTED_EDGE('',*,*,#2412,.T.);
#3144=ORIENTED_EDGE('',*,*,#2413,.F.);
#3145=ORIENTED_EDGE('',*,*,#2414,.F.);
#3146=ORIENTED_EDGE('',*,*,#2355,.T.);
#3147=ORIENTED_EDGE('',*,*,#2415,.T.);
#3148=ORIENTED_EDGE('',*,*,#2416,.F.);
#3149=ORIENTED_EDGE('',*,*,#2417,.F.);
#3150=ORIENTED_EDGE('',*,*,#2418,.T.);
#3151=ORIENTED_EDGE('',*,*,#2419,.F.);
#3152=ORIENTED_EDGE('',*,*,#2420,.T.);
#3153=ORIENTED_EDGE('',*,*,#2421,.T.);
#3154=ORIENTED_EDGE('',*,*,#2338,.T.);
#3155=ORIENTED_EDGE('',*,*,#2422,.T.);
#3156=ORIENTED_EDGE('',*,*,#2423,.T.);
#3157=ORIENTED_EDGE('',*,*,#2424,.F.);
#3158=ORIENTED_EDGE('',*,*,#2425,.F.);
#3159=ORIENTED_EDGE('',*,*,#2426,.T.);
#3160=ORIENTED_EDGE('',*,*,#2427,.T.);
#3161=ORIENTED_EDGE('',*,*,#2428,.F.);
#3162=ORIENTED_EDGE('',*,*,#2423,.F.);
#3163=ORIENTED_EDGE('',*,*,#2429,.T.);
#3164=ORIENTED_EDGE('',*,*,#2430,.T.);
#3165=ORIENTED_EDGE('',*,*,#2431,.F.);
#3166=ORIENTED_EDGE('',*,*,#2427,.F.);
#3167=ORIENTED_EDGE('',*,*,#2432,.T.);
#3168=ORIENTED_EDGE('',*,*,#2433,.T.);
#3169=ORIENTED_EDGE('',*,*,#2434,.F.);
#3170=ORIENTED_EDGE('',*,*,#2430,.F.);
#3171=ORIENTED_EDGE('',*,*,#2435,.T.);
#3172=ORIENTED_EDGE('',*,*,#2436,.T.);
#3173=ORIENTED_EDGE('',*,*,#2437,.F.);
#3174=ORIENTED_EDGE('',*,*,#2433,.F.);
#3175=ORIENTED_EDGE('',*,*,#2438,.T.);
#3176=ORIENTED_EDGE('',*,*,#2439,.F.);
#3177=ORIENTED_EDGE('',*,*,#2440,.T.);
#3178=ORIENTED_EDGE('',*,*,#2441,.T.);
#3179=ORIENTED_EDGE('',*,*,#2442,.F.);
#3180=ORIENTED_EDGE('',*,*,#2443,.F.);
#3181=ORIENTED_EDGE('',*,*,#2444,.T.);
#3182=ORIENTED_EDGE('',*,*,#2445,.T.);
#3183=ORIENTED_EDGE('',*,*,#2446,.T.);
#3184=ORIENTED_EDGE('',*,*,#2447,.F.);
#3185=ORIENTED_EDGE('',*,*,#2441,.F.);
#3186=ORIENTED_EDGE('',*,*,#2448,.T.);
#3187=ORIENTED_EDGE('',*,*,#2449,.T.);
#3188=ORIENTED_EDGE('',*,*,#2450,.F.);
#3189=ORIENTED_EDGE('',*,*,#2446,.F.);
#3190=ORIENTED_EDGE('',*,*,#2451,.T.);
#3191=ORIENTED_EDGE('',*,*,#2452,.T.);
#3192=ORIENTED_EDGE('',*,*,#2453,.F.);
#3193=ORIENTED_EDGE('',*,*,#2449,.F.);
#3194=ORIENTED_EDGE('',*,*,#2454,.T.);
#3195=ORIENTED_EDGE('',*,*,#2455,.T.);
#3196=ORIENTED_EDGE('',*,*,#2456,.F.);
#3197=ORIENTED_EDGE('',*,*,#2452,.F.);
#3198=ORIENTED_EDGE('',*,*,#2457,.T.);
#3199=ORIENTED_EDGE('',*,*,#2458,.T.);
#3200=ORIENTED_EDGE('',*,*,#2459,.F.);
#3201=ORIENTED_EDGE('',*,*,#2455,.F.);
#3202=ORIENTED_EDGE('',*,*,#2460,.T.);
#3203=ORIENTED_EDGE('',*,*,#2461,.F.);
#3204=ORIENTED_EDGE('',*,*,#2462,.T.);
#3205=ORIENTED_EDGE('',*,*,#2463,.T.);
#3206=ORIENTED_EDGE('',*,*,#2464,.F.);
#3207=ORIENTED_EDGE('',*,*,#2465,.F.);
#3208=ORIENTED_EDGE('',*,*,#2466,.T.);
#3209=ORIENTED_EDGE('',*,*,#2467,.T.);
#3210=ORIENTED_EDGE('',*,*,#2468,.F.);
#3211=ORIENTED_EDGE('',*,*,#2463,.F.);
#3212=ORIENTED_EDGE('',*,*,#2469,.T.);
#3213=ORIENTED_EDGE('',*,*,#2470,.T.);
#3214=ORIENTED_EDGE('',*,*,#2471,.F.);
#3215=ORIENTED_EDGE('',*,*,#2467,.F.);
#3216=ORIENTED_EDGE('',*,*,#2472,.T.);
#3217=ORIENTED_EDGE('',*,*,#2473,.T.);
#3218=ORIENTED_EDGE('',*,*,#2474,.F.);
#3219=ORIENTED_EDGE('',*,*,#2470,.F.);
#3220=ORIENTED_EDGE('',*,*,#2475,.T.);
#3221=ORIENTED_EDGE('',*,*,#2476,.T.);
#3222=ORIENTED_EDGE('',*,*,#2477,.F.);
#3223=ORIENTED_EDGE('',*,*,#2473,.F.);
#3224=ORIENTED_EDGE('',*,*,#2478,.T.);
#3225=ORIENTED_EDGE('',*,*,#2479,.T.);
#3226=ORIENTED_EDGE('',*,*,#2480,.F.);
#3227=ORIENTED_EDGE('',*,*,#2476,.F.);
#3228=ORIENTED_EDGE('',*,*,#2481,.F.);
#3229=ORIENTED_EDGE('',*,*,#2482,.F.);
#3230=ORIENTED_EDGE('',*,*,#2483,.T.);
#3231=ORIENTED_EDGE('',*,*,#2484,.T.);
#3232=ORIENTED_EDGE('',*,*,#2485,.F.);
#3233=ORIENTED_EDGE('',*,*,#2484,.F.);
#3234=ORIENTED_EDGE('',*,*,#2486,.T.);
#3235=ORIENTED_EDGE('',*,*,#2487,.T.);
#3236=ORIENTED_EDGE('',*,*,#2488,.F.);
#3237=ORIENTED_EDGE('',*,*,#2487,.F.);
#3238=ORIENTED_EDGE('',*,*,#2489,.T.);
#3239=ORIENTED_EDGE('',*,*,#2490,.T.);
#3240=ORIENTED_EDGE('',*,*,#2491,.F.);
#3241=ORIENTED_EDGE('',*,*,#2490,.F.);
#3242=ORIENTED_EDGE('',*,*,#2492,.T.);
#3243=ORIENTED_EDGE('',*,*,#2493,.T.);
#3244=ORIENTED_EDGE('',*,*,#2494,.F.);
#3245=ORIENTED_EDGE('',*,*,#2495,.T.);
#3246=ORIENTED_EDGE('',*,*,#2496,.T.);
#3247=ORIENTED_EDGE('',*,*,#2497,.F.);
#3248=ORIENTED_EDGE('',*,*,#2493,.F.);
#3249=ORIENTED_EDGE('',*,*,#2498,.T.);
#3250=ORIENTED_EDGE('',*,*,#2499,.T.);
#3251=ORIENTED_EDGE('',*,*,#2500,.F.);
#3252=ORIENTED_EDGE('',*,*,#2496,.F.);
#3253=ORIENTED_EDGE('',*,*,#2501,.T.);
#3254=ORIENTED_EDGE('',*,*,#2502,.T.);
#3255=ORIENTED_EDGE('',*,*,#2503,.F.);
#3256=ORIENTED_EDGE('',*,*,#2504,.F.);
#3257=ORIENTED_EDGE('',*,*,#2505,.T.);
#3258=ORIENTED_EDGE('',*,*,#2506,.T.);
#3259=ORIENTED_EDGE('',*,*,#2507,.F.);
#3260=ORIENTED_EDGE('',*,*,#2502,.F.);
#3261=ORIENTED_EDGE('',*,*,#2508,.F.);
#3262=ORIENTED_EDGE('',*,*,#2509,.F.);
#3263=ORIENTED_EDGE('',*,*,#2506,.F.);
#3264=ORIENTED_EDGE('',*,*,#2510,.T.);
#3265=ORIENTED_EDGE('',*,*,#2511,.T.);
#3266=ORIENTED_EDGE('',*,*,#2512,.T.);
#3267=ORIENTED_EDGE('',*,*,#2513,.T.);
#3268=ORIENTED_EDGE('',*,*,#2514,.T.);
#3269=ORIENTED_EDGE('',*,*,#2515,.T.);
#3270=ORIENTED_EDGE('',*,*,#2504,.T.);
#3271=ORIENTED_EDGE('',*,*,#2516,.F.);
#3272=ORIENTED_EDGE('',*,*,#2499,.F.);
#3273=ORIENTED_EDGE('',*,*,#2517,.T.);
#3274=ORIENTED_EDGE('',*,*,#2518,.T.);
#3275=ORIENTED_EDGE('',*,*,#2519,.T.);
#3276=ORIENTED_EDGE('',*,*,#2520,.T.);
#3277=ORIENTED_EDGE('',*,*,#2521,.T.);
#3278=ORIENTED_EDGE('',*,*,#2522,.F.);
#3279=ORIENTED_EDGE('',*,*,#2523,.F.);
#3280=ORIENTED_EDGE('',*,*,#2524,.F.);
#3281=ORIENTED_EDGE('',*,*,#2525,.F.);
#3282=ORIENTED_EDGE('',*,*,#2512,.F.);
#3283=ORIENTED_EDGE('',*,*,#2526,.F.);
#3284=ORIENTED_EDGE('',*,*,#2525,.T.);
#3285=ORIENTED_EDGE('',*,*,#2527,.F.);
#3286=ORIENTED_EDGE('',*,*,#2513,.F.);
#3287=ORIENTED_EDGE('',*,*,#2527,.T.);
#3288=ORIENTED_EDGE('',*,*,#2524,.T.);
#3289=ORIENTED_EDGE('',*,*,#2528,.F.);
#3290=ORIENTED_EDGE('',*,*,#2514,.F.);
#3291=ORIENTED_EDGE('',*,*,#2528,.T.);
#3292=ORIENTED_EDGE('',*,*,#2523,.T.);
#3293=ORIENTED_EDGE('',*,*,#2529,.F.);
#3294=ORIENTED_EDGE('',*,*,#2530,.T.);
#3295=ORIENTED_EDGE('',*,*,#2531,.T.);
#3296=ORIENTED_EDGE('',*,*,#2465,.T.);
#3297=ORIENTED_EDGE('',*,*,#2532,.F.);
#3298=ORIENTED_EDGE('',*,*,#2458,.F.);
#3299=ORIENTED_EDGE('',*,*,#2533,.T.);
#3300=ORIENTED_EDGE('',*,*,#2461,.T.);
#3301=ORIENTED_EDGE('',*,*,#2534,.T.);
#3302=ORIENTED_EDGE('',*,*,#2535,.T.);
#3303=ORIENTED_EDGE('',*,*,#2536,.T.);
#3304=ORIENTED_EDGE('',*,*,#2443,.T.);
#3305=ORIENTED_EDGE('',*,*,#2537,.F.);
#3306=ORIENTED_EDGE('',*,*,#2436,.F.);
#3307=ORIENTED_EDGE('',*,*,#2538,.T.);
#3308=ORIENTED_EDGE('',*,*,#2439,.T.);
#3309=ORIENTED_EDGE('',*,*,#2521,.F.);
#3310=ORIENTED_EDGE('',*,*,#2539,.T.);
#3311=ORIENTED_EDGE('',*,*,#2530,.F.);
#3312=ORIENTED_EDGE('',*,*,#2460,.F.);
#3313=ORIENTED_EDGE('',*,*,#2531,.F.);
#3314=ORIENTED_EDGE('',*,*,#2539,.F.);
#3315=ORIENTED_EDGE('',*,*,#2520,.F.);
#3316=ORIENTED_EDGE('',*,*,#2540,.T.);
#3317=ORIENTED_EDGE('',*,*,#2535,.F.);
#3318=ORIENTED_EDGE('',*,*,#2438,.F.);
#3319=ORIENTED_EDGE('',*,*,#2536,.F.);
#3320=ORIENTED_EDGE('',*,*,#2540,.F.);
#3321=ORIENTED_EDGE('',*,*,#2519,.F.);
#3322=ORIENTED_EDGE('',*,*,#2541,.T.);
#3323=ORIENTED_EDGE('',*,*,#2534,.F.);
#3324=ORIENTED_EDGE('',*,*,#2541,.F.);
#3325=ORIENTED_EDGE('',*,*,#2518,.F.);
#3326=ORIENTED_EDGE('',*,*,#2542,.T.);
#3327=ORIENTED_EDGE('',*,*,#2444,.F.);
#3328=ORIENTED_EDGE('',*,*,#2542,.F.);
#3329=ORIENTED_EDGE('',*,*,#2347,.F.);
#3330=ORIENTED_EDGE('',*,*,#2543,.F.);
#3331=ORIENTED_EDGE('',*,*,#2544,.F.);
#3332=ORIENTED_EDGE('',*,*,#2545,.F.);
#3333=ORIENTED_EDGE('',*,*,#2546,.F.);
#3334=ORIENTED_EDGE('',*,*,#2547,.F.);
#3335=ORIENTED_EDGE('',*,*,#2494,.T.);
#3336=ORIENTED_EDGE('',*,*,#2497,.T.);
#3337=ORIENTED_EDGE('',*,*,#2500,.T.);
#3338=ORIENTED_EDGE('',*,*,#2516,.T.);
#3339=ORIENTED_EDGE('',*,*,#2503,.T.);
#3340=ORIENTED_EDGE('',*,*,#2507,.T.);
#3341=ORIENTED_EDGE('',*,*,#2509,.T.);
#3342=ORIENTED_EDGE('',*,*,#2548,.F.);
#3343=ORIENTED_EDGE('',*,*,#2549,.F.);
#3344=ORIENTED_EDGE('',*,*,#2550,.F.);
#3345=ORIENTED_EDGE('',*,*,#2551,.F.);
#3346=ORIENTED_EDGE('',*,*,#2552,.F.);
#3347=ORIENTED_EDGE('',*,*,#2418,.F.);
#3348=ORIENTED_EDGE('',*,*,#2337,.T.);
#3349=ORIENTED_EDGE('',*,*,#2340,.T.);
#3350=ORIENTED_EDGE('',*,*,#2553,.T.);
#3351=ORIENTED_EDGE('',*,*,#2424,.T.);
#3352=ORIENTED_EDGE('',*,*,#2428,.T.);
#3353=ORIENTED_EDGE('',*,*,#2431,.T.);
#3354=ORIENTED_EDGE('',*,*,#2434,.T.);
#3355=ORIENTED_EDGE('',*,*,#2437,.T.);
#3356=ORIENTED_EDGE('',*,*,#2537,.T.);
#3357=ORIENTED_EDGE('',*,*,#2442,.T.);
#3358=ORIENTED_EDGE('',*,*,#2447,.T.);
#3359=ORIENTED_EDGE('',*,*,#2450,.T.);
#3360=ORIENTED_EDGE('',*,*,#2453,.T.);
#3361=ORIENTED_EDGE('',*,*,#2456,.T.);
#3362=ORIENTED_EDGE('',*,*,#2459,.T.);
#3363=ORIENTED_EDGE('',*,*,#2532,.T.);
#3364=ORIENTED_EDGE('',*,*,#2464,.T.);
#3365=ORIENTED_EDGE('',*,*,#2468,.T.);
#3366=ORIENTED_EDGE('',*,*,#2471,.T.);
#3367=ORIENTED_EDGE('',*,*,#2474,.T.);
#3368=ORIENTED_EDGE('',*,*,#2477,.T.);
#3369=ORIENTED_EDGE('',*,*,#2480,.T.);
#3370=ORIENTED_EDGE('',*,*,#2554,.T.);
#3371=ORIENTED_EDGE('',*,*,#2555,.T.);
#3372=ORIENTED_EDGE('',*,*,#2314,.F.);
#3373=ORIENTED_EDGE('',*,*,#2556,.F.);
#3374=ORIENTED_EDGE('',*,*,#2557,.T.);
#3375=ORIENTED_EDGE('',*,*,#2558,.F.);
#3376=ORIENTED_EDGE('',*,*,#2557,.F.);
#3377=ORIENTED_EDGE('',*,*,#2559,.F.);
#3378=ORIENTED_EDGE('',*,*,#2560,.T.);
#3379=ORIENTED_EDGE('',*,*,#2561,.F.);
#3380=ORIENTED_EDGE('',*,*,#2560,.F.);
#3381=ORIENTED_EDGE('',*,*,#2562,.F.);
#3382=ORIENTED_EDGE('',*,*,#2563,.T.);
#3383=ORIENTED_EDGE('',*,*,#2564,.F.);
#3384=ORIENTED_EDGE('',*,*,#2563,.F.);
#3385=ORIENTED_EDGE('',*,*,#2565,.F.);
#3386=ORIENTED_EDGE('',*,*,#2566,.T.);
#3387=ORIENTED_EDGE('',*,*,#2567,.F.);
#3388=ORIENTED_EDGE('',*,*,#2566,.F.);
#3389=ORIENTED_EDGE('',*,*,#2568,.F.);
#3390=ORIENTED_EDGE('',*,*,#2511,.F.);
#3391=ORIENTED_EDGE('',*,*,#2569,.T.);
#3392=ORIENTED_EDGE('',*,*,#2570,.T.);
#3393=ORIENTED_EDGE('',*,*,#2571,.F.);
#3394=ORIENTED_EDGE('',*,*,#2570,.F.);
#3395=ORIENTED_EDGE('',*,*,#2572,.T.);
#3396=ORIENTED_EDGE('',*,*,#2573,.T.);
#3397=ORIENTED_EDGE('',*,*,#2574,.F.);
#3398=ORIENTED_EDGE('',*,*,#2573,.F.);
#3399=ORIENTED_EDGE('',*,*,#2575,.T.);
#3400=ORIENTED_EDGE('',*,*,#2576,.T.);
#3401=ORIENTED_EDGE('',*,*,#2577,.F.);
#3402=ORIENTED_EDGE('',*,*,#2576,.F.);
#3403=ORIENTED_EDGE('',*,*,#2578,.T.);
#3404=ORIENTED_EDGE('',*,*,#2579,.T.);
#3405=ORIENTED_EDGE('',*,*,#2580,.F.);
#3406=ORIENTED_EDGE('',*,*,#2581,.F.);
#3407=ORIENTED_EDGE('',*,*,#2582,.T.);
#3408=ORIENTED_EDGE('',*,*,#2583,.T.);
#3409=ORIENTED_EDGE('',*,*,#2584,.F.);
#3410=ORIENTED_EDGE('',*,*,#2583,.F.);
#3411=ORIENTED_EDGE('',*,*,#2585,.T.);
#3412=ORIENTED_EDGE('',*,*,#2586,.T.);
#3413=ORIENTED_EDGE('',*,*,#2413,.T.);
#3414=ORIENTED_EDGE('',*,*,#2587,.T.);
#3415=ORIENTED_EDGE('',*,*,#2420,.F.);
#3416=ORIENTED_EDGE('',*,*,#2586,.F.);
#3417=ORIENTED_EDGE('',*,*,#2588,.T.);
#3418=ORIENTED_EDGE('',*,*,#2589,.T.);
#3419=ORIENTED_EDGE('',*,*,#2590,.T.);
#3420=ORIENTED_EDGE('',*,*,#2348,.F.);
#3421=ORIENTED_EDGE('',*,*,#2316,.T.);
#3422=ORIENTED_EDGE('',*,*,#2407,.T.);
#3423=ORIENTED_EDGE('',*,*,#2591,.F.);
#3424=ORIENTED_EDGE('',*,*,#2590,.F.);
#3425=ORIENTED_EDGE('',*,*,#2592,.T.);
#3426=ORIENTED_EDGE('',*,*,#2593,.T.);
#3427=ORIENTED_EDGE('',*,*,#2594,.F.);
#3428=ORIENTED_EDGE('',*,*,#2593,.F.);
#3429=ORIENTED_EDGE('',*,*,#2595,.T.);
#3430=ORIENTED_EDGE('',*,*,#2596,.T.);
#3431=ORIENTED_EDGE('',*,*,#2597,.T.);
#3432=ORIENTED_EDGE('',*,*,#2598,.T.);
#3433=ORIENTED_EDGE('',*,*,#2599,.T.);
#3434=ORIENTED_EDGE('',*,*,#2600,.F.);
#3435=ORIENTED_EDGE('',*,*,#2596,.F.);
#3436=ORIENTED_EDGE('',*,*,#2601,.T.);
#3437=ORIENTED_EDGE('',*,*,#2602,.T.);
#3438=ORIENTED_EDGE('',*,*,#2603,.T.);
#3439=ORIENTED_EDGE('',*,*,#2604,.T.);
#3440=ORIENTED_EDGE('',*,*,#2605,.T.);
#3441=ORIENTED_EDGE('',*,*,#2606,.T.);
#3442=ORIENTED_EDGE('',*,*,#2607,.T.);
#3443=ORIENTED_EDGE('',*,*,#2556,.T.);
#3444=ORIENTED_EDGE('',*,*,#2562,.T.);
#3445=ORIENTED_EDGE('',*,*,#2608,.F.);
#3446=ORIENTED_EDGE('',*,*,#2599,.F.);
#3447=ORIENTED_EDGE('',*,*,#2609,.T.);
#3448=ORIENTED_EDGE('',*,*,#2482,.T.);
#3449=ORIENTED_EDGE('',*,*,#2491,.T.);
#3450=ORIENTED_EDGE('',*,*,#2547,.T.);
#3451=ORIENTED_EDGE('',*,*,#2610,.F.);
#3452=ORIENTED_EDGE('',*,*,#2488,.T.);
#3453=ORIENTED_EDGE('',*,*,#2610,.T.);
#3454=ORIENTED_EDGE('',*,*,#2546,.T.);
#3455=ORIENTED_EDGE('',*,*,#2611,.F.);
#3456=ORIENTED_EDGE('',*,*,#2485,.T.);
#3457=ORIENTED_EDGE('',*,*,#2612,.F.);
#3458=ORIENTED_EDGE('',*,*,#2481,.T.);
#3459=ORIENTED_EDGE('',*,*,#2611,.T.);
#3460=ORIENTED_EDGE('',*,*,#2545,.T.);
#3461=ORIENTED_EDGE('',*,*,#2613,.F.);
#3462=ORIENTED_EDGE('',*,*,#2544,.T.);
#3463=ORIENTED_EDGE('',*,*,#2614,.F.);
#3464=ORIENTED_EDGE('',*,*,#2600,.T.);
#3465=ORIENTED_EDGE('',*,*,#2615,.F.);
#3466=ORIENTED_EDGE('',*,*,#2543,.T.);
#3467=ORIENTED_EDGE('',*,*,#2349,.F.);
#3468=ORIENTED_EDGE('',*,*,#2591,.T.);
#3469=ORIENTED_EDGE('',*,*,#2616,.F.);
#3470=ORIENTED_EDGE('',*,*,#2584,.T.);
#3471=ORIENTED_EDGE('',*,*,#2419,.T.);
#3472=ORIENTED_EDGE('',*,*,#2552,.T.);
#3473=ORIENTED_EDGE('',*,*,#2617,.F.);
#3474=ORIENTED_EDGE('',*,*,#2551,.T.);
#3475=ORIENTED_EDGE('',*,*,#2618,.F.);
#3476=ORIENTED_EDGE('',*,*,#2619,.T.);
#3477=ORIENTED_EDGE('',*,*,#2620,.F.);
#3478=ORIENTED_EDGE('',*,*,#2550,.T.);
#3479=ORIENTED_EDGE('',*,*,#2621,.F.);
#3480=ORIENTED_EDGE('',*,*,#2574,.T.);
#3481=ORIENTED_EDGE('',*,*,#2621,.T.);
#3482=ORIENTED_EDGE('',*,*,#2549,.T.);
#3483=ORIENTED_EDGE('',*,*,#2622,.F.);
#3484=ORIENTED_EDGE('',*,*,#2571,.T.);
#3485=ORIENTED_EDGE('',*,*,#2508,.T.);
#3486=ORIENTED_EDGE('',*,*,#2568,.T.);
#3487=ORIENTED_EDGE('',*,*,#2622,.T.);
#3488=ORIENTED_EDGE('',*,*,#2548,.T.);
#3489=ORIENTED_EDGE('',*,*,#2618,.T.);
#3490=ORIENTED_EDGE('',*,*,#2620,.T.);
#3491=ORIENTED_EDGE('',*,*,#2577,.T.);
#3492=ORIENTED_EDGE('',*,*,#2616,.T.);
#3493=ORIENTED_EDGE('',*,*,#2617,.T.);
#3494=ORIENTED_EDGE('',*,*,#2580,.T.);
#3495=ORIENTED_EDGE('',*,*,#2614,.T.);
#3496=ORIENTED_EDGE('',*,*,#2615,.T.);
#3497=ORIENTED_EDGE('',*,*,#2594,.T.);
#3498=ORIENTED_EDGE('',*,*,#2612,.T.);
#3499=ORIENTED_EDGE('',*,*,#2613,.T.);
#3500=ORIENTED_EDGE('',*,*,#2608,.T.);
#3501=ORIENTED_EDGE('',*,*,#2623,.F.);
#3502=ORIENTED_EDGE('',*,*,#2624,.T.);
#3503=ORIENTED_EDGE('',*,*,#2607,.F.);
#3504=ORIENTED_EDGE('',*,*,#2624,.F.);
#3505=ORIENTED_EDGE('',*,*,#2625,.F.);
#3506=ORIENTED_EDGE('',*,*,#2626,.T.);
#3507=ORIENTED_EDGE('',*,*,#2627,.F.);
#3508=ORIENTED_EDGE('',*,*,#2626,.F.);
#3509=ORIENTED_EDGE('',*,*,#2628,.F.);
#3510=ORIENTED_EDGE('',*,*,#2629,.T.);
#3511=ORIENTED_EDGE('',*,*,#2606,.F.);
#3512=ORIENTED_EDGE('',*,*,#2629,.F.);
#3513=ORIENTED_EDGE('',*,*,#2630,.F.);
#3514=ORIENTED_EDGE('',*,*,#2631,.T.);
#3515=ORIENTED_EDGE('',*,*,#2632,.F.);
#3516=ORIENTED_EDGE('',*,*,#2631,.F.);
#3517=ORIENTED_EDGE('',*,*,#2603,.F.);
#3518=ORIENTED_EDGE('',*,*,#2633,.F.);
#3519=ORIENTED_EDGE('',*,*,#2634,.F.);
#3520=ORIENTED_EDGE('',*,*,#2635,.T.);
#3521=ORIENTED_EDGE('',*,*,#2602,.F.);
#3522=ORIENTED_EDGE('',*,*,#2636,.F.);
#3523=ORIENTED_EDGE('',*,*,#2637,.F.);
#3524=ORIENTED_EDGE('',*,*,#2633,.T.);
#3525=ORIENTED_EDGE('',*,*,#2638,.F.);
#3526=ORIENTED_EDGE('',*,*,#2639,.F.);
#3527=ORIENTED_EDGE('',*,*,#2640,.F.);
#3528=ORIENTED_EDGE('',*,*,#2641,.T.);
#3529=ORIENTED_EDGE('',*,*,#2605,.F.);
#3530=ORIENTED_EDGE('',*,*,#2642,.F.);
#3531=ORIENTED_EDGE('',*,*,#2643,.F.);
#3532=ORIENTED_EDGE('',*,*,#2636,.T.);
#3533=ORIENTED_EDGE('',*,*,#2644,.F.);
#3534=ORIENTED_EDGE('',*,*,#2645,.F.);
#3535=ORIENTED_EDGE('',*,*,#2646,.F.);
#3536=ORIENTED_EDGE('',*,*,#2639,.T.);
#3537=ORIENTED_EDGE('',*,*,#2647,.F.);
#3538=ORIENTED_EDGE('',*,*,#2641,.F.);
#3539=ORIENTED_EDGE('',*,*,#2648,.F.);
#3540=ORIENTED_EDGE('',*,*,#2649,.T.);
#3541=ORIENTED_EDGE('',*,*,#2604,.F.);
#3542=ORIENTED_EDGE('',*,*,#2635,.F.);
#3543=ORIENTED_EDGE('',*,*,#2650,.F.);
#3544=ORIENTED_EDGE('',*,*,#2642,.T.);
#3545=ORIENTED_EDGE('',*,*,#2651,.F.);
#3546=ORIENTED_EDGE('',*,*,#2649,.F.);
#3547=ORIENTED_EDGE('',*,*,#2652,.F.);
#3548=ORIENTED_EDGE('',*,*,#2645,.T.);
#3549=ORIENTED_EDGE('',*,*,#2653,.T.);
#3550=ORIENTED_EDGE('',*,*,#2654,.T.);
#3551=ORIENTED_EDGE('',*,*,#2425,.T.);
#3552=ORIENTED_EDGE('',*,*,#2553,.F.);
#3553=ORIENTED_EDGE('',*,*,#2344,.F.);
#3554=ORIENTED_EDGE('',*,*,#2655,.T.);
#3555=ORIENTED_EDGE('',*,*,#2559,.T.);
#3556=ORIENTED_EDGE('',*,*,#2565,.T.);
#3557=ORIENTED_EDGE('',*,*,#2627,.T.);
#3558=ORIENTED_EDGE('',*,*,#2632,.T.);
#3559=ORIENTED_EDGE('',*,*,#2638,.T.);
#3560=ORIENTED_EDGE('',*,*,#2647,.T.);
#3561=ORIENTED_EDGE('',*,*,#2651,.T.);
#3562=ORIENTED_EDGE('',*,*,#2644,.T.);
#3563=ORIENTED_EDGE('',*,*,#2656,.T.);
#3564=ORIENTED_EDGE('',*,*,#2657,.F.);
#3565=ORIENTED_EDGE('',*,*,#2478,.F.);
#3566=ORIENTED_EDGE('',*,*,#2475,.F.);
#3567=ORIENTED_EDGE('',*,*,#2472,.F.);
#3568=ORIENTED_EDGE('',*,*,#2469,.F.);
#3569=ORIENTED_EDGE('',*,*,#2466,.F.);
#3570=ORIENTED_EDGE('',*,*,#2462,.F.);
#3571=ORIENTED_EDGE('',*,*,#2533,.F.);
#3572=ORIENTED_EDGE('',*,*,#2457,.F.);
#3573=ORIENTED_EDGE('',*,*,#2454,.F.);
#3574=ORIENTED_EDGE('',*,*,#2451,.F.);
#3575=ORIENTED_EDGE('',*,*,#2448,.F.);
#3576=ORIENTED_EDGE('',*,*,#2445,.F.);
#3577=ORIENTED_EDGE('',*,*,#2440,.F.);
#3578=ORIENTED_EDGE('',*,*,#2538,.F.);
#3579=ORIENTED_EDGE('',*,*,#2435,.F.);
#3580=ORIENTED_EDGE('',*,*,#2432,.F.);
#3581=ORIENTED_EDGE('',*,*,#2429,.F.);
#3582=ORIENTED_EDGE('',*,*,#2426,.F.);
#3583=ORIENTED_EDGE('',*,*,#2422,.F.);
#3584=ORIENTED_EDGE('',*,*,#2654,.F.);
#3585=ORIENTED_EDGE('',*,*,#2658,.F.);
#3586=ORIENTED_EDGE('',*,*,#2659,.F.);
#3587=ORIENTED_EDGE('',*,*,#2578,.F.);
#3588=ORIENTED_EDGE('',*,*,#2575,.F.);
#3589=ORIENTED_EDGE('',*,*,#2572,.F.);
#3590=ORIENTED_EDGE('',*,*,#2569,.F.);
#3591=ORIENTED_EDGE('',*,*,#2510,.F.);
#3592=ORIENTED_EDGE('',*,*,#2505,.F.);
#3593=ORIENTED_EDGE('',*,*,#2501,.F.);
#3594=ORIENTED_EDGE('',*,*,#2515,.F.);
#3595=ORIENTED_EDGE('',*,*,#2529,.T.);
#3596=ORIENTED_EDGE('',*,*,#2522,.T.);
#3597=ORIENTED_EDGE('',*,*,#2526,.T.);
#3598=ORIENTED_EDGE('',*,*,#2517,.F.);
#3599=ORIENTED_EDGE('',*,*,#2498,.F.);
#3600=ORIENTED_EDGE('',*,*,#2495,.F.);
#3601=ORIENTED_EDGE('',*,*,#2492,.F.);
#3602=ORIENTED_EDGE('',*,*,#2489,.F.);
#3603=ORIENTED_EDGE('',*,*,#2486,.F.);
#3604=ORIENTED_EDGE('',*,*,#2483,.F.);
#3605=ORIENTED_EDGE('',*,*,#2609,.F.);
#3606=ORIENTED_EDGE('',*,*,#2598,.F.);
#3607=ORIENTED_EDGE('',*,*,#2660,.T.);
#3608=ORIENTED_EDGE('',*,*,#2661,.T.);
#3609=ORIENTED_EDGE('',*,*,#2662,.T.);
#3610=ORIENTED_EDGE('',*,*,#2554,.F.);
#3611=ORIENTED_EDGE('',*,*,#2479,.F.);
#3612=ORIENTED_EDGE('',*,*,#2657,.T.);
#3613=ORIENTED_EDGE('',*,*,#2558,.T.);
#3614=ORIENTED_EDGE('',*,*,#2564,.T.);
#3615=ORIENTED_EDGE('',*,*,#2623,.T.);
#3616=ORIENTED_EDGE('',*,*,#2628,.T.);
#3617=ORIENTED_EDGE('',*,*,#2637,.T.);
#3618=ORIENTED_EDGE('',*,*,#2643,.T.);
#3619=ORIENTED_EDGE('',*,*,#2650,.T.);
#3620=ORIENTED_EDGE('',*,*,#2634,.T.);
#3621=ORIENTED_EDGE('',*,*,#2663,.T.);
#3622=ORIENTED_EDGE('',*,*,#2664,.T.);
#3623=ORIENTED_EDGE('',*,*,#2581,.T.);
#3624=ORIENTED_EDGE('',*,*,#2619,.F.);
#3625=ORIENTED_EDGE('',*,*,#2579,.F.);
#3626=ORIENTED_EDGE('',*,*,#2659,.T.);
#3627=ORIENTED_EDGE('',*,*,#2567,.T.);
#3628=ORIENTED_EDGE('',*,*,#2561,.T.);
#3629=ORIENTED_EDGE('',*,*,#2625,.T.);
#3630=ORIENTED_EDGE('',*,*,#2630,.T.);
#3631=ORIENTED_EDGE('',*,*,#2640,.T.);
#3632=ORIENTED_EDGE('',*,*,#2646,.T.);
#3633=ORIENTED_EDGE('',*,*,#2652,.T.);
#3634=ORIENTED_EDGE('',*,*,#2648,.T.);
#3635=ORIENTED_EDGE('',*,*,#2653,.F.);
#3636=ORIENTED_EDGE('',*,*,#2665,.F.);
#3637=ORIENTED_EDGE('',*,*,#2663,.F.);
#3638=ORIENTED_EDGE('',*,*,#2658,.T.);
#3639=ORIENTED_EDGE('',*,*,#2656,.F.);
#3640=ORIENTED_EDGE('',*,*,#2597,.F.);
#3641=ORIENTED_EDGE('',*,*,#2666,.F.);
#3642=ORIENTED_EDGE('',*,*,#2660,.F.);
#3643=ORIENTED_EDGE('',*,*,#2379,.T.);
#3644=ORIENTED_EDGE('',*,*,#2667,.F.);
#3645=ORIENTED_EDGE('',*,*,#2661,.F.);
#3646=ORIENTED_EDGE('',*,*,#2666,.T.);
#3647=ORIENTED_EDGE('',*,*,#2601,.F.);
#3648=ORIENTED_EDGE('',*,*,#2595,.F.);
#3649=ORIENTED_EDGE('',*,*,#2592,.F.);
#3650=ORIENTED_EDGE('',*,*,#2589,.F.);
#3651=ORIENTED_EDGE('',*,*,#2406,.T.);
#3652=ORIENTED_EDGE('',*,*,#2350,.T.);
#3653=ORIENTED_EDGE('',*,*,#2414,.T.);
#3654=ORIENTED_EDGE('',*,*,#2588,.F.);
#3655=ORIENTED_EDGE('',*,*,#2585,.F.);
#3656=ORIENTED_EDGE('',*,*,#2582,.F.);
#3657=ORIENTED_EDGE('',*,*,#2664,.F.);
#3658=ORIENTED_EDGE('',*,*,#2665,.T.);
#3659=ORIENTED_EDGE('',*,*,#2655,.F.);
#3660=ORIENTED_EDGE('',*,*,#2343,.F.);
#3661=ORIENTED_EDGE('',*,*,#2555,.F.);
#3662=ORIENTED_EDGE('',*,*,#2662,.F.);
#3663=ORIENTED_EDGE('',*,*,#2667,.T.);
#3664=ORIENTED_EDGE('',*,*,#2378,.T.);
#3665=ORIENTED_EDGE('',*,*,#2410,.F.);
#3666=ORIENTED_EDGE('',*,*,#2309,.F.);
#3667=ORIENTED_EDGE('',*,*,#2668,.T.);
#3668=ORIENTED_EDGE('',*,*,#2669,.T.);
#3669=ORIENTED_EDGE('',*,*,#2385,.T.);
#3670=ORIENTED_EDGE('',*,*,#2371,.T.);
#3671=ORIENTED_EDGE('',*,*,#2296,.T.);
#3672=ORIENTED_EDGE('',*,*,#2351,.T.);
#3673=ORIENTED_EDGE('',*,*,#2670,.T.);
#3674=ORIENTED_EDGE('',*,*,#2671,.T.);
#3675=ORIENTED_EDGE('',*,*,#2332,.T.);
#3676=ORIENTED_EDGE('',*,*,#2672,.T.);
#3677=ORIENTED_EDGE('',*,*,#2673,.T.);
#3678=ORIENTED_EDGE('',*,*,#2674,.T.);
#3679=ORIENTED_EDGE('',*,*,#2345,.F.);
#3680=ORIENTED_EDGE('',*,*,#2675,.F.);
#3681=ORIENTED_EDGE('',*,*,#2676,.F.);
#3682=ORIENTED_EDGE('',*,*,#2677,.F.);
#3683=ORIENTED_EDGE('',*,*,#2404,.F.);
#3684=ORIENTED_EDGE('',*,*,#2409,.F.);
#3685=ORIENTED_EDGE('',*,*,#2408,.F.);
#3686=ORIENTED_EDGE('',*,*,#2323,.F.);
#3687=ORIENTED_EDGE('',*,*,#2678,.T.);
#3688=ORIENTED_EDGE('',*,*,#2679,.F.);
#3689=ORIENTED_EDGE('',*,*,#2680,.F.);
#3690=ORIENTED_EDGE('',*,*,#2681,.F.);
#3691=ORIENTED_EDGE('',*,*,#2682,.F.);
#3692=ORIENTED_EDGE('',*,*,#2683,.F.);
#3693=ORIENTED_EDGE('',*,*,#2684,.F.);
#3694=ORIENTED_EDGE('',*,*,#2685,.T.);
#3695=ORIENTED_EDGE('',*,*,#2686,.F.);
#3696=ORIENTED_EDGE('',*,*,#2687,.F.);
#3697=ORIENTED_EDGE('',*,*,#2411,.T.);
#3698=ORIENTED_EDGE('',*,*,#2417,.T.);
#3699=ORIENTED_EDGE('',*,*,#2416,.T.);
#3700=ORIENTED_EDGE('',*,*,#2415,.F.);
#3701=ORIENTED_EDGE('',*,*,#2304,.T.);
#3702=ORIENTED_EDGE('',*,*,#2367,.T.);
#3703=ORIENTED_EDGE('',*,*,#2402,.T.);
#3704=ORIENTED_EDGE('',*,*,#2364,.T.);
#3705=ORIENTED_EDGE('',*,*,#2305,.T.);
#3706=ORIENTED_EDGE('',*,*,#2405,.F.);
#3707=ORIENTED_EDGE('',*,*,#2389,.T.);
#3708=ORIENTED_EDGE('',*,*,#2688,.T.);
#3709=ORIENTED_EDGE('',*,*,#2689,.T.);
#3710=ORIENTED_EDGE('',*,*,#2690,.T.);
#3711=ORIENTED_EDGE('',*,*,#2691,.T.);
#3712=ORIENTED_EDGE('',*,*,#2376,.T.);
#3713=ORIENTED_EDGE('',*,*,#2293,.T.);
#3714=ORIENTED_EDGE('',*,*,#2362,.T.);
#3715=ORIENTED_EDGE('',*,*,#2692,.T.);
#3716=ORIENTED_EDGE('',*,*,#2693,.T.);
#3717=ORIENTED_EDGE('',*,*,#2694,.T.);
#3718=ORIENTED_EDGE('',*,*,#2695,.T.);
#3719=ORIENTED_EDGE('',*,*,#2696,.T.);
#3720=ORIENTED_EDGE('',*,*,#2697,.T.);
#3721=ORIENTED_EDGE('',*,*,#2698,.T.);
#3722=ORIENTED_EDGE('',*,*,#2699,.T.);
#3723=ORIENTED_EDGE('',*,*,#2693,.F.);
#3724=ORIENTED_EDGE('',*,*,#2700,.T.);
#3725=ORIENTED_EDGE('',*,*,#2701,.T.);
#3726=ORIENTED_EDGE('',*,*,#2702,.T.);
#3727=ORIENTED_EDGE('',*,*,#2703,.T.);
#3728=ORIENTED_EDGE('',*,*,#2695,.F.);
#3729=ORIENTED_EDGE('',*,*,#2704,.F.);
#3730=ORIENTED_EDGE('',*,*,#2705,.T.);
#3731=ORIENTED_EDGE('',*,*,#2698,.F.);
#3732=ORIENTED_EDGE('',*,*,#2696,.F.);
#3733=ORIENTED_EDGE('',*,*,#2706,.T.);
#3734=ORIENTED_EDGE('',*,*,#2707,.T.);
#3735=ORIENTED_EDGE('',*,*,#2708,.T.);
#3736=ORIENTED_EDGE('',*,*,#2709,.T.);
#3737=ORIENTED_EDGE('',*,*,#2692,.F.);
#3738=ORIENTED_EDGE('',*,*,#2710,.F.);
#3739=ORIENTED_EDGE('',*,*,#2711,.T.);
#3740=ORIENTED_EDGE('',*,*,#2706,.F.);
#3741=ORIENTED_EDGE('',*,*,#2703,.F.);
#3742=ORIENTED_EDGE('',*,*,#2712,.T.);
#3743=ORIENTED_EDGE('',*,*,#2713,.T.);
#3744=ORIENTED_EDGE('',*,*,#2710,.T.);
#3745=ORIENTED_EDGE('',*,*,#2714,.T.);
#3746=ORIENTED_EDGE('',*,*,#2715,.T.);
#3747=ORIENTED_EDGE('',*,*,#2716,.F.);
#3748=ORIENTED_EDGE('',*,*,#2717,.T.);
#3749=ORIENTED_EDGE('',*,*,#2718,.F.);
#3750=ORIENTED_EDGE('',*,*,#2676,.T.);
#3751=ORIENTED_EDGE('',*,*,#2719,.F.);
#3752=ORIENTED_EDGE('',*,*,#2720,.T.);
#3753=ORIENTED_EDGE('',*,*,#2705,.F.);
#3754=ORIENTED_EDGE('',*,*,#2709,.F.);
#3755=ORIENTED_EDGE('',*,*,#2721,.T.);
#3756=ORIENTED_EDGE('',*,*,#2714,.F.);
#3757=ORIENTED_EDGE('',*,*,#2721,.F.);
#3758=ORIENTED_EDGE('',*,*,#2722,.F.);
#3759=ORIENTED_EDGE('',*,*,#2697,.F.);
#3760=ORIENTED_EDGE('',*,*,#2708,.F.);
#3761=ORIENTED_EDGE('',*,*,#2723,.F.);
#3762=ORIENTED_EDGE('',*,*,#2712,.F.);
#3763=ORIENTED_EDGE('',*,*,#2702,.F.);
#3764=ORIENTED_EDGE('',*,*,#2713,.F.);
#3765=ORIENTED_EDGE('',*,*,#2723,.T.);
#3766=ORIENTED_EDGE('',*,*,#2707,.F.);
#3767=ORIENTED_EDGE('',*,*,#2711,.F.);
#3768=ORIENTED_EDGE('',*,*,#2724,.T.);
#3769=ORIENTED_EDGE('',*,*,#2725,.T.);
#3770=ORIENTED_EDGE('',*,*,#2726,.T.);
#3771=ORIENTED_EDGE('',*,*,#2727,.T.);
#3772=ORIENTED_EDGE('',*,*,#2728,.T.);
#3773=ORIENTED_EDGE('',*,*,#2729,.T.);
#3774=ORIENTED_EDGE('',*,*,#2730,.T.);
#3775=ORIENTED_EDGE('',*,*,#2731,.T.);
#3776=ORIENTED_EDGE('',*,*,#2725,.F.);
#3777=ORIENTED_EDGE('',*,*,#2732,.T.);
#3778=ORIENTED_EDGE('',*,*,#2733,.T.);
#3779=ORIENTED_EDGE('',*,*,#2734,.T.);
#3780=ORIENTED_EDGE('',*,*,#2735,.T.);
#3781=ORIENTED_EDGE('',*,*,#2727,.F.);
#3782=ORIENTED_EDGE('',*,*,#2736,.T.);
#3783=ORIENTED_EDGE('',*,*,#2729,.F.);
#3784=ORIENTED_EDGE('',*,*,#2716,.T.);
#3785=ORIENTED_EDGE('',*,*,#2737,.T.);
#3786=ORIENTED_EDGE('',*,*,#2734,.F.);
#3787=ORIENTED_EDGE('',*,*,#2738,.F.);
#3788=ORIENTED_EDGE('',*,*,#2731,.F.);
#3789=ORIENTED_EDGE('',*,*,#2739,.T.);
#3790=ORIENTED_EDGE('',*,*,#2740,.T.);
#3791=ORIENTED_EDGE('',*,*,#2741,.T.);
#3792=ORIENTED_EDGE('',*,*,#2742,.T.);
#3793=ORIENTED_EDGE('',*,*,#2699,.F.);
#3794=ORIENTED_EDGE('',*,*,#2720,.F.);
#3795=ORIENTED_EDGE('',*,*,#2743,.F.);
#3796=ORIENTED_EDGE('',*,*,#2744,.T.);
#3797=ORIENTED_EDGE('',*,*,#2745,.T.);
#3798=ORIENTED_EDGE('',*,*,#2717,.F.);
#3799=ORIENTED_EDGE('',*,*,#2728,.F.);
#3800=ORIENTED_EDGE('',*,*,#2724,.F.);
#3801=ORIENTED_EDGE('',*,*,#2735,.F.);
#3802=ORIENTED_EDGE('',*,*,#2737,.F.);
#3803=ORIENTED_EDGE('',*,*,#2746,.F.);
#3804=ORIENTED_EDGE('',*,*,#2700,.F.);
#3805=ORIENTED_EDGE('',*,*,#2694,.F.);
#3806=ORIENTED_EDGE('',*,*,#2747,.T.);
#3807=ORIENTED_EDGE('',*,*,#2748,.T.);
#3808=ORIENTED_EDGE('',*,*,#2715,.F.);
#3809=ORIENTED_EDGE('',*,*,#2704,.T.);
#3810=ORIENTED_EDGE('',*,*,#2722,.T.);
#3811=ORIENTED_EDGE('',*,*,#2701,.F.);
#3812=ORIENTED_EDGE('',*,*,#2746,.T.);
#3813=ORIENTED_EDGE('',*,*,#2738,.T.);
#3814=ORIENTED_EDGE('',*,*,#2749,.T.);
#3815=ORIENTED_EDGE('',*,*,#2736,.F.);
#3816=ORIENTED_EDGE('',*,*,#2749,.F.);
#3817=ORIENTED_EDGE('',*,*,#2733,.F.);
#3818=ORIENTED_EDGE('',*,*,#2750,.T.);
#3819=ORIENTED_EDGE('',*,*,#2751,.T.);
#3820=ORIENTED_EDGE('',*,*,#2739,.F.);
#3821=ORIENTED_EDGE('',*,*,#2730,.F.);
#3822=ORIENTED_EDGE('',*,*,#2742,.F.);
#3823=ORIENTED_EDGE('',*,*,#2752,.T.);
#3824=ORIENTED_EDGE('',*,*,#2753,.T.);
#3825=ORIENTED_EDGE('',*,*,#2752,.F.);
#3826=ORIENTED_EDGE('',*,*,#2754,.T.);
#3827=ORIENTED_EDGE('',*,*,#2755,.T.);
#3828=ORIENTED_EDGE('',*,*,#2740,.F.);
#3829=ORIENTED_EDGE('',*,*,#2751,.F.);
#3830=ORIENTED_EDGE('',*,*,#2726,.F.);
#3831=ORIENTED_EDGE('',*,*,#2741,.F.);
#3832=ORIENTED_EDGE('',*,*,#2755,.F.);
#3833=ORIENTED_EDGE('',*,*,#2756,.T.);
#3834=ORIENTED_EDGE('',*,*,#2732,.F.);
#3835=ORIENTED_EDGE('',*,*,#2756,.F.);
#3836=ORIENTED_EDGE('',*,*,#2754,.F.);
#3837=ORIENTED_EDGE('',*,*,#2750,.F.);
#3838=ORIENTED_EDGE('',*,*,#2753,.F.);
#3839=ORIENTED_EDGE('',*,*,#2757,.F.);
#3840=ORIENTED_EDGE('',*,*,#2758,.T.);
#3841=ORIENTED_EDGE('',*,*,#2759,.F.);
#3842=ORIENTED_EDGE('',*,*,#2758,.F.);
#3843=ORIENTED_EDGE('',*,*,#2760,.F.);
#3844=ORIENTED_EDGE('',*,*,#2761,.T.);
#3845=ORIENTED_EDGE('',*,*,#2762,.F.);
#3846=ORIENTED_EDGE('',*,*,#2761,.F.);
#3847=ORIENTED_EDGE('',*,*,#2763,.F.);
#3848=ORIENTED_EDGE('',*,*,#2373,.F.);
#3849=ORIENTED_EDGE('',*,*,#2307,.F.);
#3850=ORIENTED_EDGE('',*,*,#2363,.F.);
#3851=ORIENTED_EDGE('',*,*,#2403,.F.);
#3852=ORIENTED_EDGE('',*,*,#2368,.F.);
#3853=ORIENTED_EDGE('',*,*,#2302,.F.);
#3854=ORIENTED_EDGE('',*,*,#2354,.F.);
#3855=ORIENTED_EDGE('',*,*,#2759,.T.);
#3856=ORIENTED_EDGE('',*,*,#2762,.T.);
#3857=ORIENTED_EDGE('',*,*,#2764,.F.);
#3858=ORIENTED_EDGE('',*,*,#2374,.F.);
#3859=ORIENTED_EDGE('',*,*,#2763,.T.);
#3860=ORIENTED_EDGE('',*,*,#2353,.F.);
#3861=ORIENTED_EDGE('',*,*,#2370,.F.);
#3862=ORIENTED_EDGE('',*,*,#2384,.F.);
#3863=ORIENTED_EDGE('',*,*,#2360,.F.);
#3864=ORIENTED_EDGE('',*,*,#2290,.F.);
#3865=ORIENTED_EDGE('',*,*,#2375,.F.);
#3866=ORIENTED_EDGE('',*,*,#2764,.T.);
#3867=ORIENTED_EDGE('',*,*,#2352,.F.);
#3868=ORIENTED_EDGE('',*,*,#2299,.F.);
#3869=ORIENTED_EDGE('',*,*,#2757,.T.);
#3870=ORIENTED_EDGE('',*,*,#2760,.T.);
#3871=ORIENTED_EDGE('',*,*,#2765,.F.);
#3872=ORIENTED_EDGE('',*,*,#2766,.T.);
#3873=ORIENTED_EDGE('',*,*,#2767,.F.);
#3874=ORIENTED_EDGE('',*,*,#2768,.F.);
#3875=ORIENTED_EDGE('',*,*,#2326,.F.);
#3876=ORIENTED_EDGE('',*,*,#2769,.F.);
#3877=ORIENTED_EDGE('',*,*,#2770,.F.);
#3878=ORIENTED_EDGE('',*,*,#2771,.T.);
#3879=ORIENTED_EDGE('',*,*,#2772,.F.);
#3880=ORIENTED_EDGE('',*,*,#2773,.T.);
#3881=ORIENTED_EDGE('',*,*,#2774,.F.);
#3882=ORIENTED_EDGE('',*,*,#2766,.F.);
#3883=ORIENTED_EDGE('',*,*,#2327,.F.);
#3884=ORIENTED_EDGE('',*,*,#2771,.F.);
#3885=ORIENTED_EDGE('',*,*,#2775,.F.);
#3886=ORIENTED_EDGE('',*,*,#2776,.T.);
#3887=ORIENTED_EDGE('',*,*,#2777,.F.);
#3888=ORIENTED_EDGE('',*,*,#2768,.T.);
#3889=ORIENTED_EDGE('',*,*,#2778,.F.);
#3890=ORIENTED_EDGE('',*,*,#2779,.F.);
#3891=ORIENTED_EDGE('',*,*,#2780,.F.);
#3892=ORIENTED_EDGE('',*,*,#2779,.T.);
#3893=ORIENTED_EDGE('',*,*,#2781,.F.);
#3894=ORIENTED_EDGE('',*,*,#2773,.F.);
#3895=ORIENTED_EDGE('',*,*,#2324,.F.);
#3896=ORIENTED_EDGE('',*,*,#2776,.F.);
#3897=ORIENTED_EDGE('',*,*,#2782,.F.);
#3898=ORIENTED_EDGE('',*,*,#2783,.T.);
#3899=ORIENTED_EDGE('',*,*,#2325,.F.);
#3900=ORIENTED_EDGE('',*,*,#2783,.F.);
#3901=ORIENTED_EDGE('',*,*,#2784,.F.);
#3902=ORIENTED_EDGE('',*,*,#2769,.T.);
#3903=ORIENTED_EDGE('',*,*,#2387,.F.);
#3904=ORIENTED_EDGE('',*,*,#2785,.F.);
#3905=ORIENTED_EDGE('',*,*,#2786,.F.);
#3906=ORIENTED_EDGE('',*,*,#2787,.T.);
#3907=ORIENTED_EDGE('',*,*,#2388,.F.);
#3908=ORIENTED_EDGE('',*,*,#2787,.F.);
#3909=ORIENTED_EDGE('',*,*,#2788,.F.);
#3910=ORIENTED_EDGE('',*,*,#2688,.F.);
#3911=ORIENTED_EDGE('',*,*,#2386,.F.);
#3912=ORIENTED_EDGE('',*,*,#2669,.F.);
#3913=ORIENTED_EDGE('',*,*,#2789,.F.);
#3914=ORIENTED_EDGE('',*,*,#2785,.T.);
#3915=ORIENTED_EDGE('',*,*,#2788,.T.);
#3916=ORIENTED_EDGE('',*,*,#2786,.T.);
#3917=ORIENTED_EDGE('',*,*,#2789,.T.);
#3918=ORIENTED_EDGE('',*,*,#2668,.F.);
#3919=ORIENTED_EDGE('',*,*,#2790,.F.);
#3920=ORIENTED_EDGE('',*,*,#2682,.T.);
#3921=ORIENTED_EDGE('',*,*,#2791,.T.);
#3922=ORIENTED_EDGE('',*,*,#2689,.F.);
#3923=ORIENTED_EDGE('',*,*,#2792,.T.);
#3924=ORIENTED_EDGE('',*,*,#2793,.T.);
#3925=ORIENTED_EDGE('',*,*,#2794,.T.);
#3926=ORIENTED_EDGE('',*,*,#2795,.T.);
#3927=ORIENTED_EDGE('',*,*,#2796,.T.);
#3928=ORIENTED_EDGE('',*,*,#2797,.T.);
#3929=ORIENTED_EDGE('',*,*,#2798,.T.);
#3930=ORIENTED_EDGE('',*,*,#2799,.T.);
#3931=ORIENTED_EDGE('',*,*,#2800,.T.);
#3932=ORIENTED_EDGE('',*,*,#2801,.T.);
#3933=ORIENTED_EDGE('',*,*,#2802,.T.);
#3934=ORIENTED_EDGE('',*,*,#2803,.T.);
#3935=ORIENTED_EDGE('',*,*,#2392,.F.);
#3936=ORIENTED_EDGE('',*,*,#2804,.F.);
#3937=ORIENTED_EDGE('',*,*,#2802,.F.);
#3938=ORIENTED_EDGE('',*,*,#2805,.T.);
#3939=ORIENTED_EDGE('',*,*,#2393,.F.);
#3940=ORIENTED_EDGE('',*,*,#2805,.F.);
#3941=ORIENTED_EDGE('',*,*,#2801,.F.);
#3942=ORIENTED_EDGE('',*,*,#2806,.T.);
#3943=ORIENTED_EDGE('',*,*,#2390,.F.);
#3944=ORIENTED_EDGE('',*,*,#2806,.F.);
#3945=ORIENTED_EDGE('',*,*,#2800,.F.);
#3946=ORIENTED_EDGE('',*,*,#2807,.T.);
#3947=ORIENTED_EDGE('',*,*,#2391,.F.);
#3948=ORIENTED_EDGE('',*,*,#2807,.F.);
#3949=ORIENTED_EDGE('',*,*,#2803,.F.);
#3950=ORIENTED_EDGE('',*,*,#2804,.T.);
#3951=ORIENTED_EDGE('',*,*,#2396,.F.);
#3952=ORIENTED_EDGE('',*,*,#2808,.F.);
#3953=ORIENTED_EDGE('',*,*,#2798,.F.);
#3954=ORIENTED_EDGE('',*,*,#2809,.T.);
#3955=ORIENTED_EDGE('',*,*,#2397,.F.);
#3956=ORIENTED_EDGE('',*,*,#2809,.F.);
#3957=ORIENTED_EDGE('',*,*,#2797,.F.);
#3958=ORIENTED_EDGE('',*,*,#2810,.T.);
#3959=ORIENTED_EDGE('',*,*,#2394,.F.);
#3960=ORIENTED_EDGE('',*,*,#2810,.F.);
#3961=ORIENTED_EDGE('',*,*,#2796,.F.);
#3962=ORIENTED_EDGE('',*,*,#2811,.T.);
#3963=ORIENTED_EDGE('',*,*,#2395,.F.);
#3964=ORIENTED_EDGE('',*,*,#2811,.F.);
#3965=ORIENTED_EDGE('',*,*,#2799,.F.);
#3966=ORIENTED_EDGE('',*,*,#2808,.T.);
#3967=ORIENTED_EDGE('',*,*,#2400,.F.);
#3968=ORIENTED_EDGE('',*,*,#2812,.F.);
#3969=ORIENTED_EDGE('',*,*,#2794,.F.);
#3970=ORIENTED_EDGE('',*,*,#2813,.T.);
#3971=ORIENTED_EDGE('',*,*,#2401,.F.);
#3972=ORIENTED_EDGE('',*,*,#2813,.F.);
#3973=ORIENTED_EDGE('',*,*,#2793,.F.);
#3974=ORIENTED_EDGE('',*,*,#2814,.T.);
#3975=ORIENTED_EDGE('',*,*,#2398,.F.);
#3976=ORIENTED_EDGE('',*,*,#2814,.F.);
#3977=ORIENTED_EDGE('',*,*,#2792,.F.);
#3978=ORIENTED_EDGE('',*,*,#2815,.T.);
#3979=ORIENTED_EDGE('',*,*,#2399,.F.);
#3980=ORIENTED_EDGE('',*,*,#2815,.F.);
#3981=ORIENTED_EDGE('',*,*,#2795,.F.);
#3982=ORIENTED_EDGE('',*,*,#2812,.T.);
#3983=ORIENTED_EDGE('',*,*,#2748,.F.);
#3984=ORIENTED_EDGE('',*,*,#2816,.T.);
#3985=ORIENTED_EDGE('',*,*,#2817,.F.);
#3986=ORIENTED_EDGE('',*,*,#2816,.F.);
#3987=ORIENTED_EDGE('',*,*,#2747,.F.);
#3988=ORIENTED_EDGE('',*,*,#2818,.T.);
#3989=ORIENTED_EDGE('',*,*,#2819,.F.);
#3990=ORIENTED_EDGE('',*,*,#2818,.F.);
#3991=ORIENTED_EDGE('',*,*,#2820,.T.);
#3992=ORIENTED_EDGE('',*,*,#2718,.T.);
#3993=ORIENTED_EDGE('',*,*,#2821,.T.);
#3994=ORIENTED_EDGE('',*,*,#2719,.T.);
#3995=ORIENTED_EDGE('',*,*,#2822,.T.);
#3996=ORIENTED_EDGE('',*,*,#2823,.T.);
#3997=ORIENTED_EDGE('',*,*,#2824,.T.);
#3998=ORIENTED_EDGE('',*,*,#2822,.F.);
#3999=ORIENTED_EDGE('',*,*,#2675,.T.);
#4000=ORIENTED_EDGE('',*,*,#2334,.F.);
#4001=ORIENTED_EDGE('',*,*,#2333,.T.);
#4002=ORIENTED_EDGE('',*,*,#2677,.T.);
#4003=ORIENTED_EDGE('',*,*,#2820,.F.);
#4004=ORIENTED_EDGE('',*,*,#2319,.T.);
#4005=ORIENTED_EDGE('',*,*,#2821,.F.);
#4006=ORIENTED_EDGE('',*,*,#2745,.F.);
#4007=ORIENTED_EDGE('',*,*,#2825,.T.);
#4008=ORIENTED_EDGE('',*,*,#2320,.T.);
#4009=ORIENTED_EDGE('',*,*,#2823,.F.);
#4010=ORIENTED_EDGE('',*,*,#2826,.F.);
#4011=ORIENTED_EDGE('',*,*,#2827,.T.);
#4012=ORIENTED_EDGE('',*,*,#2743,.T.);
#4013=ORIENTED_EDGE('',*,*,#2339,.F.);
#4014=ORIENTED_EDGE('',*,*,#2421,.F.);
#4015=ORIENTED_EDGE('',*,*,#2587,.F.);
#4016=ORIENTED_EDGE('',*,*,#2412,.F.);
#4017=ORIENTED_EDGE('',*,*,#2687,.T.);
#4018=ORIENTED_EDGE('',*,*,#2828,.T.);
#4019=ORIENTED_EDGE('',*,*,#2829,.T.);
#4020=ORIENTED_EDGE('',*,*,#2826,.T.);
#4021=ORIENTED_EDGE('',*,*,#2824,.F.);
#4022=ORIENTED_EDGE('',*,*,#2243,.T.);
#4023=ORIENTED_EDGE('',*,*,#2234,.T.);
#4024=ORIENTED_EDGE('',*,*,#2227,.T.);
#4025=ORIENTED_EDGE('',*,*,#2241,.T.);
#4026=ORIENTED_EDGE('',*,*,#2267,.T.);
#4027=ORIENTED_EDGE('',*,*,#2258,.T.);
#4028=ORIENTED_EDGE('',*,*,#2251,.T.);
#4029=ORIENTED_EDGE('',*,*,#2265,.T.);
#4030=ORIENTED_EDGE('',*,*,#2780,.T.);
#4031=ORIENTED_EDGE('',*,*,#2772,.T.);
#4032=ORIENTED_EDGE('',*,*,#2765,.T.);
#4033=ORIENTED_EDGE('',*,*,#2777,.T.);
#4034=ORIENTED_EDGE('',*,*,#2830,.T.);
#4035=ORIENTED_EDGE('',*,*,#2831,.T.);
#4036=ORIENTED_EDGE('',*,*,#2329,.F.);
#4037=ORIENTED_EDGE('',*,*,#2832,.T.);
#4038=ORIENTED_EDGE('',*,*,#2833,.F.);
#4039=ORIENTED_EDGE('',*,*,#2832,.F.);
#4040=ORIENTED_EDGE('',*,*,#2834,.F.);
#4041=ORIENTED_EDGE('',*,*,#2835,.T.);
#4042=ORIENTED_EDGE('',*,*,#2831,.F.);
#4043=ORIENTED_EDGE('',*,*,#2835,.F.);
#4044=ORIENTED_EDGE('',*,*,#2328,.F.);
#4045=ORIENTED_EDGE('',*,*,#2836,.T.);
#4046=ORIENTED_EDGE('',*,*,#2837,.F.);
#4047=ORIENTED_EDGE('',*,*,#2836,.F.);
#4048=ORIENTED_EDGE('',*,*,#2838,.F.);
#4049=ORIENTED_EDGE('',*,*,#2839,.T.);
#4050=ORIENTED_EDGE('',*,*,#2830,.F.);
#4051=ORIENTED_EDGE('',*,*,#2839,.F.);
#4052=ORIENTED_EDGE('',*,*,#2840,.T.);
#4053=ORIENTED_EDGE('',*,*,#2841,.F.);
#4054=ORIENTED_EDGE('',*,*,#2828,.F.);
#4055=ORIENTED_EDGE('',*,*,#2686,.T.);
#4056=ORIENTED_EDGE('',*,*,#2842,.T.);
#4057=ORIENTED_EDGE('',*,*,#2678,.F.);
#4058=ORIENTED_EDGE('',*,*,#2322,.F.);
#4059=ORIENTED_EDGE('',*,*,#2843,.T.);
#4060=ORIENTED_EDGE('',*,*,#2844,.T.);
#4061=ORIENTED_EDGE('',*,*,#2845,.T.);
#4062=ORIENTED_EDGE('',*,*,#2673,.F.);
#4063=ORIENTED_EDGE('',*,*,#2846,.F.);
#4064=ORIENTED_EDGE('',*,*,#2817,.T.);
#4065=ORIENTED_EDGE('',*,*,#2819,.T.);
#4066=ORIENTED_EDGE('',*,*,#2847,.F.);
#4067=ORIENTED_EDGE('',*,*,#2844,.F.);
#4068=ORIENTED_EDGE('',*,*,#2848,.T.);
#4069=ORIENTED_EDGE('',*,*,#2843,.F.);
#4070=ORIENTED_EDGE('',*,*,#2321,.F.);
#4071=ORIENTED_EDGE('',*,*,#2825,.F.);
#4072=ORIENTED_EDGE('',*,*,#2744,.F.);
#4073=ORIENTED_EDGE('',*,*,#2827,.F.);
#4074=ORIENTED_EDGE('',*,*,#2829,.F.);
#4075=ORIENTED_EDGE('',*,*,#2841,.T.);
#4076=ORIENTED_EDGE('',*,*,#2685,.F.);
#4077=ORIENTED_EDGE('',*,*,#2849,.T.);
#4078=ORIENTED_EDGE('',*,*,#2674,.F.);
#4079=ORIENTED_EDGE('',*,*,#2845,.F.);
#4080=ORIENTED_EDGE('',*,*,#2847,.T.);
#4081=ORIENTED_EDGE('',*,*,#2840,.F.);
#4082=ORIENTED_EDGE('',*,*,#2781,.T.);
#4083=ORIENTED_EDGE('',*,*,#2778,.T.);
#4084=ORIENTED_EDGE('',*,*,#2767,.T.);
#4085=ORIENTED_EDGE('',*,*,#2774,.T.);
#4086=ORIENTED_EDGE('',*,*,#2834,.T.);
#4087=ORIENTED_EDGE('',*,*,#2838,.T.);
#4088=ORIENTED_EDGE('',*,*,#2684,.T.);
#4089=ORIENTED_EDGE('',*,*,#2850,.T.);
#4090=ORIENTED_EDGE('',*,*,#2670,.F.);
#4091=ORIENTED_EDGE('',*,*,#2849,.F.);
#4092=ORIENTED_EDGE('',*,*,#2683,.T.);
#4093=ORIENTED_EDGE('',*,*,#2790,.T.);
#4094=ORIENTED_EDGE('',*,*,#2671,.F.);
#4095=ORIENTED_EDGE('',*,*,#2850,.F.);
#4096=ORIENTED_EDGE('',*,*,#2681,.T.);
#4097=ORIENTED_EDGE('',*,*,#2851,.T.);
#4098=ORIENTED_EDGE('',*,*,#2690,.F.);
#4099=ORIENTED_EDGE('',*,*,#2791,.F.);
#4100=ORIENTED_EDGE('',*,*,#2680,.T.);
#4101=ORIENTED_EDGE('',*,*,#2852,.T.);
#4102=ORIENTED_EDGE('',*,*,#2691,.F.);
#4103=ORIENTED_EDGE('',*,*,#2851,.F.);
#4104=ORIENTED_EDGE('',*,*,#2679,.T.);
#4105=ORIENTED_EDGE('',*,*,#2842,.F.);
#4106=ORIENTED_EDGE('',*,*,#2848,.F.);
#4107=ORIENTED_EDGE('',*,*,#2846,.T.);
#4108=ORIENTED_EDGE('',*,*,#2672,.F.);
#4109=ORIENTED_EDGE('',*,*,#2852,.F.);
#4110=ORIENTED_EDGE('',*,*,#2782,.T.);
#4111=ORIENTED_EDGE('',*,*,#2775,.T.);
#4112=ORIENTED_EDGE('',*,*,#2770,.T.);
#4113=ORIENTED_EDGE('',*,*,#2784,.T.);
#4114=ORIENTED_EDGE('',*,*,#2833,.T.);
#4115=ORIENTED_EDGE('',*,*,#2837,.T.);
#4116=ORIENTED_EDGE('',*,*,#2853,.F.);
#4117=ORIENTED_EDGE('',*,*,#2854,.T.);
#4118=ORIENTED_EDGE('',*,*,#2855,.F.);
#4119=ORIENTED_EDGE('',*,*,#2854,.F.);
#4120=ORIENTED_EDGE('',*,*,#2856,.F.);
#4121=ORIENTED_EDGE('',*,*,#2857,.T.);
#4122=ORIENTED_EDGE('',*,*,#2858,.F.);
#4123=ORIENTED_EDGE('',*,*,#2857,.F.);
#4124=ORIENTED_EDGE('',*,*,#2859,.F.);
#4125=ORIENTED_EDGE('',*,*,#2860,.F.);
#4126=ORIENTED_EDGE('',*,*,#2861,.F.);
#4127=ORIENTED_EDGE('',*,*,#2862,.T.);
#4128=ORIENTED_EDGE('',*,*,#2862,.F.);
#4129=ORIENTED_EDGE('',*,*,#2861,.T.);
#4130=ORIENTED_EDGE('',*,*,#2863,.T.);
#4131=ORIENTED_EDGE('',*,*,#2381,.F.);
#4132=ORIENTED_EDGE('',*,*,#2864,.F.);
#4133=ORIENTED_EDGE('',*,*,#2359,.F.);
#4134=ORIENTED_EDGE('',*,*,#2865,.T.);
#4135=ORIENTED_EDGE('',*,*,#2859,.T.);
#4136=ORIENTED_EDGE('',*,*,#2864,.T.);
#4137=ORIENTED_EDGE('',*,*,#2380,.F.);
#4138=ORIENTED_EDGE('',*,*,#2866,.T.);
#4139=ORIENTED_EDGE('',*,*,#2356,.F.);
#4140=ORIENTED_EDGE('',*,*,#2853,.T.);
#4141=ORIENTED_EDGE('',*,*,#2856,.T.);
#4142=ORIENTED_EDGE('',*,*,#2866,.F.);
#4143=ORIENTED_EDGE('',*,*,#2383,.F.);
#4144=ORIENTED_EDGE('',*,*,#2867,.T.);
#4145=ORIENTED_EDGE('',*,*,#2357,.F.);
#4146=ORIENTED_EDGE('',*,*,#2860,.T.);
#4147=ORIENTED_EDGE('',*,*,#2865,.F.);
#4148=ORIENTED_EDGE('',*,*,#2358,.F.);
#4149=ORIENTED_EDGE('',*,*,#2867,.F.);
#4150=ORIENTED_EDGE('',*,*,#2382,.F.);
#4151=ORIENTED_EDGE('',*,*,#2863,.F.);
#4152=ORIENTED_EDGE('',*,*,#2855,.T.);
#4153=ORIENTED_EDGE('',*,*,#2858,.T.);
#4154=PLANE('',#4536);
#4155=PLANE('',#4537);
#4156=PLANE('',#4538);
#4157=PLANE('',#4539);
#4158=PLANE('',#4540);
#4159=PLANE('',#4541);
#4160=PLANE('',#4542);
#4161=PLANE('',#4543);
#4162=PLANE('',#4544);
#4163=PLANE('',#4545);
#4164=PLANE('',#4546);
#4165=PLANE('',#4547);
#4166=PLANE('',#4548);
#4167=PLANE('',#4549);
#4168=PLANE('',#4550);
#4169=PLANE('',#4551);
#4170=PLANE('',#4552);
#4171=PLANE('',#4553);
#4172=PLANE('',#4554);
#4173=PLANE('',#4555);
#4174=PLANE('',#4556);
#4175=PLANE('',#4557);
#4176=PLANE('',#4558);
#4177=PLANE('',#4559);
#4178=PLANE('',#4560);
#4179=PLANE('',#4561);
#4180=PLANE('',#4565);
#4181=PLANE('',#4569);
#4182=PLANE('',#4574);
#4183=PLANE('',#4575);
#4184=PLANE('',#4580);
#4185=PLANE('',#4581);
#4186=PLANE('',#4582);
#4187=PLANE('',#4583);
#4188=PLANE('',#4584);
#4189=PLANE('',#4585);
#4190=PLANE('',#4586);
#4191=PLANE('',#4587);
#4192=PLANE('',#4588);
#4193=PLANE('',#4592);
#4194=PLANE('',#4593);
#4195=PLANE('',#4601);
#4196=PLANE('',#4602);
#4197=PLANE('',#4606);
#4198=PLANE('',#4610);
#4199=PLANE('',#4619);
#4200=PLANE('',#4632);
#4201=PLANE('',#4636);
#4202=PLANE('',#4637);
#4203=PLANE('',#4638);
#4204=PLANE('',#4642);
#4205=PLANE('',#4643);
#4206=PLANE('',#4645);
#4207=PLANE('',#4646);
#4208=PLANE('',#4647);
#4209=PLANE('',#4648);
#4210=PLANE('',#4649);
#4211=PLANE('',#4651);
#4212=PLANE('',#4656);
#4213=PLANE('',#4657);
#4214=PLANE('',#4658);
#4215=PLANE('',#4659);
#4216=PLANE('',#4660);
#4217=PLANE('',#4671);
#4218=PLANE('',#4686);
#4219=PLANE('',#4690);
#4220=PLANE('',#4697);
#4221=PLANE('',#4702);
#4222=PLANE('',#4706);
#4223=PLANE('',#4745);
#4224=PLANE('',#4746);
#4225=PLANE('',#4747);
#4226=PLANE('',#4748);
#4227=PLANE('',#4749);
#4228=PLANE('',#4750);
#4229=PLANE('',#4751);
#4230=PLANE('',#4752);
#4231=PLANE('',#4753);
#4232=PLANE('',#4755);
#4233=PLANE('',#4756);
#4234=PLANE('',#4758);
#4235=PLANE('',#4762);
#4236=PLANE('',#4763);
#4237=PLANE('',#4764);
#4238=PLANE('',#4765);
#4239=PLANE('',#4766);
#4240=PLANE('',#4767);
#4241=PLANE('',#4768);
#4242=PLANE('',#4779);
#4243=PLANE('',#4782);
#4244=PLANE('',#4783);
#4245=PLANE('',#4791);
#4246=PLANE('',#4804);
#4247=PLANE('',#4807);
#4248=PLANE('',#4811);
#4249=PLANE('',#4816);
#4250=PLANE('',#4817);
#4251=PLANE('',#4824);
#4252=PLANE('',#4825);
#4253=PLANE('',#4826);
#4254=PLANE('',#4827);
#4255=PLANE('',#4828);
#4256=PLANE('',#4829);
#4257=PLANE('',#4830);
#4258=PLANE('',#4831);
#4259=PLANE('',#4832);
#4260=PLANE('',#4833);
#4261=PLANE('',#4834);
#4262=PLANE('',#4835);
#4263=PLANE('',#4836);
#4264=PLANE('',#4837);
#4265=PLANE('',#4838);
#4266=PLANE('',#4839);
#4267=PLANE('',#4840);
#4268=PLANE('',#4841);
#4269=PLANE('',#4842);
#4270=PLANE('',#4843);
#4271=PLANE('',#4844);
#4272=PLANE('',#4845);
#4273=PLANE('',#4846);
#4274=PLANE('',#4847);
#4275=PLANE('',#4848);
#4276=PLANE('',#4849);
#4277=PLANE('',#4850);
#4278=PLANE('',#4865);
#4279=PLANE('',#4881);
#4280=PLANE('',#4882);
#4281=PLANE('',#4883);
#4282=PLANE('',#4884);
#4283=PLANE('',#4885);
#4284=PLANE('',#4886);
#4285=PLANE('',#4887);
#4286=PLANE('',#4888);
#4287=PLANE('',#4895);
#4288=PLANE('',#4896);
#4289=PLANE('',#4897);
#4290=PLANE('',#4898);
#4291=PLANE('',#4899);
#4292=ADVANCED_FACE('',(#333),#4154,.F.);
#4293=ADVANCED_FACE('',(#334),#4155,.F.);
#4294=ADVANCED_FACE('',(#335),#4156,.F.);
#4295=ADVANCED_FACE('',(#336),#4157,.F.);
#4296=ADVANCED_FACE('',(#337),#4158,.F.);
#4297=ADVANCED_FACE('',(#338),#4159,.F.);
#4298=ADVANCED_FACE('',(#339),#4160,.F.);
#4299=ADVANCED_FACE('',(#340),#4161,.F.);
#4300=ADVANCED_FACE('',(#341),#4162,.F.);
#4301=ADVANCED_FACE('',(#342),#4163,.F.);
#4302=ADVANCED_FACE('',(#343),#4164,.F.);
#4303=ADVANCED_FACE('',(#344),#4165,.F.);
#4304=ADVANCED_FACE('',(#345),#4166,.F.);
#4305=ADVANCED_FACE('',(#346),#4167,.F.);
#4306=ADVANCED_FACE('',(#347),#4168,.F.);
#4307=ADVANCED_FACE('',(#348),#4169,.F.);
#4308=ADVANCED_FACE('',(#349),#4170,.T.);
#4309=ADVANCED_FACE('',(#350),#4171,.T.);
#4310=ADVANCED_FACE('',(#351),#4172,.T.);
#4311=ADVANCED_FACE('',(#352),#4173,.F.);
#4312=ADVANCED_FACE('',(#353),#4174,.T.);
#4313=ADVANCED_FACE('',(#354),#4175,.T.);
#4314=ADVANCED_FACE('',(#355),#4176,.T.);
#4315=ADVANCED_FACE('',(#356),#4177,.T.);
#4316=ADVANCED_FACE('',(#357),#4178,.T.);
#4317=ADVANCED_FACE('',(#358),#4179,.T.);
#4318=ADVANCED_FACE('',(#359),#263,.T.);
#4319=ADVANCED_FACE('',(#360,#48,#49,#50,#51,#52),#4180,.T.);
#4320=ADVANCED_FACE('',(#361),#4181,.T.);
#4321=ADVANCED_FACE('',(#362),#264,.T.);
#4322=ADVANCED_FACE('',(#363),#4182,.T.);
#4323=ADVANCED_FACE('',(#364),#4183,.T.);
#4324=ADVANCED_FACE('',(#365),#41,.T.);
#4325=ADVANCED_FACE('',(#366,#53,#54,#55),#4184,.F.);
#4326=ADVANCED_FACE('',(#367),#4185,.T.);
#4327=ADVANCED_FACE('',(#368),#4186,.T.);
#4328=ADVANCED_FACE('',(#369),#4187,.T.);
#4329=ADVANCED_FACE('',(#370),#4188,.T.);
#4330=ADVANCED_FACE('',(#371,#56,#57,#58),#4189,.F.);
#4331=ADVANCED_FACE('',(#372,#59,#60,#61),#4190,.T.);
#4332=ADVANCED_FACE('',(#373),#4191,.T.);
#4333=ADVANCED_FACE('',(#374),#4192,.T.);
#4334=ADVANCED_FACE('',(#375),#4193,.T.);
#4335=ADVANCED_FACE('',(#376),#4194,.T.);
#4336=ADVANCED_FACE('',(#377),#42,.T.);
#4337=ADVANCED_FACE('',(#378),#4195,.T.);
#4338=ADVANCED_FACE('',(#379),#4196,.T.);
#4339=ADVANCED_FACE('',(#380),#265,.F.);
#4340=ADVANCED_FACE('',(#381),#4197,.T.);
#4341=ADVANCED_FACE('',(#382),#266,.F.);
#4342=ADVANCED_FACE('',(#383,#62),#4198,.T.);
#4343=ADVANCED_FACE('',(#384),#267,.T.);
#4344=ADVANCED_FACE('',(#385),#268,.F.);
#4345=ADVANCED_FACE('',(#386),#4199,.T.);
#4346=ADVANCED_FACE('',(#387),#269,.F.);
#4347=ADVANCED_FACE('',(#388),#270,.T.);
#4348=ADVANCED_FACE('',(#389),#271,.T.);
#4349=ADVANCED_FACE('',(#390),#272,.F.);
#4350=ADVANCED_FACE('',(#391),#4200,.T.);
#4351=ADVANCED_FACE('',(#392),#273,.F.);
#4352=ADVANCED_FACE('',(#393),#4201,.T.);
#4353=ADVANCED_FACE('',(#394),#4202,.T.);
#4354=ADVANCED_FACE('',(#395),#4203,.T.);
#4355=ADVANCED_FACE('',(#396),#274,.F.);
#4356=ADVANCED_FACE('',(#397),#4204,.T.);
#4357=ADVANCED_FACE('',(#398),#4205,.T.);
#4358=ADVANCED_FACE('',(#399),#4206,.T.);
#4359=ADVANCED_FACE('',(#400),#4207,.T.);
#4360=ADVANCED_FACE('',(#401),#4208,.T.);
#4361=ADVANCED_FACE('',(#402),#4209,.T.);
#4362=ADVANCED_FACE('',(#403),#4210,.T.);
#4363=ADVANCED_FACE('',(#404,#63,#64,#65,#66),#4211,.T.);
#4364=ADVANCED_FACE('',(#405),#4212,.F.);
#4365=ADVANCED_FACE('',(#406),#4213,.F.);
#4366=ADVANCED_FACE('',(#407),#4214,.F.);
#4367=ADVANCED_FACE('',(#408),#4215,.F.);
#4368=ADVANCED_FACE('',(#409,#67),#4216,.T.);
#4369=ADVANCED_FACE('',(#410),#275,.T.);
#4370=ADVANCED_FACE('',(#411),#276,.F.);
#4371=ADVANCED_FACE('',(#412),#277,.F.);
#4372=ADVANCED_FACE('',(#413),#278,.F.);
#4373=ADVANCED_FACE('',(#414),#279,.F.);
#4374=ADVANCED_FACE('',(#415),#4217,.T.);
#4375=ADVANCED_FACE('',(#416),#280,.F.);
#4376=ADVANCED_FACE('',(#417),#281,.F.);
#4377=ADVANCED_FACE('',(#418),#282,.F.);
#4378=ADVANCED_FACE('',(#419),#283,.F.);
#4379=ADVANCED_FACE('',(#420),#4218,.T.);
#4380=ADVANCED_FACE('',(#421),#284,.F.);
#4381=ADVANCED_FACE('',(#422),#4219,.T.);
#4382=ADVANCED_FACE('',(#423),#285,.T.);
#4383=ADVANCED_FACE('',(#424),#286,.T.);
#4384=ADVANCED_FACE('',(#425),#4220,.T.);
#4385=ADVANCED_FACE('',(#426),#287,.F.);
#4386=ADVANCED_FACE('',(#427),#288,.F.);
#4387=ADVANCED_FACE('',(#428),#4221,.T.);
#4388=ADVANCED_FACE('',(#429),#289,.T.);
#4389=ADVANCED_FACE('',(#430,#68,#69,#70,#71,#72),#4222,.T.);
#4390=ADVANCED_FACE('',(#431),#290,.T.);
#4391=ADVANCED_FACE('',(#432),#291,.T.);
#4392=ADVANCED_FACE('',(#433),#43,.T.);
#4393=ADVANCED_FACE('',(#434),#292,.T.);
#4394=ADVANCED_FACE('',(#435),#293,.T.);
#4395=ADVANCED_FACE('',(#436),#294,.T.);
#4396=ADVANCED_FACE('',(#437),#295,.T.);
#4397=ADVANCED_FACE('',(#438),#296,.T.);
#4398=ADVANCED_FACE('',(#439),#297,.T.);
#4399=ADVANCED_FACE('',(#440),#44,.T.);
#4400=ADVANCED_FACE('',(#441),#298,.T.);
#4401=ADVANCED_FACE('',(#442),#19,.F.);
#4402=ADVANCED_FACE('',(#443),#20,.F.);
#4403=ADVANCED_FACE('',(#444),#21,.F.);
#4404=ADVANCED_FACE('',(#445),#22,.F.);
#4405=ADVANCED_FACE('',(#446),#299,.F.);
#4406=ADVANCED_FACE('',(#447),#300,.F.);
#4407=ADVANCED_FACE('',(#448),#301,.F.);
#4408=ADVANCED_FACE('',(#449),#302,.F.);
#4409=ADVANCED_FACE('',(#450),#4223,.F.);
#4410=ADVANCED_FACE('',(#451),#4224,.F.);
#4411=ADVANCED_FACE('',(#452),#4225,.F.);
#4412=ADVANCED_FACE('',(#453),#4226,.F.);
#4413=ADVANCED_FACE('',(#454),#4227,.F.);
#4414=ADVANCED_FACE('',(#455),#4228,.F.);
#4415=ADVANCED_FACE('',(#456),#4229,.F.);
#4416=ADVANCED_FACE('',(#457),#4230,.F.);
#4417=ADVANCED_FACE('',(#458,#73,#74,#75,#76,#77),#4231,.T.);
#4418=ADVANCED_FACE('',(#459),#4232,.F.);
#4419=ADVANCED_FACE('',(#460,#78,#79,#80,#81,#82),#4233,.T.);
#4420=ADVANCED_FACE('',(#461,#83,#84,#85,#86,#87),#4234,.T.);
#4421=ADVANCED_FACE('',(#462),#303,.F.);
#4422=ADVANCED_FACE('',(#463),#304,.F.);
#4423=ADVANCED_FACE('',(#464),#4235,.F.);
#4424=ADVANCED_FACE('',(#465),#4236,.F.);
#4425=ADVANCED_FACE('',(#466),#4237,.T.);
#4426=ADVANCED_FACE('',(#467),#4238,.T.);
#4427=ADVANCED_FACE('',(#468),#4239,.T.);
#4428=ADVANCED_FACE('',(#469),#4240,.F.);
#4429=ADVANCED_FACE('',(#470),#4241,.T.);
#4430=ADVANCED_FACE('',(#471),#305,.F.);
#4431=ADVANCED_FACE('',(#472),#306,.F.);
#4432=ADVANCED_FACE('',(#473),#307,.F.);
#4433=ADVANCED_FACE('',(#474),#45,.F.);
#4434=ADVANCED_FACE('',(#475,#88),#4242,.F.);
#4435=ADVANCED_FACE('',(#476),#4243,.T.);
#4436=ADVANCED_FACE('',(#477,#89),#4244,.T.);
#4437=ADVANCED_FACE('',(#478),#308,.T.);
#4438=ADVANCED_FACE('',(#479),#309,.F.);
#4439=ADVANCED_FACE('',(#480),#4245,.T.);
#4440=ADVANCED_FACE('',(#481),#310,.T.);
#4441=ADVANCED_FACE('',(#482),#311,.F.);
#4442=ADVANCED_FACE('',(#483),#312,.F.);
#4443=ADVANCED_FACE('',(#484),#313,.F.);
#4444=ADVANCED_FACE('',(#485),#46,.F.);
#4445=ADVANCED_FACE('',(#486),#47,.F.);
#4446=ADVANCED_FACE('',(#487,#90),#4246,.T.);
#4447=ADVANCED_FACE('',(#488,#91,#92),#4247,.T.);
#4448=ADVANCED_FACE('',(#489),#314,.F.);
#4449=ADVANCED_FACE('',(#490),#4248,.T.);
#4450=ADVANCED_FACE('',(#491),#315,.F.);
#4451=ADVANCED_FACE('',(#492),#316,.T.);
#4452=ADVANCED_FACE('',(#493),#4249,.T.);
#4453=ADVANCED_FACE('',(#494,#93),#4250,.F.);
#4454=ADVANCED_FACE('',(#495),#317,.F.);
#4455=ADVANCED_FACE('',(#496),#318,.F.);
#4456=ADVANCED_FACE('',(#497,#94,#95),#4251,.T.);
#4457=ADVANCED_FACE('',(#498),#4252,.T.);
#4458=ADVANCED_FACE('',(#499,#96,#97),#4253,.T.);
#4459=ADVANCED_FACE('',(#500),#4254,.F.);
#4460=ADVANCED_FACE('',(#501),#4255,.F.);
#4461=ADVANCED_FACE('',(#502),#4256,.F.);
#4462=ADVANCED_FACE('',(#503),#4257,.F.);
#4463=ADVANCED_FACE('',(#504),#4258,.F.);
#4464=ADVANCED_FACE('',(#505),#4259,.F.);
#4465=ADVANCED_FACE('',(#506),#4260,.F.);
#4466=ADVANCED_FACE('',(#507),#4261,.F.);
#4467=ADVANCED_FACE('',(#508),#4262,.F.);
#4468=ADVANCED_FACE('',(#509),#4263,.F.);
#4469=ADVANCED_FACE('',(#510),#4264,.F.);
#4470=ADVANCED_FACE('',(#511,#98,#99,#100),#4265,.T.);
#4471=ADVANCED_FACE('',(#512),#4266,.F.);
#4472=ADVANCED_FACE('',(#513),#4267,.F.);
#4473=ADVANCED_FACE('',(#514),#4268,.F.);
#4474=ADVANCED_FACE('',(#515),#4269,.F.);
#4475=ADVANCED_FACE('',(#516),#4270,.F.);
#4476=ADVANCED_FACE('',(#517),#4271,.F.);
#4477=ADVANCED_FACE('',(#518),#4272,.F.);
#4478=ADVANCED_FACE('',(#519),#4273,.F.);
#4479=ADVANCED_FACE('',(#520),#4274,.F.);
#4480=ADVANCED_FACE('',(#521),#4275,.F.);
#4481=ADVANCED_FACE('',(#522),#4276,.F.);
#4482=ADVANCED_FACE('',(#523),#4277,.F.);
#4483=ADVANCED_FACE('',(#524),#319,.F.);
#4484=ADVANCED_FACE('',(#525),#320,.F.);
#4485=ADVANCED_FACE('',(#526),#23,.F.);
#4486=ADVANCED_FACE('',(#527),#24,.F.);
#4487=ADVANCED_FACE('',(#528),#321,.T.);
#4488=ADVANCED_FACE('',(#529),#322,.T.);
#4489=ADVANCED_FACE('',(#530),#323,.T.);
#4490=ADVANCED_FACE('',(#531),#324,.T.);
#4491=ADVANCED_FACE('',(#532,#101,#102,#103,#104,#105),#4278,.T.);
#4492=ADVANCED_FACE('',(#533),#325,.F.);
#4493=ADVANCED_FACE('',(#534),#326,.F.);
#4494=ADVANCED_FACE('',(#535),#327,.F.);
#4495=ADVANCED_FACE('',(#536),#328,.F.);
#4496=ADVANCED_FACE('',(#537),#329,.F.);
#4497=ADVANCED_FACE('',(#538),#330,.F.);
#4498=ADVANCED_FACE('',(#539,#106,#107),#4279,.T.);
#4499=ADVANCED_FACE('',(#540),#4280,.F.);
#4500=ADVANCED_FACE('',(#541,#108,#109,#110),#4281,.T.);
#4501=ADVANCED_FACE('',(#542),#4282,.T.);
#4502=ADVANCED_FACE('',(#543),#4283,.T.);
#4503=ADVANCED_FACE('',(#544),#4284,.T.);
#4504=ADVANCED_FACE('',(#545),#4285,.T.);
#4505=ADVANCED_FACE('',(#546,#111,#112,#113),#4286,.T.);
#4506=ADVANCED_FACE('',(#547),#331,.F.);
#4507=ADVANCED_FACE('',(#548),#332,.F.);
#4508=ADVANCED_FACE('',(#549),#4287,.T.);
#4509=ADVANCED_FACE('',(#550),#4288,.T.);
#4510=ADVANCED_FACE('',(#551,#114,#115),#4289,.T.);
#4511=ADVANCED_FACE('',(#552),#4290,.T.);
#4512=ADVANCED_FACE('',(#553,#116,#117),#4291,.T.);
#4513=CLOSED_SHELL('',(#4292,#4293,#4294,#4295,#4296,#4297,#4298,#4299,
#4300,#4301,#4302,#4303,#4304,#4305,#4306,#4307,#4308,#4309,#4310,#4311,
#4312,#4313,#4314,#4315,#4316,#4317,#4318,#4319,#4320,#4321,#4322,#4323,
#4324,#4325,#4326,#4327,#4328,#4329,#4330,#4331,#4332,#4333,#4334,#4335,
#4336,#4337,#4338,#4339,#4340,#4341,#4342,#4343,#4344,#4345,#4346,#4347,
#4348,#4349,#4350,#4351,#4352,#4353,#4354,#4355,#4356,#4357,#4358,#4359,
#4360,#4361,#4362,#4363,#4364,#4365,#4366,#4367,#4368,#4369,#4370,#4371,
#4372,#4373,#4374,#4375,#4376,#4377,#4378,#4379,#4380,#4381,#4382,#4383,
#4384,#4385,#4386,#4387,#4388,#4389,#4390,#4391,#4392,#4393,#4394,#4395,
#4396,#4397,#4398,#4399,#4400,#4401,#4402,#4403,#4404,#4405,#4406,#4407,
#4408,#4409,#4410,#4411,#4412,#4413,#4414,#4415,#4416,#4417,#4418,#4419,
#4420,#4421,#4422,#4423,#4424,#4425,#4426,#4427,#4428,#4429,#4430,#4431,
#4432,#4433,#4434,#4435,#4436,#4437,#4438,#4439,#4440,#4441,#4442,#4443,
#4444,#4445,#4446,#4447,#4448,#4449,#4450,#4451,#4452,#4453,#4454,#4455,
#4456,#4457,#4458,#4459,#4460,#4461,#4462,#4463,#4464,#4465,#4466,#4467,
#4468,#4469,#4470,#4471,#4472,#4473,#4474,#4475,#4476,#4477,#4478,#4479,
#4480,#4481,#4482,#4483,#4484,#4485,#4486,#4487,#4488,#4489,#4490,#4491,
#4492,#4493,#4494,#4495,#4496,#4497,#4498,#4499,#4500,#4501,#4502,#4503,
#4504,#4505,#4506,#4507,#4508,#4509,#4510,#4511,#4512));
#4514=DERIVED_UNIT_ELEMENT(#4517,1.);
#4515=DERIVED_UNIT_ELEMENT(#7719,-3.);
#4516=DIMENSIONAL_EXPONENTS(0.,1.,0.,0.,0.,0.,0.);
#4517=(
CONVERSION_BASED_UNIT('gram',#4519)
MASS_UNIT()
NAMED_UNIT(#4516)
);
#4518=(
MASS_UNIT()
NAMED_UNIT(*)
SI_UNIT(.KILO.,.GRAM.)
);
#4519=MASS_MEASURE_WITH_UNIT(MASS_MEASURE(0.001),#4518);
#4520=DERIVED_UNIT((#4514,#4515));
#4521=MEASURE_REPRESENTATION_ITEM('density measure',
POSITIVE_RATIO_MEASURE(1.),#4520);
#4522=PROPERTY_DEFINITION_REPRESENTATION(#4527,#4524);
#4523=PROPERTY_DEFINITION_REPRESENTATION(#4528,#4525);
#4524=REPRESENTATION('material name',(#4526),#7716);
#4525=REPRESENTATION('density',(#4521),#7716);
#4526=DESCRIPTIVE_REPRESENTATION_ITEM('\X2\04220438043F043E0432044B0435\X0\',
'\X2\04220438043F043E0432044B0435\X0\');
#4527=PROPERTY_DEFINITION('material property','material name',#7726);
#4528=PROPERTY_DEFINITION('material property','density of part',#7726);
#4529=DATE_TIME_ROLE('creation_date');
#4530=APPLIED_DATE_AND_TIME_ASSIGNMENT(#4531,#4529,(#7726));
#4531=DATE_AND_TIME(#4532,#4533);
#4532=CALENDAR_DATE(2025,5,10);
#4533=LOCAL_TIME(0,0,0.,#4534);
#4534=COORDINATED_UNIVERSAL_TIME_OFFSET(0,0,.BEHIND.);
#4535=AXIS2_PLACEMENT_3D('',#6112,#4900,#4901);
#4536=AXIS2_PLACEMENT_3D('',#6113,#4902,#4903);
#4537=AXIS2_PLACEMENT_3D('',#6122,#4908,#4909);
#4538=AXIS2_PLACEMENT_3D('',#6131,#4914,#4915);
#4539=AXIS2_PLACEMENT_3D('',#6137,#4919,#4920);
#4540=AXIS2_PLACEMENT_3D('',#6143,#4924,#4925);
#4541=AXIS2_PLACEMENT_3D('',#6149,#4929,#4930);
#4542=AXIS2_PLACEMENT_3D('',#6152,#4933,#4934);
#4543=AXIS2_PLACEMENT_3D('',#6158,#4938,#4939);
#4544=AXIS2_PLACEMENT_3D('',#6161,#4942,#4943);
#4545=AXIS2_PLACEMENT_3D('',#6170,#4948,#4949);
#4546=AXIS2_PLACEMENT_3D('',#6179,#4954,#4955);
#4547=AXIS2_PLACEMENT_3D('',#6185,#4959,#4960);
#4548=AXIS2_PLACEMENT_3D('',#6191,#4964,#4965);
#4549=AXIS2_PLACEMENT_3D('',#6197,#4969,#4970);
#4550=AXIS2_PLACEMENT_3D('',#6200,#4973,#4974);
#4551=AXIS2_PLACEMENT_3D('',#6206,#4978,#4979);
#4552=AXIS2_PLACEMENT_3D('',#6209,#4982,#4983);
#4553=AXIS2_PLACEMENT_3D('',#6222,#4990,#4991);
#4554=AXIS2_PLACEMENT_3D('',#6235,#4998,#4999);
#4555=AXIS2_PLACEMENT_3D('',#6238,#5002,#5003);
#4556=AXIS2_PLACEMENT_3D('',#6241,#5006,#5007);
#4557=AXIS2_PLACEMENT_3D('',#6247,#5011,#5012);
#4558=AXIS2_PLACEMENT_3D('',#6253,#5016,#5017);
#4559=AXIS2_PLACEMENT_3D('',#6259,#5021,#5022);
#4560=AXIS2_PLACEMENT_3D('',#6265,#5026,#5027);
#4561=AXIS2_PLACEMENT_3D('',#6274,#5032,#5033);
#4562=AXIS2_PLACEMENT_3D('',#6283,#5038,#5039);
#4563=AXIS2_PLACEMENT_3D('',#6286,#5040,#5041);
#4564=AXIS2_PLACEMENT_3D('',#6290,#5043,#5044);
#4565=AXIS2_PLACEMENT_3D('',#6317,#5047,#5048);
#4566=AXIS2_PLACEMENT_3D('',#6336,#5055,#5056);
#4567=AXIS2_PLACEMENT_3D('',#6347,#5062,#5063);
#4568=AXIS2_PLACEMENT_3D('',#6349,#5064,#5065);
#4569=AXIS2_PLACEMENT_3D('',#6350,#5066,#5067);
#4570=AXIS2_PLACEMENT_3D('',#6357,#5071,#5072);
#4571=AXIS2_PLACEMENT_3D('',#6358,#5073,#5074);
#4572=AXIS2_PLACEMENT_3D('',#6361,#5075,#5076);
#4573=AXIS2_PLACEMENT_3D('',#6365,#5078,#5079);
#4574=AXIS2_PLACEMENT_3D('',#6390,#5082,#5083);
#4575=AXIS2_PLACEMENT_3D('',#6400,#5089,#5090);
#4576=AXIS2_PLACEMENT_3D('',#6404,#5093,#5094);
#4577=AXIS2_PLACEMENT_3D('',#6406,#5095,#5096);
#4578=AXIS2_PLACEMENT_3D('',#6408,#5097,#5098);
#4579=AXIS2_PLACEMENT_3D('',#6409,#5099,#5100);
#4580=AXIS2_PLACEMENT_3D('',#6410,#5101,#5102);
#4581=AXIS2_PLACEMENT_3D('',#6428,#5113,#5114);
#4582=AXIS2_PLACEMENT_3D('',#6434,#5118,#5119);
#4583=AXIS2_PLACEMENT_3D('',#6440,#5123,#5124);
#4584=AXIS2_PLACEMENT_3D('',#6446,#5128,#5129);
#4585=AXIS2_PLACEMENT_3D('',#6452,#5133,#5134);
#4586=AXIS2_PLACEMENT_3D('',#6474,#5147,#5148);
#4587=AXIS2_PLACEMENT_3D('',#6509,#5167,#5168);
#4588=AXIS2_PLACEMENT_3D('',#6512,#5171,#5172);
#4589=AXIS2_PLACEMENT_3D('',#6515,#5173,#5174);
#4590=AXIS2_PLACEMENT_3D('',#6519,#5177,#5178);
#4591=AXIS2_PLACEMENT_3D('',#6521,#5179,#5180);
#4592=AXIS2_PLACEMENT_3D('',#6523,#5182,#5183);
#4593=AXIS2_PLACEMENT_3D('',#6525,#5185,#5186);
#4594=AXIS2_PLACEMENT_3D('',#6528,#5187,#5188);
#4595=AXIS2_PLACEMENT_3D('',#6532,#5190,#5191);
#4596=AXIS2_PLACEMENT_3D('',#6537,#5194,#5195);
#4597=AXIS2_PLACEMENT_3D('',#6539,#5197,#5198);
#4598=AXIS2_PLACEMENT_3D('',#6541,#5199,#5200);
#4599=AXIS2_PLACEMENT_3D('',#6543,#5201,#5202);
#4600=AXIS2_PLACEMENT_3D('',#6545,#5203,#5204);
#4601=AXIS2_PLACEMENT_3D('',#6550,#5205,#5206);
#4602=AXIS2_PLACEMENT_3D('',#6559,#5211,#5212);
#4603=AXIS2_PLACEMENT_3D('',#6565,#5216,#5217);
#4604=AXIS2_PLACEMENT_3D('',#6567,#5218,#5219);
#4605=AXIS2_PLACEMENT_3D('',#6570,#5221,#5222);
#4606=AXIS2_PLACEMENT_3D('',#6571,#5223,#5224);
#4607=AXIS2_PLACEMENT_3D('',#6577,#5228,#5229);
#4608=AXIS2_PLACEMENT_3D('',#6579,#5230,#5231);
#4609=AXIS2_PLACEMENT_3D('',#6582,#5233,#5234);
#4610=AXIS2_PLACEMENT_3D('',#6583,#5235,#5236);
#4611=AXIS2_PLACEMENT_3D('',#6586,#5237,#5238);
#4612=AXIS2_PLACEMENT_3D('',#6597,#5244,#5245);
#4613=AXIS2_PLACEMENT_3D('',#6598,#5246,#5247);
#4614=AXIS2_PLACEMENT_3D('',#6600,#5248,#5249);
#4615=AXIS2_PLACEMENT_3D('',#6603,#5251,#5252);
#4616=AXIS2_PLACEMENT_3D('',#6604,#5253,#5254);
#4617=AXIS2_PLACEMENT_3D('',#6606,#5255,#5256);
#4618=AXIS2_PLACEMENT_3D('',#6609,#5258,#5259);
#4619=AXIS2_PLACEMENT_3D('',#6610,#5260,#5261);
#4620=AXIS2_PLACEMENT_3D('',#6616,#5265,#5266);
#4621=AXIS2_PLACEMENT_3D('',#6618,#5267,#5268);
#4622=AXIS2_PLACEMENT_3D('',#6621,#5270,#5271);
#4623=AXIS2_PLACEMENT_3D('',#6622,#5272,#5273);
#4624=AXIS2_PLACEMENT_3D('',#6624,#5274,#5275);
#4625=AXIS2_PLACEMENT_3D('',#6627,#5277,#5278);
#4626=AXIS2_PLACEMENT_3D('',#6628,#5279,#5280);
#4627=AXIS2_PLACEMENT_3D('',#6665,#5282,#5283);
#4628=AXIS2_PLACEMENT_3D('',#6669,#5285,#5286);
#4629=AXIS2_PLACEMENT_3D('',#6671,#5288,#5289);
#4630=AXIS2_PLACEMENT_3D('',#6673,#5290,#5291);
#4631=AXIS2_PLACEMENT_3D('',#6676,#5293,#5294);
#4632=AXIS2_PLACEMENT_3D('',#6677,#5295,#5296);
#4633=AXIS2_PLACEMENT_3D('',#6683,#5300,#5301);
#4634=AXIS2_PLACEMENT_3D('',#6685,#5302,#5303);
#4635=AXIS2_PLACEMENT_3D('',#6688,#5305,#5306);
#4636=AXIS2_PLACEMENT_3D('',#6689,#5307,#5308);
#4637=AXIS2_PLACEMENT_3D('',#6695,#5312,#5313);
#4638=AXIS2_PLACEMENT_3D('',#6701,#5317,#5318);
#4639=AXIS2_PLACEMENT_3D('',#6710,#5323,#5324);
#4640=AXIS2_PLACEMENT_3D('',#6712,#5325,#5326);
#4641=AXIS2_PLACEMENT_3D('',#6714,#5327,#5328);
#4642=AXIS2_PLACEMENT_3D('',#6716,#5330,#5331);
#4643=AXIS2_PLACEMENT_3D('',#6722,#5335,#5336);
#4644=AXIS2_PLACEMENT_3D('',#6724,#5337,#5338);
#4645=AXIS2_PLACEMENT_3D('',#6730,#5342,#5343);
#4646=AXIS2_PLACEMENT_3D('',#6736,#5347,#5348);
#4647=AXIS2_PLACEMENT_3D('',#6742,#5352,#5353);
#4648=AXIS2_PLACEMENT_3D('',#6751,#5358,#5359);
#4649=AXIS2_PLACEMENT_3D('',#6757,#5363,#5364);
#4650=AXIS2_PLACEMENT_3D('',#6760,#5365,#5366);
#4651=AXIS2_PLACEMENT_3D('',#6765,#5370,#5371);
#4652=AXIS2_PLACEMENT_3D('',#6777,#5378,#5379);
#4653=AXIS2_PLACEMENT_3D('',#6779,#5380,#5381);
#4654=AXIS2_PLACEMENT_3D('',#6781,#5382,#5383);
#4655=AXIS2_PLACEMENT_3D('',#6783,#5384,#5385);
#4656=AXIS2_PLACEMENT_3D('',#6784,#5386,#5387);
#4657=AXIS2_PLACEMENT_3D('',#6793,#5392,#5393);
#4658=AXIS2_PLACEMENT_3D('',#6796,#5396,#5397);
#4659=AXIS2_PLACEMENT_3D('',#6798,#5399,#5400);
#4660=AXIS2_PLACEMENT_3D('',#6800,#5402,#5403);
#4661=AXIS2_PLACEMENT_3D('',#6802,#5404,#5405);
#4662=AXIS2_PLACEMENT_3D('',#6803,#5406,#5407);
#4663=AXIS2_PLACEMENT_3D('',#6807,#5410,#5411);
#4664=AXIS2_PLACEMENT_3D('',#6808,#5412,#5413);
#4665=AXIS2_PLACEMENT_3D('',#6842,#5414,#5415);
#4666=AXIS2_PLACEMENT_3D('',#6843,#5416,#5417);
#4667=AXIS2_PLACEMENT_3D('',#6844,#5418,#5419);
#4668=AXIS2_PLACEMENT_3D('',#6846,#5421,#5422);
#4669=AXIS2_PLACEMENT_3D('',#6848,#5424,#5425);
#4670=AXIS2_PLACEMENT_3D('',#6850,#5427,#5428);
#4671=AXIS2_PLACEMENT_3D('',#6852,#5430,#5431);
#4672=AXIS2_PLACEMENT_3D('',#6860,#5435,#5436);
#4673=AXIS2_PLACEMENT_3D('',#6865,#5439,#5440);
#4674=AXIS2_PLACEMENT_3D('',#6875,#5447,#5448);
#4675=AXIS2_PLACEMENT_3D('',#6877,#5449,#5450);
#4676=AXIS2_PLACEMENT_3D('',#6880,#5452,#5453);
#4677=AXIS2_PLACEMENT_3D('',#6881,#5454,#5455);
#4678=AXIS2_PLACEMENT_3D('',#6883,#5456,#5457);
#4679=AXIS2_PLACEMENT_3D('',#6886,#5459,#5460);
#4680=AXIS2_PLACEMENT_3D('',#6887,#5461,#5462);
#4681=AXIS2_PLACEMENT_3D('',#6889,#5463,#5464);
#4682=AXIS2_PLACEMENT_3D('',#6892,#5466,#5467);
#4683=AXIS2_PLACEMENT_3D('',#6893,#5468,#5469);
#4684=AXIS2_PLACEMENT_3D('',#6895,#5470,#5471);
#4685=AXIS2_PLACEMENT_3D('',#6898,#5473,#5474);
#4686=AXIS2_PLACEMENT_3D('',#6899,#5475,#5476);
#4687=AXIS2_PLACEMENT_3D('',#6905,#5480,#5481);
#4688=AXIS2_PLACEMENT_3D('',#6907,#5482,#5483);
#4689=AXIS2_PLACEMENT_3D('',#6909,#5484,#5485);
#4690=AXIS2_PLACEMENT_3D('',#6911,#5487,#5488);
#4691=AXIS2_PLACEMENT_3D('',#6917,#5492,#5493);
#4692=AXIS2_PLACEMENT_3D('',#6919,#5494,#5495);
#4693=AXIS2_PLACEMENT_3D('',#6921,#5496,#5497);
#4694=AXIS2_PLACEMENT_3D('',#6923,#5499,#5500);
#4695=AXIS2_PLACEMENT_3D('',#6926,#5501,#5502);
#4696=AXIS2_PLACEMENT_3D('',#6930,#5504,#5505);
#4697=AXIS2_PLACEMENT_3D('',#6932,#5507,#5508);
#4698=AXIS2_PLACEMENT_3D('',#6937,#5512,#5513);
#4699=AXIS2_PLACEMENT_3D('',#6939,#5515,#5516);
#4700=AXIS2_PLACEMENT_3D('',#6940,#5517,#5518);
#4701=AXIS2_PLACEMENT_3D('',#6942,#5519,#5520);
#4702=AXIS2_PLACEMENT_3D('',#6944,#5522,#5523);
#4703=AXIS2_PLACEMENT_3D('',#6950,#5527,#5528);
#4704=AXIS2_PLACEMENT_3D('',#6952,#5529,#5530);
#4705=AXIS2_PLACEMENT_3D('',#6954,#5531,#5532);
#4706=AXIS2_PLACEMENT_3D('',#6956,#5534,#5535);
#4707=AXIS2_PLACEMENT_3D('',#6959,#5536,#5537);
#4708=AXIS2_PLACEMENT_3D('',#6975,#5546,#5547);
#4709=AXIS2_PLACEMENT_3D('',#6977,#5548,#5549);
#4710=AXIS2_PLACEMENT_3D('',#6978,#5550,#5551);
#4711=AXIS2_PLACEMENT_3D('',#6979,#5552,#5553);
#4712=AXIS2_PLACEMENT_3D('',#6980,#5554,#5555);
#4713=AXIS2_PLACEMENT_3D('',#6981,#5556,#5557);
#4714=AXIS2_PLACEMENT_3D('',#6982,#5558,#5559);
#4715=AXIS2_PLACEMENT_3D('',#6983,#5560,#5561);
#4716=AXIS2_PLACEMENT_3D('',#6984,#5562,#5563);
#4717=AXIS2_PLACEMENT_3D('',#6985,#5564,#5565);
#4718=AXIS2_PLACEMENT_3D('',#6986,#5566,#5567);
#4719=AXIS2_PLACEMENT_3D('',#6987,#5568,#5569);
#4720=AXIS2_PLACEMENT_3D('',#6988,#5570,#5571);
#4721=AXIS2_PLACEMENT_3D('',#6989,#5572,#5573);
#4722=AXIS2_PLACEMENT_3D('',#6990,#5574,#5575);
#4723=AXIS2_PLACEMENT_3D('',#6991,#5576,#5577);
#4724=AXIS2_PLACEMENT_3D('',#6992,#5578,#5579);
#4725=AXIS2_PLACEMENT_3D('',#6993,#5580,#5581);
#4726=AXIS2_PLACEMENT_3D('',#6994,#5582,#5583);
#4727=AXIS2_PLACEMENT_3D('',#6995,#5584,#5585);
#4728=AXIS2_PLACEMENT_3D('',#6996,#5586,#5587);
#4729=AXIS2_PLACEMENT_3D('',#6998,#5589,#5590);
#4730=AXIS2_PLACEMENT_3D('',#6999,#5591,#5592);
#4731=AXIS2_PLACEMENT_3D('',#7000,#5593,#5594);
#4732=AXIS2_PLACEMENT_3D('',#7001,#5595,#5596);
#4733=AXIS2_PLACEMENT_3D('',#7002,#5597,#5598);
#4734=AXIS2_PLACEMENT_3D('',#7003,#5599,#5600);
#4735=AXIS2_PLACEMENT_3D('',#7124,#5601,#5602);
#4736=AXIS2_PLACEMENT_3D('',#7126,#5603,#5604);
#4737=AXIS2_PLACEMENT_3D('',#7128,#5606,#5607);
#4738=AXIS2_PLACEMENT_3D('',#7130,#5608,#5609);
#4739=AXIS2_PLACEMENT_3D('',#7133,#5611,#5612);
#4740=AXIS2_PLACEMENT_3D('',#7134,#5613,#5614);
#4741=AXIS2_PLACEMENT_3D('',#7136,#5615,#5616);
#4742=AXIS2_PLACEMENT_3D('',#7138,#5618,#5619);
#4743=AXIS2_PLACEMENT_3D('',#7140,#5620,#5621);
#4744=AXIS2_PLACEMENT_3D('',#7143,#5623,#5624);
#4745=AXIS2_PLACEMENT_3D('',#7144,#5625,#5626);
#4746=AXIS2_PLACEMENT_3D('',#7150,#5630,#5631);
#4747=AXIS2_PLACEMENT_3D('',#7154,#5634,#5635);
#4748=AXIS2_PLACEMENT_3D('',#7163,#5640,#5641);
#4749=AXIS2_PLACEMENT_3D('',#7167,#5644,#5645);
#4750=AXIS2_PLACEMENT_3D('',#7173,#5649,#5650);
#4751=AXIS2_PLACEMENT_3D('',#7179,#5654,#5655);
#4752=AXIS2_PLACEMENT_3D('',#7181,#5657,#5658);
#4753=AXIS2_PLACEMENT_3D('',#7184,#5661,#5662);
#4754=AXIS2_PLACEMENT_3D('',#7187,#5663,#5664);
#4755=AXIS2_PLACEMENT_3D('',#7190,#5667,#5668);
#4756=AXIS2_PLACEMENT_3D('',#7197,#5673,#5674);
#4757=AXIS2_PLACEMENT_3D('',#7199,#5675,#5676);
#4758=AXIS2_PLACEMENT_3D('',#7203,#5679,#5680);
#4759=AXIS2_PLACEMENT_3D('',#7205,#5681,#5682);
#4760=AXIS2_PLACEMENT_3D('',#7207,#5684,#5685);
#4761=AXIS2_PLACEMENT_3D('',#7209,#5687,#5688);
#4762=AXIS2_PLACEMENT_3D('',#7211,#5690,#5691);
#4763=AXIS2_PLACEMENT_3D('',#7213,#5693,#5694);
#4764=AXIS2_PLACEMENT_3D('',#7214,#5695,#5696);
#4765=AXIS2_PLACEMENT_3D('',#7215,#5697,#5698);
#4766=AXIS2_PLACEMENT_3D('',#7223,#5703,#5704);
#4767=AXIS2_PLACEMENT_3D('',#7234,#5711,#5712);
#4768=AXIS2_PLACEMENT_3D('',#7254,#5723,#5724);
#4769=AXIS2_PLACEMENT_3D('',#7262,#5729,#5730);
#4770=AXIS2_PLACEMENT_3D('',#7267,#5732,#5733);
#4771=AXIS2_PLACEMENT_3D('',#7270,#5735,#5736);
#4772=AXIS2_PLACEMENT_3D('',#7271,#5737,#5738);
#4773=AXIS2_PLACEMENT_3D('',#7275,#5740,#5741);
#4774=AXIS2_PLACEMENT_3D('',#7277,#5742,#5743);
#4775=AXIS2_PLACEMENT_3D('',#7279,#5745,#5746);
#4776=AXIS2_PLACEMENT_3D('',#7296,#5748,#5749);
#4777=AXIS2_PLACEMENT_3D('',#7298,#5751,#5752);
#4778=AXIS2_PLACEMENT_3D('',#7310,#5753,#5754);
#4779=AXIS2_PLACEMENT_3D('',#7311,#5755,#5756);
#4780=AXIS2_PLACEMENT_3D('',#7315,#5758,#5759);
#4781=AXIS2_PLACEMENT_3D('',#7318,#5761,#5762);
#4782=AXIS2_PLACEMENT_3D('',#7319,#5763,#5764);
#4783=AXIS2_PLACEMENT_3D('',#7323,#5767,#5768);
#4784=AXIS2_PLACEMENT_3D('',#7326,#5770,#5771);
#4785=AXIS2_PLACEMENT_3D('',#7328,#5772,#5773);
#4786=AXIS2_PLACEMENT_3D('',#7329,#5774,#5775);
#4787=AXIS2_PLACEMENT_3D('',#7333,#5777,#5778);
#4788=AXIS2_PLACEMENT_3D('',#7336,#5780,#5781);
#4789=AXIS2_PLACEMENT_3D('',#7338,#5782,#5783);
#4790=AXIS2_PLACEMENT_3D('',#7340,#5785,#5786);
#4791=AXIS2_PLACEMENT_3D('',#7342,#5788,#5789);
#4792=AXIS2_PLACEMENT_3D('',#7345,#5792,#5793);
#4793=AXIS2_PLACEMENT_3D('',#7346,#5794,#5795);
#4794=AXIS2_PLACEMENT_3D('',#7351,#5797,#5798);
#4795=AXIS2_PLACEMENT_3D('',#7354,#5800,#5801);
#4796=AXIS2_PLACEMENT_3D('',#7355,#5802,#5803);
#4797=AXIS2_PLACEMENT_3D('',#7358,#5805,#5806);
#4798=AXIS2_PLACEMENT_3D('',#7360,#5807,#5808);
#4799=AXIS2_PLACEMENT_3D('',#7362,#5810,#5811);
#4800=AXIS2_PLACEMENT_3D('',#7366,#5813,#5814);
#4801=AXIS2_PLACEMENT_3D('',#7368,#5815,#5816);
#4802=AXIS2_PLACEMENT_3D('',#7370,#5818,#5819);
#4803=AXIS2_PLACEMENT_3D('',#7381,#5820,#5821);
#4804=AXIS2_PLACEMENT_3D('',#7395,#5822,#5823);
#4805=AXIS2_PLACEMENT_3D('',#7399,#5825,#5826);
#4806=AXIS2_PLACEMENT_3D('',#7402,#5828,#5829);
#4807=AXIS2_PLACEMENT_3D('',#7403,#5830,#5831);
#4808=AXIS2_PLACEMENT_3D('',#7411,#5836,#5837);
#4809=AXIS2_PLACEMENT_3D('',#7413,#5838,#5839);
#4810=AXIS2_PLACEMENT_3D('',#7414,#5840,#5841);
#4811=AXIS2_PLACEMENT_3D('',#7416,#5843,#5844);
#4812=AXIS2_PLACEMENT_3D('',#7420,#5847,#5848);
#4813=AXIS2_PLACEMENT_3D('',#7423,#5850,#5851);
#4814=AXIS2_PLACEMENT_3D('',#7424,#5852,#5853);
#4815=AXIS2_PLACEMENT_3D('',#7426,#5854,#5855);
#4816=AXIS2_PLACEMENT_3D('',#7428,#5857,#5858);
#4817=AXIS2_PLACEMENT_3D('',#7430,#5860,#5861);
#4818=AXIS2_PLACEMENT_3D('',#7431,#5862,#5863);
#4819=AXIS2_PLACEMENT_3D('',#7433,#5864,#5865);
#4820=AXIS2_PLACEMENT_3D('',#7436,#5867,#5868);
#4821=AXIS2_PLACEMENT_3D('',#7437,#5869,#5870);
#4822=AXIS2_PLACEMENT_3D('',#7439,#5871,#5872);
#4823=AXIS2_PLACEMENT_3D('',#7442,#5874,#5875);
#4824=AXIS2_PLACEMENT_3D('',#7443,#5876,#5877);
#4825=AXIS2_PLACEMENT_3D('',#7445,#5879,#5880);
#4826=AXIS2_PLACEMENT_3D('',#7447,#5882,#5883);
#4827=AXIS2_PLACEMENT_3D('',#7448,#5884,#5885);
#4828=AXIS2_PLACEMENT_3D('',#7457,#5890,#5891);
#4829=AXIS2_PLACEMENT_3D('',#7463,#5895,#5896);
#4830=AXIS2_PLACEMENT_3D('',#7469,#5900,#5901);
#4831=AXIS2_PLACEMENT_3D('',#7473,#5904,#5905);
#4832=AXIS2_PLACEMENT_3D('',#7479,#5909,#5910);
#4833=AXIS2_PLACEMENT_3D('',#7482,#5913,#5914);
#4834=AXIS2_PLACEMENT_3D('',#7486,#5917,#5918);
#4835=AXIS2_PLACEMENT_3D('',#7488,#5920,#5921);
#4836=AXIS2_PLACEMENT_3D('',#7494,#5925,#5926);
#4837=AXIS2_PLACEMENT_3D('',#7496,#5928,#5929);
#4838=AXIS2_PLACEMENT_3D('',#7498,#5931,#5932);
#4839=AXIS2_PLACEMENT_3D('',#7525,#5947,#5948);
#4840=AXIS2_PLACEMENT_3D('',#7528,#5951,#5952);
#4841=AXIS2_PLACEMENT_3D('',#7530,#5954,#5955);
#4842=AXIS2_PLACEMENT_3D('',#7532,#5957,#5958);
#4843=AXIS2_PLACEMENT_3D('',#7533,#5959,#5960);
#4844=AXIS2_PLACEMENT_3D('',#7536,#5963,#5964);
#4845=AXIS2_PLACEMENT_3D('',#7538,#5966,#5967);
#4846=AXIS2_PLACEMENT_3D('',#7540,#5969,#5970);
#4847=AXIS2_PLACEMENT_3D('',#7541,#5971,#5972);
#4848=AXIS2_PLACEMENT_3D('',#7544,#5975,#5976);
#4849=AXIS2_PLACEMENT_3D('',#7546,#5978,#5979);
#4850=AXIS2_PLACEMENT_3D('',#7548,#5981,#5982);
#4851=AXIS2_PLACEMENT_3D('',#7549,#5983,#5984);
#4852=AXIS2_PLACEMENT_3D('',#7552,#5986,#5987);
#4853=AXIS2_PLACEMENT_3D('',#7553,#5988,#5989);
#4854=AXIS2_PLACEMENT_3D('',#7556,#5991,#5992);
#4855=AXIS2_PLACEMENT_3D('',#7587,#5993,#5994);
#4856=AXIS2_PLACEMENT_3D('',#7588,#5995,#5996);
#4857=AXIS2_PLACEMENT_3D('',#7620,#5997,#5998);
#4858=AXIS2_PLACEMENT_3D('',#7621,#5999,#6000);
#4859=AXIS2_PLACEMENT_3D('',#7622,#6001,#6002);
#4860=AXIS2_PLACEMENT_3D('',#7624,#6004,#6005);
#4861=AXIS2_PLACEMENT_3D('',#7625,#6006,#6007);
#4862=AXIS2_PLACEMENT_3D('',#7626,#6008,#6009);
#4863=AXIS2_PLACEMENT_3D('',#7627,#6010,#6011);
#4864=AXIS2_PLACEMENT_3D('',#7630,#6013,#6014);
#4865=AXIS2_PLACEMENT_3D('',#7631,#6015,#6016);
#4866=AXIS2_PLACEMENT_3D('',#7633,#6017,#6018);
#4867=AXIS2_PLACEMENT_3D('',#7636,#6020,#6021);
#4868=AXIS2_PLACEMENT_3D('',#7638,#6022,#6023);
#4869=AXIS2_PLACEMENT_3D('',#7639,#6024,#6025);
#4870=AXIS2_PLACEMENT_3D('',#7642,#6027,#6028);
#4871=AXIS2_PLACEMENT_3D('',#7643,#6029,#6030);
#4872=AXIS2_PLACEMENT_3D('',#7645,#6031,#6032);
#4873=AXIS2_PLACEMENT_3D('',#7647,#6034,#6035);
#4874=AXIS2_PLACEMENT_3D('',#7650,#6037,#6038);
#4875=AXIS2_PLACEMENT_3D('',#7651,#6039,#6040);
#4876=AXIS2_PLACEMENT_3D('',#7653,#6041,#6042);
#4877=AXIS2_PLACEMENT_3D('',#7655,#6044,#6045);
#4878=AXIS2_PLACEMENT_3D('',#7657,#6046,#6047);
#4879=AXIS2_PLACEMENT_3D('',#7659,#6049,#6050);
#4880=AXIS2_PLACEMENT_3D('',#7661,#6051,#6052);
#4881=AXIS2_PLACEMENT_3D('',#7663,#6054,#6055);
#4882=AXIS2_PLACEMENT_3D('',#7669,#6059,#6060);
#4883=AXIS2_PLACEMENT_3D('',#7672,#6063,#6064);
#4884=AXIS2_PLACEMENT_3D('',#7674,#6066,#6067);
#4885=AXIS2_PLACEMENT_3D('',#7676,#6069,#6070);
#4886=AXIS2_PLACEMENT_3D('',#7677,#6071,#6072);
#4887=AXIS2_PLACEMENT_3D('',#7679,#6074,#6075);
#4888=AXIS2_PLACEMENT_3D('',#7681,#6077,#6078);
#4889=AXIS2_PLACEMENT_3D('',#7682,#6079,#6080);
#4890=AXIS2_PLACEMENT_3D('',#7684,#6081,#6082);
#4891=AXIS2_PLACEMENT_3D('',#7687,#6084,#6085);
#4892=AXIS2_PLACEMENT_3D('',#7688,#6086,#6087);
#4893=AXIS2_PLACEMENT_3D('',#7690,#6088,#6089);
#4894=AXIS2_PLACEMENT_3D('',#7693,#6091,#6092);
#4895=AXIS2_PLACEMENT_3D('',#7694,#6093,#6094);
#4896=AXIS2_PLACEMENT_3D('',#7703,#6099,#6100);
#4897=AXIS2_PLACEMENT_3D('',#7707,#6104,#6105);
#4898=AXIS2_PLACEMENT_3D('',#7709,#6107,#6108);
#4899=AXIS2_PLACEMENT_3D('',#7711,#6110,#6111);
#4900=DIRECTION('axis',(0.,0.,1.));
#4901=DIRECTION('refdir',(1.,0.,0.));
#4902=DIRECTION('center_axis',(0.,0.,-1.));
#4903=DIRECTION('ref_axis',(0.,1.,0.));
#4904=DIRECTION('',(0.,1.,0.));
#4905=DIRECTION('',(1.,0.,0.));
#4906=DIRECTION('',(0.,-1.,0.));
#4907=DIRECTION('',(1.,0.,0.));
#4908=DIRECTION('center_axis',(0.,0.,-1.));
#4909=DIRECTION('ref_axis',(0.,1.,0.));
#4910=DIRECTION('',(0.,1.,0.));
#4911=DIRECTION('',(1.,0.,0.));
#4912=DIRECTION('',(0.,-1.,0.));
#4913=DIRECTION('',(1.,0.,0.));
#4914=DIRECTION('center_axis',(0.,1.,0.));
#4915=DIRECTION('ref_axis',(0.,0.,1.));
#4916=DIRECTION('',(0.,0.,1.));
#4917=DIRECTION('',(0.,0.,-1.));
#4918=DIRECTION('',(1.,0.,0.));
#4919=DIRECTION('center_axis',(0.,1.,0.));
#4920=DIRECTION('ref_axis',(0.,0.,1.));
#4921=DIRECTION('',(0.,0.,1.));
#4922=DIRECTION('',(0.,0.,-1.));
#4923=DIRECTION('',(1.,0.,0.));
#4924=DIRECTION('center_axis',(0.,-1.,0.));
#4925=DIRECTION('ref_axis',(0.,0.,-1.));
#4926=DIRECTION('',(0.,0.,-1.));
#4927=DIRECTION('',(-1.,0.,0.));
#4928=DIRECTION('',(0.,0.,1.));
#4929=DIRECTION('center_axis',(0.,-3.41607084500048E-16,1.));
#4930=DIRECTION('ref_axis',(0.,-1.,-3.41607084500048E-16));
#4931=DIRECTION('',(0.,-1.,-3.41607084500048E-16));
#4932=DIRECTION('',(0.,1.,3.41607084500048E-16));
#4933=DIRECTION('center_axis',(0.,-3.41607084500048E-16,1.));
#4934=DIRECTION('ref_axis',(0.,-1.,-3.41607084500048E-16));
#4935=DIRECTION('',(0.,-1.,-3.41607084500048E-16));
#4936=DIRECTION('',(0.,1.,3.41607084500048E-16));
#4937=DIRECTION('',(-1.,0.,0.));
#4938=DIRECTION('center_axis',(0.,-1.,0.));
#4939=DIRECTION('ref_axis',(0.,0.,-1.));
#4940=DIRECTION('',(0.,0.,-1.));
#4941=DIRECTION('',(0.,0.,1.));
#4942=DIRECTION('center_axis',(0.,0.,-1.));
#4943=DIRECTION('ref_axis',(0.,1.,0.));
#4944=DIRECTION('',(0.,1.,0.));
#4945=DIRECTION('',(1.,0.,0.));
#4946=DIRECTION('',(0.,-1.,0.));
#4947=DIRECTION('',(1.,0.,0.));
#4948=DIRECTION('center_axis',(0.,0.,-1.));
#4949=DIRECTION('ref_axis',(0.,1.,0.));
#4950=DIRECTION('',(0.,1.,0.));
#4951=DIRECTION('',(1.,0.,0.));
#4952=DIRECTION('',(0.,-1.,0.));
#4953=DIRECTION('',(1.,0.,0.));
#4954=DIRECTION('center_axis',(0.,1.,0.));
#4955=DIRECTION('ref_axis',(0.,0.,1.));
#4956=DIRECTION('',(0.,0.,1.));
#4957=DIRECTION('',(0.,0.,-1.));
#4958=DIRECTION('',(1.,0.,0.));
#4959=DIRECTION('center_axis',(0.,1.,0.));
#4960=DIRECTION('ref_axis',(0.,0.,1.));
#4961=DIRECTION('',(0.,0.,1.));
#4962=DIRECTION('',(0.,0.,-1.));
#4963=DIRECTION('',(1.,0.,0.));
#4964=DIRECTION('center_axis',(0.,-1.,0.));
#4965=DIRECTION('ref_axis',(0.,0.,-1.));
#4966=DIRECTION('',(0.,0.,-1.));
#4967=DIRECTION('',(-1.,0.,0.));
#4968=DIRECTION('',(0.,0.,1.));
#4969=DIRECTION('center_axis',(0.,-3.41607084500048E-16,1.));
#4970=DIRECTION('ref_axis',(0.,-1.,-3.41607084500048E-16));
#4971=DIRECTION('',(0.,-1.,-3.41607084500048E-16));
#4972=DIRECTION('',(0.,1.,3.41607084500048E-16));
#4973=DIRECTION('center_axis',(0.,-3.41607084500048E-16,1.));
#4974=DIRECTION('ref_axis',(0.,-1.,-3.41607084500048E-16));
#4975=DIRECTION('',(0.,-1.,-3.41607084500048E-16));
#4976=DIRECTION('',(0.,1.,3.41607084500048E-16));
#4977=DIRECTION('',(-1.,0.,0.));
#4978=DIRECTION('center_axis',(0.,-1.,0.));
#4979=DIRECTION('ref_axis',(0.,0.,-1.));
#4980=DIRECTION('',(0.,0.,-1.));
#4981=DIRECTION('',(0.,0.,1.));
#4982=DIRECTION('center_axis',(1.27871215573358E-16,0.,-1.));
#4983=DIRECTION('ref_axis',(1.,0.,1.27871215573358E-16));
#4984=DIRECTION('',(-1.,0.,-1.27871215573358E-16));
#4985=DIRECTION('',(1.,0.,1.27871215573358E-16));
#4986=DIRECTION('',(-1.,0.,-1.27871215573358E-16));
#4987=DIRECTION('',(0.,1.,0.));
#4988=DIRECTION('',(1.,0.,1.27871215573358E-16));
#4989=DIRECTION('',(0.,-1.,0.));
#4990=DIRECTION('center_axis',(-2.55742431146716E-16,0.,1.));
#4991=DIRECTION('ref_axis',(-1.,0.,-2.55742431146716E-16));
#4992=DIRECTION('',(1.,0.,2.55742431146716E-16));
#4993=DIRECTION('',(-1.,0.,-2.55742431146716E-16));
#4994=DIRECTION('',(1.,0.,2.55742431146716E-16));
#4995=DIRECTION('',(0.,1.,0.));
#4996=DIRECTION('',(-1.,0.,-2.55742431146716E-16));
#4997=DIRECTION('',(0.,-1.,0.));
#4998=DIRECTION('center_axis',(0.,-1.,0.));
#4999=DIRECTION('ref_axis',(0.,0.,-1.));
#5000=DIRECTION('',(0.,0.,-1.));
#5001=DIRECTION('',(0.,0.,1.));
#5002=DIRECTION('center_axis',(0.,-1.,0.));
#5003=DIRECTION('ref_axis',(0.,0.,-1.));
#5004=DIRECTION('',(0.,0.,-1.));
#5005=DIRECTION('',(0.,0.,-1.));
#5006=DIRECTION('center_axis',(0.,-1.,0.));
#5007=DIRECTION('ref_axis',(-1.,0.,0.));
#5008=DIRECTION('',(0.,0.,1.));
#5009=DIRECTION('',(1.,0.,0.));
#5010=DIRECTION('',(0.,0.,-1.));
#5011=DIRECTION('center_axis',(0.,-1.,0.));
#5012=DIRECTION('ref_axis',(-1.,0.,0.));
#5013=DIRECTION('',(0.,0.,-1.));
#5014=DIRECTION('',(1.,0.,0.));
#5015=DIRECTION('',(0.,0.,1.));
#5016=DIRECTION('center_axis',(0.,-1.,0.));
#5017=DIRECTION('ref_axis',(-1.,0.,0.));
#5018=DIRECTION('',(0.,0.,-1.));
#5019=DIRECTION('',(1.,0.,0.));
#5020=DIRECTION('',(0.,0.,-1.));
#5021=DIRECTION('center_axis',(0.,-1.,0.));
#5022=DIRECTION('ref_axis',(-1.,0.,0.));
#5023=DIRECTION('',(0.,0.,-1.));
#5024=DIRECTION('',(1.,0.,0.));
#5025=DIRECTION('',(0.,0.,-1.));
#5026=DIRECTION('center_axis',(0.,-1.,0.));
#5027=DIRECTION('ref_axis',(-1.,0.,0.));
#5028=DIRECTION('',(0.,0.,-1.));
#5029=DIRECTION('',(-1.,0.,0.));
#5030=DIRECTION('',(0.,0.,-1.));
#5031=DIRECTION('',(-1.,0.,3.20327531860774E-16));
#5032=DIRECTION('center_axis',(0.,-1.,0.));
#5033=DIRECTION('ref_axis',(-1.,0.,0.));
#5034=DIRECTION('',(-1.,0.,3.20327531860774E-16));
#5035=DIRECTION('',(0.,0.,-1.));
#5036=DIRECTION('',(-1.,0.,0.));
#5037=DIRECTION('',(0.,0.,1.));
#5038=DIRECTION('center_axis',(0.,-1.,0.));
#5039=DIRECTION('ref_axis',(-0.707106781186547,0.,0.707106781186547));
#5040=DIRECTION('center_axis',(0.,1.,0.));
#5041=DIRECTION('ref_axis',(-0.707106781186547,0.,0.707106781186547));
#5042=DIRECTION('',(0.,1.,0.));
#5043=DIRECTION('center_axis',(0.,-1.,0.));
#5044=DIRECTION('ref_axis',(-0.707106781186547,0.,0.707106781186547));
#5045=DIRECTION('',(0.,-1.,0.));
#5046=DIRECTION('',(0.,1.,0.));
#5047=DIRECTION('center_axis',(-1.,0.,0.));
#5048=DIRECTION('ref_axis',(0.,-1.,0.));
#5049=DIRECTION('',(0.,1.,0.));
#5050=DIRECTION('',(0.,0.,-1.));
#5051=DIRECTION('',(0.,0.,1.));
#5052=DIRECTION('',(0.,-1.,0.));
#5053=DIRECTION('',(0.,0.,1.));
#5054=DIRECTION('',(0.,-1.,0.));
#5055=DIRECTION('center_axis',(1.,0.,0.));
#5056=DIRECTION('ref_axis',(0.,1.,-1.03760841500794E-13));
#5057=DIRECTION('',(0.,-1.,0.));
#5058=DIRECTION('',(0.,0.,1.));
#5059=DIRECTION('',(0.,-1.,0.));
#5060=DIRECTION('',(0.,0.,-1.));
#5061=DIRECTION('',(0.,1.,0.));
#5062=DIRECTION('center_axis',(1.,0.,0.));
#5063=DIRECTION('ref_axis',(0.,0.,-1.));
#5064=DIRECTION('center_axis',(1.,0.,0.));
#5065=DIRECTION('ref_axis',(0.,0.,-1.));
#5066=DIRECTION('center_axis',(0.,1.,0.));
#5067=DIRECTION('ref_axis',(-1.,0.,0.));
#5068=DIRECTION('',(-1.,0.,0.));
#5069=DIRECTION('',(0.,0.,-1.));
#5070=DIRECTION('',(1.,0.,0.));
#5071=DIRECTION('center_axis',(0.,1.,0.));
#5072=DIRECTION('ref_axis',(-0.707106781186549,0.,0.707106781186546));
#5073=DIRECTION('center_axis',(0.,1.,0.));
#5074=DIRECTION('ref_axis',(0.707106781186549,0.,0.707106781186546));
#5075=DIRECTION('center_axis',(0.,-1.,0.));
#5076=DIRECTION('ref_axis',(0.707106781186549,0.,0.707106781186546));
#5077=DIRECTION('',(0.,-1.,0.));
#5078=DIRECTION('center_axis',(0.,1.,0.));
#5079=DIRECTION('ref_axis',(0.707106781186549,0.,0.707106781186546));
#5080=DIRECTION('',(0.,-1.,0.));
#5081=DIRECTION('',(0.,1.,0.));
#5082=DIRECTION('center_axis',(0.,-1.,0.));
#5083=DIRECTION('ref_axis',(1.,0.,0.));
#5084=DIRECTION('',(1.,0.,0.));
#5085=DIRECTION('',(1.,0.,0.));
#5086=DIRECTION('',(0.,0.,-1.));
#5087=DIRECTION('',(1.,0.,0.));
#5088=DIRECTION('',(0.,0.,1.));
#5089=DIRECTION('center_axis',(0.,0.,1.));
#5090=DIRECTION('ref_axis',(1.,0.,0.));
#5091=DIRECTION('',(-1.,0.,0.));
#5092=DIRECTION('',(0.,-1.,0.));
#5093=DIRECTION('center_axis',(0.,0.,-1.));
#5094=DIRECTION('ref_axis',(-1.,0.,0.));
#5095=DIRECTION('center_axis',(0.,0.,1.));
#5096=DIRECTION('ref_axis',(-1.,0.,0.));
#5097=DIRECTION('center_axis',(0.,0.,-1.));
#5098=DIRECTION('ref_axis',(0.382683432365094,-0.923879532511285,0.));
#5099=DIRECTION('center_axis',(1.,0.,0.));
#5100=DIRECTION('ref_axis',(0.,1.,0.));
#5101=DIRECTION('center_axis',(1.,0.,0.));
#5102=DIRECTION('ref_axis',(0.,1.,0.));
#5103=DIRECTION('',(0.,1.,0.));
#5104=DIRECTION('',(0.,1.,0.));
#5105=DIRECTION('',(0.,-1.,6.83479890319697E-17));
#5106=DIRECTION('',(0.,0.,-1.));
#5107=DIRECTION('',(0.,1.,0.));
#5108=DIRECTION('',(0.,1.,0.));
#5109=DIRECTION('',(0.,-1.,6.83479890319697E-17));
#5110=DIRECTION('',(0.,-6.72868654038807E-17,-1.));
#5111=DIRECTION('',(0.,1.,0.));
#5112=DIRECTION('',(0.,6.72868654038807E-17,1.));
#5113=DIRECTION('center_axis',(1.,0.,0.));
#5114=DIRECTION('ref_axis',(0.,-1.,0.));
#5115=DIRECTION('',(0.,1.,-6.83479890319697E-17));
#5116=DIRECTION('',(0.,0.,-1.));
#5117=DIRECTION('',(0.,1.,0.));
#5118=DIRECTION('center_axis',(1.,0.,0.));
#5119=DIRECTION('ref_axis',(0.,-1.,0.));
#5120=DIRECTION('',(0.,-1.,0.));
#5121=DIRECTION('',(0.,-1.,-1.04083408558606E-17));
#5122=DIRECTION('',(0.,0.,-1.));
#5123=DIRECTION('center_axis',(-1.,-9.47684382426852E-16,0.));
#5124=DIRECTION('ref_axis',(-9.47684382426852E-16,1.,0.));
#5125=DIRECTION('',(0.,0.,1.));
#5126=DIRECTION('',(-9.47684382426852E-16,1.,1.04083408558609E-17));
#5127=DIRECTION('',(0.,1.,0.));
#5128=DIRECTION('center_axis',(-1.,-9.47684382426852E-16,0.));
#5129=DIRECTION('ref_axis',(-9.47684382426852E-16,1.,0.));
#5130=DIRECTION('',(0.,0.,1.));
#5131=DIRECTION('',(0.,-1.,6.83479890319697E-17));
#5132=DIRECTION('',(9.47684382426852E-16,-1.,0.));
#5133=DIRECTION('center_axis',(-1.,0.,0.));
#5134=DIRECTION('ref_axis',(0.,-1.,0.));
#5135=DIRECTION('',(0.,-1.,0.));
#5136=DIRECTION('',(0.,-1.,0.));
#5137=DIRECTION('',(0.,0.,1.));
#5138=DIRECTION('',(0.,1.,-6.83479890319697E-17));
#5139=DIRECTION('',(0.,-1.,0.));
#5140=DIRECTION('',(0.,1.,0.));
#5141=DIRECTION('',(0.,0.,1.));
#5142=DIRECTION('',(0.,-1.,0.));
#5143=DIRECTION('',(0.,1.,-6.83479890319697E-17));
#5144=DIRECTION('',(0.,-6.72868654038807E-17,-1.));
#5145=DIRECTION('',(0.,-1.,0.));
#5146=DIRECTION('',(0.,6.72868654038807E-17,1.));
#5147=DIRECTION('center_axis',(0.,-1.,0.));
#5148=DIRECTION('ref_axis',(1.,0.,0.));
#5149=DIRECTION('',(1.,0.,0.));
#5150=DIRECTION('',(1.,0.,0.));
#5151=DIRECTION('',(0.,0.,-1.));
#5152=DIRECTION('',(-1.,0.,0.));
#5153=DIRECTION('',(0.,0.,1.));
#5154=DIRECTION('',(1.,0.,0.));
#5155=DIRECTION('',(0.,0.,1.));
#5156=DIRECTION('',(1.,0.,0.));
#5157=DIRECTION('',(0.,0.,-1.));
#5158=DIRECTION('',(-1.,0.,0.));
#5159=DIRECTION('',(0.,0.,1.));
#5160=DIRECTION('',(1.,0.,0.));
#5161=DIRECTION('',(0.,0.,-1.));
#5162=DIRECTION('',(-1.,0.,0.));
#5163=DIRECTION('',(0.,0.,1.));
#5164=DIRECTION('',(1.,0.,0.));
#5165=DIRECTION('',(0.,0.,-1.));
#5166=DIRECTION('',(-1.,0.,0.));
#5167=DIRECTION('center_axis',(0.,-1.,0.));
#5168=DIRECTION('ref_axis',(1.,0.,0.));
#5169=DIRECTION('',(-1.,0.,0.));
#5170=DIRECTION('',(-1.,0.,0.));
#5171=DIRECTION('center_axis',(0.,0.,-1.));
#5172=DIRECTION('ref_axis',(-1.,0.,0.));
#5173=DIRECTION('center_axis',(0.,0.,-1.));
#5174=DIRECTION('ref_axis',(-1.,0.,0.));
#5175=DIRECTION('',(0.,-1.,0.));
#5176=DIRECTION('',(0.707106781186548,0.707106781186548,0.));
#5177=DIRECTION('center_axis',(0.,0.,1.));
#5178=DIRECTION('ref_axis',(0.,1.,0.));
#5179=DIRECTION('center_axis',(0.,0.,1.));
#5180=DIRECTION('ref_axis',(-1.,0.,0.));
#5181=DIRECTION('',(1.,0.,0.));
#5182=DIRECTION('center_axis',(0.,0.,1.));
#5183=DIRECTION('ref_axis',(1.,0.,0.));
#5184=DIRECTION('',(1.,0.,0.));
#5185=DIRECTION('center_axis',(0.,0.,-1.));
#5186=DIRECTION('ref_axis',(-1.,0.,0.));
#5187=DIRECTION('center_axis',(0.,0.,-1.));
#5188=DIRECTION('ref_axis',(0.,-1.,0.));
#5189=DIRECTION('',(0.,-1.,0.));
#5190=DIRECTION('center_axis',(0.,0.,1.));
#5191=DIRECTION('ref_axis',(0.707106781186553,0.707106781186543,0.));
#5192=DIRECTION('',(0.707106781186546,-0.707106781186548,0.));
#5193=DIRECTION('',(0.,1.,0.));
#5194=DIRECTION('center_axis',(0.,0.,1.));
#5195=DIRECTION('ref_axis',(0.,-1.,0.));
#5196=DIRECTION('',(-1.,0.,0.));
#5197=DIRECTION('center_axis',(0.,0.,-1.));
#5198=DIRECTION('ref_axis',(-1.,0.,0.));
#5199=DIRECTION('center_axis',(0.,0.,1.));
#5200=DIRECTION('ref_axis',(-0.382683432365094,-0.923879532511285,0.));
#5201=DIRECTION('center_axis',(1.,0.,0.));
#5202=DIRECTION('ref_axis',(0.,1.,0.));
#5203=DIRECTION('center_axis',(0.,0.,-1.));
#5204=DIRECTION('ref_axis',(-0.382683432365094,-0.923879532511285,0.));
#5205=DIRECTION('center_axis',(0.,1.,0.));
#5206=DIRECTION('ref_axis',(-1.,0.,0.));
#5207=DIRECTION('',(-1.,0.,0.));
#5208=DIRECTION('',(0.,0.,1.));
#5209=DIRECTION('',(-1.,0.,0.));
#5210=DIRECTION('',(0.,0.,1.));
#5211=DIRECTION('center_axis',(-1.,0.,0.));
#5212=DIRECTION('ref_axis',(0.,-1.,0.));
#5213=DIRECTION('',(0.,-1.,0.));
#5214=DIRECTION('',(0.,0.,1.));
#5215=DIRECTION('',(0.,-1.,0.));
#5216=DIRECTION('center_axis',(0.,0.,1.));
#5217=DIRECTION('ref_axis',(1.48029736616687E-15,1.,0.));
#5218=DIRECTION('center_axis',(0.,0.,-1.));
#5219=DIRECTION('ref_axis',(1.48029736616687E-15,1.,0.));
#5220=DIRECTION('',(0.,0.,1.));
#5221=DIRECTION('center_axis',(0.,0.,-1.));
#5222=DIRECTION('ref_axis',(1.48029736616687E-15,1.,0.));
#5223=DIRECTION('center_axis',(8.88178419700124E-15,1.,0.));
#5224=DIRECTION('ref_axis',(-1.,8.88178419700124E-15,0.));
#5225=DIRECTION('',(-1.,8.88178419700124E-15,0.));
#5226=DIRECTION('',(0.,0.,1.));
#5227=DIRECTION('',(-1.,8.88178419700124E-15,0.));
#5228=DIRECTION('center_axis',(0.,0.,1.));
#5229=DIRECTION('ref_axis',(0.628539361056162,0.777777777776603,0.));
#5230=DIRECTION('center_axis',(0.,0.,-1.));
#5231=DIRECTION('ref_axis',(0.628539361056162,0.777777777776603,0.));
#5232=DIRECTION('',(0.,0.,1.));
#5233=DIRECTION('center_axis',(0.,0.,-1.));
#5234=DIRECTION('ref_axis',(0.628539361056162,0.777777777776603,0.));
#5235=DIRECTION('center_axis',(-4.80919008321699E-12,1.,0.));
#5236=DIRECTION('ref_axis',(-1.,-4.80919008321699E-12,0.));
#5237=DIRECTION('center_axis',(4.80919008321699E-12,-1.,0.));
#5238=DIRECTION('ref_axis',(-1.,0.,0.));
#5239=DIRECTION('',(0.,0.,1.));
#5240=DIRECTION('',(-1.,-4.80919008321699E-12,0.));
#5241=DIRECTION('',(0.,0.,1.));
#5242=DIRECTION('',(-1.,-4.80919008321699E-12,0.));
#5243=DIRECTION('',(0.,0.,1.));
#5244=DIRECTION('center_axis',(4.80919008321699E-12,-1.,0.));
#5245=DIRECTION('ref_axis',(-1.,0.,0.));
#5246=DIRECTION('center_axis',(0.,0.,1.));
#5247=DIRECTION('ref_axis',(6.46213241652951E-12,1.,0.));
#5248=DIRECTION('center_axis',(0.,0.,1.));
#5249=DIRECTION('ref_axis',(6.46213241652951E-12,1.,0.));
#5250=DIRECTION('',(0.,0.,1.));
#5251=DIRECTION('center_axis',(0.,0.,1.));
#5252=DIRECTION('ref_axis',(6.46213241652951E-12,1.,0.));
#5253=DIRECTION('center_axis',(0.,0.,1.));
#5254=DIRECTION('ref_axis',(5.5511151231258E-16,1.,0.));
#5255=DIRECTION('center_axis',(0.,0.,-1.));
#5256=DIRECTION('ref_axis',(5.5511151231258E-16,1.,0.));
#5257=DIRECTION('',(0.,0.,1.));
#5258=DIRECTION('center_axis',(0.,0.,-1.));
#5259=DIRECTION('ref_axis',(5.5511151231258E-16,1.,0.));
#5260=DIRECTION('center_axis',(0.,1.,0.));
#5261=DIRECTION('ref_axis',(-1.,0.,0.));
#5262=DIRECTION('',(-1.,0.,0.));
#5263=DIRECTION('',(0.,0.,1.));
#5264=DIRECTION('',(-1.,0.,0.));
#5265=DIRECTION('center_axis',(0.,0.,1.));
#5266=DIRECTION('ref_axis',(0.628539361048448,0.777777777782838,0.));
#5267=DIRECTION('center_axis',(0.,0.,-1.));
#5268=DIRECTION('ref_axis',(0.628539361048448,0.777777777782838,0.));
#5269=DIRECTION('',(0.,0.,1.));
#5270=DIRECTION('center_axis',(0.,0.,-1.));
#5271=DIRECTION('ref_axis',(0.628539361048448,0.777777777782838,0.));
#5272=DIRECTION('center_axis',(0.,0.,1.));
#5273=DIRECTION('ref_axis',(0.628539361048446,0.777777777782839,0.));
#5274=DIRECTION('center_axis',(0.,0.,1.));
#5275=DIRECTION('ref_axis',(0.628539361048446,0.777777777782839,0.));
#5276=DIRECTION('',(0.,0.,1.));
#5277=DIRECTION('center_axis',(0.,0.,1.));
#5278=DIRECTION('ref_axis',(0.628539361048446,0.777777777782839,0.));
#5279=DIRECTION('center_axis',(0.,0.,1.));
#5280=DIRECTION('ref_axis',(-2.58650244079314E-12,1.,0.));
#5281=DIRECTION('',(0.,0.,1.));
#5282=DIRECTION('center_axis',(0.,0.,1.));
#5283=DIRECTION('ref_axis',(-2.58650244079314E-12,1.,0.));
#5284=DIRECTION('',(0.,0.,1.));
#5285=DIRECTION('center_axis',(0.,0.,1.));
#5286=DIRECTION('ref_axis',(-2.58650244079314E-12,1.,0.));
#5287=DIRECTION('',(0.,0.,1.));
#5288=DIRECTION('center_axis',(0.,0.,1.));
#5289=DIRECTION('ref_axis',(-2.22044604925032E-15,1.,0.));
#5290=DIRECTION('center_axis',(0.,0.,-1.));
#5291=DIRECTION('ref_axis',(-2.22044604925032E-15,1.,0.));
#5292=DIRECTION('',(0.,0.,1.));
#5293=DIRECTION('center_axis',(0.,0.,-1.));
#5294=DIRECTION('ref_axis',(-2.22044604925032E-15,1.,0.));
#5295=DIRECTION('center_axis',(0.,1.,0.));
#5296=DIRECTION('ref_axis',(-1.,0.,0.));
#5297=DIRECTION('',(-1.,0.,0.));
#5298=DIRECTION('',(0.,0.,1.));
#5299=DIRECTION('',(-1.,0.,0.));
#5300=DIRECTION('center_axis',(0.,0.,1.));
#5301=DIRECTION('ref_axis',(1.,0.,0.));
#5302=DIRECTION('center_axis',(0.,0.,-1.));
#5303=DIRECTION('ref_axis',(1.,0.,0.));
#5304=DIRECTION('',(0.,0.,1.));
#5305=DIRECTION('center_axis',(0.,0.,-1.));
#5306=DIRECTION('ref_axis',(1.,0.,0.));
#5307=DIRECTION('center_axis',(1.,0.,0.));
#5308=DIRECTION('ref_axis',(0.,1.,0.));
#5309=DIRECTION('',(0.,1.,0.));
#5310=DIRECTION('',(0.,0.,1.));
#5311=DIRECTION('',(0.,1.,0.));
#5312=DIRECTION('center_axis',(0.,1.,0.));
#5313=DIRECTION('ref_axis',(-1.,0.,0.));
#5314=DIRECTION('',(-1.,0.,0.));
#5315=DIRECTION('',(0.,0.,1.));
#5316=DIRECTION('',(-1.,0.,0.));
#5317=DIRECTION('center_axis',(-5.10447367643749E-15,-1.,0.));
#5318=DIRECTION('ref_axis',(1.,-5.10447367643749E-15,0.));
#5319=DIRECTION('',(1.,-5.10447367643749E-15,0.));
#5320=DIRECTION('',(0.,0.,1.));
#5321=DIRECTION('',(1.,-5.10447367643749E-15,0.));
#5322=DIRECTION('',(0.,0.,1.));
#5323=DIRECTION('center_axis',(0.,0.,1.));
#5324=DIRECTION('ref_axis',(-1.,0.,0.));
#5325=DIRECTION('center_axis',(0.,0.,-1.));
#5326=DIRECTION('ref_axis',(0.707106781186543,0.707106781186552,0.));
#5327=DIRECTION('center_axis',(0.,0.,-1.));
#5328=DIRECTION('ref_axis',(-1.,0.,0.));
#5329=DIRECTION('',(0.,0.,1.));
#5330=DIRECTION('center_axis',(-1.,0.,0.));
#5331=DIRECTION('ref_axis',(0.,-1.,0.));
#5332=DIRECTION('',(0.,-1.,0.));
#5333=DIRECTION('',(0.,-1.,0.));
#5334=DIRECTION('',(0.,0.,1.));
#5335=DIRECTION('center_axis',(-7.65671051465624E-15,-1.,0.));
#5336=DIRECTION('ref_axis',(1.,-7.65671051465624E-15,0.));
#5337=DIRECTION('center_axis',(7.65671051465624E-15,1.,0.));
#5338=DIRECTION('ref_axis',(-0.707106781186551,0.,0.707106781186544));
#5339=DIRECTION('',(1.,-7.65671051465624E-15,0.));
#5340=DIRECTION('',(0.,0.,1.));
#5341=DIRECTION('',(1.,-7.65671051465624E-15,0.));
#5342=DIRECTION('center_axis',(-1.,6.32273428876704E-15,0.));
#5343=DIRECTION('ref_axis',(-6.32273428876704E-15,-1.,0.));
#5344=DIRECTION('',(-6.32273428876704E-15,-1.,0.));
#5345=DIRECTION('',(0.,0.,1.));
#5346=DIRECTION('',(-6.32273428876704E-15,-1.,0.));
#5347=DIRECTION('center_axis',(-0.800000000000003,-0.599999999999997,0.));
#5348=DIRECTION('ref_axis',(0.599999999999997,-0.800000000000002,0.));
#5349=DIRECTION('',(0.599999999999997,-0.800000000000002,0.));
#5350=DIRECTION('',(0.,0.,1.));
#5351=DIRECTION('',(0.599999999999997,-0.800000000000002,0.));
#5352=DIRECTION('center_axis',(0.799999999999998,-0.600000000000002,0.));
#5353=DIRECTION('ref_axis',(0.600000000000002,0.799999999999998,0.));
#5354=DIRECTION('',(0.600000000000002,0.799999999999998,0.));
#5355=DIRECTION('',(0.,0.,1.));
#5356=DIRECTION('',(0.600000000000002,0.799999999999998,0.));
#5357=DIRECTION('',(0.,0.,1.));
#5358=DIRECTION('center_axis',(1.,0.,0.));
#5359=DIRECTION('ref_axis',(0.,1.,0.));
#5360=DIRECTION('',(0.,1.,0.));
#5361=DIRECTION('',(0.,0.,1.));
#5362=DIRECTION('',(0.,1.,0.));
#5363=DIRECTION('center_axis',(-7.65671051465624E-15,-1.,0.));
#5364=DIRECTION('ref_axis',(1.,-7.65671051465624E-15,0.));
#5365=DIRECTION('center_axis',(7.65671051465624E-15,1.,0.));
#5366=DIRECTION('ref_axis',(0.707106781186551,0.,0.707106781186544));
#5367=DIRECTION('',(1.,-7.65671051465624E-15,0.));
#5368=DIRECTION('',(1.,-7.65671051465624E-15,0.));
#5369=DIRECTION('',(0.,0.,1.));
#5370=DIRECTION('center_axis',(0.,-1.,0.));
#5371=DIRECTION('ref_axis',(1.,0.,0.));
#5372=DIRECTION('',(3.41082342434763E-16,0.,1.));
#5373=DIRECTION('',(1.,0.,-1.06526868607288E-16));
#5374=DIRECTION('',(0.,0.,-1.));
#5375=DIRECTION('',(1.,0.,0.));
#5376=DIRECTION('',(1.,0.,0.));
#5377=DIRECTION('',(1.,0.,0.));
#5378=DIRECTION('center_axis',(0.,1.,0.));
#5379=DIRECTION('ref_axis',(-1.,0.,0.));
#5380=DIRECTION('center_axis',(0.,1.,0.));
#5381=DIRECTION('ref_axis',(-1.,0.,0.));
#5382=DIRECTION('center_axis',(0.,1.,0.));
#5383=DIRECTION('ref_axis',(-1.,0.,0.));
#5384=DIRECTION('center_axis',(0.,1.,0.));
#5385=DIRECTION('ref_axis',(-1.,0.,0.));
#5386=DIRECTION('center_axis',(0.,1.,0.));
#5387=DIRECTION('ref_axis',(0.,0.,1.));
#5388=DIRECTION('',(-1.,0.,0.));
#5389=DIRECTION('',(0.,0.,-1.));
#5390=DIRECTION('',(1.,0.,-1.06526868607288E-16));
#5391=DIRECTION('',(3.41082342434763E-16,0.,1.));
#5392=DIRECTION('center_axis',(-1.,0.,3.41082342434763E-16));
#5393=DIRECTION('ref_axis',(3.41082342434763E-16,0.,1.));
#5394=DIRECTION('',(0.,-1.,0.));
#5395=DIRECTION('',(0.,1.,0.));
#5396=DIRECTION('center_axis',(1.06526868607288E-16,0.,1.));
#5397=DIRECTION('ref_axis',(1.,0.,-1.06526868607288E-16));
#5398=DIRECTION('',(0.,1.,0.));
#5399=DIRECTION('center_axis',(1.,0.,0.));
#5400=DIRECTION('ref_axis',(0.,0.,-1.));
#5401=DIRECTION('',(0.,1.,0.));
#5402=DIRECTION('center_axis',(4.80919008321467E-12,1.,0.));
#5403=DIRECTION('ref_axis',(-1.,4.80919008321467E-12,0.));
#5404=DIRECTION('center_axis',(-4.80919008321467E-12,-1.,0.));
#5405=DIRECTION('ref_axis',(-1.,0.,0.));
#5406=DIRECTION('center_axis',(-4.80919008321467E-12,-1.,0.));
#5407=DIRECTION('ref_axis',(-1.,0.,0.));
#5408=DIRECTION('',(-1.,4.80919008321467E-12,0.));
#5409=DIRECTION('',(-1.,4.80919008321467E-12,0.));
#5410=DIRECTION('center_axis',(-4.80919008321467E-12,-1.,0.));
#5411=DIRECTION('ref_axis',(-1.,0.,0.));
#5412=DIRECTION('center_axis',(0.,0.,1.));
#5413=DIRECTION('ref_axis',(0.628539361056157,0.777777777776607,0.));
#5414=DIRECTION('center_axis',(0.,0.,1.));
#5415=DIRECTION('ref_axis',(0.628539361056157,0.777777777776607,0.));
#5416=DIRECTION('center_axis',(0.,0.,1.));
#5417=DIRECTION('ref_axis',(0.628539361056157,0.777777777776607,0.));
#5418=DIRECTION('center_axis',(0.,1.,0.));
#5419=DIRECTION('ref_axis',(-1.,0.,0.));
#5420=DIRECTION('',(0.,1.,0.));
#5421=DIRECTION('center_axis',(0.,1.,0.));
#5422=DIRECTION('ref_axis',(-1.,0.,0.));
#5423=DIRECTION('',(0.,1.,0.));
#5424=DIRECTION('center_axis',(0.,1.,0.));
#5425=DIRECTION('ref_axis',(-1.,0.,0.));
#5426=DIRECTION('',(0.,1.,0.));
#5427=DIRECTION('center_axis',(0.,1.,0.));
#5428=DIRECTION('ref_axis',(-1.,0.,0.));
#5429=DIRECTION('',(0.,1.,0.));
#5430=DIRECTION('center_axis',(0.,0.,1.));
#5431=DIRECTION('ref_axis',(1.,0.,0.));
#5432=DIRECTION('',(1.,2.27119060797945E-16,0.));
#5433=DIRECTION('',(0.,1.,0.));
#5434=DIRECTION('',(-1.,5.10447367643749E-15,0.));
#5435=DIRECTION('center_axis',(0.,0.,1.));
#5436=DIRECTION('ref_axis',(0.707106781186543,0.707106781186552,0.));
#5437=DIRECTION('',(0.,1.,0.));
#5438=DIRECTION('',(0.,-1.,0.));
#5439=DIRECTION('center_axis',(0.,0.,1.));
#5440=DIRECTION('ref_axis',(-0.707106781186545,0.70710678118655,0.));
#5441=DIRECTION('',(-1.,-5.10447367643749E-15,0.));
#5442=DIRECTION('',(0.,-1.,0.));
#5443=DIRECTION('',(1.,0.,0.));
#5444=DIRECTION('',(0.,-1.,0.));
#5445=DIRECTION('',(0.,1.,0.));
#5446=DIRECTION('',(1.,0.,0.));
#5447=DIRECTION('center_axis',(1.,0.,0.));
#5448=DIRECTION('ref_axis',(0.,0.,-1.));
#5449=DIRECTION('center_axis',(1.,0.,0.));
#5450=DIRECTION('ref_axis',(0.,0.,-1.));
#5451=DIRECTION('',(1.,0.,0.));
#5452=DIRECTION('center_axis',(-1.,0.,0.));
#5453=DIRECTION('ref_axis',(0.,0.,-1.));
#5454=DIRECTION('center_axis',(1.,0.,0.));
#5455=DIRECTION('ref_axis',(0.,0.,-1.));
#5456=DIRECTION('center_axis',(1.,0.,0.));
#5457=DIRECTION('ref_axis',(0.,0.,-1.));
#5458=DIRECTION('',(1.,0.,0.));
#5459=DIRECTION('center_axis',(-1.,0.,0.));
#5460=DIRECTION('ref_axis',(0.,0.,-1.));
#5461=DIRECTION('center_axis',(1.,0.,0.));
#5462=DIRECTION('ref_axis',(0.,0.,-1.));
#5463=DIRECTION('center_axis',(1.,0.,0.));
#5464=DIRECTION('ref_axis',(0.,0.,-1.));
#5465=DIRECTION('',(1.,0.,0.));
#5466=DIRECTION('center_axis',(-1.,0.,0.));
#5467=DIRECTION('ref_axis',(0.,0.,-1.));
#5468=DIRECTION('center_axis',(1.,0.,0.));
#5469=DIRECTION('ref_axis',(0.,0.,-1.));
#5470=DIRECTION('center_axis',(1.,0.,0.));
#5471=DIRECTION('ref_axis',(0.,0.,-1.));
#5472=DIRECTION('',(1.,0.,0.));
#5473=DIRECTION('center_axis',(-1.,0.,0.));
#5474=DIRECTION('ref_axis',(0.,0.,-1.));
#5475=DIRECTION('center_axis',(1.,0.,0.));
#5476=DIRECTION('ref_axis',(0.,1.,0.));
#5477=DIRECTION('',(0.,1.,0.));
#5478=DIRECTION('',(0.,1.,0.));
#5479=DIRECTION('',(0.,0.,1.));
#5480=DIRECTION('center_axis',(0.,0.,1.));
#5481=DIRECTION('ref_axis',(4.4408920985006E-15,-1.,0.));
#5482=DIRECTION('center_axis',(0.,0.,-1.));
#5483=DIRECTION('ref_axis',(-0.707106781186545,0.70710678118655,0.));
#5484=DIRECTION('center_axis',(0.,0.,-1.));
#5485=DIRECTION('ref_axis',(4.4408920985006E-15,-1.,0.));
#5486=DIRECTION('',(0.,0.,1.));
#5487=DIRECTION('center_axis',(5.10447367643749E-15,-1.,0.));
#5488=DIRECTION('ref_axis',(1.,5.10447367643749E-15,0.));
#5489=DIRECTION('',(1.,5.10447367643749E-15,0.));
#5490=DIRECTION('',(1.,5.10447367643749E-15,0.));
#5491=DIRECTION('',(0.,0.,1.));
#5492=DIRECTION('center_axis',(0.,0.,1.));
#5493=DIRECTION('ref_axis',(0.,-1.,0.));
#5494=DIRECTION('center_axis',(0.,0.,1.));
#5495=DIRECTION('ref_axis',(0.,-1.,0.));
#5496=DIRECTION('center_axis',(0.,0.,1.));
#5497=DIRECTION('ref_axis',(0.,-1.,0.));
#5498=DIRECTION('',(0.,0.,1.));
#5499=DIRECTION('center_axis',(0.,0.,1.));
#5500=DIRECTION('ref_axis',(1.,0.,0.));
#5501=DIRECTION('center_axis',(0.,0.,1.));
#5502=DIRECTION('ref_axis',(1.,0.,0.));
#5503=DIRECTION('',(0.,0.,1.));
#5504=DIRECTION('center_axis',(0.,0.,1.));
#5505=DIRECTION('ref_axis',(1.,0.,0.));
#5506=DIRECTION('',(0.,0.,1.));
#5507=DIRECTION('center_axis',(0.,1.,0.));
#5508=DIRECTION('ref_axis',(-1.,0.,0.));
#5509=DIRECTION('',(-1.,0.,0.));
#5510=DIRECTION('',(-1.,0.,0.));
#5511=DIRECTION('',(0.,0.,1.));
#5512=DIRECTION('center_axis',(0.,0.,1.));
#5513=DIRECTION('ref_axis',(0.707106781186553,0.707106781186543,0.));
#5514=DIRECTION('',(0.,0.,1.));
#5515=DIRECTION('center_axis',(0.,0.,-1.));
#5516=DIRECTION('ref_axis',(0.707106781186553,0.707106781186543,0.));
#5517=DIRECTION('center_axis',(0.,0.,1.));
#5518=DIRECTION('ref_axis',(0.,1.,0.));
#5519=DIRECTION('center_axis',(0.,0.,-1.));
#5520=DIRECTION('ref_axis',(0.,1.,0.));
#5521=DIRECTION('',(0.,0.,1.));
#5522=DIRECTION('center_axis',(-2.27119060797945E-16,1.,0.));
#5523=DIRECTION('ref_axis',(-1.,-2.27119060797945E-16,0.));
#5524=DIRECTION('',(-1.,-2.27119060797945E-16,0.));
#5525=DIRECTION('',(-1.,-2.27119060797945E-16,0.));
#5526=DIRECTION('',(0.,0.,1.));
#5527=DIRECTION('center_axis',(0.,0.,1.));
#5528=DIRECTION('ref_axis',(0.,1.,0.));
#5529=DIRECTION('center_axis',(0.,0.,1.));
#5530=DIRECTION('ref_axis',(0.,1.,0.));
#5531=DIRECTION('center_axis',(0.,0.,1.));
#5532=DIRECTION('ref_axis',(0.,1.,0.));
#5533=DIRECTION('',(0.,0.,1.));
#5534=DIRECTION('center_axis',(-1.,0.,0.));
#5535=DIRECTION('ref_axis',(0.,-1.,0.));
#5536=DIRECTION('center_axis',(1.,0.,0.));
#5537=DIRECTION('ref_axis',(0.,0.,1.));
#5538=DIRECTION('',(0.,-1.,0.));
#5539=DIRECTION('',(0.,0.,1.));
#5540=DIRECTION('',(0.,-1.,0.));
#5541=DIRECTION('',(0.,-1.,0.));
#5542=DIRECTION('',(0.,0.,1.));
#5543=DIRECTION('',(0.,-1.,0.));
#5544=DIRECTION('',(0.,0.,-1.));
#5545=DIRECTION('',(0.,1.,0.));
#5546=DIRECTION('center_axis',(1.,0.,0.));
#5547=DIRECTION('ref_axis',(0.,0.,-1.));
#5548=DIRECTION('center_axis',(1.,0.,0.));
#5549=DIRECTION('ref_axis',(0.,0.,-1.));
#5550=DIRECTION('center_axis',(0.,0.,1.));
#5551=DIRECTION('ref_axis',(-1.,0.,0.));
#5552=DIRECTION('center_axis',(0.,0.,1.));
#5553=DIRECTION('ref_axis',(-1.,0.,0.));
#5554=DIRECTION('center_axis',(0.,0.,1.));
#5555=DIRECTION('ref_axis',(-1.,0.,0.));
#5556=DIRECTION('center_axis',(0.,-1.,0.));
#5557=DIRECTION('ref_axis',(-0.707106781186551,0.,0.707106781186544));
#5558=DIRECTION('center_axis',(0.,1.,0.));
#5559=DIRECTION('ref_axis',(-1.,0.,0.));
#5560=DIRECTION('center_axis',(0.,0.,-1.));
#5561=DIRECTION('ref_axis',(-1.,0.,0.));
#5562=DIRECTION('center_axis',(-1.,4.44089209850064E-15,0.));
#5563=DIRECTION('ref_axis',(-4.44089209850064E-15,-1.,0.));
#5564=DIRECTION('center_axis',(1.,-5.10447367643749E-15,0.));
#5565=DIRECTION('ref_axis',(-3.72896958937398E-15,-0.707106781186548,0.707106781186548));
#5566=DIRECTION('center_axis',(-0.894427190999913,0.447213595499964,3.97205464519569E-15));
#5567=DIRECTION('ref_axis',(-0.447213595499964,-0.894427190999913,0.));
#5568=DIRECTION('center_axis',(0.,-1.,0.));
#5569=DIRECTION('ref_axis',(-0.707106781186548,0.,0.707106781186548));
#5570=DIRECTION('center_axis',(0.447213595499956,-0.894427190999917,0.));
#5571=DIRECTION('ref_axis',(-0.894427190999917,-0.447213595499956,0.));
#5572=DIRECTION('center_axis',(0.447213595499958,0.894427190999916,0.));
#5573=DIRECTION('ref_axis',(-0.894427190999916,0.447213595499958,0.));
#5574=DIRECTION('center_axis',(-1.,-2.27119060797945E-16,0.));
#5575=DIRECTION('ref_axis',(0.,0.707106781186549,0.707106781186546));
#5576=DIRECTION('center_axis',(-0.894427190999918,-0.447213595499953,0.));
#5577=DIRECTION('ref_axis',(-0.447213595499954,0.894427190999918,0.));
#5578=DIRECTION('center_axis',(-1.,0.,0.));
#5579=DIRECTION('ref_axis',(0.,0.707106781186549,0.707106781186546));
#5580=DIRECTION('center_axis',(0.894427190999917,-0.447213595499957,0.));
#5581=DIRECTION('ref_axis',(0.447213595499957,0.894427190999917,0.));
#5582=DIRECTION('center_axis',(0.,1.,0.));
#5583=DIRECTION('ref_axis',(0.707106781186548,0.,0.707106781186548));
#5584=DIRECTION('center_axis',(-0.44721359549996,0.894427190999915,0.));
#5585=DIRECTION('ref_axis',(0.894427190999915,0.447213595499959,0.));
#5586=DIRECTION('center_axis',(-0.447213595499956,-0.894427190999917,3.97205464519562E-15));
#5587=DIRECTION('ref_axis',(0.894427190999917,-0.447213595499956,0.));
#5588=DIRECTION('',(0.,1.,0.));
#5589=DIRECTION('center_axis',(1.,5.10447367643749E-15,0.));
#5590=DIRECTION('ref_axis',(6.28036983473512E-15,-0.707106781186548,0.707106781186548));
#5591=DIRECTION('center_axis',(0.894427190999914,0.447213595499961,-3.97205464519566E-15));
#5592=DIRECTION('ref_axis',(0.447213595499961,-0.894427190999914,0.));
#5593=DIRECTION('center_axis',(-1.,-4.44089209850064E-15,0.));
#5594=DIRECTION('ref_axis',(4.44089209850064E-15,-1.,0.));
#5595=DIRECTION('center_axis',(0.,0.,-1.));
#5596=DIRECTION('ref_axis',(-1.,0.,0.));
#5597=DIRECTION('center_axis',(0.,-1.,0.));
#5598=DIRECTION('ref_axis',(1.,0.,0.));
#5599=DIRECTION('center_axis',(0.,1.,0.));
#5600=DIRECTION('ref_axis',(0.707106781186551,0.,0.707106781186544));
#5601=DIRECTION('center_axis',(-1.,0.,0.));
#5602=DIRECTION('ref_axis',(0.,0.,-1.));
#5603=DIRECTION('center_axis',(-1.,0.,0.));
#5604=DIRECTION('ref_axis',(0.,0.,-1.));
#5605=DIRECTION('',(-1.,0.,0.));
#5606=DIRECTION('center_axis',(-1.,0.,0.));
#5607=DIRECTION('ref_axis',(0.,0.,-1.));
#5608=DIRECTION('center_axis',(-1.,0.,0.));
#5609=DIRECTION('ref_axis',(0.,0.,-1.));
#5610=DIRECTION('',(-1.,0.,0.));
#5611=DIRECTION('center_axis',(1.,0.,0.));
#5612=DIRECTION('ref_axis',(0.,0.,-1.));
#5613=DIRECTION('center_axis',(-1.,0.,0.));
#5614=DIRECTION('ref_axis',(0.,0.,-1.));
#5615=DIRECTION('center_axis',(-1.,0.,0.));
#5616=DIRECTION('ref_axis',(0.,0.,-1.));
#5617=DIRECTION('',(-1.,0.,0.));
#5618=DIRECTION('center_axis',(-1.,0.,0.));
#5619=DIRECTION('ref_axis',(0.,0.,-1.));
#5620=DIRECTION('center_axis',(-1.,0.,0.));
#5621=DIRECTION('ref_axis',(0.,0.,-1.));
#5622=DIRECTION('',(-1.,0.,0.));
#5623=DIRECTION('center_axis',(1.,0.,0.));
#5624=DIRECTION('ref_axis',(0.,0.,-1.));
#5625=DIRECTION('center_axis',(0.,0.,1.));
#5626=DIRECTION('ref_axis',(0.,1.,0.));
#5627=DIRECTION('',(-1.,0.,0.));
#5628=DIRECTION('',(0.,1.,0.));
#5629=DIRECTION('',(-1.,0.,0.));
#5630=DIRECTION('center_axis',(0.,1.,0.));
#5631=DIRECTION('ref_axis',(0.,0.,-1.));
#5632=DIRECTION('',(-1.,0.,0.));
#5633=DIRECTION('',(0.,0.,-1.));
#5634=DIRECTION('center_axis',(0.,1.,0.));
#5635=DIRECTION('ref_axis',(0.,0.,-1.));
#5636=DIRECTION('',(0.,0.,1.));
#5637=DIRECTION('',(-1.,0.,0.));
#5638=DIRECTION('',(0.,0.,-1.));
#5639=DIRECTION('',(-1.,0.,0.));
#5640=DIRECTION('center_axis',(0.,0.,-1.));
#5641=DIRECTION('ref_axis',(0.,-1.,0.));
#5642=DIRECTION('',(-1.,0.,0.));
#5643=DIRECTION('',(0.,-1.,0.));
#5644=DIRECTION('center_axis',(0.,0.,-1.));
#5645=DIRECTION('ref_axis',(0.,-1.,0.));
#5646=DIRECTION('',(0.,1.,0.));
#5647=DIRECTION('',(-1.,0.,0.));
#5648=DIRECTION('',(0.,-1.,0.));
#5649=DIRECTION('center_axis',(0.,0.,1.));
#5650=DIRECTION('ref_axis',(0.,1.,0.));
#5651=DIRECTION('',(0.,-1.,0.));
#5652=DIRECTION('',(0.,1.,0.));
#5653=DIRECTION('',(-1.,0.,0.));
#5654=DIRECTION('center_axis',(0.,-1.,0.));
#5655=DIRECTION('ref_axis',(0.,0.,1.));
#5656=DIRECTION('',(0.,0.,1.));
#5657=DIRECTION('center_axis',(0.,-1.,0.));
#5658=DIRECTION('ref_axis',(0.,0.,1.));
#5659=DIRECTION('',(0.,0.,-1.));
#5660=DIRECTION('',(0.,0.,1.));
#5661=DIRECTION('center_axis',(-1.,0.,0.));
#5662=DIRECTION('ref_axis',(0.,-1.,0.));
#5663=DIRECTION('center_axis',(1.,0.,0.));
#5664=DIRECTION('ref_axis',(0.,0.,1.));
#5665=DIRECTION('',(0.,-1.,0.));
#5666=DIRECTION('',(0.,-1.,0.));
#5667=DIRECTION('center_axis',(0.,0.,1.));
#5668=DIRECTION('ref_axis',(1.,0.,0.));
#5669=DIRECTION('',(1.,0.,0.));
#5670=DIRECTION('',(0.,1.,0.));
#5671=DIRECTION('',(-1.,0.,0.));
#5672=DIRECTION('',(0.,1.,0.));
#5673=DIRECTION('center_axis',(1.,0.,0.));
#5674=DIRECTION('ref_axis',(0.,1.,0.));
#5675=DIRECTION('center_axis',(-1.,0.,0.));
#5676=DIRECTION('ref_axis',(0.,0.,1.));
#5677=DIRECTION('',(0.,1.,0.));
#5678=DIRECTION('',(0.,0.,1.));
#5679=DIRECTION('center_axis',(1.,0.,0.));
#5680=DIRECTION('ref_axis',(0.,1.,0.));
#5681=DIRECTION('center_axis',(-1.,0.,0.));
#5682=DIRECTION('ref_axis',(0.,0.,1.));
#5683=DIRECTION('',(0.,1.,0.));
#5684=DIRECTION('center_axis',(1.,0.,0.));
#5685=DIRECTION('ref_axis',(0.,0.,1.));
#5686=DIRECTION('',(-1.,0.,0.));
#5687=DIRECTION('center_axis',(1.,0.,0.));
#5688=DIRECTION('ref_axis',(0.,0.,1.));
#5689=DIRECTION('',(-1.,0.,0.));
#5690=DIRECTION('center_axis',(0.,0.,1.));
#5691=DIRECTION('ref_axis',(1.,0.,0.));
#5692=DIRECTION('',(1.,0.,0.));
#5693=DIRECTION('center_axis',(0.,0.,1.));
#5694=DIRECTION('ref_axis',(1.,0.,0.));
#5695=DIRECTION('center_axis',(0.,-1.,0.));
#5696=DIRECTION('ref_axis',(1.,0.,0.));
#5697=DIRECTION('center_axis',(0.,0.,1.));
#5698=DIRECTION('ref_axis',(1.,0.,0.));
#5699=DIRECTION('',(-1.,0.,0.));
#5700=DIRECTION('',(0.,-1.,0.));
#5701=DIRECTION('',(-1.,0.,0.));
#5702=DIRECTION('',(9.47684382426852E-16,-1.,0.));
#5703=DIRECTION('center_axis',(0.,0.,1.));
#5704=DIRECTION('ref_axis',(1.,0.,0.));
#5705=DIRECTION('',(0.,1.,0.));
#5706=DIRECTION('',(1.,0.,0.));
#5707=DIRECTION('',(0.,-1.,0.));
#5708=DIRECTION('',(0.,-1.,0.));
#5709=DIRECTION('',(1.,-2.27738056333365E-16,0.));
#5710=DIRECTION('',(0.,1.,0.));
#5711=DIRECTION('center_axis',(0.,0.,1.));
#5712=DIRECTION('ref_axis',(1.,0.,0.));
#5713=DIRECTION('',(1.,0.,0.));
#5714=DIRECTION('',(0.,1.,0.));
#5715=DIRECTION('',(-1.,0.,0.));
#5716=DIRECTION('',(9.47684382426852E-16,1.,0.));
#5717=DIRECTION('',(-1.,0.,0.));
#5718=DIRECTION('',(9.47684382426852E-16,-1.,0.));
#5719=DIRECTION('',(-1.,0.,0.));
#5720=DIRECTION('',(0.,1.,0.));
#5721=DIRECTION('',(-1.,0.,0.));
#5722=DIRECTION('',(0.,1.,0.));
#5723=DIRECTION('center_axis',(0.,0.,1.));
#5724=DIRECTION('ref_axis',(1.,0.,0.));
#5725=DIRECTION('',(0.,1.,0.));
#5726=DIRECTION('',(-1.,0.,0.));
#5727=DIRECTION('',(9.47684382426852E-16,1.,0.));
#5728=DIRECTION('',(-1.,0.,0.));
#5729=DIRECTION('center_axis',(1.,-2.27738056333365E-16,-6.32100084311706E-32));
#5730=DIRECTION('ref_axis',(0.,-0.707106781186546,0.707106781186549));
#5731=DIRECTION('',(1.,-2.27738056333365E-16,-6.32100084311706E-32));
#5732=DIRECTION('center_axis',(0.707106781186547,0.,0.707106781186548));
#5733=DIRECTION('ref_axis',(-0.707106781186548,3.22070247935133E-16,0.707106781186547));
#5734=DIRECTION('',(-1.,2.27738056333365E-16,6.32100084311706E-32));
#5735=DIRECTION('center_axis',(-0.707106781186548,1.47196168001604E-16,
0.707106781186548));
#5736=DIRECTION('ref_axis',(-0.707106781186548,1.74874079933529E-16,-0.707106781186548));
#5737=DIRECTION('center_axis',(0.,0.,1.));
#5738=DIRECTION('ref_axis',(-0.707106781186549,-0.707106781186546,0.));
#5739=DIRECTION('',(0.,0.,1.));
#5740=DIRECTION('center_axis',(0.,0.,1.));
#5741=DIRECTION('ref_axis',(-1.,0.,0.));
#5742=DIRECTION('center_axis',(0.,0.,1.));
#5743=DIRECTION('ref_axis',(-1.,0.,0.));
#5744=DIRECTION('',(0.,0.,-1.));
#5745=DIRECTION('center_axis',(0.,0.,-1.));
#5746=DIRECTION('ref_axis',(0.707106781186549,-0.707106781186547,0.));
#5747=DIRECTION('',(0.,0.,1.));
#5748=DIRECTION('center_axis',(0.,0.,1.));
#5749=DIRECTION('ref_axis',(0.707106781186549,-0.707106781186547,0.));
#5750=DIRECTION('',(0.,0.,-1.));
#5751=DIRECTION('center_axis',(1.,0.,0.));
#5752=DIRECTION('ref_axis',(0.,0.,-1.));
#5753=DIRECTION('center_axis',(-1.,0.,0.));
#5754=DIRECTION('ref_axis',(0.,0.965925826289068,0.258819045102522));
#5755=DIRECTION('center_axis',(-1.,0.,0.));
#5756=DIRECTION('ref_axis',(0.,0.,1.));
#5757=DIRECTION('',(0.,1.,2.77555756156288E-16));
#5758=DIRECTION('center_axis',(1.,0.,0.));
#5759=DIRECTION('ref_axis',(0.,-1.77635683940025E-15,1.));
#5760=DIRECTION('',(0.,-1.,0.));
#5761=DIRECTION('center_axis',(-1.,0.,0.));
#5762=DIRECTION('ref_axis',(0.,0.,-1.));
#5763=DIRECTION('center_axis',(0.,2.77555756156288E-16,-1.));
#5764=DIRECTION('ref_axis',(0.,1.,2.77555756156288E-16));
#5765=DIRECTION('',(0.,-1.,-2.77555756156288E-16));
#5766=DIRECTION('',(1.,0.,0.));
#5767=DIRECTION('center_axis',(-1.,0.,0.));
#5768=DIRECTION('ref_axis',(0.,0.,1.));
#5769=DIRECTION('',(0.,1.,0.));
#5770=DIRECTION('center_axis',(-1.,0.,0.));
#5771=DIRECTION('ref_axis',(0.,-1.77635683940025E-15,1.));
#5772=DIRECTION('center_axis',(1.,0.,0.));
#5773=DIRECTION('ref_axis',(0.,0.,-1.));
#5774=DIRECTION('center_axis',(-1.,2.27738056333365E-16,0.));
#5775=DIRECTION('ref_axis',(0.,0.707106781186541,0.707106781186554));
#5776=DIRECTION('',(-1.,2.27738056333365E-16,0.));
#5777=DIRECTION('center_axis',(1.,0.,0.));
#5778=DIRECTION('ref_axis',(0.,0.965925826289068,0.258819045102522));
#5779=DIRECTION('',(-1.,2.27738056333365E-16,0.));
#5780=DIRECTION('center_axis',(-0.894427190999913,-0.447213595499964,0.));
#5781=DIRECTION('ref_axis',(-0.447213595499964,0.894427190999913,0.));
#5782=DIRECTION('center_axis',(0.894427190999915,-0.447213595499959,7.94410929039129E-15));
#5783=DIRECTION('ref_axis',(0.44721359549996,0.894427190999915,0.));
#5784=DIRECTION('',(-1.,2.27738056333365E-16,0.));
#5785=DIRECTION('center_axis',(1.,0.,0.));
#5786=DIRECTION('ref_axis',(0.,0.,-1.));
#5787=DIRECTION('',(-1.,0.,0.));
#5788=DIRECTION('center_axis',(0.,0.,1.));
#5789=DIRECTION('ref_axis',(0.,-1.,0.));
#5790=DIRECTION('',(-1.,2.27738056333365E-16,0.));
#5791=DIRECTION('',(1.,0.,0.));
#5792=DIRECTION('center_axis',(1.,0.,0.));
#5793=DIRECTION('ref_axis',(0.,-1.77635683940025E-15,1.));
#5794=DIRECTION('center_axis',(1.,-2.27738056333365E-16,-5.05680067449367E-32));
#5795=DIRECTION('ref_axis',(0.,-0.707106781186546,0.707106781186549));
#5796=DIRECTION('',(-1.,2.27738056333365E-16,5.05680067449367E-32));
#5797=DIRECTION('center_axis',(-0.707106781186547,0.,0.707106781186548));
#5798=DIRECTION('ref_axis',(-0.707106781186548,3.22070247935133E-16,-0.707106781186547));
#5799=DIRECTION('',(1.,-2.27738056333365E-16,-5.05680067449367E-32));
#5800=DIRECTION('center_axis',(0.707106781186548,-1.47196168001606E-16,
0.707106781186548));
#5801=DIRECTION('ref_axis',(-0.707106781186548,1.74874079933528E-16,0.707106781186548));
#5802=DIRECTION('center_axis',(0.,0.,-1.));
#5803=DIRECTION('ref_axis',(0.707106781186549,-0.707106781186546,0.));
#5804=DIRECTION('',(0.,0.,1.));
#5805=DIRECTION('center_axis',(0.,0.,1.));
#5806=DIRECTION('ref_axis',(0.,-1.,0.));
#5807=DIRECTION('center_axis',(0.,0.,1.));
#5808=DIRECTION('ref_axis',(0.,-1.,0.));
#5809=DIRECTION('',(0.,0.,-1.));
#5810=DIRECTION('center_axis',(0.,0.,1.));
#5811=DIRECTION('ref_axis',(-0.707106781186549,-0.707106781186546,0.));
#5812=DIRECTION('',(0.,0.,1.));
#5813=DIRECTION('center_axis',(0.,0.,1.));
#5814=DIRECTION('ref_axis',(-1.,0.,0.));
#5815=DIRECTION('center_axis',(0.,0.,1.));
#5816=DIRECTION('ref_axis',(-1.,0.,0.));
#5817=DIRECTION('',(0.,0.,-1.));
#5818=DIRECTION('center_axis',(-1.,0.,0.));
#5819=DIRECTION('ref_axis',(0.,0.,1.));
#5820=DIRECTION('center_axis',(1.,0.,0.));
#5821=DIRECTION('ref_axis',(0.,0.,-1.));
#5822=DIRECTION('center_axis',(-1.,0.,0.));
#5823=DIRECTION('ref_axis',(0.,0.,1.));
#5824=DIRECTION('',(0.,1.,0.));
#5825=DIRECTION('center_axis',(-1.,0.,0.));
#5826=DIRECTION('ref_axis',(0.,-8.88178419700125E-16,1.));
#5827=DIRECTION('',(0.,-1.,-2.22044604925031E-16));
#5828=DIRECTION('center_axis',(1.,0.,0.));
#5829=DIRECTION('ref_axis',(0.,0.,-1.));
#5830=DIRECTION('center_axis',(2.27738056333365E-16,1.,0.));
#5831=DIRECTION('ref_axis',(-1.,2.27738056333365E-16,0.));
#5832=DIRECTION('',(0.,0.,1.));
#5833=DIRECTION('',(-1.,2.27738056333365E-16,0.));
#5834=DIRECTION('',(0.,0.,1.));
#5835=DIRECTION('',(-1.,2.27738056333365E-16,0.));
#5836=DIRECTION('center_axis',(-2.27738056333365E-16,-1.,0.));
#5837=DIRECTION('ref_axis',(1.,-2.22044604925031E-16,0.));
#5838=DIRECTION('center_axis',(-2.27738056333365E-16,-1.,0.));
#5839=DIRECTION('ref_axis',(1.,-2.22044604925031E-16,0.));
#5840=DIRECTION('center_axis',(-1.,2.27738056333365E-16,0.));
#5841=DIRECTION('ref_axis',(0.,-0.500000000000005,-0.866025403784436));
#5842=DIRECTION('',(1.,-2.27738056333365E-16,0.));
#5843=DIRECTION('center_axis',(0.,0.,1.));
#5844=DIRECTION('ref_axis',(0.,1.,0.));
#5845=DIRECTION('',(0.,1.,0.));
#5846=DIRECTION('',(-1.,0.,0.));
#5847=DIRECTION('center_axis',(-1.,0.,0.));
#5848=DIRECTION('ref_axis',(0.,0.,-1.));
#5849=DIRECTION('',(1.,0.,0.));
#5850=DIRECTION('center_axis',(1.,0.,0.));
#5851=DIRECTION('ref_axis',(0.,0.,-1.));
#5852=DIRECTION('center_axis',(-1.,0.,0.));
#5853=DIRECTION('ref_axis',(0.,-8.88178419700125E-16,1.));
#5854=DIRECTION('center_axis',(-1.,0.,0.));
#5855=DIRECTION('ref_axis',(0.,-8.88178419700125E-16,1.));
#5856=DIRECTION('',(-1.,0.,0.));
#5857=DIRECTION('center_axis',(0.,2.22044604925031E-16,-1.));
#5858=DIRECTION('ref_axis',(0.,-1.,-2.22044604925031E-16));
#5859=DIRECTION('',(0.,-1.,-2.22044604925031E-16));
#5860=DIRECTION('center_axis',(-1.,0.,0.));
#5861=DIRECTION('ref_axis',(0.,0.,1.));
#5862=DIRECTION('center_axis',(0.,0.,-1.));
#5863=DIRECTION('ref_axis',(1.,0.,0.));
#5864=DIRECTION('center_axis',(0.,-6.83479890319697E-17,-1.));
#5865=DIRECTION('ref_axis',(1.,0.,0.));
#5866=DIRECTION('',(0.,0.,-1.));
#5867=DIRECTION('center_axis',(0.,0.,1.));
#5868=DIRECTION('ref_axis',(1.,0.,0.));
#5869=DIRECTION('center_axis',(0.,0.,-1.));
#5870=DIRECTION('ref_axis',(1.,0.,0.));
#5871=DIRECTION('center_axis',(0.,-6.83479890319697E-17,-1.));
#5872=DIRECTION('ref_axis',(1.,0.,0.));
#5873=DIRECTION('',(0.,0.,-1.));
#5874=DIRECTION('center_axis',(0.,0.,1.));
#5875=DIRECTION('ref_axis',(1.,0.,0.));
#5876=DIRECTION('center_axis',(0.,0.,-1.));
#5877=DIRECTION('ref_axis',(0.,1.,0.));
#5878=DIRECTION('',(1.,0.,0.));
#5879=DIRECTION('center_axis',(0.,-1.,0.));
#5880=DIRECTION('ref_axis',(0.,0.,-1.));
#5881=DIRECTION('',(1.,0.,0.));
#5882=DIRECTION('center_axis',(0.,6.83479890319697E-17,1.));
#5883=DIRECTION('ref_axis',(0.,-1.,6.83479890319697E-17));
#5884=DIRECTION('center_axis',(0.,-1.,0.));
#5885=DIRECTION('ref_axis',(0.,0.,1.));
#5886=DIRECTION('',(0.,0.,1.));
#5887=DIRECTION('',(-1.,0.,0.));
#5888=DIRECTION('',(0.,0.,-1.));
#5889=DIRECTION('',(-1.,0.,0.));
#5890=DIRECTION('center_axis',(0.,-1.,0.));
#5891=DIRECTION('ref_axis',(0.,0.,1.));
#5892=DIRECTION('',(-1.,0.,0.));
#5893=DIRECTION('',(0.,0.,1.));
#5894=DIRECTION('',(-1.,0.,0.));
#5895=DIRECTION('center_axis',(0.,0.,-1.));
#5896=DIRECTION('ref_axis',(0.,-1.,0.));
#5897=DIRECTION('',(0.,-1.,0.));
#5898=DIRECTION('',(-1.,0.,0.));
#5899=DIRECTION('',(0.,1.,0.));
#5900=DIRECTION('center_axis',(0.,0.,-1.));
#5901=DIRECTION('ref_axis',(0.,-1.,0.));
#5902=DIRECTION('',(0.,-1.,0.));
#5903=DIRECTION('',(-1.,0.,0.));
#5904=DIRECTION('center_axis',(0.,0.,1.));
#5905=DIRECTION('ref_axis',(0.,1.,0.));
#5906=DIRECTION('',(0.,1.,0.));
#5907=DIRECTION('',(0.,-1.,0.));
#5908=DIRECTION('',(-1.,0.,0.));
#5909=DIRECTION('center_axis',(0.,1.,0.));
#5910=DIRECTION('ref_axis',(0.,0.,-1.));
#5911=DIRECTION('',(0.,0.,-1.));
#5912=DIRECTION('',(0.,0.,1.));
#5913=DIRECTION('center_axis',(0.,1.,0.));
#5914=DIRECTION('ref_axis',(0.,0.,-1.));
#5915=DIRECTION('',(0.,0.,-1.));
#5916=DIRECTION('',(-1.,0.,0.));
#5917=DIRECTION('center_axis',(0.,0.,1.));
#5918=DIRECTION('ref_axis',(0.,1.,0.));
#5919=DIRECTION('',(0.,1.,0.));
#5920=DIRECTION('center_axis',(0.,0.,-1.));
#5921=DIRECTION('ref_axis',(1.,0.,0.));
#5922=DIRECTION('',(0.,-1.,0.));
#5923=DIRECTION('',(1.,0.,0.));
#5924=DIRECTION('',(0.,-1.,0.));
#5925=DIRECTION('center_axis',(-1.,0.,0.));
#5926=DIRECTION('ref_axis',(0.,0.,-1.));
#5927=DIRECTION('',(0.,0.,-1.));
#5928=DIRECTION('center_axis',(1.,0.,0.));
#5929=DIRECTION('ref_axis',(0.,0.,1.));
#5930=DIRECTION('',(0.,0.,1.));
#5931=DIRECTION('center_axis',(0.,1.,0.));
#5932=DIRECTION('ref_axis',(-1.,0.,0.));
#5933=DIRECTION('',(0.,0.,1.));
#5934=DIRECTION('',(0.,0.,1.));
#5935=DIRECTION('',(0.,0.,-1.));
#5936=DIRECTION('',(1.,0.,0.));
#5937=DIRECTION('',(0.,0.,1.));
#5938=DIRECTION('',(-1.,0.,0.));
#5939=DIRECTION('',(0.,0.,-1.));
#5940=DIRECTION('',(1.,0.,0.));
#5941=DIRECTION('',(0.,0.,1.));
#5942=DIRECTION('',(-1.,0.,0.));
#5943=DIRECTION('',(0.,0.,-1.));
#5944=DIRECTION('',(1.,0.,0.));
#5945=DIRECTION('',(0.,0.,1.));
#5946=DIRECTION('',(-1.,0.,0.));
#5947=DIRECTION('center_axis',(1.,0.,0.));
#5948=DIRECTION('ref_axis',(0.,0.,1.));
#5949=DIRECTION('',(0.,-1.,0.));
#5950=DIRECTION('',(0.,-1.,0.));
#5951=DIRECTION('center_axis',(0.,0.,-1.));
#5952=DIRECTION('ref_axis',(1.,0.,0.));
#5953=DIRECTION('',(0.,-1.,0.));
#5954=DIRECTION('center_axis',(-1.,0.,0.));
#5955=DIRECTION('ref_axis',(0.,0.,-1.));
#5956=DIRECTION('',(0.,-1.,0.));
#5957=DIRECTION('center_axis',(0.,0.,1.));
#5958=DIRECTION('ref_axis',(-1.,0.,0.));
#5959=DIRECTION('center_axis',(1.,0.,0.));
#5960=DIRECTION('ref_axis',(0.,0.,1.));
#5961=DIRECTION('',(0.,-1.,0.));
#5962=DIRECTION('',(0.,-1.,0.));
#5963=DIRECTION('center_axis',(0.,0.,-1.));
#5964=DIRECTION('ref_axis',(1.,0.,0.));
#5965=DIRECTION('',(0.,-1.,0.));
#5966=DIRECTION('center_axis',(-1.,0.,0.));
#5967=DIRECTION('ref_axis',(0.,0.,-1.));
#5968=DIRECTION('',(0.,-1.,0.));
#5969=DIRECTION('center_axis',(0.,0.,1.));
#5970=DIRECTION('ref_axis',(-1.,0.,0.));
#5971=DIRECTION('center_axis',(1.,0.,0.));
#5972=DIRECTION('ref_axis',(0.,0.,1.));
#5973=DIRECTION('',(0.,-1.,0.));
#5974=DIRECTION('',(0.,-1.,0.));
#5975=DIRECTION('center_axis',(0.,0.,-1.));
#5976=DIRECTION('ref_axis',(1.,0.,0.));
#5977=DIRECTION('',(0.,-1.,0.));
#5978=DIRECTION('center_axis',(-1.,0.,0.));
#5979=DIRECTION('ref_axis',(0.,0.,-1.));
#5980=DIRECTION('',(0.,-1.,0.));
#5981=DIRECTION('center_axis',(0.,0.,1.));
#5982=DIRECTION('ref_axis',(-1.,0.,0.));
#5983=DIRECTION('center_axis',(-2.22044604925031E-16,-1.,0.));
#5984=DIRECTION('ref_axis',(1.,-2.22044604925031E-16,0.));
#5985=DIRECTION('',(-2.22044604925031E-16,-1.,0.));
#5986=DIRECTION('center_axis',(0.,1.,0.));
#5987=DIRECTION('ref_axis',(1.,-2.22044604925031E-16,0.));
#5988=DIRECTION('center_axis',(-2.22044604925031E-16,-1.,0.));
#5989=DIRECTION('ref_axis',(1.,-2.22044604925031E-16,0.));
#5990=DIRECTION('',(-2.22044604925031E-16,-1.,0.));
#5991=DIRECTION('center_axis',(0.,1.,0.));
#5992=DIRECTION('ref_axis',(1.,-2.22044604925031E-16,0.));
#5993=DIRECTION('center_axis',(0.447213595499956,0.894427190999917,2.97904098389671E-15));
#5994=DIRECTION('ref_axis',(-0.894427190999917,0.447213595499956,0.));
#5995=DIRECTION('center_axis',(0.,0.,1.));
#5996=DIRECTION('ref_axis',(-4.44089209850064E-15,1.,0.));
#5997=DIRECTION('center_axis',(-0.447213595499956,0.894427190999917,0.));
#5998=DIRECTION('ref_axis',(0.894427190999917,0.447213595499956,0.));
#5999=DIRECTION('center_axis',(0.,0.,1.));
#6000=DIRECTION('ref_axis',(1.,0.,0.));
#6001=DIRECTION('center_axis',(0.,1.,0.));
#6002=DIRECTION('ref_axis',(0.707106781186549,0.,0.707106781186546));
#6003=DIRECTION('',(0.,1.,0.));
#6004=DIRECTION('center_axis',(0.,-1.,0.));
#6005=DIRECTION('ref_axis',(-0.707106781186549,0.,0.707106781186546));
#6006=DIRECTION('center_axis',(0.,0.,1.));
#6007=DIRECTION('ref_axis',(0.,1.,0.));
#6008=DIRECTION('center_axis',(0.,0.,1.));
#6009=DIRECTION('ref_axis',(0.,1.,0.));
#6010=DIRECTION('center_axis',(0.,0.,1.));
#6011=DIRECTION('ref_axis',(1.,0.,0.));
#6012=DIRECTION('',(0.,0.,1.));
#6013=DIRECTION('center_axis',(0.,0.,1.));
#6014=DIRECTION('ref_axis',(1.,0.,0.));
#6015=DIRECTION('center_axis',(1.,0.,0.));
#6016=DIRECTION('ref_axis',(0.,1.,0.));
#6017=DIRECTION('center_axis',(-1.,0.,0.));
#6018=DIRECTION('ref_axis',(0.,-1.,-7.7775622085039E-14));
#6019=DIRECTION('',(0.,1.,0.));
#6020=DIRECTION('center_axis',(-1.,0.,0.));
#6021=DIRECTION('ref_axis',(0.,0.,-1.));
#6022=DIRECTION('center_axis',(-1.,0.,0.));
#6023=DIRECTION('ref_axis',(0.,0.,-1.));
#6024=DIRECTION('center_axis',(1.,0.,0.));
#6025=DIRECTION('ref_axis',(0.,0.,-1.));
#6026=DIRECTION('',(1.,0.,0.));
#6027=DIRECTION('center_axis',(-1.,0.,0.));
#6028=DIRECTION('ref_axis',(0.,0.,-1.));
#6029=DIRECTION('center_axis',(1.,0.,0.));
#6030=DIRECTION('ref_axis',(0.,0.,-1.));
#6031=DIRECTION('center_axis',(1.,0.,0.));
#6032=DIRECTION('ref_axis',(0.,0.,-1.));
#6033=DIRECTION('',(1.,0.,0.));
#6034=DIRECTION('center_axis',(1.,0.,0.));
#6035=DIRECTION('ref_axis',(0.,0.,-1.));
#6036=DIRECTION('',(1.,0.,0.));
#6037=DIRECTION('center_axis',(-1.,0.,0.));
#6038=DIRECTION('ref_axis',(0.,0.,-1.));
#6039=DIRECTION('center_axis',(1.,0.,0.));
#6040=DIRECTION('ref_axis',(0.,0.,-1.));
#6041=DIRECTION('center_axis',(1.,0.,0.));
#6042=DIRECTION('ref_axis',(0.,0.,-1.));
#6043=DIRECTION('',(1.,0.,0.));
#6044=DIRECTION('center_axis',(-1.,0.,0.));
#6045=DIRECTION('ref_axis',(0.,-1.,-7.7775622085039E-14));
#6046=DIRECTION('center_axis',(-1.,0.,0.));
#6047=DIRECTION('ref_axis',(0.,-1.,-7.7775622085039E-14));
#6048=DIRECTION('',(-1.,0.,0.));
#6049=DIRECTION('center_axis',(1.,0.,0.));
#6050=DIRECTION('ref_axis',(0.,1.,-1.03760841500794E-13));
#6051=DIRECTION('center_axis',(1.,0.,0.));
#6052=DIRECTION('ref_axis',(0.,1.,-1.03760841500794E-13));
#6053=DIRECTION('',(1.,0.,0.));
#6054=DIRECTION('center_axis',(0.,-1.,0.));
#6055=DIRECTION('ref_axis',(1.,0.,0.));
#6056=DIRECTION('',(1.,0.,0.));
#6057=DIRECTION('',(0.,0.,1.));
#6058=DIRECTION('',(0.,0.,1.));
#6059=DIRECTION('center_axis',(0.,0.,1.));
#6060=DIRECTION('ref_axis',(1.,0.,0.));
#6061=DIRECTION('',(0.,-1.,0.));
#6062=DIRECTION('',(0.,-1.,0.));
#6063=DIRECTION('center_axis',(-1.,0.,0.));
#6064=DIRECTION('ref_axis',(0.,-1.,0.));
#6065=DIRECTION('',(0.,0.,1.));
#6066=DIRECTION('center_axis',(0.,1.,0.));
#6067=DIRECTION('ref_axis',(-1.,0.,0.));
#6068=DIRECTION('',(0.,0.,1.));
#6069=DIRECTION('center_axis',(-1.,-9.47684382426852E-16,0.));
#6070=DIRECTION('ref_axis',(9.47684382426852E-16,-1.,0.));
#6071=DIRECTION('center_axis',(1.,-9.47684382426852E-16,0.));
#6072=DIRECTION('ref_axis',(9.47684382426852E-16,1.,0.));
#6073=DIRECTION('',(0.,0.,1.));
#6074=DIRECTION('center_axis',(0.,1.,0.));
#6075=DIRECTION('ref_axis',(-1.,0.,0.));
#6076=DIRECTION('',(0.,0.,1.));
#6077=DIRECTION('center_axis',(1.,0.,0.));
#6078=DIRECTION('ref_axis',(0.,1.,0.));
#6079=DIRECTION('center_axis',(0.,-6.93889390390723E-17,-1.));
#6080=DIRECTION('ref_axis',(1.,0.,0.));
#6081=DIRECTION('center_axis',(0.,-6.83479890319697E-17,-1.));
#6082=DIRECTION('ref_axis',(1.,0.,0.));
#6083=DIRECTION('',(0.,-6.93889390390723E-17,-1.));
#6084=DIRECTION('center_axis',(0.,0.,1.));
#6085=DIRECTION('ref_axis',(1.,0.,0.));
#6086=DIRECTION('center_axis',(0.,-6.93889390390723E-17,-1.));
#6087=DIRECTION('ref_axis',(1.,0.,0.));
#6088=DIRECTION('center_axis',(0.,-6.83479890319697E-17,-1.));
#6089=DIRECTION('ref_axis',(1.,0.,0.));
#6090=DIRECTION('',(0.,-6.93889390390723E-17,-1.));
#6091=DIRECTION('center_axis',(0.,0.,1.));
#6092=DIRECTION('ref_axis',(1.,0.,0.));
#6093=DIRECTION('center_axis',(0.,1.,0.));
#6094=DIRECTION('ref_axis',(0.,0.,1.));
#6095=DIRECTION('',(0.,0.,1.));
#6096=DIRECTION('',(1.,0.,0.));
#6097=DIRECTION('',(0.,0.,-1.));
#6098=DIRECTION('',(1.,0.,0.));
#6099=DIRECTION('center_axis',(0.,1.,0.));
#6100=DIRECTION('ref_axis',(0.,0.,1.));
#6101=DIRECTION('',(-1.,0.,0.));
#6102=DIRECTION('',(-1.,0.,0.));
#6103=DIRECTION('',(-1.,0.,0.));
#6104=DIRECTION('center_axis',(0.,6.83479890319697E-17,1.));
#6105=DIRECTION('ref_axis',(0.,-1.,6.83479890319697E-17));
#6106=DIRECTION('',(1.,0.,0.));
#6107=DIRECTION('center_axis',(0.,-1.,0.));
#6108=DIRECTION('ref_axis',(0.,0.,-1.));
#6109=DIRECTION('',(1.,0.,0.));
#6110=DIRECTION('center_axis',(0.,0.,-1.));
#6111=DIRECTION('ref_axis',(0.,1.,0.));
#6112=CARTESIAN_POINT('',(0.,0.,0.));
#6113=CARTESIAN_POINT('Origin',(-36.9,33.801999021832,27.6000508000971));
#6114=CARTESIAN_POINT('',(36.9,33.801999021832,27.6000508000971));
#6115=CARTESIAN_POINT('',(36.9,46.801999021832,27.6000508000971));
#6116=CARTESIAN_POINT('',(36.9,6.00571813667405,27.6000508000971));
#6117=CARTESIAN_POINT('',(40.,33.801999021832,27.6000508000971));
#6118=CARTESIAN_POINT('',(-36.9,33.801999021832,27.6000508000971));
#6119=CARTESIAN_POINT('',(40.,46.801999021832,27.6000508000971));
#6120=CARTESIAN_POINT('',(40.,50.1657181366741,27.6000508000971));
#6121=CARTESIAN_POINT('',(-36.9,46.801999021832,27.6000508000971));
#6122=CARTESIAN_POINT('Origin',(-36.9,33.801999021832,27.6000508000971));
#6123=CARTESIAN_POINT('',(-40.,33.801999021832,27.6000508000971));
#6124=CARTESIAN_POINT('',(-40.,46.801999021832,27.6000508000971));
#6125=CARTESIAN_POINT('',(-40.,56.1657181366741,27.6000508000971));
#6126=CARTESIAN_POINT('',(-36.9,33.801999021832,27.6000508000971));
#6127=CARTESIAN_POINT('',(-36.9,33.801999021832,27.6000508000971));
#6128=CARTESIAN_POINT('',(-36.9,46.801999021832,27.6000508000971));
#6129=CARTESIAN_POINT('',(-36.9,47.1703052205164,27.6000508000971));
#6130=CARTESIAN_POINT('',(-36.9,46.801999021832,27.6000508000971));
#6131=CARTESIAN_POINT('Origin',(-36.9,46.801999021832,27.6000508000971));
#6132=CARTESIAN_POINT('',(36.9,46.801999021832,32.6000508000971));
#6133=CARTESIAN_POINT('',(36.9,46.801999021832,32.1075690717214));
#6134=CARTESIAN_POINT('',(40.,46.801999021832,32.6000508000971));
#6135=CARTESIAN_POINT('',(40.,46.801999021832,13.8000254000486));
#6136=CARTESIAN_POINT('',(-36.9,46.801999021832,32.6000508000971));
#6137=CARTESIAN_POINT('Origin',(-36.9,46.801999021832,27.6000508000971));
#6138=CARTESIAN_POINT('',(-40.,46.801999021832,32.6000508000971));
#6139=CARTESIAN_POINT('',(-40.,46.801999021832,13.8000254000486));
#6140=CARTESIAN_POINT('',(-36.9,46.801999021832,32.6000508000971));
#6141=CARTESIAN_POINT('',(-36.9,46.801999021832,32.1075690717214));
#6142=CARTESIAN_POINT('',(-36.9,46.801999021832,32.6000508000971));
#6143=CARTESIAN_POINT('Origin',(-36.9,33.801999021832,32.6000508000971));
#6144=CARTESIAN_POINT('',(36.9,33.801999021832,32.6000508000971));
#6145=CARTESIAN_POINT('',(36.9,33.801999021832,34.6075690717214));
#6146=CARTESIAN_POINT('',(40.,33.801999021832,32.6000508000971));
#6147=CARTESIAN_POINT('',(-36.9,33.801999021832,32.6000508000971));
#6148=CARTESIAN_POINT('',(40.,33.801999021832,16.3000254000486));
#6149=CARTESIAN_POINT('Origin',(-36.9,46.801999021832,32.6000508000971));
#6150=CARTESIAN_POINT('',(36.9,12.5057181366741,32.6000508000971));
#6151=CARTESIAN_POINT('',(40.,56.665718136674,32.6000508000971));
#6152=CARTESIAN_POINT('Origin',(-36.9,46.801999021832,32.6000508000971));
#6153=CARTESIAN_POINT('',(-40.,33.801999021832,32.6000508000971));
#6154=CARTESIAN_POINT('',(-40.,62.6657181366741,32.6000508000971));
#6155=CARTESIAN_POINT('',(-36.9,33.801999021832,32.6000508000971));
#6156=CARTESIAN_POINT('',(-36.9,53.6703052205164,32.6000508000971));
#6157=CARTESIAN_POINT('',(-36.9,33.801999021832,32.6000508000971));
#6158=CARTESIAN_POINT('Origin',(-36.9,33.801999021832,32.6000508000971));
#6159=CARTESIAN_POINT('',(-40.,33.801999021832,16.3000254000486));
#6160=CARTESIAN_POINT('',(-36.9,33.801999021832,34.6075690717214));
#6161=CARTESIAN_POINT('Origin',(-36.9,3.80199902183204,27.6000508000971));
#6162=CARTESIAN_POINT('',(36.9,3.80199902183204,27.6000508000971));
#6163=CARTESIAN_POINT('',(36.9,16.801999021832,27.6000508000971));
#6164=CARTESIAN_POINT('',(36.9,-8.99428186332594,27.6000508000971));
#6165=CARTESIAN_POINT('',(40.,3.80199902183204,27.6000508000971));
#6166=CARTESIAN_POINT('',(-36.9,3.80199902183204,27.6000508000971));
#6167=CARTESIAN_POINT('',(40.,16.801999021832,27.6000508000971));
#6168=CARTESIAN_POINT('',(40.,35.1657181366741,27.6000508000971));
#6169=CARTESIAN_POINT('',(-36.9,16.801999021832,27.6000508000971));
#6170=CARTESIAN_POINT('Origin',(-36.9,3.80199902183204,27.6000508000971));
#6171=CARTESIAN_POINT('',(-40.,3.80199902183204,27.6000508000971));
#6172=CARTESIAN_POINT('',(-40.,16.801999021832,27.6000508000971));
#6173=CARTESIAN_POINT('',(-40.,41.1657181366741,27.6000508000971));
#6174=CARTESIAN_POINT('',(-36.9,3.80199902183204,27.6000508000971));
#6175=CARTESIAN_POINT('',(-36.9,3.80199902183204,27.6000508000971));
#6176=CARTESIAN_POINT('',(-36.9,16.801999021832,27.6000508000971));
#6177=CARTESIAN_POINT('',(-36.9,32.1703052205164,27.6000508000971));
#6178=CARTESIAN_POINT('',(-36.9,16.801999021832,27.6000508000971));
#6179=CARTESIAN_POINT('Origin',(-36.9,16.801999021832,27.6000508000971));
#6180=CARTESIAN_POINT('',(36.9,16.801999021832,32.6000508000971));
#6181=CARTESIAN_POINT('',(36.9,16.801999021832,32.1075690717214));
#6182=CARTESIAN_POINT('',(40.,16.801999021832,32.6000508000971));
#6183=CARTESIAN_POINT('',(40.,16.801999021832,13.8000254000486));
#6184=CARTESIAN_POINT('',(-36.9,16.801999021832,32.6000508000971));
#6185=CARTESIAN_POINT('Origin',(-36.9,16.801999021832,27.6000508000971));
#6186=CARTESIAN_POINT('',(-40.,16.801999021832,32.6000508000971));
#6187=CARTESIAN_POINT('',(-40.,16.801999021832,13.8000254000486));
#6188=CARTESIAN_POINT('',(-36.9,16.801999021832,32.6000508000971));
#6189=CARTESIAN_POINT('',(-36.9,16.801999021832,32.1075690717214));
#6190=CARTESIAN_POINT('',(-36.9,16.801999021832,32.6000508000971));
#6191=CARTESIAN_POINT('Origin',(-36.9,3.80199902183204,32.6000508000971));
#6192=CARTESIAN_POINT('',(36.9,3.80199902183204,32.6000508000971));
#6193=CARTESIAN_POINT('',(36.9,3.80199902183204,34.6075690717214));
#6194=CARTESIAN_POINT('',(40.,3.80199902183204,32.6000508000971));
#6195=CARTESIAN_POINT('',(-36.9,3.80199902183204,32.6000508000971));
#6196=CARTESIAN_POINT('',(40.,3.80199902183204,16.3000254000486));
#6197=CARTESIAN_POINT('Origin',(-36.9,16.801999021832,32.6000508000971));
#6198=CARTESIAN_POINT('',(36.9,-2.49428186332595,32.6000508000971));
#6199=CARTESIAN_POINT('',(40.,41.665718136674,32.6000508000971));
#6200=CARTESIAN_POINT('Origin',(-36.9,16.801999021832,32.6000508000971));
#6201=CARTESIAN_POINT('',(-40.,3.80199902183204,32.6000508000971));
#6202=CARTESIAN_POINT('',(-40.,47.6657181366741,32.6000508000972));
#6203=CARTESIAN_POINT('',(-36.9,3.80199902183204,32.6000508000971));
#6204=CARTESIAN_POINT('',(-36.9,38.6703052205164,32.6000508000971));
#6205=CARTESIAN_POINT('',(-36.9,3.80199902183204,32.6000508000971));
#6206=CARTESIAN_POINT('Origin',(-36.9,3.80199902183204,32.6000508000971));
#6207=CARTESIAN_POINT('',(-40.,3.80199902183204,16.3000254000486));
#6208=CARTESIAN_POINT('',(-36.9,3.80199902183204,34.6075690717214));
#6209=CARTESIAN_POINT('Origin',(-36.9,60.5032133953104,36.1500873433457));
#6210=CARTESIAN_POINT('',(-33.5,60.5032133953104,36.1500873433457));
#6211=CARTESIAN_POINT('',(-36.9,60.5032133953104,36.1500873433457));
#6212=CARTESIAN_POINT('',(-35.2,60.5032133953104,36.1500873433457));
#6213=CARTESIAN_POINT('',(33.5,60.5032133953104,36.1500873433458));
#6214=CARTESIAN_POINT('',(-36.9,60.5032133953104,36.1500873433457));
#6215=CARTESIAN_POINT('',(36.9,60.5032133953104,36.1500873433458));
#6216=CARTESIAN_POINT('',(3.10082113415497E-16,60.5032133953104,36.1500873433457));
#6217=CARTESIAN_POINT('',(36.9,56.5032133953104,36.1500873433458));
#6218=CARTESIAN_POINT('',(36.9,19.3563253234132,36.1500873433458));
#6219=CARTESIAN_POINT('',(-36.9,56.5032133953104,36.1500873433457));
#6220=CARTESIAN_POINT('',(-36.9,56.5032133953104,36.1500873433457));
#6221=CARTESIAN_POINT('',(-36.9,60.5209124072556,36.1500873433457));
#6222=CARTESIAN_POINT('Origin',(36.9,60.5032133953104,38.5500873433458));
#6223=CARTESIAN_POINT('',(33.5,60.5032133953104,38.5500873433458));
#6224=CARTESIAN_POINT('',(36.9,60.5032133953104,38.5500873433458));
#6225=CARTESIAN_POINT('',(36.9,60.5032133953104,38.5500873433458));
#6226=CARTESIAN_POINT('',(-33.5,60.5032133953104,38.5500873433457));
#6227=CARTESIAN_POINT('',(36.9,60.5032133953104,38.5500873433458));
#6228=CARTESIAN_POINT('',(-36.9,60.5032133953104,38.5500873433457));
#6229=CARTESIAN_POINT('',(1.7,60.5032133953104,38.5500873433457));
#6230=CARTESIAN_POINT('',(-36.9,56.5032133953104,38.5500873433457));
#6231=CARTESIAN_POINT('',(-36.9,60.5209124072556,38.5500873433457));
#6232=CARTESIAN_POINT('',(36.9,56.5032133953104,38.5500873433458));
#6233=CARTESIAN_POINT('',(36.9,56.5032133953104,38.5500873433458));
#6234=CARTESIAN_POINT('',(36.9,19.3563253234132,38.5500873433458));
#6235=CARTESIAN_POINT('Origin',(0.,56.5032133953104,37.3500873433457));
#6236=CARTESIAN_POINT('',(36.9,56.5032133953104,36.9825873433458));
#6237=CARTESIAN_POINT('',(-36.9,56.5032133953104,36.9825873433458));
#6238=CARTESIAN_POINT('Origin',(0.,60.5032133953104,37.3500873433457));
#6239=CARTESIAN_POINT('',(-33.5,60.5032133953104,41.));
#6240=CARTESIAN_POINT('',(33.5,60.5032133953104,41.));
#6241=CARTESIAN_POINT('Origin',(-33.5,60.5032133953104,41.));
#6242=CARTESIAN_POINT('',(-36.9,60.5032133953104,25.9999999999999));
#6243=CARTESIAN_POINT('',(-36.9,60.5032133953104,38.8075436716729));
#6244=CARTESIAN_POINT('',(-33.5,60.5032133953104,25.9999999999999));
#6245=CARTESIAN_POINT('',(-34.35,60.5032133953104,25.9999999999999));
#6246=CARTESIAN_POINT('',(-33.5,60.5032133953104,41.));
#6247=CARTESIAN_POINT('Origin',(-33.5,60.5032133953104,41.));
#6248=CARTESIAN_POINT('',(-33.5,60.5032133953104,41.));
#6249=CARTESIAN_POINT('',(-33.5,60.5032133953104,41.));
#6250=CARTESIAN_POINT('',(-36.9,60.5032133953104,41.));
#6251=CARTESIAN_POINT('',(-36.9,60.5032133953104,41.));
#6252=CARTESIAN_POINT('',(-36.9,60.5032133953104,38.8075436716729));
#6253=CARTESIAN_POINT('Origin',(36.9,60.5032133953104,41.));
#6254=CARTESIAN_POINT('',(36.9,60.5032133953104,41.));
#6255=CARTESIAN_POINT('',(36.9,60.5032133953104,38.8075436716729));
#6256=CARTESIAN_POINT('',(33.5,60.5032133953104,41.));
#6257=CARTESIAN_POINT('',(33.5,60.5032133953104,41.));
#6258=CARTESIAN_POINT('',(33.5,60.5032133953104,41.));
#6259=CARTESIAN_POINT('Origin',(36.9,60.5032133953104,41.));
#6260=CARTESIAN_POINT('',(33.5,60.5032133953104,25.9999999999999));
#6261=CARTESIAN_POINT('',(33.5,60.5032133953104,41.));
#6262=CARTESIAN_POINT('',(36.9,60.5032133953104,25.9999999999999));
#6263=CARTESIAN_POINT('',(36.05,60.5032133953104,25.9999999999999));
#6264=CARTESIAN_POINT('',(36.9,60.5032133953104,38.8075436716729));
#6265=CARTESIAN_POINT('Origin',(36.9,60.5032133953104,41.));
#6266=CARTESIAN_POINT('',(36.9,60.5032133953104,20.5000508001019));
#6267=CARTESIAN_POINT('',(36.9,60.5032133953104,8.73433457463805E-5));
#6268=CARTESIAN_POINT('',(36.9,60.5032133953104,38.8075436716729));
#6269=CARTESIAN_POINT('',(33.5,60.5032133953104,20.5000508001019));
#6270=CARTESIAN_POINT('',(18.45,60.5032133953104,20.5000508001019));
#6271=CARTESIAN_POINT('',(33.5,60.5032133953104,-8.88178419700125E-15));
#6272=CARTESIAN_POINT('',(33.5,60.5032133953104,41.));
#6273=CARTESIAN_POINT('',(18.45,60.5032133953104,-4.44089209850063E-15));
#6274=CARTESIAN_POINT('Origin',(-33.5,60.5032133953104,41.));
#6275=CARTESIAN_POINT('',(-33.5,60.5032133953104,8.88178419700125E-15));
#6276=CARTESIAN_POINT('',(-36.9,60.5032133953104,8.73433457570037E-5));
#6277=CARTESIAN_POINT('',(-16.75,60.5032133953104,4.44089209850063E-15));
#6278=CARTESIAN_POINT('',(-33.5,60.5032133953104,20.5000508001019));
#6279=CARTESIAN_POINT('',(-33.5,60.5032133953104,41.));
#6280=CARTESIAN_POINT('',(-36.9,60.5032133953104,20.5000508001019));
#6281=CARTESIAN_POINT('',(-16.75,60.5032133953104,20.5000508001019));
#6282=CARTESIAN_POINT('',(-36.9,60.5032133953104,38.8075436716729));
#6283=CARTESIAN_POINT('Origin',(-38.01,51.359292136167,39.0100873433458));
#6284=CARTESIAN_POINT('',(-38.0286445404133,-21.7905627484839,41.));
#6285=CARTESIAN_POINT('',(-38.01,-21.7905627484839,41.0000873433458));
#6286=CARTESIAN_POINT('Origin',(-38.01,-21.7905627484839,39.0100873433458));
#6287=CARTESIAN_POINT('',(-38.01,67.8494372515161,41.0000873433458));
#6288=CARTESIAN_POINT('',(-38.01,51.359292136167,41.0000873433458));
#6289=CARTESIAN_POINT('',(-40.,67.8494372515161,39.0100873433458));
#6290=CARTESIAN_POINT('Origin',(-38.01,67.8494372515161,39.0100873433458));
#6291=CARTESIAN_POINT('',(-40.,-19.4580692455225,39.0100873446551));
#6292=CARTESIAN_POINT('',(-40.,51.359292136167,39.0100873433458));
#6293=CARTESIAN_POINT('',(-38.0286445404132,-20.8146514745061,41.));
#6294=CARTESIAN_POINT('Ctrl Pts',(-38.0286445404132,-20.8146514745061,41.));
#6295=CARTESIAN_POINT('Ctrl Pts',(-38.0286445404132,-20.8121925346743,41.));
#6296=CARTESIAN_POINT('Ctrl Pts',(-38.0289819467434,-20.8099429027646,40.9999969295799));
#6297=CARTESIAN_POINT('Ctrl Pts',(-38.0305497807976,-20.8050751113947,40.9999814304167));
#6298=CARTESIAN_POINT('Ctrl Pts',(-38.0320116745433,-20.802490220081,40.9999667379112));
#6299=CARTESIAN_POINT('Ctrl Pts',(-38.0368637573235,-20.7965138971771,40.9999078813548));
#6300=CARTESIAN_POINT('Ctrl Pts',(-38.0405382790878,-20.7932714273293,40.9998576437124));
#6301=CARTESIAN_POINT('Ctrl Pts',(-38.0512261598432,-20.7851126429738,40.9996705439049));
#6302=CARTESIAN_POINT('Ctrl Pts',(-38.0597810129007,-20.7795795737188,40.9994929189087));
#6303=CARTESIAN_POINT('Ctrl Pts',(-38.0861055530062,-20.7636190539951,40.9986936626973));
#6304=CARTESIAN_POINT('Ctrl Pts',(-38.1069200588489,-20.7517609692515,40.9978770989179));
#6305=CARTESIAN_POINT('Ctrl Pts',(-38.1987397549006,-20.6999338471096,40.9922650854456));
#6306=CARTESIAN_POINT('Ctrl Pts',(-38.2666097620569,-20.6620063675866,40.9846919443096));
#6307=CARTESIAN_POINT('Ctrl Pts',(-38.629637484428,-20.4545021604624,40.924587900627));
#6308=CARTESIAN_POINT('Ctrl Pts',(-38.9079542054907,-20.2822211041237,40.8105072274323));
#6309=CARTESIAN_POINT('Ctrl Pts',(-39.3560188562755,-19.9786325092806,40.4970772505299));
#6310=CARTESIAN_POINT('Ctrl Pts',(-39.5363390050108,-19.844808596632,40.3130445897315));
#6311=CARTESIAN_POINT('Ctrl Pts',(-39.7878758357241,-19.6451600619407,39.9265668819459));
#6312=CARTESIAN_POINT('Ctrl Pts',(-39.8745512837028,-19.5710265132743,39.7370359673031));
#6313=CARTESIAN_POINT('Ctrl Pts',(-39.9762431655642,-19.4812672892436,39.3632987752092));
#6314=CARTESIAN_POINT('Ctrl Pts',(-39.9999999998831,-19.4589725584905,39.1880623046969));
#6315=CARTESIAN_POINT('Ctrl Pts',(-40.,-19.4580692455158,39.0100873446526));
#6316=CARTESIAN_POINT('',(-38.0286445404133,51.359292136167,41.));
#6317=CARTESIAN_POINT('Origin',(-40.,78.5294372515161,0.));
#6318=CARTESIAN_POINT('',(-40.,-19.4580436464871,8.7343345751556E-5));
#6319=CARTESIAN_POINT('',(-40.,66.5294372515161,0.));
#6320=CARTESIAN_POINT('',(-40.,67.8494372515161,8.7343345751556E-5));
#6321=CARTESIAN_POINT('',(-40.,-19.4580436464871,39.));
#6322=CARTESIAN_POINT('',(-40.,-19.4580436464871,0.));
#6323=CARTESIAN_POINT('Ctrl Pts',(-40.,-19.4580692455158,39.0100873446552));
#6324=CARTESIAN_POINT('Ctrl Pts',(-40.,-19.4580521380901,39.0067167594268));
#6325=CARTESIAN_POINT('Ctrl Pts',(-40.,-19.4580436464871,39.0033542165165));
#6326=CARTESIAN_POINT('Ctrl Pts',(-40.,-19.4580436464871,39.));
#6327=CARTESIAN_POINT('',(-40.,67.8494372515161,39.));
#6328=CARTESIAN_POINT('',(-40.,67.8494372515161,36.6150873433458));
#6329=CARTESIAN_POINT('',(-40.,129.529437251516,39.));
#6330=CARTESIAN_POINT('',(-40.,-5.19200935789065,39.));
#6331=CARTESIAN_POINT('',(-40.,129.529437251516,0.));
#6332=CARTESIAN_POINT('',(-40.,129.529437251516,0.));
#6333=CARTESIAN_POINT('',(-40.,116.529437654475,0.));
#6334=CARTESIAN_POINT('',(-40.,129.529437251516,0.));
#6335=CARTESIAN_POINT('',(-40.,79.5294368485409,0.));
#6336=CARTESIAN_POINT('Origin',(-40.,98.029437251508,-1.9195756095769E-12));
#6337=CARTESIAN_POINT('',(-40.,79.5294368485409,0.));
#6338=CARTESIAN_POINT('',(-40.,113.885521397909,26.6825373010778));
#6339=CARTESIAN_POINT('',(-40.,113.885521397909,31.9781723247043));
#6340=CARTESIAN_POINT('',(-40.,113.885521397909,15.9890861623521));
#6341=CARTESIAN_POINT('',(-40.,81.7886714484326,31.9781723247043));
#6342=CARTESIAN_POINT('',(-40.,80.1590543499743,31.9781723247043));
#6343=CARTESIAN_POINT('',(-40.,81.7886714484326,26.6825373010778));
#6344=CARTESIAN_POINT('',(-40.,81.7886714484326,13.3412686505389));
#6345=CARTESIAN_POINT('',(-40.,96.2074793247127,26.6825373010778));
#6346=CARTESIAN_POINT('',(-40.,77.4613342497641,13.2249998047828));
#6347=CARTESIAN_POINT('Origin',(-40.,77.4613342497641,11.8749998047828));
#6348=CARTESIAN_POINT('',(-40.,118.597540253278,13.2249998047827));
#6349=CARTESIAN_POINT('Origin',(-40.,118.597540253278,11.8749998047826));
#6350=CARTESIAN_POINT('Origin',(-36.9,67.8494372515161,36.6150873433458));
#6351=CARTESIAN_POINT('',(-36.9,67.8494372515161,41.0000873433458));
#6352=CARTESIAN_POINT('',(-36.9,67.8494372515161,41.0000873433458));
#6353=CARTESIAN_POINT('',(-36.9,67.8494372515161,41.));
#6354=CARTESIAN_POINT('',(-36.9,67.8494372515161,36.6150873433458));
#6355=CARTESIAN_POINT('',(-38.,67.8494372515161,41.));
#6356=CARTESIAN_POINT('',(4.85,67.8494372515161,41.));
#6357=CARTESIAN_POINT('Origin',(-38.,67.8494372515161,39.));
#6358=CARTESIAN_POINT('Origin',(38.,45.359292136167,39.0000873433458));
#6359=CARTESIAN_POINT('',(40.,67.8494372515161,39.0000873433458));
#6360=CARTESIAN_POINT('',(38.,67.8494372515161,41.0000873433458));
#6361=CARTESIAN_POINT('Origin',(38.,67.8494372515161,39.0000873433458));
#6362=CARTESIAN_POINT('',(38.,-21.7905627484839,41.0000873433458));
#6363=CARTESIAN_POINT('',(38.,45.359292136167,41.0000873433458));
#6364=CARTESIAN_POINT('',(38.0186913283135,-21.7905627484839,41.));
#6365=CARTESIAN_POINT('Origin',(38.,-21.7905627484839,39.0000873433458));
#6366=CARTESIAN_POINT('',(38.0186913283136,-20.8080977772034,41.));
#6367=CARTESIAN_POINT('',(38.0186913283135,45.359292136167,41.));
#6368=CARTESIAN_POINT('',(40.,-19.4580436484064,39.0000873442865));
#6369=CARTESIAN_POINT('Ctrl Pts',(40.,-19.4580436484064,39.0000873442865));
#6370=CARTESIAN_POINT('Ctrl Pts',(39.9999999999128,-19.458051794145,39.1854402738104));
#6371=CARTESIAN_POINT('Ctrl Pts',(39.9743732481484,-19.4812859098301,39.3671708817131));
#6372=CARTESIAN_POINT('Ctrl Pts',(39.8588371204665,-19.5812756633561,39.777805144882));
#6373=CARTESIAN_POINT('Ctrl Pts',(39.7515987206714,-19.6714285592618,39.9924668717017));
#6374=CARTESIAN_POINT('Ctrl Pts',(39.4491967708265,-19.9045154269605,40.4072374680043));
#6375=CARTESIAN_POINT('Ctrl Pts',(39.2311265880195,-20.0610218068221,40.6039493001585));
#6376=CARTESIAN_POINT('Ctrl Pts',(38.6757074274098,-20.4190073170164,40.91272226292));
#6377=CARTESIAN_POINT('Ctrl Pts',(38.3800640316622,-20.5876204315254,40.978439358727));
#6378=CARTESIAN_POINT('Ctrl Pts',(38.0975158522806,-20.7451912662724,40.9981443709917));
#6379=CARTESIAN_POINT('Ctrl Pts',(38.06386667154,-20.763970208268,40.9991593947039));
#6380=CARTESIAN_POINT('Ctrl Pts',(38.037264757258,-20.7815144537054,40.9997539317695));
#6381=CARTESIAN_POINT('Ctrl Pts',(38.0316598912528,-20.7857105968545,40.9998408814666));
#6382=CARTESIAN_POINT('Ctrl Pts',(38.0249701789571,-20.7921898509233,40.9999331769781));
#6383=CARTESIAN_POINT('Ctrl Pts',(38.0230204256602,-20.7945935099301,40.9999553438037));
#6384=CARTESIAN_POINT('Ctrl Pts',(38.0202294926976,-20.7994053006447,40.9999855166325));
#6385=CARTESIAN_POINT('Ctrl Pts',(38.0193306771946,-20.8019027685432,40.9999939622523));
#6386=CARTESIAN_POINT('Ctrl Pts',(38.0187718013004,-20.8057536782081,40.9999992526442));
#6387=CARTESIAN_POINT('Ctrl Pts',(38.0186913283136,-20.8068973591686,41.));
#6388=CARTESIAN_POINT('Ctrl Pts',(38.0186913283136,-20.8080977772035,41.));
#6389=CARTESIAN_POINT('',(40.,45.359292136167,39.0000873433458));
#6390=CARTESIAN_POINT('Origin',(33.5,-21.7905627484839,0.));
#6391=CARTESIAN_POINT('',(47.9,-21.7905627484839,41.));
#6392=CARTESIAN_POINT('',(33.5,-21.7905627484839,41.));
#6393=CARTESIAN_POINT('',(36.9,-21.7905627484839,41.0000873433458));
#6394=CARTESIAN_POINT('',(36.9,-21.7905627484839,41.0000873433458));
#6395=CARTESIAN_POINT('',(36.9,-21.7905627484839,0.));
#6396=CARTESIAN_POINT('',(36.9,-21.7905627484839,18.3075436716729));
#6397=CARTESIAN_POINT('',(47.9,-21.7905627484839,0.));
#6398=CARTESIAN_POINT('',(33.5,-21.7905627484839,0.));
#6399=CARTESIAN_POINT('',(47.9,-21.7905627484839,0.));
#6400=CARTESIAN_POINT('Origin',(38.45,24.189147020818,41.0000873433458));
#6401=CARTESIAN_POINT('',(36.9,67.8494372515161,41.0000873433458));
#6402=CARTESIAN_POINT('',(40.,67.8494372515161,41.0000873433458));
#6403=CARTESIAN_POINT('',(36.9,67.8494372515161,41.0000873433458));
#6404=CARTESIAN_POINT('Origin',(-40.2234271247462,-17.4705627484839,39.));
#6405=CARTESIAN_POINT('',(-40.2234271247462,-21.4705627484839,41.));
#6406=CARTESIAN_POINT('Origin',(-40.2234271247462,-17.4705627484839,41.));
#6407=CARTESIAN_POINT('',(-40.2234271247462,-19.4705627484839,39.));
#6408=CARTESIAN_POINT('Origin',(-40.2234271247462,-17.4705627484839,39.));
#6409=CARTESIAN_POINT('Origin',(-40.2234271247462,-21.4705627484839,39.));
#6410=CARTESIAN_POINT('Origin',(36.9,-21.7905627484839,36.6150873433458));
#6411=CARTESIAN_POINT('',(36.9,-16.9755627484839,8.7343345751556E-5));
#6412=CARTESIAN_POINT('',(36.9,0.619437251516073,0.));
#6413=CARTESIAN_POINT('',(36.9,-10.5320093578907,41.));
#6414=CARTESIAN_POINT('',(36.9,54.0762746145267,25.9999999999999));
#6415=CARTESIAN_POINT('',(36.9,17.7605650842191,25.9999999999999));
#6416=CARTESIAN_POINT('',(36.9,54.0762746145267,20.5000508001019));
#6417=CARTESIAN_POINT('',(36.9,54.0762746145267,31.3075436716728));
#6418=CARTESIAN_POINT('',(36.9,3.13246691302331,20.5000508001019));
#6419=CARTESIAN_POINT('',(36.9,67.8494372515161,8.7343345751556E-5));
#6420=CARTESIAN_POINT('',(36.9,2.37570848662747,25.9999999999999));
#6421=CARTESIAN_POINT('',(36.9,-4.43611807025658,25.9999999999999));
#6422=CARTESIAN_POINT('',(36.9,-11.4103837701492,25.9999999999999));
#6423=CARTESIAN_POINT('',(36.9,-4.43611807025658,20.5000508001019));
#6424=CARTESIAN_POINT('',(36.9,-4.43611807025658,31.3075436716728));
#6425=CARTESIAN_POINT('',(36.9,2.37570848662747,20.5000508001019));
#6426=CARTESIAN_POINT('',(36.9,3.13246691302331,20.5000508001019));
#6427=CARTESIAN_POINT('',(36.9,2.37570848662747,31.3075436716728));
#6428=CARTESIAN_POINT('Origin',(-33.5,67.8494372515161,41.));
#6429=CARTESIAN_POINT('',(-33.5,60.5386114192007,25.9999999999999));
#6430=CARTESIAN_POINT('',(-33.5,19.3740243353584,25.9999999999999));
#6431=CARTESIAN_POINT('',(-33.5,60.5386114192007,41.));
#6432=CARTESIAN_POINT('',(-33.5,60.5386114192007,20.5));
#6433=CARTESIAN_POINT('',(-33.5,60.5032133953104,41.));
#6434=CARTESIAN_POINT('Origin',(-33.5,67.8494372515161,41.));
#6435=CARTESIAN_POINT('',(-33.5,60.5386114192007,20.5000508001019));
#6436=CARTESIAN_POINT('',(-33.5,16.1428559330214,20.5000508001019));
#6437=CARTESIAN_POINT('',(-33.5,60.5386114192007,0.));
#6438=CARTESIAN_POINT('',(-33.5,66.0128812874647,8.88178419700125E-15));
#6439=CARTESIAN_POINT('',(-33.5,60.5386114192007,20.5));
#6440=CARTESIAN_POINT('Origin',(33.5,60.5032133953104,41.));
#6441=CARTESIAN_POINT('',(33.5,60.5386114192007,-8.90053126277769E-15));
#6442=CARTESIAN_POINT('',(33.5,60.5386114192007,20.5000508001019));
#6443=CARTESIAN_POINT('',(33.5,60.5386114192007,20.5));
#6444=CARTESIAN_POINT('',(33.5,62.3397693593618,-8.88178419700125E-15));
#6445=CARTESIAN_POINT('',(33.5,57.3074430168637,20.5000508001019));
#6446=CARTESIAN_POINT('Origin',(33.5,60.5032133953104,41.));
#6447=CARTESIAN_POINT('',(33.5,60.5386114192007,25.9999999999999));
#6448=CARTESIAN_POINT('',(33.5,60.5386114192007,41.));
#6449=CARTESIAN_POINT('',(33.5,60.5386114192007,20.5));
#6450=CARTESIAN_POINT('',(33.5,60.5386114192007,25.9999999999999));
#6451=CARTESIAN_POINT('',(33.5,67.8494372515161,41.));
#6452=CARTESIAN_POINT('Origin',(-36.9,60.5386114192007,36.6150873433458));
#6453=CARTESIAN_POINT('',(-36.9,-16.9755627484839,8.7343345751556E-5));
#6454=CARTESIAN_POINT('',(-36.9,-19.4711432098801,8.7343345751556E-5));
#6455=CARTESIAN_POINT('',(-36.9,54.0762746145267,20.5000508001019));
#6456=CARTESIAN_POINT('',(-36.9,44.2970539968656,20.5000508001019));
#6457=CARTESIAN_POINT('',(-36.9,54.0762746145267,25.9999999999999));
#6458=CARTESIAN_POINT('',(-36.9,54.0762746145267,31.3075436716728));
#6459=CARTESIAN_POINT('',(-36.9,58.9251521680614,25.9999999999999));
#6460=CARTESIAN_POINT('',(-36.9,-54.1922995885887,41.));
#6461=CARTESIAN_POINT('',(-36.9,-21.7905627484839,41.0000873433458));
#6462=CARTESIAN_POINT('',(-36.9,-21.7905627484839,41.0000873433458));
#6463=CARTESIAN_POINT('',(-36.9,-21.7905627484839,0.));
#6464=CARTESIAN_POINT('',(-36.9,-21.7905627484839,18.3075436716729));
#6465=CARTESIAN_POINT('',(-36.9,41.7840243353584,0.));
#6466=CARTESIAN_POINT('',(-36.9,-4.43611807025658,25.9999999999999));
#6467=CARTESIAN_POINT('',(-36.9,2.37570848662747,25.9999999999999));
#6468=CARTESIAN_POINT('',(-36.9,29.7542033136931,25.9999999999999));
#6469=CARTESIAN_POINT('',(-36.9,2.37570848662747,20.5000508001019));
#6470=CARTESIAN_POINT('',(-36.9,2.37570848662747,31.3075436716728));
#6471=CARTESIAN_POINT('',(-36.9,-4.43611807025658,20.5000508001019));
#6472=CARTESIAN_POINT('',(-36.9,44.2970539968656,20.5000508001019));
#6473=CARTESIAN_POINT('',(-36.9,-4.43611807025658,31.3075436716728));
#6474=CARTESIAN_POINT('Origin',(-33.5,60.5386114192007,0.));
#6475=CARTESIAN_POINT('',(-33.5,60.5386114192007,25.9999999999999));
#6476=CARTESIAN_POINT('',(10.8786070576886,60.5386114192007,41.));
#6477=CARTESIAN_POINT('',(-33.5,60.5386114192007,41.));
#6478=CARTESIAN_POINT('',(10.8786070576886,60.5386114192007,36.6150873433458));
#6479=CARTESIAN_POINT('',(10.8786070576886,60.5386114192007,18.3075436716729));
#6480=CARTESIAN_POINT('',(-13.0082361195217,60.5386114192007,36.6150873433458));
#6481=CARTESIAN_POINT('',(-23.2541180597608,60.5386114192007,36.6150873433458));
#6482=CARTESIAN_POINT('',(-13.0082361195217,60.5386114192007,41.));
#6483=CARTESIAN_POINT('',(-13.0082361195217,60.5386114192007,20.5));
#6484=CARTESIAN_POINT('',(6.55,60.5386114192007,41.));
#6485=CARTESIAN_POINT('',(-28.7691719864015,60.5386114192007,26.7721868032607));
#6486=CARTESIAN_POINT('',(-28.7691719864015,60.5386114192007,33.5620954948051));
#6487=CARTESIAN_POINT('',(-28.7691719864015,60.5386114192007,16.7810477474025));
#6488=CARTESIAN_POINT('',(-12.2763893830973,60.5386114192007,33.5620954948051));
#6489=CARTESIAN_POINT('',(-22.8881946915486,60.5386114192007,33.5620954948051));
#6490=CARTESIAN_POINT('',(-12.2763893830973,60.5386114192007,26.7721868032607));
#6491=CARTESIAN_POINT('',(-12.2763893830973,60.5386114192007,13.3860934016304));
#6492=CARTESIAN_POINT('',(-31.1345859932008,60.5386114192007,26.7721868032607));
#6493=CARTESIAN_POINT('',(-10.3318920349566,60.5386114192007,26.7721868032607));
#6494=CARTESIAN_POINT('',(-10.3318920349566,60.5386114192007,33.5620954948051));
#6495=CARTESIAN_POINT('',(-10.3318920349566,60.5386114192007,16.7810477474025));
#6496=CARTESIAN_POINT('',(9.86686754628155,60.5386114192007,33.5620954948051));
#6497=CARTESIAN_POINT('',(-11.8165662268592,60.5386114192007,33.5620954948051));
#6498=CARTESIAN_POINT('',(9.86686754628155,60.5386114192007,26.7721868032607));
#6499=CARTESIAN_POINT('',(9.86686754628155,60.5386114192007,13.3860934016304));
#6500=CARTESIAN_POINT('',(-21.9159460174783,60.5386114192007,26.7721868032607));
#6501=CARTESIAN_POINT('',(11.8748495578889,60.5386114192007,26.7721868032607));
#6502=CARTESIAN_POINT('',(11.8748495578889,60.5386114192007,33.5620954948051));
#6503=CARTESIAN_POINT('',(11.8748495578889,60.5386114192007,16.7810477474025));
#6504=CARTESIAN_POINT('',(27.0742213159791,60.5386114192007,33.5620954948051));
#6505=CARTESIAN_POINT('',(-3.21288934201047,60.5386114192007,33.5620954948051));
#6506=CARTESIAN_POINT('',(27.0742213159791,60.5386114192007,26.7721868032607));
#6507=CARTESIAN_POINT('',(27.0742213159791,60.5386114192007,13.3860934016304));
#6508=CARTESIAN_POINT('',(-10.8125752210555,60.5386114192007,26.7721868032607));
#6509=CARTESIAN_POINT('Origin',(-33.5,60.5386114192007,0.));
#6510=CARTESIAN_POINT('',(-16.75,60.5386114192007,0.));
#6511=CARTESIAN_POINT('',(-33.5,60.5386114192007,20.5000508001019));
#6512=CARTESIAN_POINT('Origin',(-38.45,24.189147020818,8.7343345751556E-5));
#6513=CARTESIAN_POINT('',(-37.82,65.5294372515161,0.));
#6514=CARTESIAN_POINT('',(-36.9,65.3052750819499,0.));
#6515=CARTESIAN_POINT('Origin',(-37.82,63.5294372515161,0.));
#6516=CARTESIAN_POINT('',(-36.9,-19.4711432098801,8.7343345751556E-5));
#6517=CARTESIAN_POINT('',(-38.8092135623731,-18.884776310857,8.7343345751556E-5));
#6518=CARTESIAN_POINT('',(-26.749215776488,-6.82477852497189,8.7343345751556E-5));
#6519=CARTESIAN_POINT('Origin',(-40.2234271247462,-17.4705627484839,8.7343345751556E-5));
#6520=CARTESIAN_POINT('',(-39.,65.5294372515161,0.));
#6521=CARTESIAN_POINT('Origin',(-39.,66.5294372515161,0.));
#6522=CARTESIAN_POINT('',(-39.,65.5294372515161,0.));
#6523=CARTESIAN_POINT('Origin',(-38.45,24.189147020818,41.0000873433458));
#6524=CARTESIAN_POINT('',(-40.,-21.7905627484839,41.0000873433458));
#6525=CARTESIAN_POINT('Origin',(38.45,24.189147020818,8.7343345751556E-5));
#6526=CARTESIAN_POINT('',(40.,66.5294372515161,8.7343345751556E-5));
#6527=CARTESIAN_POINT('',(39.,65.5294372515161,8.7343345751556E-5));
#6528=CARTESIAN_POINT('Origin',(39.,66.5294372515161,8.7343345751556E-5));
#6529=CARTESIAN_POINT('',(40.,-19.4580436464871,8.7343345751556E-5));
#6530=CARTESIAN_POINT('',(40.,-23.984790617247,8.7343345751556E-5));
#6531=CARTESIAN_POINT('',(38.8092135623731,-18.884776310857,8.7343345751556E-5));
#6532=CARTESIAN_POINT('Origin',(40.2234271247462,-17.4705627484839,8.7343345751556E-5));
#6533=CARTESIAN_POINT('',(27.9509293388611,-8.02649208734496,8.7343345751556E-5));
#6534=CARTESIAN_POINT('',(36.9,65.3052750819499,8.7343345751556E-5));
#6535=CARTESIAN_POINT('',(36.9,67.8494372515161,8.7343345751556E-5));
#6536=CARTESIAN_POINT('',(37.82,65.5294372515161,8.7343345751556E-5));
#6537=CARTESIAN_POINT('Origin',(37.82,63.5294372515161,8.7343345751556E-5));
#6538=CARTESIAN_POINT('',(38.135,65.5294372515161,8.7343345751556E-5));
#6539=CARTESIAN_POINT('Origin',(40.2234271247462,-17.4705627484839,39.));
#6540=CARTESIAN_POINT('',(40.2234271247462,-21.4705627484839,41.));
#6541=CARTESIAN_POINT('Origin',(40.2234271247462,-17.4705627484839,41.));
#6542=CARTESIAN_POINT('',(40.2234271247462,-19.4705627484839,39.));
#6543=CARTESIAN_POINT('Origin',(40.2234271247462,-21.4705627484839,39.));
#6544=CARTESIAN_POINT('',(40.,-19.4580436464871,39.));
#6545=CARTESIAN_POINT('Origin',(40.2234271247462,-17.4705627484839,39.));
#6546=CARTESIAN_POINT('Ctrl Pts',(40.,-19.4580436464871,39.));
#6547=CARTESIAN_POINT('Ctrl Pts',(40.,-19.4580436464871,39.000029114135));
#6548=CARTESIAN_POINT('Ctrl Pts',(40.,-19.4580436471269,39.0000582288972));
#6549=CARTESIAN_POINT('Ctrl Pts',(40.,-19.4580436484064,39.0000873442865));
#6550=CARTESIAN_POINT('Origin',(47.9,-82.1505627484839,0.));
#6551=CARTESIAN_POINT('',(47.9,-82.1505627484839,0.));
#6552=CARTESIAN_POINT('',(42.2,-82.1505627484839,0.));
#6553=CARTESIAN_POINT('',(47.9,-82.1505627484839,0.));
#6554=CARTESIAN_POINT('',(42.2,-82.1505627484839,41.));
#6555=CARTESIAN_POINT('',(42.2,-82.1505627484839,0.));
#6556=CARTESIAN_POINT('',(47.9,-82.1505627484839,41.));
#6557=CARTESIAN_POINT('',(47.9,-82.1505627484839,41.));
#6558=CARTESIAN_POINT('',(47.9,-82.1505627484839,0.));
#6559=CARTESIAN_POINT('Origin',(42.2,-82.1505627484839,0.));
#6560=CARTESIAN_POINT('',(42.2,-98.970562748484,0.));
#6561=CARTESIAN_POINT('',(42.2,-82.1505627484839,0.));
#6562=CARTESIAN_POINT('',(42.2,-98.970562748484,41.));
#6563=CARTESIAN_POINT('',(42.2,-98.970562748484,0.));
#6564=CARTESIAN_POINT('',(42.2,-82.1505627484839,41.));
#6565=CARTESIAN_POINT('Origin',(39.2,-98.970562748484,0.));
#6566=CARTESIAN_POINT('',(39.2,-101.970562748484,0.));
#6567=CARTESIAN_POINT('Origin',(39.2,-98.970562748484,0.));
#6568=CARTESIAN_POINT('',(39.2,-101.970562748484,41.));
#6569=CARTESIAN_POINT('',(39.2,-101.970562748484,0.));
#6570=CARTESIAN_POINT('Origin',(39.2,-98.970562748484,41.));
#6571=CARTESIAN_POINT('Origin',(39.2,-101.970562748484,0.));
#6572=CARTESIAN_POINT('',(36.1568542495045,-101.970562748484,0.));
#6573=CARTESIAN_POINT('',(39.2,-101.970562748484,0.));
#6574=CARTESIAN_POINT('',(36.1568542495045,-101.970562748484,41.));
#6575=CARTESIAN_POINT('',(36.1568542495045,-101.970562748484,0.));
#6576=CARTESIAN_POINT('',(39.2,-101.970562748484,41.));
#6577=CARTESIAN_POINT('Origin',(36.1568542495045,-99.970562748484,0.));
#6578=CARTESIAN_POINT('',(34.8997755273922,-101.526118304037,0.));
#6579=CARTESIAN_POINT('Origin',(36.1568542495045,-99.970562748484,0.));
#6580=CARTESIAN_POINT('',(34.8997755273922,-101.526118304037,41.));
#6581=CARTESIAN_POINT('',(34.8997755273922,-101.526118304037,0.));
#6582=CARTESIAN_POINT('Origin',(36.1568542495045,-99.970562748484,41.));
#6583=CARTESIAN_POINT('Origin',(30.5000000000014,-99.9705627484705,0.));
#6584=CARTESIAN_POINT('',(30.5000000000014,-99.9705627484705,4.47672218427068));
#6585=CARTESIAN_POINT('',(30.5000000000014,-99.9705627484705,2.70189824929376));
#6586=CARTESIAN_POINT('Origin',(31.949999999987,-99.9705627484705,3.58931021678222));
#6587=CARTESIAN_POINT('',(30.5000000000014,-99.9705627484705,0.));
#6588=CARTESIAN_POINT('',(30.5000000000014,-99.9705627484705,0.));
#6589=CARTESIAN_POINT('',(15.5000000000452,-99.9705627485426,0.));
#6590=CARTESIAN_POINT('',(30.5000000000014,-99.9705627484705,0.));
#6591=CARTESIAN_POINT('',(15.5000000000452,-99.9705627485426,41.));
#6592=CARTESIAN_POINT('',(15.5000000000452,-99.9705627485426,0.));
#6593=CARTESIAN_POINT('',(30.5000000000014,-99.9705627484705,41.));
#6594=CARTESIAN_POINT('',(30.5000000000014,-99.9705627484705,41.));
#6595=CARTESIAN_POINT('',(30.5000000000014,-99.9705627484705,0.));
#6596=CARTESIAN_POINT('',(18.249999999987,-99.9705627484705,15.5343102167821));
#6597=CARTESIAN_POINT('Origin',(16.999999999987,-99.9705627484705,15.5343102167821));
#6598=CARTESIAN_POINT('Origin',(15.5,-106.970562748484,0.));
#6599=CARTESIAN_POINT('',(11.1002244726978,-101.52611830405,0.));
#6600=CARTESIAN_POINT('Origin',(15.5,-106.970562748484,0.));
#6601=CARTESIAN_POINT('',(11.1002244726977,-101.52611830405,41.));
#6602=CARTESIAN_POINT('',(11.1002244726978,-101.52611830405,0.));
#6603=CARTESIAN_POINT('Origin',(15.5,-106.970562748484,41.));
#6604=CARTESIAN_POINT('Origin',(9.84314575060085,-99.970562748484,0.));
#6605=CARTESIAN_POINT('',(9.84314575060085,-101.970562748484,0.));
#6606=CARTESIAN_POINT('Origin',(9.84314575060085,-99.970562748484,0.));
#6607=CARTESIAN_POINT('',(9.84314575060085,-101.970562748484,41.));
#6608=CARTESIAN_POINT('',(9.84314575060085,-101.970562748484,0.));
#6609=CARTESIAN_POINT('Origin',(9.84314575060085,-99.970562748484,41.));
#6610=CARTESIAN_POINT('Origin',(9.84314575060085,-101.970562748484,0.));
#6611=CARTESIAN_POINT('',(-9.84314575061029,-101.970562748484,0.));
#6612=CARTESIAN_POINT('',(9.84314575060085,-101.970562748484,0.));
#6613=CARTESIAN_POINT('',(-9.84314575061029,-101.970562748484,41.));
#6614=CARTESIAN_POINT('',(-9.84314575061029,-101.970562748484,0.));
#6615=CARTESIAN_POINT('',(9.84314575060085,-101.970562748484,41.));
#6616=CARTESIAN_POINT('Origin',(-9.84314575061029,-99.970562748484,0.));
#6617=CARTESIAN_POINT('',(-11.1002244727072,-101.52611830405,0.));
#6618=CARTESIAN_POINT('Origin',(-9.84314575061029,-99.970562748484,0.));
#6619=CARTESIAN_POINT('',(-11.1002244727072,-101.52611830405,41.));
#6620=CARTESIAN_POINT('',(-11.1002244727072,-101.52611830405,0.));
#6621=CARTESIAN_POINT('Origin',(-9.84314575061029,-99.970562748484,41.));
#6622=CARTESIAN_POINT('Origin',(-15.5000000000094,-106.970562748484,0.));
#6623=CARTESIAN_POINT('',(-15.5000000000452,-99.9705627485426,0.));
#6624=CARTESIAN_POINT('Origin',(-15.5000000000094,-106.970562748484,0.));
#6625=CARTESIAN_POINT('',(-15.5000000000452,-99.9705627485426,41.));
#6626=CARTESIAN_POINT('',(-15.5000000000452,-99.9705627485426,0.));
#6627=CARTESIAN_POINT('Origin',(-15.5000000000094,-106.970562748484,41.));
#6628=CARTESIAN_POINT('Origin',(-30.4999999999906,-106.970562748484,0.));
#6629=CARTESIAN_POINT('',(-30.5000000000087,-99.9705627484705,4.63544596322629));
#6630=CARTESIAN_POINT('',(-30.5000000000087,-99.9705627484705,2.5431744703379));
#6631=CARTESIAN_POINT('Ctrl Pts',(-30.5000000000087,-99.9705627484705,4.63544596322629));
#6632=CARTESIAN_POINT('Ctrl Pts',(-30.5437528144005,-99.9705627484706,4.69148914068627));
#6633=CARTESIAN_POINT('Ctrl Pts',(-30.5904687618715,-99.970978462317,4.74403537516159));
#6634=CARTESIAN_POINT('Ctrl Pts',(-30.7909966721449,-99.974963684879,4.94417361822276));
#6635=CARTESIAN_POINT('Ctrl Pts',(-30.9833524254821,-99.9840945369648,5.07508626828451));
#6636=CARTESIAN_POINT('Ctrl Pts',(-31.4025557351119,-100.025797756474,5.24762804287232));
#6637=CARTESIAN_POINT('Ctrl Pts',(-31.6293257695072,-100.058927975207,5.2893102167821));
#6638=CARTESIAN_POINT('Ctrl Pts',(-32.0589230710303,-100.142714678376,5.2893102167821));
#6639=CARTESIAN_POINT('Ctrl Pts',(-32.2895557023965,-100.199610089372,5.24464821936886));
#6640=CARTESIAN_POINT('Ctrl Pts',(-32.7108164445098,-100.325218500965,5.06712037439185));
#6641=CARTESIAN_POINT('Ctrl Pts',(-32.9016364986414,-100.393453881967,4.93437245137767));
#6642=CARTESIAN_POINT('Ctrl Pts',(-33.1976784623088,-100.509381009651,4.63317595171888));
#6643=CARTESIAN_POINT('Ctrl Pts',(-33.3255350877804,-100.565469955345,4.44572257369903));
#6644=CARTESIAN_POINT('Ctrl Pts',(-33.4967616889521,-100.643771932188,4.03134730712988));
#6645=CARTESIAN_POINT('Ctrl Pts',(-33.540000000013,-100.665136513878,3.80421115873341));
#6646=CARTESIAN_POINT('Ctrl Pts',(-33.540000000013,-100.665136513878,3.5893102167821));
#6647=CARTESIAN_POINT('Ctrl Pts',(-33.540000000013,-100.665136513878,3.37440927483078));
#6648=CARTESIAN_POINT('Ctrl Pts',(-33.4967616889521,-100.643771932188,3.14727312643431));
#6649=CARTESIAN_POINT('Ctrl Pts',(-33.3255350877804,-100.565469955345,2.73289785986516));
#6650=CARTESIAN_POINT('Ctrl Pts',(-33.1976784623088,-100.509381009651,2.54544448184532));
#6651=CARTESIAN_POINT('Ctrl Pts',(-32.9016364986414,-100.393453881967,2.24424798218652));
#6652=CARTESIAN_POINT('Ctrl Pts',(-32.7108164445098,-100.325218500965,2.11150005917234));
#6653=CARTESIAN_POINT('Ctrl Pts',(-32.2895557023965,-100.199610089372,1.93397221419533));
#6654=CARTESIAN_POINT('Ctrl Pts',(-32.0589230710303,-100.142714678376,1.88931021678209));
#6655=CARTESIAN_POINT('Ctrl Pts',(-31.6293257695072,-100.058927975207,1.88931021678209));
#6656=CARTESIAN_POINT('Ctrl Pts',(-31.4025557351119,-100.025797756474,1.93099239069187));
#6657=CARTESIAN_POINT('Ctrl Pts',(-30.9833524254821,-99.9840945369648,2.10353416527968));
#6658=CARTESIAN_POINT('Ctrl Pts',(-30.7909966721449,-99.974963684879,2.23444681534144));
#6659=CARTESIAN_POINT('Ctrl Pts',(-30.5904687619321,-99.9709784623182,2.4345850583421));
#6660=CARTESIAN_POINT('Ctrl Pts',(-30.5437528144285,-99.9705627484706,2.48713129284198));
#6661=CARTESIAN_POINT('Ctrl Pts',(-30.5000000000087,-99.9705627484705,2.5431744703379));
#6662=CARTESIAN_POINT('',(-30.5000000000087,-99.9705627484705,0.));
#6663=CARTESIAN_POINT('',(-30.5000000000087,-99.9705627484705,0.));
#6664=CARTESIAN_POINT('',(-34.8997755273922,-101.526118304037,0.));
#6665=CARTESIAN_POINT('Origin',(-30.4999999999906,-106.970562748484,0.));
#6666=CARTESIAN_POINT('',(-34.8997755273922,-101.526118304037,41.));
#6667=CARTESIAN_POINT('',(-34.8997755273922,-101.526118304037,0.));
#6668=CARTESIAN_POINT('',(-30.5000000000087,-99.9705627484705,41.));
#6669=CARTESIAN_POINT('Origin',(-30.4999999999906,-106.970562748484,41.));
#6670=CARTESIAN_POINT('',(-30.5000000000087,-99.9705627484705,0.));
#6671=CARTESIAN_POINT('Origin',(-36.1568542495045,-99.970562748484,0.));
#6672=CARTESIAN_POINT('',(-36.1568542495045,-101.970562748484,0.));
#6673=CARTESIAN_POINT('Origin',(-36.1568542495045,-99.970562748484,0.));
#6674=CARTESIAN_POINT('',(-36.1568542495045,-101.970562748484,41.));
#6675=CARTESIAN_POINT('',(-36.1568542495045,-101.970562748484,0.));
#6676=CARTESIAN_POINT('Origin',(-36.1568542495045,-99.970562748484,41.));
#6677=CARTESIAN_POINT('Origin',(-36.1568542495045,-101.970562748484,0.));
#6678=CARTESIAN_POINT('',(-39.2,-101.970562748484,0.));
#6679=CARTESIAN_POINT('',(-36.1568542495045,-101.970562748484,0.));
#6680=CARTESIAN_POINT('',(-39.2,-101.970562748484,41.));
#6681=CARTESIAN_POINT('',(-39.2,-101.970562748484,0.));
#6682=CARTESIAN_POINT('',(-36.1568542495045,-101.970562748484,41.));
#6683=CARTESIAN_POINT('Origin',(-39.2,-98.970562748484,0.));
#6684=CARTESIAN_POINT('',(-42.2,-98.970562748484,0.));
#6685=CARTESIAN_POINT('Origin',(-39.2,-98.970562748484,0.));
#6686=CARTESIAN_POINT('',(-42.2,-98.970562748484,41.));
#6687=CARTESIAN_POINT('',(-42.2,-98.970562748484,0.));
#6688=CARTESIAN_POINT('Origin',(-39.2,-98.970562748484,41.));
#6689=CARTESIAN_POINT('Origin',(-42.2,-98.970562748484,0.));
#6690=CARTESIAN_POINT('',(-42.2,-82.1505627484839,0.));
#6691=CARTESIAN_POINT('',(-42.2,-106.356349186111,0.));
#6692=CARTESIAN_POINT('',(-42.2,-82.1505627484839,41.));
#6693=CARTESIAN_POINT('',(-42.2,-82.1505627484839,0.));
#6694=CARTESIAN_POINT('',(-42.2,-106.356349186111,41.));
#6695=CARTESIAN_POINT('Origin',(-42.2,-82.1505627484839,0.));
#6696=CARTESIAN_POINT('',(-47.9,-82.1505627484839,0.));
#6697=CARTESIAN_POINT('',(-42.2,-82.1505627484839,0.));
#6698=CARTESIAN_POINT('',(-47.9,-82.1505627484839,41.));
#6699=CARTESIAN_POINT('',(-47.9,-82.1505627484839,0.));
#6700=CARTESIAN_POINT('',(-42.2,-82.1505627484839,41.));
#6701=CARTESIAN_POINT('Origin',(-50.,-84.4705627484839,0.));
#6702=CARTESIAN_POINT('',(-50.,-84.4705627484839,39.));
#6703=CARTESIAN_POINT('',(-46.52,-84.4705627484839,39.));
#6704=CARTESIAN_POINT('',(-1.69999999999999,-84.4705627484842,39.));
#6705=CARTESIAN_POINT('',(-50.,-84.4705627484839,0.));
#6706=CARTESIAN_POINT('',(-50.,-84.4705627484839,0.));
#6707=CARTESIAN_POINT('',(-46.52,-84.4705627484839,0.));
#6708=CARTESIAN_POINT('',(-50.,-84.4705627484839,0.));
#6709=CARTESIAN_POINT('',(-46.52,-84.4705627484839,0.));
#6710=CARTESIAN_POINT('Origin',(-46.52,-86.4705627484839,0.));
#6711=CARTESIAN_POINT('',(-44.52,-86.4705627484839,39.));
#6712=CARTESIAN_POINT('Origin',(-46.52,-86.4705627484839,39.));
#6713=CARTESIAN_POINT('',(-44.52,-86.4705627484839,0.));
#6714=CARTESIAN_POINT('Origin',(-46.52,-86.4705627484839,0.));
#6715=CARTESIAN_POINT('',(-44.52,-86.4705627484839,0.));
#6716=CARTESIAN_POINT('Origin',(-44.52,-86.4705627484839,0.));
#6717=CARTESIAN_POINT('',(-44.52,-106.356349186111,39.));
#6718=CARTESIAN_POINT('',(-44.52,-87.6920093578907,39.));
#6719=CARTESIAN_POINT('',(-44.52,-106.356349186111,0.));
#6720=CARTESIAN_POINT('',(-44.52,-86.4705627484839,0.));
#6721=CARTESIAN_POINT('',(-44.52,-106.356349186111,0.));
#6722=CARTESIAN_POINT('Origin',(-44.52,-106.356349186111,0.));
#6723=CARTESIAN_POINT('',(-42.52,-106.356349186111,41.));
#6724=CARTESIAN_POINT('Origin',(-42.52,-106.356349186111,39.));
#6725=CARTESIAN_POINT('',(-40.32,-106.356349186111,0.));
#6726=CARTESIAN_POINT('',(-44.52,-106.356349186111,0.));
#6727=CARTESIAN_POINT('',(-40.32,-106.356349186111,41.));
#6728=CARTESIAN_POINT('',(-40.32,-106.356349186111,0.));
#6729=CARTESIAN_POINT('',(-44.52,-106.356349186111,41.));
#6730=CARTESIAN_POINT('Origin',(-40.32,-106.356349186111,0.));
#6731=CARTESIAN_POINT('',(-40.32,-110.570562748484,0.));
#6732=CARTESIAN_POINT('',(-40.32,-106.356349186111,0.));
#6733=CARTESIAN_POINT('',(-40.32,-110.570562748484,41.));
#6734=CARTESIAN_POINT('',(-40.32,-110.570562748484,0.));
#6735=CARTESIAN_POINT('',(-40.32,-106.356349186111,41.));
#6736=CARTESIAN_POINT('Origin',(-40.32,-110.570562748484,0.));
#6737=CARTESIAN_POINT('',(-36.6991449816148,-115.398369439664,0.));
#6738=CARTESIAN_POINT('',(-40.32,-110.570562748484,0.));
#6739=CARTESIAN_POINT('',(-36.6991449816148,-115.398369439664,41.));
#6740=CARTESIAN_POINT('',(-36.6991449816148,-115.398369439664,0.));
#6741=CARTESIAN_POINT('',(-40.32,-110.570562748484,41.));
#6742=CARTESIAN_POINT('Origin',(36.6991449816148,-115.398369439664,0.));
#6743=CARTESIAN_POINT('',(36.6991449816148,-115.398369439664,0.));
#6744=CARTESIAN_POINT('',(40.32,-110.570562748484,0.));
#6745=CARTESIAN_POINT('',(36.6991449816148,-115.398369439664,0.));
#6746=CARTESIAN_POINT('',(40.32,-110.570562748484,41.));
#6747=CARTESIAN_POINT('',(40.32,-110.570562748484,0.));
#6748=CARTESIAN_POINT('',(36.6991449816148,-115.398369439664,41.));
#6749=CARTESIAN_POINT('',(36.6991449816148,-115.398369439664,41.));
#6750=CARTESIAN_POINT('',(36.6991449816148,-115.398369439664,0.));
#6751=CARTESIAN_POINT('Origin',(40.32,-110.570562748484,0.));
#6752=CARTESIAN_POINT('',(40.32,-106.356349186111,0.));
#6753=CARTESIAN_POINT('',(40.32,-110.570562748484,0.));
#6754=CARTESIAN_POINT('',(40.32,-106.356349186111,41.));
#6755=CARTESIAN_POINT('',(40.32,-106.356349186111,0.));
#6756=CARTESIAN_POINT('',(40.32,-110.570562748484,41.));
#6757=CARTESIAN_POINT('Origin',(40.32,-106.356349186111,0.));
#6758=CARTESIAN_POINT('',(42.52,-106.356349186111,41.));
#6759=CARTESIAN_POINT('',(44.52,-106.356349186111,39.));
#6760=CARTESIAN_POINT('Origin',(42.52,-106.356349186111,39.));
#6761=CARTESIAN_POINT('',(42.2,-106.356349186111,41.));
#6762=CARTESIAN_POINT('',(44.52,-106.356349186111,0.));
#6763=CARTESIAN_POINT('',(42.2,-106.356349186111,0.));
#6764=CARTESIAN_POINT('',(44.52,-106.356349186111,0.));
#6765=CARTESIAN_POINT('Origin',(-36.6991449816148,-115.398369439664,0.));
#6766=CARTESIAN_POINT('',(-26.,-115.398369439664,0.));
#6767=CARTESIAN_POINT('',(-26.,-115.398369439664,6.89431021678287));
#6768=CARTESIAN_POINT('',(-26.,-115.398369439664,-1.82464471618915E-15));
#6769=CARTESIAN_POINT('',(26.11,-115.398369439664,6.89431021678286));
#6770=CARTESIAN_POINT('',(-31.3495724908074,-115.398369439664,6.89431021678287));
#6771=CARTESIAN_POINT('',(26.11,-115.398369439664,0.));
#6772=CARTESIAN_POINT('',(26.11,-115.398369439664,3.44715510839143));
#6773=CARTESIAN_POINT('',(-36.6991449816148,-115.398369439664,0.));
#6774=CARTESIAN_POINT('',(-36.6991449816148,-115.398369439664,41.));
#6775=CARTESIAN_POINT('',(-36.6991449816148,-115.398369439664,0.));
#6776=CARTESIAN_POINT('',(18.249999999987,-115.398369439664,15.5343102167821));
#6777=CARTESIAN_POINT('Origin',(16.999999999987,-115.398369439664,15.5343102167821));
#6778=CARTESIAN_POINT('',(-15.750000000013,-115.398369439664,15.5343102167821));
#6779=CARTESIAN_POINT('Origin',(-17.000000000013,-115.398369439664,15.5343102167821));
#6780=CARTESIAN_POINT('',(33.649999999987,-115.398369439664,3.58931021678222));
#6781=CARTESIAN_POINT('Origin',(31.949999999987,-115.398369439664,3.58931021678222));
#6782=CARTESIAN_POINT('',(-30.140000000013,-115.398369439664,3.5893102167821));
#6783=CARTESIAN_POINT('Origin',(-31.840000000013,-115.398369439664,3.5893102167821));
#6784=CARTESIAN_POINT('Origin',(0.0549999999999962,-105.398369439664,3.44715510839143));
#6785=CARTESIAN_POINT('',(26.11,-105.398369439664,0.));
#6786=CARTESIAN_POINT('',(-26.,-105.398369439664,0.));
#6787=CARTESIAN_POINT('',(23.3275,-105.398369439664,0.));
#6788=CARTESIAN_POINT('',(26.11,-105.398369439664,6.89431021678286));
#6789=CARTESIAN_POINT('',(26.11,-105.398369439664,0.));
#6790=CARTESIAN_POINT('',(-26.,-105.398369439664,6.89431021678287));
#6791=CARTESIAN_POINT('',(26.11,-105.398369439664,6.89431021678286));
#6792=CARTESIAN_POINT('',(-26.,-105.398369439664,6.89431021678287));
#6793=CARTESIAN_POINT('Origin',(-26.,-115.398369439664,0.));
#6794=CARTESIAN_POINT('',(-26.,-102.155912703481,0.));
#6795=CARTESIAN_POINT('',(-26.,-115.398369439664,6.89431021678287));
#6796=CARTESIAN_POINT('Origin',(-26.,-115.398369439664,6.89431021678287));
#6797=CARTESIAN_POINT('',(26.11,-115.398369439664,6.89431021678286));
#6798=CARTESIAN_POINT('Origin',(26.11,-115.398369439664,6.89431021678286));
#6799=CARTESIAN_POINT('',(26.11,-102.155912703481,0.));
#6800=CARTESIAN_POINT('Origin',(-15.5000000000452,-99.9705627485426,0.));
#6801=CARTESIAN_POINT('',(-30.140000000013,-99.9705627484705,3.5893102167821));
#6802=CARTESIAN_POINT('Origin',(-31.840000000013,-99.9705627485426,3.5893102167821));
#6803=CARTESIAN_POINT('Origin',(-31.840000000013,-99.9705627485426,3.5893102167821));
#6804=CARTESIAN_POINT('',(-15.5000000000452,-99.9705627485426,41.));
#6805=CARTESIAN_POINT('',(-15.5000000000452,-99.9705627485426,0.));
#6806=CARTESIAN_POINT('',(-15.750000000013,-99.9705627485426,15.5343102167821));
#6807=CARTESIAN_POINT('Origin',(-17.000000000013,-99.9705627485426,15.5343102167821));
#6808=CARTESIAN_POINT('Origin',(30.4999999999906,-106.970562748484,0.));
#6809=CARTESIAN_POINT('',(33.649999999987,-100.719362863645,3.58931021678222));
#6810=CARTESIAN_POINT('Ctrl Pts',(30.5000000000014,-99.9705627484705,2.70189824929377));
#6811=CARTESIAN_POINT('Ctrl Pts',(30.5715930356267,-99.9705627484706,2.58491774254053));
#6812=CARTESIAN_POINT('Ctrl Pts',(30.6567069436976,-99.9717103783607,2.47830618489005));
#6813=CARTESIAN_POINT('Ctrl Pts',(30.9009201248372,-99.9803958448048,2.23445014439801));
#6814=CARTESIAN_POINT('Ctrl Pts',(31.0935231490104,-99.9925766343221,2.10342226982302));
#6815=CARTESIAN_POINT('Ctrl Pts',(31.5129191017582,-100.041020566948,1.93088451057793));
#6816=CARTESIAN_POINT('Ctrl Pts',(31.7396207240615,-100.077843101541,1.88931021678222));
#6817=CARTESIAN_POINT('Ctrl Pts',(32.1693746273324,-100.168837149628,1.88931021678222));
#6818=CARTESIAN_POINT('Ctrl Pts',(32.4002949070836,-100.229808300061,1.93413707276));
#6819=CARTESIAN_POINT('Ctrl Pts',(32.8219315073068,-100.363178596105,2.11211727284159));
#6820=CARTESIAN_POINT('Ctrl Pts',(33.0128498631975,-100.435105436709,2.24514552464299));
#6821=CARTESIAN_POINT('Ctrl Pts',(33.3083471543629,-100.556699308104,2.54645069120884));
#6822=CARTESIAN_POINT('Ctrl Pts',(33.4358440680267,-100.615266342329,2.73351549371072));
#6823=CARTESIAN_POINT('Ctrl Pts',(33.6067410466182,-100.697036361805,3.14735350099845));
#6824=CARTESIAN_POINT('Ctrl Pts',(33.649999999987,-100.719362863645,3.37435765421036));
#6825=CARTESIAN_POINT('Ctrl Pts',(33.649999999987,-100.719362863645,3.58931021678222));
#6826=CARTESIAN_POINT('Ctrl Pts',(33.649999999987,-100.719362863645,3.58931021678222));
#6827=CARTESIAN_POINT('Ctrl Pts',(33.649999999987,-100.719362863645,3.80426277935408));
#6828=CARTESIAN_POINT('Ctrl Pts',(33.6067410466182,-100.697036361805,4.03126693256599));
#6829=CARTESIAN_POINT('Ctrl Pts',(33.4358440680267,-100.615266342329,4.44510493985372));
#6830=CARTESIAN_POINT('Ctrl Pts',(33.3083471543629,-100.556699308104,4.6321697423556));
#6831=CARTESIAN_POINT('Ctrl Pts',(33.0128498631975,-100.435105436709,4.93347490892145));
#6832=CARTESIAN_POINT('Ctrl Pts',(32.8219315073068,-100.363178596105,5.06650316072285));
#6833=CARTESIAN_POINT('Ctrl Pts',(32.4002949070836,-100.229808300061,5.24448336080444));
#6834=CARTESIAN_POINT('Ctrl Pts',(32.1693746273324,-100.168837149628,5.28931021678222));
#6835=CARTESIAN_POINT('Ctrl Pts',(31.7396207240615,-100.077843101541,5.28931021678222));
#6836=CARTESIAN_POINT('Ctrl Pts',(31.5129191017582,-100.041020566948,5.24773592298651));
#6837=CARTESIAN_POINT('Ctrl Pts',(31.0935231490104,-99.9925766343221,5.07519816374142));
#6838=CARTESIAN_POINT('Ctrl Pts',(30.9009201248372,-99.9803958448048,4.94417028916643));
#6839=CARTESIAN_POINT('Ctrl Pts',(30.6567069436976,-99.9717103783607,4.70031424867439));
#6840=CARTESIAN_POINT('Ctrl Pts',(30.5715930356268,-99.9705627484706,4.59370269102391));
#6841=CARTESIAN_POINT('Ctrl Pts',(30.5000000000014,-99.9705627484705,4.47672218427067));
#6842=CARTESIAN_POINT('Origin',(30.4999999999906,-106.970562748484,41.));
#6843=CARTESIAN_POINT('Origin',(30.4999999999906,-106.970562748484,0.));
#6844=CARTESIAN_POINT('Origin',(-31.840000000013,-115.398369439664,3.5893102167821));
#6845=CARTESIAN_POINT('',(-30.140000000013,-115.398369439664,3.5893102167821));
#6846=CARTESIAN_POINT('Origin',(31.949999999987,-115.398369439664,3.58931021678222));
#6847=CARTESIAN_POINT('',(33.649999999987,-115.398369439664,3.58931021678222));
#6848=CARTESIAN_POINT('Origin',(-17.000000000013,-115.398369439664,15.5343102167821));
#6849=CARTESIAN_POINT('',(-15.750000000013,-115.398369439664,15.5343102167821));
#6850=CARTESIAN_POINT('Origin',(16.999999999987,-115.398369439664,15.5343102167821));
#6851=CARTESIAN_POINT('',(18.249999999987,-115.398369439664,15.5343102167821));
#6852=CARTESIAN_POINT('Origin',(46.6,-88.9134559672974,41.));
#6853=CARTESIAN_POINT('',(-49.,-21.4705627484839,41.));
#6854=CARTESIAN_POINT('',(3.1882864376269,-21.4705627484839,41.));
#6855=CARTESIAN_POINT('',(-49.,-82.4705627484839,41.));
#6856=CARTESIAN_POINT('',(-49.,-54.6920093578906,41.));
#6857=CARTESIAN_POINT('',(-46.52,-82.4705627484839,41.));
#6858=CARTESIAN_POINT('',(-1.69999999999998,-82.4705627484842,41.));
#6859=CARTESIAN_POINT('',(-42.52,-86.4705627484839,41.));
#6860=CARTESIAN_POINT('Origin',(-46.52,-86.4705627484839,41.));
#6861=CARTESIAN_POINT('',(-42.52,-87.6920093578907,41.));
#6862=CARTESIAN_POINT('',(42.52,-86.4705627484839,41.));
#6863=CARTESIAN_POINT('',(42.52,-97.6349025767041,41.));
#6864=CARTESIAN_POINT('',(46.52,-82.4705627484839,41.));
#6865=CARTESIAN_POINT('Origin',(46.52,-86.4705627484839,41.));
#6866=CARTESIAN_POINT('',(49.,-82.4705627484839,41.));
#6867=CARTESIAN_POINT('',(46.56,-82.4705627484839,41.));
#6868=CARTESIAN_POINT('',(49.,-21.4705627484839,41.));
#6869=CARTESIAN_POINT('',(49.,-86.1920093578907,41.));
#6870=CARTESIAN_POINT('',(48.3,-21.4705627484839,41.));
#6871=CARTESIAN_POINT('',(47.9,-21.7905627484839,41.));
#6872=CARTESIAN_POINT('',(-47.9,-21.7905627484839,41.));
#6873=CARTESIAN_POINT('',(-47.9,-82.1505627484839,41.));
#6874=CARTESIAN_POINT('',(-47.9,-21.7905627484839,41.));
#6875=CARTESIAN_POINT('Origin',(51.,-72.4675219817363,11.9159800707075));
#6876=CARTESIAN_POINT('',(-51.,-72.4675219817363,13.2659800707075));
#6877=CARTESIAN_POINT('Origin',(-51.,-72.4675219817363,11.9159800707075));
#6878=CARTESIAN_POINT('',(-47.9,-72.4675219817363,13.2659800707075));
#6879=CARTESIAN_POINT('',(51.,-72.4675219817363,13.2659800707075));
#6880=CARTESIAN_POINT('Origin',(-47.9,-72.4675219817363,11.9159800707075));
#6881=CARTESIAN_POINT('Origin',(51.,-72.4675219817363,11.9159800707075));
#6882=CARTESIAN_POINT('',(47.9,-72.4675219817363,13.2659800707075));
#6883=CARTESIAN_POINT('Origin',(47.9,-72.4675219817363,11.9159800707075));
#6884=CARTESIAN_POINT('',(51.,-72.4675219817363,13.2659800707075));
#6885=CARTESIAN_POINT('',(51.,-72.4675219817363,13.2659800707075));
#6886=CARTESIAN_POINT('Origin',(51.,-72.4675219817363,11.9159800707075));
#6887=CARTESIAN_POINT('Origin',(51.,-31.3313979111303,11.8338776268977));
#6888=CARTESIAN_POINT('',(-51.,-31.3313979111303,13.1838776268977));
#6889=CARTESIAN_POINT('Origin',(-51.,-31.3313979111303,11.8338776268977));
#6890=CARTESIAN_POINT('',(-47.9,-31.3313979111303,13.1838776268977));
#6891=CARTESIAN_POINT('',(51.,-31.3313979111303,13.1838776268977));
#6892=CARTESIAN_POINT('Origin',(-47.9,-31.3313979111303,11.8338776268977));
#6893=CARTESIAN_POINT('Origin',(51.,-31.3313979111303,11.8338776268977));
#6894=CARTESIAN_POINT('',(47.9,-31.3313979111303,13.1838776268977));
#6895=CARTESIAN_POINT('Origin',(47.9,-31.3313979111303,11.8338776268977));
#6896=CARTESIAN_POINT('',(51.,-31.3313979111303,13.1838776268977));
#6897=CARTESIAN_POINT('',(51.,-31.3313979111303,13.1838776268977));
#6898=CARTESIAN_POINT('Origin',(51.,-31.3313979111303,11.8338776268977));
#6899=CARTESIAN_POINT('Origin',(44.52,-106.356349186111,0.));
#6900=CARTESIAN_POINT('',(44.52,-86.4705627484839,39.));
#6901=CARTESIAN_POINT('',(44.52,-97.6349025767041,39.));
#6902=CARTESIAN_POINT('',(44.52,-86.4705627484839,0.));
#6903=CARTESIAN_POINT('',(44.52,-106.356349186111,0.));
#6904=CARTESIAN_POINT('',(44.52,-86.4705627484839,0.));
#6905=CARTESIAN_POINT('Origin',(46.52,-86.4705627484839,0.));
#6906=CARTESIAN_POINT('',(46.52,-84.4705627484839,39.));
#6907=CARTESIAN_POINT('Origin',(46.52,-86.4705627484839,39.));
#6908=CARTESIAN_POINT('',(46.52,-84.4705627484839,0.));
#6909=CARTESIAN_POINT('Origin',(46.52,-86.4705627484839,0.));
#6910=CARTESIAN_POINT('',(46.52,-84.4705627484839,0.));
#6911=CARTESIAN_POINT('Origin',(46.52,-84.4705627484839,0.));
#6912=CARTESIAN_POINT('',(50.,-84.4705627484839,39.));
#6913=CARTESIAN_POINT('',(46.56,-84.4705627484839,39.));
#6914=CARTESIAN_POINT('',(50.,-84.4705627484839,0.));
#6915=CARTESIAN_POINT('',(46.52,-84.4705627484839,0.));
#6916=CARTESIAN_POINT('',(50.,-84.4705627484839,0.));
#6917=CARTESIAN_POINT('Origin',(50.,-83.4705627484839,0.));
#6918=CARTESIAN_POINT('',(51.,-83.4705627484839,39.));
#6919=CARTESIAN_POINT('Origin',(50.,-83.4705627484839,39.));
#6920=CARTESIAN_POINT('',(51.,-83.4705627484839,0.));
#6921=CARTESIAN_POINT('Origin',(50.,-83.4705627484839,0.));
#6922=CARTESIAN_POINT('',(51.,-83.4705627484839,0.));
#6923=CARTESIAN_POINT('Origin',(50.,-20.4705627484839,0.));
#6924=CARTESIAN_POINT('',(51.,-20.4705627484839,39.));
#6925=CARTESIAN_POINT('',(50.,-19.4705627484839,39.));
#6926=CARTESIAN_POINT('Origin',(50.,-20.4705627484839,39.));
#6927=CARTESIAN_POINT('',(51.,-20.4705627484839,0.));
#6928=CARTESIAN_POINT('',(51.,-20.4705627484839,0.));
#6929=CARTESIAN_POINT('',(50.,-19.4705627484839,0.));
#6930=CARTESIAN_POINT('Origin',(50.,-20.4705627484839,0.));
#6931=CARTESIAN_POINT('',(50.,-19.4705627484839,0.));
#6932=CARTESIAN_POINT('Origin',(50.,-19.4705627484839,0.));
#6933=CARTESIAN_POINT('',(48.3,-19.4705627484839,39.));
#6934=CARTESIAN_POINT('',(40.2234271247462,-19.4705627484839,0.));
#6935=CARTESIAN_POINT('',(50.,-19.4705627484839,0.));
#6936=CARTESIAN_POINT('',(40.2234271247462,-19.4705627484839,0.));
#6937=CARTESIAN_POINT('Origin',(40.2234271247462,-17.4705627484839,0.));
#6938=CARTESIAN_POINT('',(40.,-19.4580436464871,0.));
#6939=CARTESIAN_POINT('Origin',(40.2234271247462,-17.4705627484839,0.));
#6940=CARTESIAN_POINT('Origin',(-40.2234271247462,-17.4705627484839,0.));
#6941=CARTESIAN_POINT('',(-40.2234271247462,-19.4705627484839,0.));
#6942=CARTESIAN_POINT('Origin',(-40.2234271247462,-17.4705627484839,0.));
#6943=CARTESIAN_POINT('',(-40.2234271247462,-19.4705627484839,0.));
#6944=CARTESIAN_POINT('Origin',(-40.2234271247462,-19.4705627484839,0.));
#6945=CARTESIAN_POINT('',(-50.,-19.4705627484839,39.));
#6946=CARTESIAN_POINT('',(3.1882864376269,-19.4705627484839,39.));
#6947=CARTESIAN_POINT('',(-50.,-19.4705627484839,0.));
#6948=CARTESIAN_POINT('',(-40.2234271247462,-19.4705627484839,0.));
#6949=CARTESIAN_POINT('',(-50.,-19.4705627484839,0.));
#6950=CARTESIAN_POINT('Origin',(-50.,-20.4705627484839,0.));
#6951=CARTESIAN_POINT('',(-51.,-20.4705627484839,39.));
#6952=CARTESIAN_POINT('Origin',(-50.,-20.4705627484839,39.));
#6953=CARTESIAN_POINT('',(-51.,-20.4705627484839,0.));
#6954=CARTESIAN_POINT('Origin',(-50.,-20.4705627484839,0.));
#6955=CARTESIAN_POINT('',(-51.,-20.4705627484839,0.));
#6956=CARTESIAN_POINT('Origin',(-51.,-20.4705627484839,0.));
#6957=CARTESIAN_POINT('',(-51.,-33.4231604775441,0.));
#6958=CARTESIAN_POINT('',(-51.,-70.4231612833569,0.));
#6959=CARTESIAN_POINT('Origin',(-51.,-51.9231608804505,-4.73039881398679E-5));
#6960=CARTESIAN_POINT('',(-51.,-83.4705627484839,0.));
#6961=CARTESIAN_POINT('',(-51.,-20.4705627484839,0.));
#6962=CARTESIAN_POINT('',(-51.,-83.4705627484839,39.));
#6963=CARTESIAN_POINT('',(-51.,-83.4705627484839,0.));
#6964=CARTESIAN_POINT('',(-51.,-54.6920093578906,39.));
#6965=CARTESIAN_POINT('',(-51.,-20.4705627484839,0.));
#6966=CARTESIAN_POINT('',(-51.,-43.1526584397198,26.6825373010778));
#6967=CARTESIAN_POINT('',(-51.,-43.1526584397198,31.9781723247043));
#6968=CARTESIAN_POINT('',(-51.,-43.1526584397198,15.9890861623521));
#6969=CARTESIAN_POINT('',(-51.,-63.1670438912797,31.9781723247043));
#6970=CARTESIAN_POINT('',(-51.,-41.8188033198818,31.9781723247043));
#6971=CARTESIAN_POINT('',(-51.,-63.1670438912797,26.6825373010778));
#6972=CARTESIAN_POINT('',(-51.,-63.1670438912797,13.3412686505389));
#6973=CARTESIAN_POINT('',(-51.,-31.8116105941018,26.6825373010778));
#6974=CARTESIAN_POINT('',(-51.,-27.4824312537773,38.0029627290747));
#6975=CARTESIAN_POINT('Origin',(-51.,-27.4824312537773,35.9029627290747));
#6976=CARTESIAN_POINT('',(-51.,-37.9298635077556,38.0029627290747));
#6977=CARTESIAN_POINT('Origin',(-51.,-37.9298635077556,35.9029627290747));
#6978=CARTESIAN_POINT('Origin',(-50.,-83.4705627484839,0.));
#6979=CARTESIAN_POINT('Origin',(-50.,-83.4705627484839,39.));
#6980=CARTESIAN_POINT('Origin',(-50.,-83.4705627484839,0.));
#6981=CARTESIAN_POINT('Origin',(-42.52,-87.6920093578907,39.));
#6982=CARTESIAN_POINT('Origin',(-42.52,-86.4705627484839,39.));
#6983=CARTESIAN_POINT('Origin',(-46.52,-86.4705627484839,39.));
#6984=CARTESIAN_POINT('Origin',(-46.52,-82.4705627484839,39.));
#6985=CARTESIAN_POINT('Origin',(-1.69999999999998,-82.4705627484842,39.));
#6986=CARTESIAN_POINT('Origin',(-49.,-82.4705627484839,39.));
#6987=CARTESIAN_POINT('Origin',(-49.,-54.6920093578906,39.));
#6988=CARTESIAN_POINT('Origin',(-49.,-82.4705627484839,39.));
#6989=CARTESIAN_POINT('Origin',(-49.,-21.4705627484839,39.));
#6990=CARTESIAN_POINT('Origin',(3.1882864376269,-21.4705627484839,39.));
#6991=CARTESIAN_POINT('Origin',(-49.,-21.4705627484839,39.));
#6992=CARTESIAN_POINT('Origin',(48.3,-21.4705627484839,39.));
#6993=CARTESIAN_POINT('Origin',(49.,-21.4705627484839,39.));
#6994=CARTESIAN_POINT('Origin',(49.,-86.1920093578907,39.));
#6995=CARTESIAN_POINT('Origin',(49.,-21.4705627484839,39.));
#6996=CARTESIAN_POINT('Origin',(49.,-82.4705627484839,39.));
#6997=CARTESIAN_POINT('',(51.,-86.1920093578907,39.));
#6998=CARTESIAN_POINT('Origin',(46.56,-82.4705627484839,39.));
#6999=CARTESIAN_POINT('Origin',(49.,-82.4705627484839,39.));
#7000=CARTESIAN_POINT('Origin',(46.52,-82.4705627484839,39.));
#7001=CARTESIAN_POINT('Origin',(46.52,-86.4705627484839,39.));
#7002=CARTESIAN_POINT('Origin',(42.52,-86.4705627484839,39.));
#7003=CARTESIAN_POINT('Origin',(42.52,-97.6349025767041,39.));
#7004=CARTESIAN_POINT('Ctrl Pts',(51.,-83.4705627484839,39.));
#7005=CARTESIAN_POINT('Ctrl Pts',(51.,-83.4705627484839,39.2991993003419));
#7006=CARTESIAN_POINT('Ctrl Pts',(50.8961167159968,-83.4186211064823,39.7456171946901));
#7007=CARTESIAN_POINT('Ctrl Pts',(50.3375807157708,-83.1393531063693,40.6422042763083));
#7008=CARTESIAN_POINT('Ctrl Pts',(49.5983986006838,-82.7697620488258,41.));
#7009=CARTESIAN_POINT('Ctrl Pts',(49.,-82.4705627484839,41.));
#7010=CARTESIAN_POINT('Ctrl Pts',(51.,-83.7697620488258,39.));
#7011=CARTESIAN_POINT('Ctrl Pts',(51.,-83.7697620488258,39.3446314438419));
#7012=CARTESIAN_POINT('Ctrl Pts',(50.8621436268894,-83.6801908497863,39.8511936247688));
#7013=CARTESIAN_POINT('Ctrl Pts',(50.2235321895288,-83.2720008587278,40.7297072825357));
#7014=CARTESIAN_POINT('Ctrl Pts',(49.5414082577615,-82.8267523917481,41.));
#7015=CARTESIAN_POINT('Ctrl Pts',(49.,-82.4705627484839,41.));
#7016=CARTESIAN_POINT('Ctrl Pts',(50.7487025306098,-84.2875607545229,39.));
#7017=CARTESIAN_POINT('Ctrl Pts',(50.7487025306098,-84.2875607545229,39.3836634429621));
#7018=CARTESIAN_POINT('Ctrl Pts',(50.6028574437506,-84.1351210771834,39.9408874972912));
#7019=CARTESIAN_POINT('Ctrl Pts',(50.0034676737417,-83.5079132458436,40.7967898139372));
#7020=CARTESIAN_POINT('Ctrl Pts',(49.4416751576476,-82.9264854918621,41.));
#7021=CARTESIAN_POINT('Ctrl Pts',(49.,-82.4705627484839,41.));
#7022=CARTESIAN_POINT('Ctrl Pts',(50.2243994752564,-84.4705627484839,39.));
#7023=CARTESIAN_POINT('Ctrl Pts',(50.2243994752564,-84.4705627484839,39.3328222997077));
#7024=CARTESIAN_POINT('Ctrl Pts',(50.1443586591405,-84.3413293613177,39.8239724687686));
#7025=CARTESIAN_POINT('Ctrl Pts',(49.7693911917387,-83.723840105436,40.7078054301014));
#7026=CARTESIAN_POINT('Ctrl Pts',(49.3419420575336,-83.026218591976,41.));
#7027=CARTESIAN_POINT('Ctrl Pts',(49.,-82.4705627484839,41.));
#7028=CARTESIAN_POINT('Ctrl Pts',(50.,-84.4705627484839,39.));
#7029=CARTESIAN_POINT('Ctrl Pts',(50.,-84.4705627484839,39.2991993003419));
#7030=CARTESIAN_POINT('Ctrl Pts',(49.9480583579984,-84.3666794644807,39.7456171946902));
#7031=CARTESIAN_POINT('Ctrl Pts',(49.6687903578854,-83.8081434642547,40.6422042763083));
#7032=CARTESIAN_POINT('Ctrl Pts',(49.2991993003419,-83.0689613491677,41.));
#7033=CARTESIAN_POINT('Ctrl Pts',(49.,-82.4705627484839,41.));
#7034=CARTESIAN_POINT('Ctrl Pts',(50.,-19.4705627484839,39.));
#7035=CARTESIAN_POINT('Ctrl Pts',(50.,-19.4705627484839,39.2991993003419));
#7036=CARTESIAN_POINT('Ctrl Pts',(49.9480871135094,-19.5743885214651,39.7456967214139));
#7037=CARTESIAN_POINT('Ctrl Pts',(49.6688350191225,-20.132892710239,40.6423472581201));
#7038=CARTESIAN_POINT('Ctrl Pts',(49.2991993003419,-20.8721641478001,41.));
#7039=CARTESIAN_POINT('Ctrl Pts',(49.,-21.4705627484839,41.));
#7040=CARTESIAN_POINT('Ctrl Pts',(50.2991993003419,-19.4705627484839,39.));
#7041=CARTESIAN_POINT('Ctrl Pts',(50.2991993003419,-19.4705627484839,39.3446314438419));
#7042=CARTESIAN_POINT('Ctrl Pts',(50.2096867470143,-19.6083288735091,39.8512159848293));
#7043=CARTESIAN_POINT('Ctrl Pts',(49.8015043125409,-20.2469341011221,40.7297381746717));
#7044=CARTESIAN_POINT('Ctrl Pts',(49.3561896432642,-20.9291544907224,41.));
#7045=CARTESIAN_POINT('Ctrl Pts',(49.,-21.4705627484839,41.));
#7046=CARTESIAN_POINT('Ctrl Pts',(50.8170326975263,-19.7218313049034,39.));
#7047=CARTESIAN_POINT('Ctrl Pts',(50.8170326975263,-19.7218313049034,39.3836634429621));
#7048=CARTESIAN_POINT('Ctrl Pts',(50.6645892555456,-19.8676818629592,39.9410176647279));
#7049=CARTESIAN_POINT('Ctrl Pts',(50.0373210545804,-20.4671292083134,40.7968414459963));
#7050=CARTESIAN_POINT('Ctrl Pts',(49.4559227433781,-21.0288875908364,41.));
#7051=CARTESIAN_POINT('Ctrl Pts',(49.,-21.4705627484839,41.));
#7052=CARTESIAN_POINT('Ctrl Pts',(51.,-20.2461632732275,39.));
#7053=CARTESIAN_POINT('Ctrl Pts',(51.,-20.2461632732275,39.3328222997077));
#7054=CARTESIAN_POINT('Ctrl Pts',(50.8708107677347,-20.3261874700728,39.8240543002248));
#7055=CARTESIAN_POINT('Ctrl Pts',(50.2533133037012,-20.7011640706313,40.7078994132778));
#7056=CARTESIAN_POINT('Ctrl Pts',(49.5556558434921,-21.1286206909503,41.));
#7057=CARTESIAN_POINT('Ctrl Pts',(49.,-21.4705627484839,41.));
#7058=CARTESIAN_POINT('Ctrl Pts',(51.,-20.4705627484839,39.));
#7059=CARTESIAN_POINT('Ctrl Pts',(51.,-20.4705627484839,39.2991993003419));
#7060=CARTESIAN_POINT('Ctrl Pts',(50.8961742270188,-20.5224756349745,39.7456967214139));
#7061=CARTESIAN_POINT('Ctrl Pts',(50.3376700382449,-20.8017277293615,40.6423472581201));
#7062=CARTESIAN_POINT('Ctrl Pts',(49.5983986006838,-21.171363448142,41.));
#7063=CARTESIAN_POINT('Ctrl Pts',(49.,-21.4705627484839,41.));
#7064=CARTESIAN_POINT('Ctrl Pts',(-51.,-20.4705627484839,39.));
#7065=CARTESIAN_POINT('Ctrl Pts',(-51.,-20.4705627484839,39.2991993003419));
#7066=CARTESIAN_POINT('Ctrl Pts',(-50.8961742270188,-20.5224756349745,39.7456967214139));
#7067=CARTESIAN_POINT('Ctrl Pts',(-50.3376700382449,-20.8017277293615,40.6423472581201));
#7068=CARTESIAN_POINT('Ctrl Pts',(-49.5983986006838,-21.171363448142,41.));
#7069=CARTESIAN_POINT('Ctrl Pts',(-49.,-21.4705627484839,41.));
#7070=CARTESIAN_POINT('Ctrl Pts',(-51.,-20.171363448142,39.));
#7071=CARTESIAN_POINT('Ctrl Pts',(-51.,-20.171363448142,39.3446314438419));
#7072=CARTESIAN_POINT('Ctrl Pts',(-50.8622338749748,-20.2608760014697,39.8512159848293));
#7073=CARTESIAN_POINT('Ctrl Pts',(-50.2236286473618,-20.6690584359431,40.7297381746717));
#7074=CARTESIAN_POINT('Ctrl Pts',(-49.5414082577615,-21.1143731052198,41.));
#7075=CARTESIAN_POINT('Ctrl Pts',(-49.,-21.4705627484839,41.));
#7076=CARTESIAN_POINT('Ctrl Pts',(-50.7487314435805,-19.6535300509576,39.));
#7077=CARTESIAN_POINT('Ctrl Pts',(-50.7487314435805,-19.6535300509576,39.3836634429621));
#7078=CARTESIAN_POINT('Ctrl Pts',(-50.6028808855247,-19.8059734929384,39.9410176647279));
#7079=CARTESIAN_POINT('Ctrl Pts',(-50.0034335401706,-20.4332416939036,40.7968414459963));
#7080=CARTESIAN_POINT('Ctrl Pts',(-49.4416751576475,-21.0146400051058,41.));
#7081=CARTESIAN_POINT('Ctrl Pts',(-49.,-21.4705627484839,41.));
#7082=CARTESIAN_POINT('Ctrl Pts',(-50.2243994752564,-19.4705627484839,39.));
#7083=CARTESIAN_POINT('Ctrl Pts',(-50.2243994752564,-19.4705627484839,39.3328222997077));
#7084=CARTESIAN_POINT('Ctrl Pts',(-50.1443752784111,-19.5997519807492,39.8240543002248));
#7085=CARTESIAN_POINT('Ctrl Pts',(-49.7693986778527,-20.2172494447827,40.7078994132778));
#7086=CARTESIAN_POINT('Ctrl Pts',(-49.3419420575336,-20.9149069049918,41.));
#7087=CARTESIAN_POINT('Ctrl Pts',(-49.,-21.4705627484839,41.));
#7088=CARTESIAN_POINT('Ctrl Pts',(-50.,-19.4705627484839,39.));
#7089=CARTESIAN_POINT('Ctrl Pts',(-50.,-19.4705627484839,39.2991993003419));
#7090=CARTESIAN_POINT('Ctrl Pts',(-49.9480871135094,-19.5743885214651,39.7456967214139));
#7091=CARTESIAN_POINT('Ctrl Pts',(-49.6688350191225,-20.132892710239,40.6423472581201));
#7092=CARTESIAN_POINT('Ctrl Pts',(-49.2991993003419,-20.8721641478001,41.));
#7093=CARTESIAN_POINT('Ctrl Pts',(-49.,-21.4705627484839,41.));
#7094=CARTESIAN_POINT('Ctrl Pts',(-50.,-84.4705627484839,39.));
#7095=CARTESIAN_POINT('Ctrl Pts',(-50.,-84.4705627484839,39.2991993003419));
#7096=CARTESIAN_POINT('Ctrl Pts',(-49.9480583579984,-84.3666794644807,39.7456171946901));
#7097=CARTESIAN_POINT('Ctrl Pts',(-49.6687903578854,-83.8081434642547,40.6422042763083));
#7098=CARTESIAN_POINT('Ctrl Pts',(-49.2991993003419,-83.0689613491677,41.));
#7099=CARTESIAN_POINT('Ctrl Pts',(-49.,-82.470562748484,41.));
#7100=CARTESIAN_POINT('Ctrl Pts',(-50.2991993003419,-84.4705627484839,39.));
#7101=CARTESIAN_POINT('Ctrl Pts',(-50.2991993003419,-84.4705627484839,39.3446314438419));
#7102=CARTESIAN_POINT('Ctrl Pts',(-50.2096281013024,-84.3327063753733,39.8511936247688));
#7103=CARTESIAN_POINT('Ctrl Pts',(-49.8014381102439,-83.6940949380127,40.7297072825357));
#7104=CARTESIAN_POINT('Ctrl Pts',(-49.3561896432642,-83.0119710062455,41.));
#7105=CARTESIAN_POINT('Ctrl Pts',(-49.,-82.470562748484,41.));
#7106=CARTESIAN_POINT('Ctrl Pts',(-50.8169980060389,-84.2192652790937,39.));
#7107=CARTESIAN_POINT('Ctrl Pts',(-50.8169980060389,-84.2192652790937,39.3836634429621));
#7108=CARTESIAN_POINT('Ctrl Pts',(-50.6645583286995,-84.0734201922345,39.9408874972912));
#7109=CARTESIAN_POINT('Ctrl Pts',(-50.0373504973597,-83.4740304222257,40.7967898139372));
#7110=CARTESIAN_POINT('Ctrl Pts',(-49.4559227433781,-82.9122379061315,41.));
#7111=CARTESIAN_POINT('Ctrl Pts',(-49.,-82.4705627484839,41.));
#7112=CARTESIAN_POINT('Ctrl Pts',(-51.,-83.6949622237403,39.));
#7113=CARTESIAN_POINT('Ctrl Pts',(-51.,-83.6949622237403,39.3328222997077));
#7114=CARTESIAN_POINT('Ctrl Pts',(-50.8707666128338,-83.6149214076244,39.8239724687686));
#7115=CARTESIAN_POINT('Ctrl Pts',(-50.2532773569521,-83.2399539402226,40.7078054301014));
#7116=CARTESIAN_POINT('Ctrl Pts',(-49.5556558434921,-82.8125048060175,41.));
#7117=CARTESIAN_POINT('Ctrl Pts',(-49.,-82.4705627484839,41.));
#7118=CARTESIAN_POINT('Ctrl Pts',(-51.,-83.4705627484839,39.));
#7119=CARTESIAN_POINT('Ctrl Pts',(-51.,-83.4705627484839,39.2991993003419));
#7120=CARTESIAN_POINT('Ctrl Pts',(-50.8961167159968,-83.4186211064823,39.7456171946901));
#7121=CARTESIAN_POINT('Ctrl Pts',(-50.3375807157708,-83.1393531063693,40.6422042763083));
#7122=CARTESIAN_POINT('Ctrl Pts',(-49.5983986006838,-82.7697620488258,41.));
#7123=CARTESIAN_POINT('Ctrl Pts',(-49.,-82.4705627484839,41.));
#7124=CARTESIAN_POINT('Origin',(51.,-37.9298635077556,35.9029627290747));
#7125=CARTESIAN_POINT('',(-47.9,-37.9298635077556,38.0029627290747));
#7126=CARTESIAN_POINT('Origin',(-47.9,-37.9298635077556,35.9029627290747));
#7127=CARTESIAN_POINT('',(51.,-37.9298635077556,38.0029627290747));
#7128=CARTESIAN_POINT('Origin',(51.,-37.9298635077556,35.9029627290747));
#7129=CARTESIAN_POINT('',(51.,-37.9298635077556,38.0029627290747));
#7130=CARTESIAN_POINT('Origin',(51.,-37.9298635077556,35.9029627290747));
#7131=CARTESIAN_POINT('',(47.9,-37.9298635077556,38.0029627290747));
#7132=CARTESIAN_POINT('',(51.,-37.9298635077556,38.0029627290747));
#7133=CARTESIAN_POINT('Origin',(47.9,-37.9298635077556,35.9029627290747));
#7134=CARTESIAN_POINT('Origin',(51.,-27.4824312537773,35.9029627290747));
#7135=CARTESIAN_POINT('',(-47.9,-27.4824312537773,38.0029627290747));
#7136=CARTESIAN_POINT('Origin',(-47.9,-27.4824312537773,35.9029627290747));
#7137=CARTESIAN_POINT('',(51.,-27.4824312537773,38.0029627290747));
#7138=CARTESIAN_POINT('Origin',(51.,-27.4824312537773,35.9029627290747));
#7139=CARTESIAN_POINT('',(51.,-27.4824312537773,38.0029627290747));
#7140=CARTESIAN_POINT('Origin',(51.,-27.4824312537773,35.9029627290747));
#7141=CARTESIAN_POINT('',(47.9,-27.4824312537773,38.0029627290747));
#7142=CARTESIAN_POINT('',(51.,-27.4824312537773,38.0029627290747));
#7143=CARTESIAN_POINT('Origin',(47.9,-27.4824312537773,35.9029627290747));
#7144=CARTESIAN_POINT('Origin',(51.,-63.1670438912797,31.9781723247043));
#7145=CARTESIAN_POINT('',(-47.9,-43.1526584397198,31.9781723247043));
#7146=CARTESIAN_POINT('',(51.,-43.1526584397198,31.9781723247043));
#7147=CARTESIAN_POINT('',(-47.9,-63.1670438912797,31.9781723247043));
#7148=CARTESIAN_POINT('',(-47.9,-47.8188033198818,31.9781723247043));
#7149=CARTESIAN_POINT('',(51.,-63.1670438912797,31.9781723247043));
#7150=CARTESIAN_POINT('Origin',(51.,-43.1526584397198,31.9781723247043));
#7151=CARTESIAN_POINT('',(-47.9,-43.1526584397198,26.6825373010778));
#7152=CARTESIAN_POINT('',(51.,-43.1526584397198,26.6825373010778));
#7153=CARTESIAN_POINT('',(-47.9,-43.1526584397198,15.9890861623521));
#7154=CARTESIAN_POINT('Origin',(51.,-43.1526584397198,31.9781723247043));
#7155=CARTESIAN_POINT('',(47.9,-43.1526584397198,26.6825373010778));
#7156=CARTESIAN_POINT('',(47.9,-43.1526584397198,31.9781723247043));
#7157=CARTESIAN_POINT('',(47.9,-43.1526584397198,15.9890861623521));
#7158=CARTESIAN_POINT('',(51.,-43.1526584397198,26.6825373010778));
#7159=CARTESIAN_POINT('',(51.,-43.1526584397198,26.6825373010778));
#7160=CARTESIAN_POINT('',(51.,-43.1526584397198,31.9781723247043));
#7161=CARTESIAN_POINT('',(51.,-43.1526584397198,15.9890861623521));
#7162=CARTESIAN_POINT('',(51.,-43.1526584397198,31.9781723247043));
#7163=CARTESIAN_POINT('Origin',(51.,-43.1526584397198,26.6825373010778));
#7164=CARTESIAN_POINT('',(-47.9,-63.1670438912797,26.6825373010778));
#7165=CARTESIAN_POINT('',(51.,-63.1670438912797,26.6825373010778));
#7166=CARTESIAN_POINT('',(-47.9,-37.8116105941018,26.6825373010778));
#7167=CARTESIAN_POINT('Origin',(51.,-43.1526584397198,26.6825373010778));
#7168=CARTESIAN_POINT('',(47.9,-63.1670438912797,26.6825373010778));
#7169=CARTESIAN_POINT('',(47.9,-57.3116105941018,26.6825373010778));
#7170=CARTESIAN_POINT('',(51.,-63.1670438912797,26.6825373010778));
#7171=CARTESIAN_POINT('',(51.,-63.1670438912797,26.6825373010778));
#7172=CARTESIAN_POINT('',(51.,-63.3116105941018,26.6825373010778));
#7173=CARTESIAN_POINT('Origin',(51.,-63.1670438912797,31.9781723247043));
#7174=CARTESIAN_POINT('',(47.9,-63.1670438912797,31.9781723247043));
#7175=CARTESIAN_POINT('',(47.9,-67.3188033198818,31.9781723247043));
#7176=CARTESIAN_POINT('',(51.,-63.1670438912797,31.9781723247043));
#7177=CARTESIAN_POINT('',(51.,-73.3188033198818,31.9781723247043));
#7178=CARTESIAN_POINT('',(51.,-63.1670438912797,31.9781723247043));
#7179=CARTESIAN_POINT('Origin',(51.,-63.1670438912797,26.6825373010778));
#7180=CARTESIAN_POINT('',(-47.9,-63.1670438912797,13.3412686505389));
#7181=CARTESIAN_POINT('Origin',(51.,-63.1670438912797,26.6825373010778));
#7182=CARTESIAN_POINT('',(47.9,-63.1670438912797,13.3412686505389));
#7183=CARTESIAN_POINT('',(51.,-63.1670438912797,13.3412686505389));
#7184=CARTESIAN_POINT('Origin',(47.9,-71.4705627484839,0.));
#7185=CARTESIAN_POINT('',(47.9,-33.4231604775441,0.));
#7186=CARTESIAN_POINT('',(47.9,-70.4231612833568,0.));
#7187=CARTESIAN_POINT('Origin',(47.9,-51.9231608804505,-4.73039881398679E-5));
#7188=CARTESIAN_POINT('',(47.9,-71.4705627484839,0.));
#7189=CARTESIAN_POINT('',(47.9,-21.7905627484839,0.));
#7190=CARTESIAN_POINT('Origin',(0.,23.0294372515161,0.));
#7191=CARTESIAN_POINT('',(-47.9,-70.4231612833569,0.));
#7192=CARTESIAN_POINT('',(-51.,-70.4231612833569,0.));
#7193=CARTESIAN_POINT('',(-47.9,-82.1505627484839,0.));
#7194=CARTESIAN_POINT('',(51.,-70.4231612833568,0.));
#7195=CARTESIAN_POINT('',(51.,-70.4231612833568,0.));
#7196=CARTESIAN_POINT('',(51.,-83.4705627484839,0.));
#7197=CARTESIAN_POINT('Origin',(-47.9,-32.4705627484839,0.));
#7198=CARTESIAN_POINT('',(-47.9,-33.4231604775441,0.));
#7199=CARTESIAN_POINT('Origin',(-47.9,-51.9231608804505,-4.73039881398679E-5));
#7200=CARTESIAN_POINT('',(-47.9,-21.7905627484839,0.));
#7201=CARTESIAN_POINT('',(-47.9,-82.1505627484839,0.));
#7202=CARTESIAN_POINT('',(-47.9,-21.7905627484839,0.));
#7203=CARTESIAN_POINT('Origin',(51.,-83.4705627484839,0.));
#7204=CARTESIAN_POINT('',(51.,-33.4231604775441,0.));
#7205=CARTESIAN_POINT('Origin',(51.,-51.9231608804505,-4.73039881398679E-5));
#7206=CARTESIAN_POINT('',(51.,-32.4705627484839,0.));
#7207=CARTESIAN_POINT('Origin',(-51.,-51.9231608804505,-4.73039881398679E-5));
#7208=CARTESIAN_POINT('',(-51.,-33.4231604775441,0.));
#7209=CARTESIAN_POINT('Origin',(-51.,-51.9231608804505,-4.73039881398679E-5));
#7210=CARTESIAN_POINT('',(-51.,-33.4231604775441,0.));
#7211=CARTESIAN_POINT('Origin',(0.,23.0294372515161,0.));
#7212=CARTESIAN_POINT('',(-47.9,-21.7905627484839,0.));
#7213=CARTESIAN_POINT('Origin',(0.,23.0294372515161,0.));
#7214=CARTESIAN_POINT('Origin',(-47.9,-21.7905627484839,0.));
#7215=CARTESIAN_POINT('Origin',(46.6,-88.9134559672974,41.));
#7216=CARTESIAN_POINT('',(33.5,63.1633917907602,41.));
#7217=CARTESIAN_POINT('',(10.8786070576886,63.1633917907602,41.));
#7218=CARTESIAN_POINT('',(33.5,63.1633917907602,41.));
#7219=CARTESIAN_POINT('',(10.8786070576886,-12.8750320882686,41.));
#7220=CARTESIAN_POINT('',(33.5,67.8494372515161,41.));
#7221=CARTESIAN_POINT('',(36.9,67.8494372515161,41.));
#7222=CARTESIAN_POINT('',(33.5,67.8494372515161,41.));
#7223=CARTESIAN_POINT('Origin',(46.6,-88.9134559672974,41.));
#7224=CARTESIAN_POINT('',(-36.9,128.209437251516,41.));
#7225=CARTESIAN_POINT('',(-36.9,67.8494372515161,41.));
#7226=CARTESIAN_POINT('',(36.9,128.209437251516,41.));
#7227=CARTESIAN_POINT('',(-36.9,128.209437251516,41.));
#7228=CARTESIAN_POINT('',(36.9,128.209437251516,41.));
#7229=CARTESIAN_POINT('',(38.,128.529437251516,41.));
#7230=CARTESIAN_POINT('',(38.,-11.1920093578907,41.));
#7231=CARTESIAN_POINT('',(-38.,128.529437251516,41.));
#7232=CARTESIAN_POINT('',(42.8,128.529437251516,41.));
#7233=CARTESIAN_POINT('',(-38.,-5.19200935789065,41.));
#7234=CARTESIAN_POINT('Origin',(0.,23.0294372515161,0.));
#7235=CARTESIAN_POINT('',(-36.9,79.5294368485409,0.));
#7236=CARTESIAN_POINT('',(-40.,79.5294368485409,0.));
#7237=CARTESIAN_POINT('',(-36.9,67.8494372515161,0.));
#7238=CARTESIAN_POINT('',(-36.9,67.8494372515161,0.));
#7239=CARTESIAN_POINT('',(-33.5,67.8494372515161,0.));
#7240=CARTESIAN_POINT('',(-33.5,67.8494372515161,0.));
#7241=CARTESIAN_POINT('',(-33.5,63.1633917907602,0.));
#7242=CARTESIAN_POINT('',(-33.5,63.1633917907602,0.));
#7243=CARTESIAN_POINT('',(33.5,63.1633917907602,0.));
#7244=CARTESIAN_POINT('',(33.5,63.1633917907602,0.));
#7245=CARTESIAN_POINT('',(33.5,67.8494372515161,0.));
#7246=CARTESIAN_POINT('',(33.5,67.8494372515161,0.));
#7247=CARTESIAN_POINT('',(36.9,67.8494372515161,0.));
#7248=CARTESIAN_POINT('',(36.9,67.8494372515161,0.));
#7249=CARTESIAN_POINT('',(36.9,79.5294367342063,0.));
#7250=CARTESIAN_POINT('',(36.9,88.7806958360046,0.));
#7251=CARTESIAN_POINT('',(40.,79.5294367342063,0.));
#7252=CARTESIAN_POINT('',(40.,79.5294367342063,0.));
#7253=CARTESIAN_POINT('',(40.,66.5294372515161,0.));
#7254=CARTESIAN_POINT('Origin',(46.6,-88.9134559672974,41.));
#7255=CARTESIAN_POINT('',(-13.0082361195217,63.1633917907602,41.));
#7256=CARTESIAN_POINT('',(-13.0082361195217,-12.8750320882686,41.));
#7257=CARTESIAN_POINT('',(-33.5,63.1633917907602,41.));
#7258=CARTESIAN_POINT('',(33.5,63.1633917907602,41.));
#7259=CARTESIAN_POINT('',(-33.5,67.8494372515161,41.));
#7260=CARTESIAN_POINT('',(-33.5,63.1633917907602,41.));
#7261=CARTESIAN_POINT('',(-33.5,67.8494372515161,41.));
#7262=CARTESIAN_POINT('Origin',(21.,132.529437251516,17.));
#7263=CARTESIAN_POINT('',(3.,132.529437251516,19.));
#7264=CARTESIAN_POINT('',(7.,132.529437251516,19.));
#7265=CARTESIAN_POINT('',(21.,132.529437251516,19.));
#7266=CARTESIAN_POINT('',(9.,130.529437251516,17.));
#7267=CARTESIAN_POINT('Origin',(9.,132.529437251516,17.));
#7268=CARTESIAN_POINT('',(1.,130.529437251516,17.));
#7269=CARTESIAN_POINT('',(21.,130.529437251516,17.));
#7270=CARTESIAN_POINT('Origin',(1.,132.529437251516,17.));
#7271=CARTESIAN_POINT('Origin',(9.,132.529437251516,14.5));
#7272=CARTESIAN_POINT('',(7.,132.529437251516,39.));
#7273=CARTESIAN_POINT('',(7.,132.529437251516,14.5));
#7274=CARTESIAN_POINT('',(7.07313391199542,131.993538866654,39.));
#7275=CARTESIAN_POINT('Origin',(9.,132.529437251516,39.));
#7276=CARTESIAN_POINT('',(9.,130.529437251516,39.));
#7277=CARTESIAN_POINT('Origin',(9.,132.529437251516,39.));
#7278=CARTESIAN_POINT('',(9.,130.529437251516,14.5));
#7279=CARTESIAN_POINT('Origin',(1.,132.529437251516,14.5));
#7280=CARTESIAN_POINT('',(0.999999999999996,130.529437251516,39.6374999227336));
#7281=CARTESIAN_POINT('',(1.,130.529437251516,14.5));
#7282=CARTESIAN_POINT('',(2.92686608800458,131.993538866654,39.));
#7283=CARTESIAN_POINT('Ctrl Pts',(0.999999999999996,130.529437251516,39.6374999227336));
#7284=CARTESIAN_POINT('Ctrl Pts',(1.19470161614145,130.529437251516,39.6374999227336));
#7285=CARTESIAN_POINT('Ctrl Pts',(1.39951736657313,130.559531648773,39.6034800901761));
#7286=CARTESIAN_POINT('Ctrl Pts',(1.78234184675619,130.677928351763,39.491420544274));
#7287=CARTESIAN_POINT('Ctrl Pts',(1.96119535038462,130.766130408628,39.4161799740646));
#7288=CARTESIAN_POINT('Ctrl Pts',(2.26838592871261,130.971750588333,39.2760824485789));
#7289=CARTESIAN_POINT('Ctrl Pts',(2.42195114928904,131.107998765629,39.1985448196954));
#7290=CARTESIAN_POINT('Ctrl Pts',(2.68183040283421,131.427675373441,39.0740663346604));
#7291=CARTESIAN_POINT('Ctrl Pts',(2.78808742814963,131.611475964156,39.0279639124286));
#7292=CARTESIAN_POINT('Ctrl Pts',(2.88588385339391,131.860119439702,39.0034597655964));
#7293=CARTESIAN_POINT('Ctrl Pts',(2.90805062844153,131.925886356427,39.));
#7294=CARTESIAN_POINT('Ctrl Pts',(2.92686608800458,131.993538866654,39.));
#7295=CARTESIAN_POINT('',(3.,132.529437251516,39.));
#7296=CARTESIAN_POINT('Origin',(1.,132.529437251516,39.));
#7297=CARTESIAN_POINT('',(3.,132.529437251516,14.5));
#7298=CARTESIAN_POINT('Origin',(9.,128.529437251516,39.));
#7299=CARTESIAN_POINT('',(9.,130.261488059085,40.));
#7300=CARTESIAN_POINT('Ctrl Pts',(7.07313391199542,131.993538866654,39.));
#7301=CARTESIAN_POINT('Ctrl Pts',(7.12759140841313,131.79773252342,39.));
#7302=CARTESIAN_POINT('Ctrl Pts',(7.21069196773795,131.614644745953,39.028514824664));
#7303=CARTESIAN_POINT('Ctrl Pts',(7.44066464529371,131.25401119839,39.1309325905684));
#7304=CARTESIAN_POINT('Ctrl Pts',(7.61105255830249,131.056015681358,39.2184111922021));
#7305=CARTESIAN_POINT('Ctrl Pts',(8.22074089344069,130.575015544289,39.5467916604212));
#7306=CARTESIAN_POINT('Ctrl Pts',(8.65261622744756,130.384692728262,39.7874935333417));
#7307=CARTESIAN_POINT('Ctrl Pts',(8.99655734594052,130.262706183351,39.9978923691024));
#7308=CARTESIAN_POINT('Ctrl Pts',(8.99827867435272,130.262096639604,39.9989459076208));
#7309=CARTESIAN_POINT('Ctrl Pts',(9.,130.261488059085,40.));
#7310=CARTESIAN_POINT('Origin',(9.,128.529437251516,39.));
#7311=CARTESIAN_POINT('Origin',(7.,140.525857018943,29.));
#7312=CARTESIAN_POINT('',(7.,140.529437251516,19.));
#7313=CARTESIAN_POINT('',(7.,140.529437251516,19.));
#7314=CARTESIAN_POINT('',(7.,140.529437251516,39.));
#7315=CARTESIAN_POINT('Origin',(7.,140.529437251516,29.));
#7316=CARTESIAN_POINT('',(7.,130.522276786371,39.));
#7317=CARTESIAN_POINT('',(7.,140.529437251516,32.25));
#7318=CARTESIAN_POINT('Origin',(7.,140.529437251516,29.));
#7319=CARTESIAN_POINT('Origin',(3.,130.522276786371,19.));
#7320=CARTESIAN_POINT('',(3.,140.529437251516,19.));
#7321=CARTESIAN_POINT('',(3.,140.529437251516,19.));
#7322=CARTESIAN_POINT('',(3.,140.529437251516,19.));
#7323=CARTESIAN_POINT('Origin',(3.,140.525857018943,29.));
#7324=CARTESIAN_POINT('',(3.,140.529437251516,39.));
#7325=CARTESIAN_POINT('',(3.,130.522276786371,39.));
#7326=CARTESIAN_POINT('Origin',(3.,140.529437251516,29.));
#7327=CARTESIAN_POINT('',(3.,140.529437251516,32.25));
#7328=CARTESIAN_POINT('Origin',(3.,140.529437251516,29.));
#7329=CARTESIAN_POINT('Origin',(42.8,128.529437251516,39.));
#7330=CARTESIAN_POINT('',(-9.,130.261488059085,40.));
#7331=CARTESIAN_POINT('',(42.8,130.261488059085,40.));
#7332=CARTESIAN_POINT('',(-9.,130.529437251516,39.));
#7333=CARTESIAN_POINT('Origin',(-9.,128.529437251516,39.));
#7334=CARTESIAN_POINT('',(-39.,130.529437251516,39.));
#7335=CARTESIAN_POINT('',(42.8,130.529437251516,39.));
#7336=CARTESIAN_POINT('Origin',(-38.,128.529437251516,39.));
#7337=CARTESIAN_POINT('',(39.,130.529437251516,39.));
#7338=CARTESIAN_POINT('Origin',(38.,128.529437251516,39.));
#7339=CARTESIAN_POINT('',(42.8,130.529437251516,39.));
#7340=CARTESIAN_POINT('Origin',(3.,140.529437251516,29.));
#7341=CARTESIAN_POINT('',(3.,140.529437251516,32.25));
#7342=CARTESIAN_POINT('Origin',(3.,140.529437251516,39.));
#7343=CARTESIAN_POINT('',(42.8,131.993538866654,39.));
#7344=CARTESIAN_POINT('',(3.,140.529437251516,39.));
#7345=CARTESIAN_POINT('Origin',(3.,140.529437251516,29.));
#7346=CARTESIAN_POINT('Origin',(18.,132.529437251516,17.));
#7347=CARTESIAN_POINT('',(-1.,130.529437251516,17.));
#7348=CARTESIAN_POINT('',(-9.,130.529437251516,17.));
#7349=CARTESIAN_POINT('',(18.,130.529437251516,17.));
#7350=CARTESIAN_POINT('',(-7.,132.529437251516,19.));
#7351=CARTESIAN_POINT('Origin',(-9.,132.529437251516,17.));
#7352=CARTESIAN_POINT('',(-3.,132.529437251516,19.));
#7353=CARTESIAN_POINT('',(18.,132.529437251516,19.));
#7354=CARTESIAN_POINT('Origin',(-1.,132.529437251516,17.));
#7355=CARTESIAN_POINT('Origin',(-9.,132.529437251516,14.5));
#7356=CARTESIAN_POINT('',(-9.,130.529437251516,14.5));
#7357=CARTESIAN_POINT('',(-7.07313391199545,131.993538866654,39.));
#7358=CARTESIAN_POINT('Origin',(-9.,132.529437251516,39.));
#7359=CARTESIAN_POINT('',(-7.,132.529437251516,39.));
#7360=CARTESIAN_POINT('Origin',(-9.,132.529437251516,39.));
#7361=CARTESIAN_POINT('',(-7.,132.529437251516,14.5));
#7362=CARTESIAN_POINT('Origin',(-1.,132.529437251516,14.5));
#7363=CARTESIAN_POINT('',(-3.,132.529437251516,39.));
#7364=CARTESIAN_POINT('',(-3.,132.529437251516,14.5));
#7365=CARTESIAN_POINT('',(-2.92686608800458,131.993538866654,39.));
#7366=CARTESIAN_POINT('Origin',(-1.,132.529437251516,39.));
#7367=CARTESIAN_POINT('',(-1.00000000000001,130.529437251516,39.));
#7368=CARTESIAN_POINT('Origin',(-1.,132.529437251516,39.));
#7369=CARTESIAN_POINT('',(-1.,130.529437251516,14.5));
#7370=CARTESIAN_POINT('Origin',(-9.,128.529437251516,39.));
#7371=CARTESIAN_POINT('Ctrl Pts',(-9.,130.261488059085,40.));
#7372=CARTESIAN_POINT('Ctrl Pts',(-8.99827867434652,130.262096639606,39.998945907617));
#7373=CARTESIAN_POINT('Ctrl Pts',(-8.99655734594126,130.262706183349,39.9978923691056));
#7374=CARTESIAN_POINT('Ctrl Pts',(-8.65261620390623,130.384692736689,39.7874935188068));
#7375=CARTESIAN_POINT('Ctrl Pts',(-8.2207409179972,130.575015541808,39.5467916748543));
#7376=CARTESIAN_POINT('Ctrl Pts',(-7.61105260828446,131.056015630881,39.2184112183335));
#7377=CARTESIAN_POINT('Ctrl Pts',(-7.44066468624624,131.254011146562,39.1309326108614));
#7378=CARTESIAN_POINT('Ctrl Pts',(-7.21069198514703,131.614644707906,39.0285148306352));
#7379=CARTESIAN_POINT('Ctrl Pts',(-7.12759141420272,131.797732502604,39.0000000000002));
#7380=CARTESIAN_POINT('Ctrl Pts',(-7.0731339119961,131.993538866651,39.));
#7381=CARTESIAN_POINT('Origin',(-0.999999999999996,128.529437251516,39.));
#7382=CARTESIAN_POINT('',(-1.62188988953202,130.529437253014,39.6374999195133));
#7383=CARTESIAN_POINT('Ctrl Pts',(-1.62188988484416,130.529437251516,39.6374999238649));
#7384=CARTESIAN_POINT('Ctrl Pts',(-1.41330492742605,130.529437251516,39.4127966401258));
#7385=CARTESIAN_POINT('Ctrl Pts',(-1.19930424756876,130.529437251516,39.1993042475688));
#7386=CARTESIAN_POINT('Ctrl Pts',(-0.999999999999996,130.529437251516,39.));
#7387=CARTESIAN_POINT('Ctrl Pts',(-2.92686608800456,131.993538866654,39.));
#7388=CARTESIAN_POINT('Ctrl Pts',(-2.87240858430898,131.797732497252,39.));
#7389=CARTESIAN_POINT('Ctrl Pts',(-2.7893080103757,131.614644698121,39.0285148321708));
#7390=CARTESIAN_POINT('Ctrl Pts',(-2.55933530321804,131.254011133228,39.130932616082));
#7391=CARTESIAN_POINT('Ctrl Pts',(-2.38894737885608,131.056015617896,39.2184112250567));
#7392=CARTESIAN_POINT('Ctrl Pts',(-1.98081163702104,130.73402596824,39.4382346976422));
#7393=CARTESIAN_POINT('Ctrl Pts',(-1.80079935850861,130.622875952492,39.537093504639));
#7394=CARTESIAN_POINT('Ctrl Pts',(-1.62188988953202,130.529437254513,39.6374999195133));
#7395=CARTESIAN_POINT('Origin',(-7.,140.529437251516,29.));
#7396=CARTESIAN_POINT('',(-7.,140.529437251516,39.));
#7397=CARTESIAN_POINT('',(-7.,130.529437251516,39.));
#7398=CARTESIAN_POINT('',(-7.,140.529437251516,19.));
#7399=CARTESIAN_POINT('Origin',(-7.,140.529437251516,29.));
#7400=CARTESIAN_POINT('',(-7.,140.529437251516,19.));
#7401=CARTESIAN_POINT('',(-7.,140.529437251516,32.25));
#7402=CARTESIAN_POINT('Origin',(-7.,140.529437251516,29.));
#7403=CARTESIAN_POINT('Origin',(39.,130.529437251516,0.));
#7404=CARTESIAN_POINT('',(39.,130.529437251516,0.));
#7405=CARTESIAN_POINT('',(39.,130.529437251516,0.));
#7406=CARTESIAN_POINT('',(-39.,130.529437251516,0.));
#7407=CARTESIAN_POINT('',(39.,130.529437251516,0.));
#7408=CARTESIAN_POINT('',(-39.,130.529437251516,0.));
#7409=CARTESIAN_POINT('',(42.8,130.529437251516,39.6374999227336));
#7410=CARTESIAN_POINT('',(15.5398721219681,130.529437251516,33.3136804222872));
#7411=CARTESIAN_POINT('Origin',(17.6398721219681,130.529437251516,33.3136804222872));
#7412=CARTESIAN_POINT('',(-19.7398721219682,130.529437251516,33.3136804222872));
#7413=CARTESIAN_POINT('Origin',(-17.6398721219682,130.529437251516,33.3136804222872));
#7414=CARTESIAN_POINT('Origin',(42.8,131.993538866654,41.));
#7415=CARTESIAN_POINT('',(42.8,131.993538866654,39.));
#7416=CARTESIAN_POINT('Origin',(-3.,130.529437251516,39.));
#7417=CARTESIAN_POINT('',(-3.,140.529437251516,39.));
#7418=CARTESIAN_POINT('',(-3.,130.529437251516,39.));
#7419=CARTESIAN_POINT('',(-3.,140.529437251516,39.));
#7420=CARTESIAN_POINT('Origin',(-3.,140.529437251516,29.));
#7421=CARTESIAN_POINT('',(-3.,140.529437251516,32.25));
#7422=CARTESIAN_POINT('',(-3.,140.529437251516,32.25));
#7423=CARTESIAN_POINT('Origin',(-3.,140.529437251516,29.));
#7424=CARTESIAN_POINT('Origin',(-3.,140.529437251516,29.));
#7425=CARTESIAN_POINT('',(-3.,140.529437251516,19.));
#7426=CARTESIAN_POINT('Origin',(-3.,140.529437251516,29.));
#7427=CARTESIAN_POINT('',(-3.,140.529437251516,19.));
#7428=CARTESIAN_POINT('Origin',(-3.,140.529437251516,19.));
#7429=CARTESIAN_POINT('',(-3.,140.529437251516,19.));
#7430=CARTESIAN_POINT('Origin',(-3.,140.529437251516,29.));
#7431=CARTESIAN_POINT('Origin',(29.000059690116,57.0513063645907,25.9999999999999));
#7432=CARTESIAN_POINT('',(26.900059690116,57.0513063645907,25.9999999999999));
#7433=CARTESIAN_POINT('Origin',(29.000059690116,57.0513063645907,25.9999999999999));
#7434=CARTESIAN_POINT('',(26.900059690116,57.0513063645907,20.5000508001019));
#7435=CARTESIAN_POINT('',(26.900059690116,57.0513063645907,25.9999999999999));
#7436=CARTESIAN_POINT('Origin',(29.000059690116,57.0513063645907,20.5000508001019));
#7437=CARTESIAN_POINT('Origin',(-29.000057150111,57.0513063645907,25.9999999999999));
#7438=CARTESIAN_POINT('',(-31.100057150111,57.0513063645907,25.9999999999999));
#7439=CARTESIAN_POINT('Origin',(-29.000057150111,57.0513063645907,25.9999999999999));
#7440=CARTESIAN_POINT('',(-31.100057150111,57.0513063645907,20.5000508001019));
#7441=CARTESIAN_POINT('',(-31.100057150111,57.0513063645907,25.9999999999999));
#7442=CARTESIAN_POINT('Origin',(-29.000057150111,57.0513063645907,20.5000508001019));
#7443=CARTESIAN_POINT('Origin',(-33.5,54.0762746145267,20.5000508001019));
#7444=CARTESIAN_POINT('',(-16.75,54.0762746145267,20.5000508001019));
#7445=CARTESIAN_POINT('Origin',(-33.5,54.0762746145267,25.9999999999999));
#7446=CARTESIAN_POINT('',(-36.9,54.0762746145267,25.9999999999999));
#7447=CARTESIAN_POINT('Origin',(-33.5,60.5386114192007,25.9999999999999));
#7448=CARTESIAN_POINT('Origin',(51.,81.7886714484326,26.6825373010778));
#7449=CARTESIAN_POINT('',(40.,81.7886714484326,26.6825373010778));
#7450=CARTESIAN_POINT('',(40.,81.7886714484326,31.9781723247043));
#7451=CARTESIAN_POINT('',(40.,81.7886714484326,13.3412686505389));
#7452=CARTESIAN_POINT('',(36.9,81.7886714484326,26.6825373010778));
#7453=CARTESIAN_POINT('',(51.,81.7886714484326,26.6825373010778));
#7454=CARTESIAN_POINT('',(36.9,81.7886714484326,31.9781723247043));
#7455=CARTESIAN_POINT('',(36.9,81.7886714484326,13.3412686505389));
#7456=CARTESIAN_POINT('',(51.,81.7886714484326,31.9781723247043));
#7457=CARTESIAN_POINT('Origin',(51.,81.7886714484326,26.6825373010778));
#7458=CARTESIAN_POINT('',(-36.9,81.7886714484326,31.9781723247043));
#7459=CARTESIAN_POINT('',(51.,81.7886714484326,31.9781723247043));
#7460=CARTESIAN_POINT('',(-36.9,81.7886714484326,26.6825373010778));
#7461=CARTESIAN_POINT('',(-36.9,81.7886714484326,13.3412686505389));
#7462=CARTESIAN_POINT('',(51.,81.7886714484326,26.6825373010778));
#7463=CARTESIAN_POINT('Origin',(51.,113.885521397909,26.6825373010778));
#7464=CARTESIAN_POINT('',(40.,113.885521397909,26.6825373010778));
#7465=CARTESIAN_POINT('',(40.,90.2074793247127,26.6825373010778));
#7466=CARTESIAN_POINT('',(36.9,113.885521397909,26.6825373010778));
#7467=CARTESIAN_POINT('',(51.,113.885521397909,26.6825373010778));
#7468=CARTESIAN_POINT('',(36.9,96.2074793247127,26.6825373010778));
#7469=CARTESIAN_POINT('Origin',(51.,113.885521397909,26.6825373010778));
#7470=CARTESIAN_POINT('',(-36.9,113.885521397909,26.6825373010778));
#7471=CARTESIAN_POINT('',(-36.9,90.8674793247127,26.6825373010778));
#7472=CARTESIAN_POINT('',(51.,113.885521397909,26.6825373010778));
#7473=CARTESIAN_POINT('Origin',(51.,81.7886714484326,31.9781723247043));
#7474=CARTESIAN_POINT('',(40.,113.885521397909,31.9781723247043));
#7475=CARTESIAN_POINT('',(40.,74.1590543499743,31.9781723247043));
#7476=CARTESIAN_POINT('',(36.9,113.885521397909,31.9781723247043));
#7477=CARTESIAN_POINT('',(36.9,80.1590543499743,31.9781723247043));
#7478=CARTESIAN_POINT('',(51.,113.885521397909,31.9781723247043));
#7479=CARTESIAN_POINT('Origin',(51.,113.885521397909,31.9781723247043));
#7480=CARTESIAN_POINT('',(40.,113.885521397909,15.9890861623521));
#7481=CARTESIAN_POINT('',(36.9,113.885521397909,15.9890861623521));
#7482=CARTESIAN_POINT('Origin',(51.,113.885521397909,31.9781723247043));
#7483=CARTESIAN_POINT('',(-36.9,113.885521397909,31.9781723247043));
#7484=CARTESIAN_POINT('',(-36.9,113.885521397909,15.9890861623521));
#7485=CARTESIAN_POINT('',(51.,113.885521397909,31.9781723247043));
#7486=CARTESIAN_POINT('Origin',(51.,81.7886714484326,31.9781723247043));
#7487=CARTESIAN_POINT('',(-36.9,74.8190543499743,31.9781723247043));
#7488=CARTESIAN_POINT('Origin',(-13.0082361195217,63.1633917907602,36.6150873433458));
#7489=CARTESIAN_POINT('',(10.8786070576886,63.1633917907602,36.6150873433458));
#7490=CARTESIAN_POINT('',(10.8786070576886,63.1633917907602,36.6150873433458));
#7491=CARTESIAN_POINT('',(-13.0082361195217,63.1633917907602,36.6150873433458));
#7492=CARTESIAN_POINT('',(10.2458819402392,63.1633917907602,36.6150873433458));
#7493=CARTESIAN_POINT('',(-13.0082361195217,63.1633917907602,36.6150873433458));
#7494=CARTESIAN_POINT('Origin',(-13.0082361195217,63.1633917907602,41.));
#7495=CARTESIAN_POINT('',(-13.0082361195217,63.1633917907602,20.5));
#7496=CARTESIAN_POINT('Origin',(10.8786070576886,63.1633917907602,36.6150873433458));
#7497=CARTESIAN_POINT('',(10.8786070576886,63.1633917907602,18.3075436716729));
#7498=CARTESIAN_POINT('Origin',(33.5,63.1633917907602,0.));
#7499=CARTESIAN_POINT('',(33.5,63.1633917907602,0.));
#7500=CARTESIAN_POINT('',(-33.5,63.1633917907602,0.));
#7501=CARTESIAN_POINT('',(11.8748495578889,63.1633917907602,33.5620954948051));
#7502=CARTESIAN_POINT('',(11.8748495578889,63.1633917907602,26.7721868032607));
#7503=CARTESIAN_POINT('',(11.8748495578889,63.1633917907602,16.7810477474025));
#7504=CARTESIAN_POINT('',(27.0742213159791,63.1633917907602,26.7721868032607));
#7505=CARTESIAN_POINT('',(22.6874247789445,63.1633917907602,26.7721868032607));
#7506=CARTESIAN_POINT('',(27.0742213159791,63.1633917907602,33.5620954948051));
#7507=CARTESIAN_POINT('',(27.0742213159791,63.1633917907602,13.3860934016304));
#7508=CARTESIAN_POINT('',(30.2871106579895,63.1633917907602,33.5620954948051));
#7509=CARTESIAN_POINT('',(-10.3318920349566,63.1633917907602,33.5620954948051));
#7510=CARTESIAN_POINT('',(-10.3318920349566,63.1633917907602,26.7721868032607));
#7511=CARTESIAN_POINT('',(-10.3318920349566,63.1633917907602,16.7810477474025));
#7512=CARTESIAN_POINT('',(9.86686754628155,63.1633917907602,26.7721868032607));
#7513=CARTESIAN_POINT('',(11.5840539825217,63.1633917907602,26.7721868032607));
#7514=CARTESIAN_POINT('',(9.86686754628155,63.1633917907602,33.5620954948051));
#7515=CARTESIAN_POINT('',(9.86686754628155,63.1633917907602,13.3860934016304));
#7516=CARTESIAN_POINT('',(21.6834337731408,63.1633917907602,33.5620954948051));
#7517=CARTESIAN_POINT('',(-28.7691719864015,63.1633917907602,33.5620954948051));
#7518=CARTESIAN_POINT('',(-28.7691719864015,63.1633917907602,26.7721868032607));
#7519=CARTESIAN_POINT('',(-28.7691719864015,63.1633917907602,16.7810477474025));
#7520=CARTESIAN_POINT('',(-12.2763893830973,63.1633917907602,26.7721868032607));
#7521=CARTESIAN_POINT('',(2.36541400679925,63.1633917907602,26.7721868032607));
#7522=CARTESIAN_POINT('',(-12.2763893830973,63.1633917907602,33.5620954948051));
#7523=CARTESIAN_POINT('',(-12.2763893830973,63.1633917907602,13.3860934016304));
#7524=CARTESIAN_POINT('',(10.6118053084514,63.1633917907602,33.5620954948051));
#7525=CARTESIAN_POINT('Origin',(-12.2763893830973,63.1633917907602,26.7721868032607));
#7526=CARTESIAN_POINT('',(-12.2763893830973,63.1633917907602,33.5620954948051));
#7527=CARTESIAN_POINT('',(-12.2763893830973,63.1633917907602,26.7721868032607));
#7528=CARTESIAN_POINT('Origin',(-28.7691719864015,63.1633917907602,26.7721868032607));
#7529=CARTESIAN_POINT('',(-28.7691719864015,63.1633917907602,26.7721868032607));
#7530=CARTESIAN_POINT('Origin',(-28.7691719864015,63.1633917907602,33.5620954948051));
#7531=CARTESIAN_POINT('',(-28.7691719864015,63.1633917907602,33.5620954948051));
#7532=CARTESIAN_POINT('Origin',(-12.2763893830973,63.1633917907602,33.5620954948051));
#7533=CARTESIAN_POINT('Origin',(9.86686754628155,63.1633917907602,26.7721868032607));
#7534=CARTESIAN_POINT('',(9.86686754628155,63.1633917907602,33.5620954948051));
#7535=CARTESIAN_POINT('',(9.86686754628155,63.1633917907602,26.7721868032607));
#7536=CARTESIAN_POINT('Origin',(-10.3318920349566,63.1633917907602,26.7721868032607));
#7537=CARTESIAN_POINT('',(-10.3318920349566,63.1633917907602,26.7721868032607));
#7538=CARTESIAN_POINT('Origin',(-10.3318920349566,63.1633917907602,33.5620954948051));
#7539=CARTESIAN_POINT('',(-10.3318920349566,63.1633917907602,33.5620954948051));
#7540=CARTESIAN_POINT('Origin',(9.86686754628155,63.1633917907602,33.5620954948051));
#7541=CARTESIAN_POINT('Origin',(27.0742213159791,63.1633917907602,26.7721868032607));
#7542=CARTESIAN_POINT('',(27.0742213159791,63.1633917907602,33.5620954948051));
#7543=CARTESIAN_POINT('',(27.0742213159791,63.1633917907602,26.7721868032607));
#7544=CARTESIAN_POINT('Origin',(11.8748495578889,63.1633917907602,26.7721868032607));
#7545=CARTESIAN_POINT('',(11.8748495578889,63.1633917907602,26.7721868032607));
#7546=CARTESIAN_POINT('Origin',(11.8748495578889,63.1633917907602,33.5620954948051));
#7547=CARTESIAN_POINT('',(11.8748495578889,63.1633917907602,33.5620954948051));
#7548=CARTESIAN_POINT('Origin',(27.0742213159791,63.1633917907602,33.5620954948051));
#7549=CARTESIAN_POINT('Origin',(-17.6398721219682,130.529437251516,33.3136804222872));
#7550=CARTESIAN_POINT('',(-19.7398721219682,128.209437251516,33.3136804222872));
#7551=CARTESIAN_POINT('',(-19.7398721219682,130.529437251516,33.3136804222872));
#7552=CARTESIAN_POINT('Origin',(-17.6398721219682,128.209437251516,33.3136804222872));
#7553=CARTESIAN_POINT('Origin',(17.6398721219681,130.529437251516,33.3136804222872));
#7554=CARTESIAN_POINT('',(15.5398721219681,128.209437251516,33.3136804222872));
#7555=CARTESIAN_POINT('',(15.5398721219681,130.529437251516,33.3136804222872));
#7556=CARTESIAN_POINT('Origin',(17.6398721219681,128.209437251516,33.3136804222872));
#7557=CARTESIAN_POINT('Ctrl Pts',(-40.,129.529437251516,39.));
#7558=CARTESIAN_POINT('Ctrl Pts',(-40.,129.529437251516,39.2991993003419));
#7559=CARTESIAN_POINT('Ctrl Pts',(-39.8960973988271,129.47748595093,39.7455902636558));
#7560=CARTESIAN_POINT('Ctrl Pts',(-39.3375514581089,129.198212980571,40.6421576589514));
#7561=CARTESIAN_POINT('Ctrl Pts',(-38.5983986006838,128.828636551858,41.));
#7562=CARTESIAN_POINT('Ctrl Pts',(-38.,128.529437251516,41.));
#7563=CARTESIAN_POINT('Ctrl Pts',(-40.,129.828636551858,39.));
#7564=CARTESIAN_POINT('Ctrl Pts',(-40.,129.828636551858,39.3446314438419));
#7565=CARTESIAN_POINT('Ctrl Pts',(-39.8621138057412,129.739045934576,39.8511861575042));
#7566=CARTESIAN_POINT('Ctrl Pts',(-39.2235001085955,129.330853400426,40.7296971211274));
#7567=CARTESIAN_POINT('Ctrl Pts',(-38.5414082577615,128.88562689478,41.));
#7568=CARTESIAN_POINT('Ctrl Pts',(-38.,128.529437251516,41.));
#7569=CARTESIAN_POINT('Ctrl Pts',(-39.7486935355028,130.346424464695,39.));
#7570=CARTESIAN_POINT('Ctrl Pts',(-39.7486935355028,130.346424464695,39.3836634429621));
#7571=CARTESIAN_POINT('Ctrl Pts',(-39.6028504254771,130.193986142797,39.940845931041));
#7572=CARTESIAN_POINT('Ctrl Pts',(-39.0034780557613,129.566796518659,40.7967716116444));
#7573=CARTESIAN_POINT('Ctrl Pts',(-38.4416751576476,128.985359994894,41.));
#7574=CARTESIAN_POINT('Ctrl Pts',(-38.,128.529437251516,41.));
#7575=CARTESIAN_POINT('Ctrl Pts',(-39.2243994752564,130.529437251516,39.));
#7576=CARTESIAN_POINT('Ctrl Pts',(-39.2243994752564,130.529437251516,39.3328222997077));
#7577=CARTESIAN_POINT('Ctrl Pts',(-39.1443532832123,130.400189400592,39.8239453553761));
#7578=CARTESIAN_POINT('Ctrl Pts',(-38.7693885358605,129.782702471191,40.7077742775947));
#7579=CARTESIAN_POINT('Ctrl Pts',(-38.3419420575336,129.085093095008,41.));
#7580=CARTESIAN_POINT('Ctrl Pts',(-38.,128.529437251516,41.));
#7581=CARTESIAN_POINT('Ctrl Pts',(-39.,130.529437251516,39.));
#7582=CARTESIAN_POINT('Ctrl Pts',(-39.,130.529437251516,39.2991993003419));
#7583=CARTESIAN_POINT('Ctrl Pts',(-38.9480486994136,130.425534650343,39.7455902636558));
#7584=CARTESIAN_POINT('Ctrl Pts',(-38.6687757290545,129.866988709625,40.6421576589514));
#7585=CARTESIAN_POINT('Ctrl Pts',(-38.2991993003419,129.1278358522,41.));
#7586=CARTESIAN_POINT('Ctrl Pts',(-38.,128.529437251516,41.));
#7587=CARTESIAN_POINT('Origin',(-38.,128.529437251516,39.));
#7588=CARTESIAN_POINT('Origin',(-39.,129.529437251516,39.));
#7589=CARTESIAN_POINT('Ctrl Pts',(39.,130.529437251516,39.));
#7590=CARTESIAN_POINT('Ctrl Pts',(39.,130.529437251516,39.2991993003419));
#7591=CARTESIAN_POINT('Ctrl Pts',(38.9315529036855,130.392543058887,39.8964723539724));
#7592=CARTESIAN_POINT('Ctrl Pts',(38.597006901158,129.723451053832,40.7376144922536));
#7593=CARTESIAN_POINT('Ctrl Pts',(38.2243994752564,128.978236202029,41.));
#7594=CARTESIAN_POINT('Ctrl Pts',(38.,128.529437251516,41.));
#7595=CARTESIAN_POINT('Ctrl Pts',(39.2991993003419,130.529437251516,39.));
#7596=CARTESIAN_POINT('Ctrl Pts',(39.2991993003419,130.529437251516,39.3446314438419));
#7597=CARTESIAN_POINT('Ctrl Pts',(39.1776789661847,130.341756992395,40.0202707773998));
#7598=CARTESIAN_POINT('Ctrl Pts',(38.7098159223781,129.610322489944,40.7975368241592));
#7599=CARTESIAN_POINT('Ctrl Pts',(38.2671422324481,128.935493444837,41.));
#7600=CARTESIAN_POINT('Ctrl Pts',(38.,128.529437251516,41.));
#7601=CARTESIAN_POINT('Ctrl Pts',(39.8169872131791,130.278130787019,39.));
#7602=CARTESIAN_POINT('Ctrl Pts',(39.8169872131791,130.278130787019,39.3836634429621));
#7603=CARTESIAN_POINT('Ctrl Pts',(39.6070387390947,130.077510484073,40.1239433313642));
#7604=CARTESIAN_POINT('Ctrl Pts',(38.9102288778974,129.41085702578,40.8413706752274));
#7605=CARTESIAN_POINT('Ctrl Pts',(38.3419420575336,128.860693619752,41.));
#7606=CARTESIAN_POINT('Ctrl Pts',(38.,128.529437251516,41.));
#7607=CARTESIAN_POINT('Ctrl Pts',(40.,129.753836726773,39.));
#7608=CARTESIAN_POINT('Ctrl Pts',(40.,129.753836726773,39.3328222997077));
#7609=CARTESIAN_POINT('Ctrl Pts',(39.8253164054117,129.645862964903,39.9884346034123));
#7610=CARTESIAN_POINT('Ctrl Pts',(39.1101551987117,129.211942103868,40.7827228764022));
#7611=CARTESIAN_POINT('Ctrl Pts',(38.4167418826191,128.785893794666,41.));
#7612=CARTESIAN_POINT('Ctrl Pts',(38.,128.529437251516,41.));
#7613=CARTESIAN_POINT('Ctrl Pts',(40.,129.529437251516,39.));
#7614=CARTESIAN_POINT('Ctrl Pts',(40.,129.529437251516,39.2991993003419));
#7615=CARTESIAN_POINT('Ctrl Pts',(39.863105807371,129.460990155202,39.8964723539724));
#7616=CARTESIAN_POINT('Ctrl Pts',(39.1940138023161,129.126444152674,40.7376144922536));
#7617=CARTESIAN_POINT('Ctrl Pts',(38.4487989505128,128.753836726773,41.));
#7618=CARTESIAN_POINT('Ctrl Pts',(38.,128.529437251516,41.));
#7619=CARTESIAN_POINT('',(40.,129.529437251516,39.));
#7620=CARTESIAN_POINT('Origin',(38.,128.529437251516,39.));
#7621=CARTESIAN_POINT('Origin',(39.,129.529437251516,39.));
#7622=CARTESIAN_POINT('Origin',(38.,-11.1920093578907,39.));
#7623=CARTESIAN_POINT('',(40.,-11.1920093578907,39.));
#7624=CARTESIAN_POINT('Origin',(-38.,-5.19200935789065,39.));
#7625=CARTESIAN_POINT('Origin',(-39.,129.529437251516,0.));
#7626=CARTESIAN_POINT('Origin',(-39.,129.529437251516,0.));
#7627=CARTESIAN_POINT('Origin',(39.,129.529437251516,0.));
#7628=CARTESIAN_POINT('',(40.,129.529437251516,0.));
#7629=CARTESIAN_POINT('',(40.,129.529437251516,0.));
#7630=CARTESIAN_POINT('Origin',(39.,129.529437251516,0.));
#7631=CARTESIAN_POINT('Origin',(40.,66.5294372515161,0.));
#7632=CARTESIAN_POINT('',(40.,116.52943754014,0.));
#7633=CARTESIAN_POINT('Origin',(40.,98.0294371371729,-1.4388490399142E-12));
#7634=CARTESIAN_POINT('',(40.,117.529437251516,0.));
#7635=CARTESIAN_POINT('',(40.,77.4613342497641,13.2249998047828));
#7636=CARTESIAN_POINT('Origin',(40.,77.4613342497641,11.8749998047828));
#7637=CARTESIAN_POINT('',(40.,118.597540253278,13.2249998047827));
#7638=CARTESIAN_POINT('Origin',(40.,118.597540253278,11.8749998047826));
#7639=CARTESIAN_POINT('Origin',(51.,118.597540253278,11.8749998047826));
#7640=CARTESIAN_POINT('',(-36.9,118.597540253278,13.2249998047827));
#7641=CARTESIAN_POINT('',(51.,118.597540253278,13.2249998047827));
#7642=CARTESIAN_POINT('Origin',(-36.9,118.597540253278,11.8749998047826));
#7643=CARTESIAN_POINT('Origin',(51.,118.597540253278,11.8749998047826));
#7644=CARTESIAN_POINT('',(36.9,118.597540253278,13.2249998047827));
#7645=CARTESIAN_POINT('Origin',(36.9,118.597540253278,11.8749998047826));
#7646=CARTESIAN_POINT('',(51.,118.597540253278,13.2249998047827));
#7647=CARTESIAN_POINT('Origin',(51.,77.4613342497641,11.8749998047828));
#7648=CARTESIAN_POINT('',(-36.9,77.4613342497641,13.2249998047828));
#7649=CARTESIAN_POINT('',(51.,77.4613342497641,13.2249998047828));
#7650=CARTESIAN_POINT('Origin',(-36.9,77.4613342497641,11.8749998047828));
#7651=CARTESIAN_POINT('Origin',(51.,77.4613342497641,11.8749998047828));
#7652=CARTESIAN_POINT('',(36.9,77.4613342497641,13.2249998047828));
#7653=CARTESIAN_POINT('Origin',(36.9,77.4613342497641,11.8749998047828));
#7654=CARTESIAN_POINT('',(51.,77.4613342497641,13.2249998047828));
#7655=CARTESIAN_POINT('Origin',(40.,98.0294371371729,-1.4388490399142E-12));
#7656=CARTESIAN_POINT('',(36.9,116.52943754014,0.));
#7657=CARTESIAN_POINT('Origin',(36.9,98.0294371371729,-1.4388490399142E-12));
#7658=CARTESIAN_POINT('',(40.,116.52943754014,0.));
#7659=CARTESIAN_POINT('Origin',(-40.,98.029437251508,-1.9195756095769E-12));
#7660=CARTESIAN_POINT('',(-36.9,116.529437654475,0.));
#7661=CARTESIAN_POINT('Origin',(-36.9,98.029437251508,-1.9195756095769E-12));
#7662=CARTESIAN_POINT('',(-40.,116.529437654475,0.));
#7663=CARTESIAN_POINT('Origin',(-36.9,128.209437251516,0.));
#7664=CARTESIAN_POINT('',(-36.9,128.209437251516,0.));
#7665=CARTESIAN_POINT('',(36.9,128.209437251516,0.));
#7666=CARTESIAN_POINT('',(-36.9,128.209437251516,0.));
#7667=CARTESIAN_POINT('',(36.9,128.209437251516,0.));
#7668=CARTESIAN_POINT('',(-36.9,128.209437251516,0.));
#7669=CARTESIAN_POINT('Origin',(0.,124.029437251516,0.));
#7670=CARTESIAN_POINT('',(36.9,128.209437251516,0.));
#7671=CARTESIAN_POINT('',(-36.9,107.279437452996,0.));
#7672=CARTESIAN_POINT('Origin',(36.9,78.5294372515161,0.));
#7673=CARTESIAN_POINT('',(36.9,67.8494372515161,0.));
#7674=CARTESIAN_POINT('Origin',(36.9,67.8494372515161,0.));
#7675=CARTESIAN_POINT('',(33.5,67.8494372515161,0.));
#7676=CARTESIAN_POINT('Origin',(33.5,67.8494372515161,0.));
#7677=CARTESIAN_POINT('Origin',(-33.5,63.1633917907602,0.));
#7678=CARTESIAN_POINT('',(-33.5,67.8494372515161,0.));
#7679=CARTESIAN_POINT('Origin',(-33.5,67.8494372515161,0.));
#7680=CARTESIAN_POINT('',(-36.9,67.8494372515161,0.));
#7681=CARTESIAN_POINT('Origin',(-36.9,67.8494372515161,0.));
#7682=CARTESIAN_POINT('Origin',(29.000059690116,-0.948810475636606,25.9999999999999));
#7683=CARTESIAN_POINT('',(26.900059690116,-0.948810475636605,25.9999999999999));
#7684=CARTESIAN_POINT('Origin',(29.000059690116,-0.948810475636606,25.9999999999999));
#7685=CARTESIAN_POINT('',(26.900059690116,-0.948810475636606,20.5000508001019));
#7686=CARTESIAN_POINT('',(26.900059690116,-0.948810475636605,25.9999999999999));
#7687=CARTESIAN_POINT('Origin',(29.000059690116,-0.948810475636606,20.5000508001019));
#7688=CARTESIAN_POINT('Origin',(-29.000057150111,-0.948810475636561,25.9999999999999));
#7689=CARTESIAN_POINT('',(-31.100057150111,-0.948810475636561,25.9999999999999));
#7690=CARTESIAN_POINT('Origin',(-29.000057150111,-0.948810475636561,25.9999999999999));
#7691=CARTESIAN_POINT('',(-31.100057150111,-0.948810475636562,20.5000508001019));
#7692=CARTESIAN_POINT('',(-31.100057150111,-0.948810475636561,25.9999999999999));
#7693=CARTESIAN_POINT('Origin',(-29.000057150111,-0.948810475636562,20.5000508001019));
#7694=CARTESIAN_POINT('Origin',(-33.5,2.37521345727128,20.5000508001019));
#7695=CARTESIAN_POINT('',(33.5,2.37521345727128,20.5000508001019));
#7696=CARTESIAN_POINT('',(33.5,2.37546097194937,22.1000508001019));
#7697=CARTESIAN_POINT('',(33.5,2.37521345727128,10.250025400051));
#7698=CARTESIAN_POINT('',(-33.5,2.37521345727128,20.5000508001019));
#7699=CARTESIAN_POINT('',(-33.5,2.37521345727128,20.5000508001019));
#7700=CARTESIAN_POINT('',(-33.5,2.37546097194937,22.1000508001019));
#7701=CARTESIAN_POINT('',(-33.5,2.37521345727128,10.250025400051));
#7702=CARTESIAN_POINT('',(-33.5,2.37570848662747,22.1000508001019));
#7703=CARTESIAN_POINT('Origin',(-33.5,2.37570848662747,22.1000508001019));
#7704=CARTESIAN_POINT('',(-18.45,2.37570848662747,20.5000508001019));
#7705=CARTESIAN_POINT('',(36.9,2.37570848662747,25.9999999999999));
#7706=CARTESIAN_POINT('',(16.75,2.37570848662747,20.5000508001019));
#7707=CARTESIAN_POINT('Origin',(-33.5,2.37570848662747,25.9999999999999));
#7708=CARTESIAN_POINT('',(33.5,-4.43611807025658,25.9999999999999));
#7709=CARTESIAN_POINT('Origin',(-33.5,-4.43611807025657,25.9999999999999));
#7710=CARTESIAN_POINT('',(18.45,-4.43611807025658,20.5000508001019));
#7711=CARTESIAN_POINT('Origin',(-33.5,-4.43611807025657,20.5000508001019));
#7712=CARTESIAN_POINT('',(51.,0.,0.));
#7713=CARTESIAN_POINT('',(0.,1.66533453693773E-15,25.9999999999999));
#7714=UNCERTAINTY_MEASURE_WITH_UNIT(LENGTH_MEASURE(0.01),#7718,
'DISTANCE_ACCURACY_VALUE',
'Maximum model space distance between geometric entities at asserted c
onnectivities');
#7715=UNCERTAINTY_MEASURE_WITH_UNIT(LENGTH_MEASURE(0.01),#7718,
'DISTANCE_ACCURACY_VALUE',
'Maximum model space distance between geometric entities at asserted c
onnectivities');
#7716=(
GEOMETRIC_REPRESENTATION_CONTEXT(3)
GLOBAL_UNCERTAINTY_ASSIGNED_CONTEXT((#7714))
GLOBAL_UNIT_ASSIGNED_CONTEXT((#7718,#7720,#7721))
REPRESENTATION_CONTEXT('','3D')
);
#7717=(
GEOMETRIC_REPRESENTATION_CONTEXT(3)
GLOBAL_UNCERTAINTY_ASSIGNED_CONTEXT((#7715))
GLOBAL_UNIT_ASSIGNED_CONTEXT((#7718,#7720,#7721))
REPRESENTATION_CONTEXT('','3D')
);
#7718=(
LENGTH_UNIT()
NAMED_UNIT(*)
SI_UNIT(.MILLI.,.METRE.)
);
#7719=(
LENGTH_UNIT()
NAMED_UNIT(*)
SI_UNIT(.CENTI.,.METRE.)
);
#7720=(
NAMED_UNIT(*)
PLANE_ANGLE_UNIT()
SI_UNIT($,.RADIAN.)
);
#7721=(
NAMED_UNIT(*)
SI_UNIT($,.STERADIAN.)
SOLID_ANGLE_UNIT()
);
#7722=SHAPE_DEFINITION_REPRESENTATION(#7723,#7724);
#7723=PRODUCT_DEFINITION_SHAPE('',$,#7726);
#7724=SHAPE_REPRESENTATION('',(#4535),#7716);
#7725=PRODUCT_DEFINITION_CONTEXT('part definition',#7730,'design');
#7726=PRODUCT_DEFINITION('\X2\0432043504400445043D044F044F\X0\ \X2\0447043004410442044C\X0\',
'\X2\0432043504400445043D044F044F\X0\ \X2\0447043004410442044C\X0\',#7727,
#7725);
#7727=PRODUCT_DEFINITION_FORMATION('',$,#7732);
#7728=PRODUCT_RELATED_PRODUCT_CATEGORY('\X2\0432043504400445043D044F044F\X0\ 
\X2\0447043004410442044C\X0\','\X2\0432043504400445043D044F044F\X0\ \X2\0447043004410442044C\X0\',
(#7732));
#7729=APPLICATION_PROTOCOL_DEFINITION('international standard',
'automotive_design',2009,#7730);
#7730=APPLICATION_CONTEXT(
'Core Data for Automotive Mechanical Design Process');
#7731=PRODUCT_CONTEXT('part definition',#7730,'mechanical');
#7732=PRODUCT('\X2\0432043504400445043D044F044F\X0\ \X2\0447043004410442044C\X0\',
'\X2\0432043504400445043D044F044F\X0\ \X2\0447043004410442044C\X0\',$,(#7731));
#7733=PRESENTATION_STYLE_ASSIGNMENT((#7735));
#7734=PRESENTATION_STYLE_ASSIGNMENT((#7736));
#7735=SURFACE_STYLE_USAGE(.BOTH.,#7739);
#7736=SURFACE_STYLE_USAGE(.BOTH.,#7740);
#7737=SURFACE_STYLE_RENDERING_WITH_PROPERTIES($,#7747,(#7738));
#7738=SURFACE_STYLE_TRANSPARENT(0.);
#7739=SURFACE_SIDE_STYLE('',(#7741,#7737));
#7740=SURFACE_SIDE_STYLE('',(#7742));
#7741=SURFACE_STYLE_FILL_AREA(#7743);
#7742=SURFACE_STYLE_FILL_AREA(#7744);
#7743=FILL_AREA_STYLE('',(#7745));
#7744=FILL_AREA_STYLE('',(#7746));
#7745=FILL_AREA_STYLE_COLOUR('',#7747);
#7746=FILL_AREA_STYLE_COLOUR('',#7748);
#7747=COLOUR_RGB('',0.749019607843137,0.749019607843137,0.749019607843137);
#7748=COLOUR_RGB('',1.,1.,0.);
ENDSEC;
END-ISO-10303-21;
