ISO-10303-21;
HEADER;
/* Generated by software containing ST-Developer
 * from STEP Tools, Inc. (www.steptools.com) 
 */

FILE_DESCRIPTION(
/* description */ (''),
/* implementation_level */ '2;1');

FILE_NAME(
/* name */ '',
/* time_stamp */ '2026-06-18T14:39:14+03:00',
/* author */ ('katya_notebook'),
/* organization */ (''),
/* preprocessor_version */ 'ST-DEVELOPER v20',
/* originating_system */ 'Autodesk Inventor 2024',
/* authorisation */ '');

FILE_SCHEMA (('AUTOMOTIVE_DESIGN { 1 0 10303 214 3 1 1 }'));
ENDSEC;

DATA;
#10=MECHANICAL_DESIGN_GEOMETRIC_PRESENTATION_REPRESENTATION('',(#13,#14),
#2298);
#11=SHAPE_REPRESENTATION_RELATIONSHIP('SRR','None',#2305,#12);
#12=ADVANCED_BREP_SHAPE_REPRESENTATION('',(#15,#16),#2297);
#13=STYLED_ITEM('',(#2314),#15);
#14=STYLED_ITEM('',(#2314),#16);
#15=MANIFOLD_SOLID_BREP('\X2\04220432043504400434043E0435\X0\ \X2\04420435043B043E\X0\1',
#1285);
#16=MANIFOLD_SOLID_BREP('\X2\04220432043504400434043E0435\X0\ \X2\04420435043B043E\X0\1',
#1286);
#17=FACE_BOUND('',#175,.T.);
#18=FACE_BOUND('',#180,.T.);
#19=FACE_BOUND('',#182,.T.);
#20=FACE_BOUND('',#183,.T.);
#21=FACE_BOUND('',#198,.T.);
#22=FACE_BOUND('',#219,.T.);
#23=FACE_BOUND('',#225,.T.);
#24=FACE_BOUND('',#227,.T.);
#25=FACE_BOUND('',#228,.T.);
#26=ELLIPSE('',#1320,72.1248916810279,51.);
#27=ELLIPSE('',#1321,71.4212853426765,50.);
#28=ELLIPSE('',#1329,1.76776695296642,1.25000000000004);
#29=ELLIPSE('',#1330,1.76776695296642,1.25000000000004);
#30=ELLIPSE('',#1331,70.7106781186549,50.);
#31=ELLIPSE('',#1333,5.65685424949246,4.);
#32=ELLIPSE('',#1377,5.65685424949245,4.);
#33=ELLIPSE('',#1395,70.7106781186547,50.);
#34=ELLIPSE('',#1397,71.4212853426763,50.);
#35=ELLIPSE('',#1398,72.1248916810277,51.);
#36=ELLIPSE('',#1400,1.76776695296638,1.25);
#37=ELLIPSE('',#1401,1.76776695296638,1.25);
#38=B_SPLINE_SURFACE_WITH_KNOTS('',3,3,((#1854,#1855,#1856,#1857),(#1858,
#1859,#1860,#1861),(#1862,#1863,#1864,#1865),(#1866,#1867,#1868,#1869)),
 .UNSPECIFIED.,.F.,.F.,.F.,(4,4),(4,4),(0.,1.),(0.0957394997793312,0.406731066497946),
 .UNSPECIFIED.);
#39=B_SPLINE_SURFACE_WITH_KNOTS('',3,3,((#2185,#2186,#2187,#2188),(#2189,
#2190,#2191,#2192),(#2193,#2194,#2195,#2196),(#2197,#2198,#2199,#2200)),
 .UNSPECIFIED.,.F.,.F.,.F.,(4,4),(4,4),(0.,1.),(0.0957312940881614,0.406731066497928),
 .UNSPECIFIED.);
#40=PLANE('',#1318);
#41=PLANE('',#1319);
#42=PLANE('',#1327);
#43=PLANE('',#1328);
#44=PLANE('',#1332);
#45=PLANE('',#1334);
#46=PLANE('',#1338);
#47=PLANE('',#1339);
#48=PLANE('',#1340);
#49=PLANE('',#1343);
#50=PLANE('',#1348);
#51=PLANE('',#1349);
#52=PLANE('',#1350);
#53=PLANE('',#1356);
#54=PLANE('',#1357);
#55=PLANE('',#1358);
#56=PLANE('',#1359);
#57=PLANE('',#1360);
#58=PLANE('',#1362);
#59=PLANE('',#1364);
#60=PLANE('',#1365);
#61=PLANE('',#1367);
#62=PLANE('',#1368);
#63=PLANE('',#1369);
#64=PLANE('',#1371);
#65=PLANE('',#1373);
#66=PLANE('',#1374);
#67=PLANE('',#1376);
#68=PLANE('',#1390);
#69=PLANE('',#1399);
#70=PLANE('',#1402);
#71=PLANE('',#1403);
#72=PLANE('',#1404);
#73=PLANE('',#1409);
#74=PLANE('',#1410);
#75=PLANE('',#1414);
#76=PLANE('',#1417);
#77=PLANE('',#1418);
#78=PLANE('',#1420);
#79=PLANE('',#1421);
#80=PLANE('',#1422);
#81=PLANE('',#1423);
#82=PLANE('',#1426);
#83=PLANE('',#1427);
#84=TOROIDAL_SURFACE('',#1311,3.,1.);
#85=TOROIDAL_SURFACE('',#1315,51.,1.);
#86=TOROIDAL_SURFACE('',#1383,3.,1.);
#87=TOROIDAL_SURFACE('',#1387,51.,1.);
#88=FACE_OUTER_BOUND('',#154,.T.);
#89=FACE_OUTER_BOUND('',#155,.T.);
#90=FACE_OUTER_BOUND('',#156,.T.);
#91=FACE_OUTER_BOUND('',#157,.T.);
#92=FACE_OUTER_BOUND('',#158,.T.);
#93=FACE_OUTER_BOUND('',#159,.T.);
#94=FACE_OUTER_BOUND('',#160,.T.);
#95=FACE_OUTER_BOUND('',#161,.T.);
#96=FACE_OUTER_BOUND('',#162,.T.);
#97=FACE_OUTER_BOUND('',#163,.T.);
#98=FACE_OUTER_BOUND('',#164,.T.);
#99=FACE_OUTER_BOUND('',#165,.T.);
#100=FACE_OUTER_BOUND('',#166,.T.);
#101=FACE_OUTER_BOUND('',#167,.T.);
#102=FACE_OUTER_BOUND('',#168,.T.);
#103=FACE_OUTER_BOUND('',#169,.T.);
#104=FACE_OUTER_BOUND('',#170,.T.);
#105=FACE_OUTER_BOUND('',#171,.T.);
#106=FACE_OUTER_BOUND('',#172,.T.);
#107=FACE_OUTER_BOUND('',#173,.T.);
#108=FACE_OUTER_BOUND('',#174,.T.);
#109=FACE_OUTER_BOUND('',#176,.T.);
#110=FACE_OUTER_BOUND('',#177,.T.);
#111=FACE_OUTER_BOUND('',#178,.T.);
#112=FACE_OUTER_BOUND('',#179,.T.);
#113=FACE_OUTER_BOUND('',#181,.T.);
#114=FACE_OUTER_BOUND('',#184,.T.);
#115=FACE_OUTER_BOUND('',#185,.T.);
#116=FACE_OUTER_BOUND('',#186,.T.);
#117=FACE_OUTER_BOUND('',#187,.T.);
#118=FACE_OUTER_BOUND('',#188,.T.);
#119=FACE_OUTER_BOUND('',#189,.T.);
#120=FACE_OUTER_BOUND('',#190,.T.);
#121=FACE_OUTER_BOUND('',#191,.T.);
#122=FACE_OUTER_BOUND('',#192,.T.);
#123=FACE_OUTER_BOUND('',#193,.T.);
#124=FACE_OUTER_BOUND('',#194,.T.);
#125=FACE_OUTER_BOUND('',#195,.T.);
#126=FACE_OUTER_BOUND('',#196,.T.);
#127=FACE_OUTER_BOUND('',#197,.T.);
#128=FACE_OUTER_BOUND('',#199,.T.);
#129=FACE_OUTER_BOUND('',#200,.T.);
#130=FACE_OUTER_BOUND('',#201,.T.);
#131=FACE_OUTER_BOUND('',#202,.T.);
#132=FACE_OUTER_BOUND('',#203,.T.);
#133=FACE_OUTER_BOUND('',#204,.T.);
#134=FACE_OUTER_BOUND('',#205,.T.);
#135=FACE_OUTER_BOUND('',#206,.T.);
#136=FACE_OUTER_BOUND('',#207,.T.);
#137=FACE_OUTER_BOUND('',#208,.T.);
#138=FACE_OUTER_BOUND('',#209,.T.);
#139=FACE_OUTER_BOUND('',#210,.T.);
#140=FACE_OUTER_BOUND('',#211,.T.);
#141=FACE_OUTER_BOUND('',#212,.T.);
#142=FACE_OUTER_BOUND('',#213,.T.);
#143=FACE_OUTER_BOUND('',#214,.T.);
#144=FACE_OUTER_BOUND('',#215,.T.);
#145=FACE_OUTER_BOUND('',#216,.T.);
#146=FACE_OUTER_BOUND('',#217,.T.);
#147=FACE_OUTER_BOUND('',#218,.T.);
#148=FACE_OUTER_BOUND('',#220,.T.);
#149=FACE_OUTER_BOUND('',#221,.T.);
#150=FACE_OUTER_BOUND('',#222,.T.);
#151=FACE_OUTER_BOUND('',#223,.T.);
#152=FACE_OUTER_BOUND('',#224,.T.);
#153=FACE_OUTER_BOUND('',#226,.T.);
#154=EDGE_LOOP('',(#831,#832,#833,#834));
#155=EDGE_LOOP('',(#835,#836,#837,#838,#839));
#156=EDGE_LOOP('',(#840,#841,#842,#843));
#157=EDGE_LOOP('',(#844,#845,#846,#847,#848,#849));
#158=EDGE_LOOP('',(#850,#851,#852,#853));
#159=EDGE_LOOP('',(#854,#855,#856,#857));
#160=EDGE_LOOP('',(#858,#859,#860,#861));
#161=EDGE_LOOP('',(#862,#863,#864,#865,#866,#867));
#162=EDGE_LOOP('',(#868,#869,#870,#871,#872,#873));
#163=EDGE_LOOP('',(#874,#875,#876,#877,#878,#879,#880,#881,#882,#883,#884));
#164=EDGE_LOOP('',(#885,#886,#887,#888,#889,#890,#891));
#165=EDGE_LOOP('',(#892,#893,#894,#895));
#166=EDGE_LOOP('',(#896,#897,#898,#899,#900));
#167=EDGE_LOOP('',(#901,#902,#903,#904,#905,#906));
#168=EDGE_LOOP('',(#907,#908,#909,#910));
#169=EDGE_LOOP('',(#911,#912,#913,#914,#915,#916));
#170=EDGE_LOOP('',(#917,#918,#919,#920,#921,#922));
#171=EDGE_LOOP('',(#923));
#172=EDGE_LOOP('',(#924,#925,#926,#927));
#173=EDGE_LOOP('',(#928,#929,#930,#931,#932));
#174=EDGE_LOOP('',(#933,#934,#935,#936));
#175=EDGE_LOOP('',(#937));
#176=EDGE_LOOP('',(#938,#939,#940,#941,#942,#943));
#177=EDGE_LOOP('',(#944,#945,#946,#947,#948,#949));
#178=EDGE_LOOP('',(#950,#951,#952,#953));
#179=EDGE_LOOP('',(#954,#955,#956,#957,#958,#959,#960,#961));
#180=EDGE_LOOP('',(#962));
#181=EDGE_LOOP('',(#963,#964,#965,#966));
#182=EDGE_LOOP('',(#967));
#183=EDGE_LOOP('',(#968));
#184=EDGE_LOOP('',(#969,#970,#971,#972,#973,#974,#975,#976));
#185=EDGE_LOOP('',(#977,#978,#979,#980));
#186=EDGE_LOOP('',(#981,#982,#983,#984,#985));
#187=EDGE_LOOP('',(#986,#987,#988,#989,#990));
#188=EDGE_LOOP('',(#991,#992,#993,#994));
#189=EDGE_LOOP('',(#995,#996,#997));
#190=EDGE_LOOP('',(#998,#999,#1000,#1001));
#191=EDGE_LOOP('',(#1002,#1003,#1004,#1005));
#192=EDGE_LOOP('',(#1006,#1007,#1008));
#193=EDGE_LOOP('',(#1009,#1010,#1011,#1012,#1013));
#194=EDGE_LOOP('',(#1014,#1015,#1016,#1017,#1018,#1019));
#195=EDGE_LOOP('',(#1020,#1021,#1022,#1023,#1024));
#196=EDGE_LOOP('',(#1025,#1026,#1027,#1028,#1029,#1030,#1031,#1032,#1033,
#1034,#1035,#1036,#1037,#1038,#1039,#1040));
#197=EDGE_LOOP('',(#1041,#1042,#1043,#1044,#1045,#1046,#1047,#1048,#1049,
#1050,#1051,#1052));
#198=EDGE_LOOP('',(#1053,#1054,#1055,#1056));
#199=EDGE_LOOP('',(#1057,#1058,#1059,#1060));
#200=EDGE_LOOP('',(#1061,#1062,#1063,#1064,#1065));
#201=EDGE_LOOP('',(#1066,#1067,#1068,#1069));
#202=EDGE_LOOP('',(#1070,#1071,#1072,#1073,#1074,#1075));
#203=EDGE_LOOP('',(#1076,#1077,#1078,#1079,#1080,#1081));
#204=EDGE_LOOP('',(#1082,#1083,#1084,#1085,#1086,#1087));
#205=EDGE_LOOP('',(#1088,#1089,#1090,#1091));
#206=EDGE_LOOP('',(#1092,#1093,#1094,#1095,#1096,#1097,#1098,#1099,#1100,
#1101));
#207=EDGE_LOOP('',(#1102,#1103,#1104,#1105));
#208=EDGE_LOOP('',(#1106,#1107,#1108,#1109,#1110,#1111));
#209=EDGE_LOOP('',(#1112,#1113,#1114));
#210=EDGE_LOOP('',(#1115,#1116,#1117,#1118,#1119,#1120,#1121,#1122));
#211=EDGE_LOOP('',(#1123,#1124,#1125,#1126,#1127,#1128));
#212=EDGE_LOOP('',(#1129,#1130,#1131,#1132,#1133));
#213=EDGE_LOOP('',(#1134,#1135,#1136,#1137,#1138));
#214=EDGE_LOOP('',(#1139,#1140,#1141,#1142,#1143,#1144));
#215=EDGE_LOOP('',(#1145,#1146,#1147,#1148));
#216=EDGE_LOOP('',(#1149,#1150,#1151,#1152,#1153,#1154,#1155,#1156,#1157,
#1158,#1159,#1160,#1161,#1162));
#217=EDGE_LOOP('',(#1163));
#218=EDGE_LOOP('',(#1164,#1165,#1166,#1167));
#219=EDGE_LOOP('',(#1168));
#220=EDGE_LOOP('',(#1169,#1170,#1171,#1172));
#221=EDGE_LOOP('',(#1173,#1174,#1175,#1176,#1177));
#222=EDGE_LOOP('',(#1178,#1179,#1180,#1181,#1182,#1183));
#223=EDGE_LOOP('',(#1184,#1185,#1186,#1187));
#224=EDGE_LOOP('',(#1188,#1189,#1190,#1191,#1192,#1193,#1194,#1195));
#225=EDGE_LOOP('',(#1196));
#226=EDGE_LOOP('',(#1197,#1198,#1199,#1200));
#227=EDGE_LOOP('',(#1201));
#228=EDGE_LOOP('',(#1202));
#229=B_SPLINE_CURVE_WITH_KNOTS('',3,(#1798,#1799,#1800,#1801,#1802,#1803,
#1804,#1805,#1806,#1807,#1808,#1809),.UNSPECIFIED.,.F.,.F.,(4,2,2,2,2,4),
(-0.000656329180366438,0.,0.0451666866255677,0.0886453156928351,0.135036313600344,
0.147429183673509),.UNSPECIFIED.);
#230=B_SPLINE_CURVE_WITH_KNOTS('',3,(#1817,#1818,#1819,#1820,#1821,#1822),
 .UNSPECIFIED.,.F.,.F.,(4,2,4),(-1.30053885329585,-1.24936883236404,-1.23672743004173),
 .UNSPECIFIED.);
#231=B_SPLINE_CURVE_WITH_KNOTS('',3,(#1826,#1827,#1828,#1829,#1830,#1831,
#1832,#1833,#1834,#1835,#1836,#1837,#1838,#1839,#1840,#1841),
 .UNSPECIFIED.,.F.,.F.,(4,2,2,2,2,2,2,4),(0.267237678189543,0.293845347945448,
0.313830891238752,0.330574289418331,0.346604173105708,0.36353766296667,
0.384968592444094,0.45184469840518),.UNSPECIFIED.);
#232=B_SPLINE_CURVE_WITH_KNOTS('',3,(#1872,#1873,#1874,#1875,#1876,#1877,
#1878,#1879,#1880,#1881,#1882,#1883,#1884,#1885),.UNSPECIFIED.,.F.,.F.,
(4,2,2,2,2,2,4),(0.,0.206582553872863,0.287682081305902,0.318037830999144,
0.330351246284024,0.335693964925767,0.340836457461998),.UNSPECIFIED.);
#233=B_SPLINE_CURVE_WITH_KNOTS('',3,(#1889,#1890,#1891,#1892,#1893,#1894,
#1895,#1896),.UNSPECIFIED.,.F.,.F.,(4,2,2,4),(0.,0.0169360242978866,0.0472779948222646,
0.133497900476767),.UNSPECIFIED.);
#234=B_SPLINE_CURVE_WITH_KNOTS('',3,(#2108,#2109,#2110,#2111,#2112,#2113,
#2114,#2115,#2116,#2117),.UNSPECIFIED.,.F.,.F.,(4,2,2,2,4),(0.,0.0423719258953705,
0.0927321320802879,0.1458111715237,0.146461913822734),.UNSPECIFIED.);
#235=B_SPLINE_CURVE_WITH_KNOTS('',3,(#2125,#2126,#2127,#2128,#2129,#2130),
 .UNSPECIFIED.,.F.,.F.,(4,2,4),(-0.272372737652803,-0.262225821060005,-0.207828589135962),
 .UNSPECIFIED.);
#236=B_SPLINE_CURVE_WITH_KNOTS('',3,(#2134,#2135,#2136,#2137,#2138,#2139,
#2140,#2141,#2142,#2143,#2144,#2145,#2146,#2147,#2148,#2149),
 .UNSPECIFIED.,.F.,.F.,(4,2,2,2,2,2,2,4),(0.453276437128812,0.521009624196796,
0.542357397648562,0.559125288891615,0.575028096658086,0.591817530413416,
0.612139065277648,0.639605875233163),.UNSPECIFIED.);
#237=B_SPLINE_CURVE_WITH_KNOTS('',3,(#2172,#2173,#2174,#2175,#2176,#2177,
#2178,#2179,#2180,#2181),.UNSPECIFIED.,.F.,.F.,(4,2,2,2,4),(0.,0.119677974531518,
0.171714864015473,0.192763850146868,0.21086376083029),.UNSPECIFIED.);
#238=B_SPLINE_CURVE_WITH_KNOTS('',3,(#2203,#2204,#2205,#2206,#2207,#2208,
#2209,#2210,#2211,#2212,#2213,#2214,#2215,#2216),.UNSPECIFIED.,.F.,.F.,
(4,2,2,2,2,2,4),(0.,0.00382695374169193,0.0083738593905976,0.0162745379366772,
0.0352215578137996,0.10544122045326,0.25250550711505),.UNSPECIFIED.);
#239=CIRCLE('',#1310,1.);
#240=CIRCLE('',#1312,4.);
#241=CIRCLE('',#1313,1.00000000000001);
#242=CIRCLE('',#1314,3.);
#243=CIRCLE('',#1316,51.);
#244=CIRCLE('',#1317,50.);
#245=CIRCLE('',#1323,50.);
#246=CIRCLE('',#1325,4.);
#247=CIRCLE('',#1326,4.);
#248=CIRCLE('',#1336,4.);
#249=CIRCLE('',#1337,4.);
#250=CIRCLE('',#1342,50.);
#251=CIRCLE('',#1344,1.25000000000004);
#252=CIRCLE('',#1346,2.09999999999998);
#253=CIRCLE('',#1347,2.09999999999998);
#254=CIRCLE('',#1352,1.25000000000004);
#255=CIRCLE('',#1353,1.25000000000004);
#256=CIRCLE('',#1355,1.25000000000004);
#257=CIRCLE('',#1361,2.09999999999998);
#258=CIRCLE('',#1363,2.09999999999998);
#259=CIRCLE('',#1366,2.09999999999998);
#260=CIRCLE('',#1370,2.09999999999998);
#261=CIRCLE('',#1372,2.09999999999998);
#262=CIRCLE('',#1375,2.09999999999998);
#263=CIRCLE('',#1379,2.09999999999998);
#264=CIRCLE('',#1380,2.09999999999998);
#265=CIRCLE('',#1382,1.);
#266=CIRCLE('',#1384,3.);
#267=CIRCLE('',#1385,1.);
#268=CIRCLE('',#1386,4.);
#269=CIRCLE('',#1388,50.);
#270=CIRCLE('',#1389,51.);
#271=CIRCLE('',#1391,4.);
#272=CIRCLE('',#1393,4.);
#273=CIRCLE('',#1396,50.);
#274=CIRCLE('',#1405,1.25);
#275=CIRCLE('',#1407,1.25);
#276=CIRCLE('',#1408,1.25);
#277=CIRCLE('',#1411,4.);
#278=CIRCLE('',#1413,4.);
#279=CIRCLE('',#1416,50.);
#280=CIRCLE('',#1419,1.25);
#281=CIRCLE('',#1425,1.25);
#282=LINE('',#1793,#403);
#283=LINE('',#1797,#404);
#284=LINE('',#1846,#405);
#285=LINE('',#1848,#406);
#286=LINE('',#1850,#407);
#287=LINE('',#1851,#408);
#288=LINE('',#1853,#409);
#289=LINE('',#1900,#410);
#290=LINE('',#1903,#411);
#291=LINE('',#1908,#412);
#292=LINE('',#1911,#413);
#293=LINE('',#1914,#414);
#294=LINE('',#1916,#415);
#295=LINE('',#1917,#416);
#296=LINE('',#1920,#417);
#297=LINE('',#1922,#418);
#298=LINE('',#1924,#419);
#299=LINE('',#1929,#420);
#300=LINE('',#1936,#421);
#301=LINE('',#1937,#422);
#302=LINE('',#1939,#423);
#303=LINE('',#1941,#424);
#304=LINE('',#1942,#425);
#305=LINE('',#1945,#426);
#306=LINE('',#1947,#427);
#307=LINE('',#1948,#428);
#308=LINE('',#1953,#429);
#309=LINE('',#1956,#430);
#310=LINE('',#1959,#431);
#311=LINE('',#1961,#432);
#312=LINE('',#1962,#433);
#313=LINE('',#1965,#434);
#314=LINE('',#1966,#435);
#315=LINE('',#1969,#436);
#316=LINE('',#1970,#437);
#317=LINE('',#1980,#438);
#318=LINE('',#1983,#439);
#319=LINE('',#1984,#440);
#320=LINE('',#1988,#441);
#321=LINE('',#1989,#442);
#322=LINE('',#1990,#443);
#323=LINE('',#1993,#444);
#324=LINE('',#1998,#445);
#325=LINE('',#2001,#446);
#326=LINE('',#2007,#447);
#327=LINE('',#2009,#448);
#328=LINE('',#2011,#449);
#329=LINE('',#2012,#450);
#330=LINE('',#2017,#451);
#331=LINE('',#2019,#452);
#332=LINE('',#2020,#453);
#333=LINE('',#2025,#454);
#334=LINE('',#2027,#455);
#335=LINE('',#2028,#456);
#336=LINE('',#2030,#457);
#337=LINE('',#2031,#458);
#338=LINE('',#2037,#459);
#339=LINE('',#2038,#460);
#340=LINE('',#2041,#461);
#341=LINE('',#2043,#462);
#342=LINE('',#2044,#463);
#343=LINE('',#2048,#464);
#344=LINE('',#2050,#465);
#345=LINE('',#2052,#466);
#346=LINE('',#2053,#467);
#347=LINE('',#2057,#468);
#348=LINE('',#2061,#469);
#349=LINE('',#2063,#470);
#350=LINE('',#2064,#471);
#351=LINE('',#2067,#472);
#352=LINE('',#2068,#473);
#353=LINE('',#2072,#474);
#354=LINE('',#2073,#475);
#355=LINE('',#2075,#476);
#356=LINE('',#2077,#477);
#357=LINE('',#2079,#478);
#358=LINE('',#2081,#479);
#359=LINE('',#2083,#480);
#360=LINE('',#2085,#481);
#361=LINE('',#2089,#482);
#362=LINE('',#2091,#483);
#363=LINE('',#2092,#484);
#364=LINE('',#2096,#485);
#365=LINE('',#2098,#486);
#366=LINE('',#2103,#487);
#367=LINE('',#2107,#488);
#368=LINE('',#2156,#489);
#369=LINE('',#2158,#490);
#370=LINE('',#2160,#491);
#371=LINE('',#2161,#492);
#372=LINE('',#2164,#493);
#373=LINE('',#2167,#494);
#374=LINE('',#2183,#495);
#375=LINE('',#2221,#496);
#376=LINE('',#2223,#497);
#377=LINE('',#2225,#498);
#378=LINE('',#2229,#499);
#379=LINE('',#2231,#500);
#380=LINE('',#2233,#501);
#381=LINE('',#2237,#502);
#382=LINE('',#2240,#503);
#383=LINE('',#2245,#504);
#384=LINE('',#2246,#505);
#385=LINE('',#2249,#506);
#386=LINE('',#2253,#507);
#387=LINE('',#2256,#508);
#388=LINE('',#2259,#509);
#389=LINE('',#2260,#510);
#390=LINE('',#2263,#511);
#391=LINE('',#2267,#512);
#392=LINE('',#2269,#513);
#393=LINE('',#2270,#514);
#394=LINE('',#2276,#515);
#395=LINE('',#2278,#516);
#396=LINE('',#2279,#517);
#397=LINE('',#2281,#518);
#398=LINE('',#2284,#519);
#399=LINE('',#2285,#520);
#400=LINE('',#2287,#521);
#401=LINE('',#2290,#522);
#402=LINE('',#2293,#523);
#403=VECTOR('',#1432,10.);
#404=VECTOR('',#1435,10.);
#405=VECTOR('',#1452,10.);
#406=VECTOR('',#1453,10.);
#407=VECTOR('',#1454,10.);
#408=VECTOR('',#1455,10.);
#409=VECTOR('',#1458,10.);
#410=VECTOR('',#1465,10.);
#411=VECTOR('',#1468,10.);
#412=VECTOR('',#1473,10.);
#413=VECTOR('',#1476,10.);
#414=VECTOR('',#1479,10.);
#415=VECTOR('',#1480,10.);
#416=VECTOR('',#1481,10.);
#417=VECTOR('',#1484,10.);
#418=VECTOR('',#1485,10.);
#419=VECTOR('',#1486,10.);
#420=VECTOR('',#1491,10.);
#421=VECTOR('',#1498,10.);
#422=VECTOR('',#1499,10.);
#423=VECTOR('',#1500,10.);
#424=VECTOR('',#1501,10.);
#425=VECTOR('',#1502,10.);
#426=VECTOR('',#1505,10.);
#427=VECTOR('',#1506,10.);
#428=VECTOR('',#1507,10.);
#429=VECTOR('',#1512,10.);
#430=VECTOR('',#1515,10.);
#431=VECTOR('',#1518,10.);
#432=VECTOR('',#1519,10.);
#433=VECTOR('',#1520,10.);
#434=VECTOR('',#1523,10.);
#435=VECTOR('',#1524,10.);
#436=VECTOR('',#1527,10.);
#437=VECTOR('',#1528,10.);
#438=VECTOR('',#1541,2.09999999999998);
#439=VECTOR('',#1546,10.);
#440=VECTOR('',#1547,10.);
#441=VECTOR('',#1552,10.);
#442=VECTOR('',#1553,10.);
#443=VECTOR('',#1554,10.);
#444=VECTOR('',#1557,1.25000000000004);
#445=VECTOR('',#1564,1.25000000000004);
#446=VECTOR('',#1569,10.);
#447=VECTOR('',#1576,10.);
#448=VECTOR('',#1577,10.);
#449=VECTOR('',#1578,10.);
#450=VECTOR('',#1579,10.);
#451=VECTOR('',#1584,10.);
#452=VECTOR('',#1585,10.);
#453=VECTOR('',#1586,10.);
#454=VECTOR('',#1591,10.);
#455=VECTOR('',#1592,10.);
#456=VECTOR('',#1593,10.);
#457=VECTOR('',#1596,10.);
#458=VECTOR('',#1597,10.);
#459=VECTOR('',#1602,10.);
#460=VECTOR('',#1603,10.);
#461=VECTOR('',#1606,10.);
#462=VECTOR('',#1607,10.);
#463=VECTOR('',#1608,10.);
#464=VECTOR('',#1611,10.);
#465=VECTOR('',#1612,10.);
#466=VECTOR('',#1613,10.);
#467=VECTOR('',#1614,10.);
#468=VECTOR('',#1619,10.);
#469=VECTOR('',#1624,10.);
#470=VECTOR('',#1625,10.);
#471=VECTOR('',#1626,10.);
#472=VECTOR('',#1629,10.);
#473=VECTOR('',#1630,10.);
#474=VECTOR('',#1635,10.);
#475=VECTOR('',#1636,10.);
#476=VECTOR('',#1639,10.);
#477=VECTOR('',#1640,10.);
#478=VECTOR('',#1641,10.);
#479=VECTOR('',#1642,10.);
#480=VECTOR('',#1643,10.);
#481=VECTOR('',#1644,10.);
#482=VECTOR('',#1647,10.);
#483=VECTOR('',#1648,10.);
#484=VECTOR('',#1649,10.);
#485=VECTOR('',#1654,2.09999999999998);
#486=VECTOR('',#1655,2.09999999999998);
#487=VECTOR('',#1660,10.);
#488=VECTOR('',#1663,10.);
#489=VECTOR('',#1682,10.);
#490=VECTOR('',#1683,10.);
#491=VECTOR('',#1684,10.);
#492=VECTOR('',#1685,10.);
#493=VECTOR('',#1688,10.);
#494=VECTOR('',#1691,10.);
#495=VECTOR('',#1696,10.);
#496=VECTOR('',#1705,10.);
#497=VECTOR('',#1706,10.);
#498=VECTOR('',#1707,10.);
#499=VECTOR('',#1712,10.);
#500=VECTOR('',#1715,10.);
#501=VECTOR('',#1718,10.);
#502=VECTOR('',#1723,10.);
#503=VECTOR('',#1726,1.25);
#504=VECTOR('',#1733,10.);
#505=VECTOR('',#1734,10.);
#506=VECTOR('',#1737,10.);
#507=VECTOR('',#1742,10.);
#508=VECTOR('',#1745,10.);
#509=VECTOR('',#1748,10.);
#510=VECTOR('',#1749,10.);
#511=VECTOR('',#1752,10.);
#512=VECTOR('',#1757,10.);
#513=VECTOR('',#1758,10.);
#514=VECTOR('',#1759,10.);
#515=VECTOR('',#1766,10.);
#516=VECTOR('',#1767,10.);
#517=VECTOR('',#1768,10.);
#518=VECTOR('',#1771,10.);
#519=VECTOR('',#1774,10.);
#520=VECTOR('',#1775,10.);
#521=VECTOR('',#1778,10.);
#522=VECTOR('',#1781,1.25);
#523=VECTOR('',#1786,10.);
#524=VERTEX_POINT('',#1791);
#525=VERTEX_POINT('',#1792);
#526=VERTEX_POINT('',#1794);
#527=VERTEX_POINT('',#1796);
#528=VERTEX_POINT('',#1811);
#529=VERTEX_POINT('',#1813);
#530=VERTEX_POINT('',#1815);
#531=VERTEX_POINT('',#1824);
#532=VERTEX_POINT('',#1825);
#533=VERTEX_POINT('',#1845);
#534=VERTEX_POINT('',#1847);
#535=VERTEX_POINT('',#1849);
#536=VERTEX_POINT('',#1870);
#537=VERTEX_POINT('',#1871);
#538=VERTEX_POINT('',#1886);
#539=VERTEX_POINT('',#1888);
#540=VERTEX_POINT('',#1899);
#541=VERTEX_POINT('',#1901);
#542=VERTEX_POINT('',#1905);
#543=VERTEX_POINT('',#1907);
#544=VERTEX_POINT('',#1909);
#545=VERTEX_POINT('',#1913);
#546=VERTEX_POINT('',#1915);
#547=VERTEX_POINT('',#1919);
#548=VERTEX_POINT('',#1921);
#549=VERTEX_POINT('',#1923);
#550=VERTEX_POINT('',#1925);
#551=VERTEX_POINT('',#1927);
#552=VERTEX_POINT('',#1932);
#553=VERTEX_POINT('',#1933);
#554=VERTEX_POINT('',#1935);
#555=VERTEX_POINT('',#1938);
#556=VERTEX_POINT('',#1940);
#557=VERTEX_POINT('',#1944);
#558=VERTEX_POINT('',#1946);
#559=VERTEX_POINT('',#1950);
#560=VERTEX_POINT('',#1952);
#561=VERTEX_POINT('',#1954);
#562=VERTEX_POINT('',#1958);
#563=VERTEX_POINT('',#1960);
#564=VERTEX_POINT('',#1964);
#565=VERTEX_POINT('',#1968);
#566=VERTEX_POINT('',#1974);
#567=VERTEX_POINT('',#1977);
#568=VERTEX_POINT('',#1979);
#569=VERTEX_POINT('',#1987);
#570=VERTEX_POINT('',#1992);
#571=VERTEX_POINT('',#1997);
#572=VERTEX_POINT('',#2005);
#573=VERTEX_POINT('',#2006);
#574=VERTEX_POINT('',#2008);
#575=VERTEX_POINT('',#2010);
#576=VERTEX_POINT('',#2014);
#577=VERTEX_POINT('',#2016);
#578=VERTEX_POINT('',#2018);
#579=VERTEX_POINT('',#2022);
#580=VERTEX_POINT('',#2024);
#581=VERTEX_POINT('',#2026);
#582=VERTEX_POINT('',#2033);
#583=VERTEX_POINT('',#2034);
#584=VERTEX_POINT('',#2036);
#585=VERTEX_POINT('',#2040);
#586=VERTEX_POINT('',#2042);
#587=VERTEX_POINT('',#2046);
#588=VERTEX_POINT('',#2047);
#589=VERTEX_POINT('',#2049);
#590=VERTEX_POINT('',#2051);
#591=VERTEX_POINT('',#2055);
#592=VERTEX_POINT('',#2060);
#593=VERTEX_POINT('',#2062);
#594=VERTEX_POINT('',#2066);
#595=VERTEX_POINT('',#2071);
#596=VERTEX_POINT('',#2076);
#597=VERTEX_POINT('',#2078);
#598=VERTEX_POINT('',#2080);
#599=VERTEX_POINT('',#2082);
#600=VERTEX_POINT('',#2084);
#601=VERTEX_POINT('',#2086);
#602=VERTEX_POINT('',#2088);
#603=VERTEX_POINT('',#2090);
#604=VERTEX_POINT('',#2094);
#605=VERTEX_POINT('',#2097);
#606=VERTEX_POINT('',#2101);
#607=VERTEX_POINT('',#2102);
#608=VERTEX_POINT('',#2104);
#609=VERTEX_POINT('',#2106);
#610=VERTEX_POINT('',#2119);
#611=VERTEX_POINT('',#2120);
#612=VERTEX_POINT('',#2122);
#613=VERTEX_POINT('',#2132);
#614=VERTEX_POINT('',#2133);
#615=VERTEX_POINT('',#2153);
#616=VERTEX_POINT('',#2155);
#617=VERTEX_POINT('',#2157);
#618=VERTEX_POINT('',#2159);
#619=VERTEX_POINT('',#2163);
#620=VERTEX_POINT('',#2165);
#621=VERTEX_POINT('',#2169);
#622=VERTEX_POINT('',#2171);
#623=VERTEX_POINT('',#2182);
#624=VERTEX_POINT('',#2201);
#625=VERTEX_POINT('',#2202);
#626=VERTEX_POINT('',#2220);
#627=VERTEX_POINT('',#2222);
#628=VERTEX_POINT('',#2224);
#629=VERTEX_POINT('',#2226);
#630=VERTEX_POINT('',#2235);
#631=VERTEX_POINT('',#2239);
#632=VERTEX_POINT('',#2244);
#633=VERTEX_POINT('',#2248);
#634=VERTEX_POINT('',#2252);
#635=VERTEX_POINT('',#2254);
#636=VERTEX_POINT('',#2258);
#637=VERTEX_POINT('',#2262);
#638=VERTEX_POINT('',#2266);
#639=VERTEX_POINT('',#2268);
#640=VERTEX_POINT('',#2272);
#641=VERTEX_POINT('',#2275);
#642=VERTEX_POINT('',#2277);
#643=VERTEX_POINT('',#2283);
#644=VERTEX_POINT('',#2289);
#645=EDGE_CURVE('',#524,#525,#282,.T.);
#646=EDGE_CURVE('',#525,#526,#239,.T.);
#647=EDGE_CURVE('',#526,#527,#283,.T.);
#648=EDGE_CURVE('',#527,#524,#229,.T.);
#649=EDGE_CURVE('',#527,#528,#240,.T.);
#650=EDGE_CURVE('',#528,#529,#241,.T.);
#651=EDGE_CURVE('',#529,#530,#242,.T.);
#652=EDGE_CURVE('',#530,#524,#230,.T.);
#653=EDGE_CURVE('',#531,#532,#231,.F.);
#654=EDGE_CURVE('',#532,#529,#243,.T.);
#655=EDGE_CURVE('',#528,#531,#244,.T.);
#656=EDGE_CURVE('',#530,#533,#284,.T.);
#657=EDGE_CURVE('',#533,#534,#285,.T.);
#658=EDGE_CURVE('',#534,#535,#286,.T.);
#659=EDGE_CURVE('',#525,#535,#287,.T.);
#660=EDGE_CURVE('',#533,#532,#288,.T.);
#661=EDGE_CURVE('',#536,#537,#232,.F.);
#662=EDGE_CURVE('',#537,#538,#26,.T.);
#663=EDGE_CURVE('',#538,#539,#233,.F.);
#664=EDGE_CURVE('',#539,#536,#27,.T.);
#665=EDGE_CURVE('',#540,#539,#289,.T.);
#666=EDGE_CURVE('',#540,#541,#245,.T.);
#667=EDGE_CURVE('',#536,#541,#290,.T.);
#668=EDGE_CURVE('',#526,#542,#246,.T.);
#669=EDGE_CURVE('',#542,#543,#291,.T.);
#670=EDGE_CURVE('',#543,#544,#247,.T.);
#671=EDGE_CURVE('',#544,#528,#292,.T.);
#672=EDGE_CURVE('',#535,#545,#293,.T.);
#673=EDGE_CURVE('',#546,#545,#294,.T.);
#674=EDGE_CURVE('',#546,#542,#295,.T.);
#675=EDGE_CURVE('',#537,#547,#296,.T.);
#676=EDGE_CURVE('',#547,#548,#297,.T.);
#677=EDGE_CURVE('',#549,#548,#298,.T.);
#678=EDGE_CURVE('',#550,#549,#28,.T.);
#679=EDGE_CURVE('',#551,#550,#29,.T.);
#680=EDGE_CURVE('',#534,#551,#299,.T.);
#681=EDGE_CURVE('',#538,#531,#30,.T.);
#682=EDGE_CURVE('',#552,#553,#31,.T.);
#683=EDGE_CURVE('',#554,#553,#300,.T.);
#684=EDGE_CURVE('',#548,#554,#301,.T.);
#685=EDGE_CURVE('',#547,#555,#302,.T.);
#686=EDGE_CURVE('',#555,#556,#303,.T.);
#687=EDGE_CURVE('',#556,#552,#304,.T.);
#688=EDGE_CURVE('',#557,#555,#305,.T.);
#689=EDGE_CURVE('',#557,#558,#306,.T.);
#690=EDGE_CURVE('',#558,#556,#307,.T.);
#691=EDGE_CURVE('',#559,#553,#248,.T.);
#692=EDGE_CURVE('',#552,#560,#308,.T.);
#693=EDGE_CURVE('',#560,#561,#249,.T.);
#694=EDGE_CURVE('',#561,#559,#309,.T.);
#695=EDGE_CURVE('',#558,#562,#310,.T.);
#696=EDGE_CURVE('',#562,#563,#311,.T.);
#697=EDGE_CURVE('',#563,#560,#312,.T.);
#698=EDGE_CURVE('',#559,#564,#313,.T.);
#699=EDGE_CURVE('',#554,#564,#314,.T.);
#700=EDGE_CURVE('',#565,#536,#315,.T.);
#701=EDGE_CURVE('',#565,#557,#316,.T.);
#702=EDGE_CURVE('',#540,#544,#250,.F.);
#703=EDGE_CURVE('',#566,#566,#251,.T.);
#704=EDGE_CURVE('',#567,#567,#252,.T.);
#705=EDGE_CURVE('',#567,#568,#317,.T.);
#706=EDGE_CURVE('',#568,#568,#253,.T.);
#707=EDGE_CURVE('',#541,#563,#318,.T.);
#708=EDGE_CURVE('',#562,#565,#319,.T.);
#709=EDGE_CURVE('',#569,#561,#320,.T.);
#710=EDGE_CURVE('',#569,#546,#321,.T.);
#711=EDGE_CURVE('',#545,#564,#322,.T.);
#712=EDGE_CURVE('',#550,#570,#323,.T.);
#713=EDGE_CURVE('',#570,#570,#254,.T.);
#714=EDGE_CURVE('',#549,#551,#255,.T.);
#715=EDGE_CURVE('',#566,#571,#324,.T.);
#716=EDGE_CURVE('',#571,#571,#256,.T.);
#717=EDGE_CURVE('',#543,#569,#325,.T.);
#718=EDGE_CURVE('',#572,#573,#326,.T.);
#719=EDGE_CURVE('',#574,#572,#327,.T.);
#720=EDGE_CURVE('',#575,#574,#328,.T.);
#721=EDGE_CURVE('',#573,#575,#329,.T.);
#722=EDGE_CURVE('',#576,#572,#257,.T.);
#723=EDGE_CURVE('',#577,#576,#330,.T.);
#724=EDGE_CURVE('',#578,#577,#331,.T.);
#725=EDGE_CURVE('',#574,#578,#332,.T.);
#726=EDGE_CURVE('',#573,#579,#258,.T.);
#727=EDGE_CURVE('',#580,#575,#333,.T.);
#728=EDGE_CURVE('',#581,#580,#334,.T.);
#729=EDGE_CURVE('',#581,#579,#335,.T.);
#730=EDGE_CURVE('',#579,#576,#336,.T.);
#731=EDGE_CURVE('',#577,#581,#337,.T.);
#732=EDGE_CURVE('',#582,#583,#259,.T.);
#733=EDGE_CURVE('',#582,#584,#338,.T.);
#734=EDGE_CURVE('',#583,#584,#339,.T.);
#735=EDGE_CURVE('',#585,#582,#340,.T.);
#736=EDGE_CURVE('',#586,#585,#341,.T.);
#737=EDGE_CURVE('',#584,#586,#342,.T.);
#738=EDGE_CURVE('',#587,#588,#343,.T.);
#739=EDGE_CURVE('',#589,#587,#344,.T.);
#740=EDGE_CURVE('',#590,#589,#345,.T.);
#741=EDGE_CURVE('',#588,#590,#346,.T.);
#742=EDGE_CURVE('',#591,#585,#260,.T.);
#743=EDGE_CURVE('',#591,#586,#347,.T.);
#744=EDGE_CURVE('',#588,#591,#261,.T.);
#745=EDGE_CURVE('',#592,#590,#348,.T.);
#746=EDGE_CURVE('',#593,#592,#349,.T.);
#747=EDGE_CURVE('',#593,#591,#350,.T.);
#748=EDGE_CURVE('',#594,#593,#351,.T.);
#749=EDGE_CURVE('',#594,#583,#352,.T.);
#750=EDGE_CURVE('',#583,#587,#262,.T.);
#751=EDGE_CURVE('',#595,#594,#353,.T.);
#752=EDGE_CURVE('',#589,#595,#354,.T.);
#753=EDGE_CURVE('',#578,#592,#355,.T.);
#754=EDGE_CURVE('',#595,#596,#356,.T.);
#755=EDGE_CURVE('',#596,#597,#357,.F.);
#756=EDGE_CURVE('',#598,#597,#358,.T.);
#757=EDGE_CURVE('',#599,#598,#359,.T.);
#758=EDGE_CURVE('',#600,#599,#360,.T.);
#759=EDGE_CURVE('',#601,#600,#32,.F.);
#760=EDGE_CURVE('',#602,#601,#361,.F.);
#761=EDGE_CURVE('',#602,#603,#362,.T.);
#762=EDGE_CURVE('',#603,#580,#363,.T.);
#763=EDGE_CURVE('',#604,#604,#263,.T.);
#764=EDGE_CURVE('',#604,#583,#364,.T.);
#765=EDGE_CURVE('',#591,#605,#365,.T.);
#766=EDGE_CURVE('',#605,#605,#264,.T.);
#767=EDGE_CURVE('',#606,#607,#366,.T.);
#768=EDGE_CURVE('',#607,#608,#265,.T.);
#769=EDGE_CURVE('',#608,#609,#367,.T.);
#770=EDGE_CURVE('',#609,#606,#234,.T.);
#771=EDGE_CURVE('',#610,#611,#266,.T.);
#772=EDGE_CURVE('',#611,#612,#267,.T.);
#773=EDGE_CURVE('',#612,#606,#268,.T.);
#774=EDGE_CURVE('',#609,#610,#235,.T.);
#775=EDGE_CURVE('',#613,#614,#236,.F.);
#776=EDGE_CURVE('',#614,#612,#269,.T.);
#777=EDGE_CURVE('',#611,#613,#270,.T.);
#778=EDGE_CURVE('',#615,#607,#271,.T.);
#779=EDGE_CURVE('',#615,#616,#368,.T.);
#780=EDGE_CURVE('',#616,#617,#369,.T.);
#781=EDGE_CURVE('',#618,#617,#370,.T.);
#782=EDGE_CURVE('',#608,#618,#371,.T.);
#783=EDGE_CURVE('',#612,#619,#372,.T.);
#784=EDGE_CURVE('',#619,#620,#272,.T.);
#785=EDGE_CURVE('',#620,#615,#373,.T.);
#786=EDGE_CURVE('',#621,#614,#33,.T.);
#787=EDGE_CURVE('',#622,#621,#237,.F.);
#788=EDGE_CURVE('',#623,#622,#374,.T.);
#789=EDGE_CURVE('',#619,#623,#273,.F.);
#790=EDGE_CURVE('',#624,#625,#238,.T.);
#791=EDGE_CURVE('',#624,#622,#34,.T.);
#792=EDGE_CURVE('',#621,#625,#35,.T.);
#793=EDGE_CURVE('',#613,#626,#375,.T.);
#794=EDGE_CURVE('',#627,#626,#376,.T.);
#795=EDGE_CURVE('',#628,#627,#377,.T.);
#796=EDGE_CURVE('',#629,#628,#36,.T.);
#797=EDGE_CURVE('',#597,#629,#37,.T.);
#798=EDGE_CURVE('',#596,#625,#378,.T.);
#799=EDGE_CURVE('',#626,#610,#379,.T.);
#800=EDGE_CURVE('',#627,#618,#380,.T.);
#801=EDGE_CURVE('',#598,#630,#274,.T.);
#802=EDGE_CURVE('',#599,#630,#381,.T.);
#803=EDGE_CURVE('',#629,#631,#382,.T.);
#804=EDGE_CURVE('',#631,#631,#275,.T.);
#805=EDGE_CURVE('',#630,#628,#276,.T.);
#806=EDGE_CURVE('',#617,#632,#383,.T.);
#807=EDGE_CURVE('',#632,#630,#384,.T.);
#808=EDGE_CURVE('',#632,#633,#385,.T.);
#809=EDGE_CURVE('',#600,#633,#277,.T.);
#810=EDGE_CURVE('',#633,#634,#386,.T.);
#811=EDGE_CURVE('',#634,#635,#278,.T.);
#812=EDGE_CURVE('',#635,#601,#387,.T.);
#813=EDGE_CURVE('',#616,#636,#388,.T.);
#814=EDGE_CURVE('',#636,#634,#389,.T.);
#815=EDGE_CURVE('',#624,#637,#390,.T.);
#816=EDGE_CURVE('',#637,#623,#279,.T.);
#817=EDGE_CURVE('',#638,#603,#391,.T.);
#818=EDGE_CURVE('',#638,#639,#392,.T.);
#819=EDGE_CURVE('',#639,#624,#393,.T.);
#820=EDGE_CURVE('',#640,#640,#280,.T.);
#821=EDGE_CURVE('',#639,#641,#394,.T.);
#822=EDGE_CURVE('',#642,#638,#395,.T.);
#823=EDGE_CURVE('',#641,#642,#396,.T.);
#824=EDGE_CURVE('',#642,#602,#397,.T.);
#825=EDGE_CURVE('',#643,#637,#398,.T.);
#826=EDGE_CURVE('',#641,#643,#399,.T.);
#827=EDGE_CURVE('',#643,#635,#400,.T.);
#828=EDGE_CURVE('',#640,#644,#401,.T.);
#829=EDGE_CURVE('',#644,#644,#281,.T.);
#830=EDGE_CURVE('',#636,#620,#402,.T.);
#831=ORIENTED_EDGE('',*,*,#645,.T.);
#832=ORIENTED_EDGE('',*,*,#646,.T.);
#833=ORIENTED_EDGE('',*,*,#647,.T.);
#834=ORIENTED_EDGE('',*,*,#648,.T.);
#835=ORIENTED_EDGE('',*,*,#649,.T.);
#836=ORIENTED_EDGE('',*,*,#650,.T.);
#837=ORIENTED_EDGE('',*,*,#651,.T.);
#838=ORIENTED_EDGE('',*,*,#652,.T.);
#839=ORIENTED_EDGE('',*,*,#648,.F.);
#840=ORIENTED_EDGE('',*,*,#653,.T.);
#841=ORIENTED_EDGE('',*,*,#654,.T.);
#842=ORIENTED_EDGE('',*,*,#650,.F.);
#843=ORIENTED_EDGE('',*,*,#655,.T.);
#844=ORIENTED_EDGE('',*,*,#645,.F.);
#845=ORIENTED_EDGE('',*,*,#652,.F.);
#846=ORIENTED_EDGE('',*,*,#656,.T.);
#847=ORIENTED_EDGE('',*,*,#657,.T.);
#848=ORIENTED_EDGE('',*,*,#658,.T.);
#849=ORIENTED_EDGE('',*,*,#659,.F.);
#850=ORIENTED_EDGE('',*,*,#651,.F.);
#851=ORIENTED_EDGE('',*,*,#654,.F.);
#852=ORIENTED_EDGE('',*,*,#660,.F.);
#853=ORIENTED_EDGE('',*,*,#656,.F.);
#854=ORIENTED_EDGE('',*,*,#661,.T.);
#855=ORIENTED_EDGE('',*,*,#662,.T.);
#856=ORIENTED_EDGE('',*,*,#663,.T.);
#857=ORIENTED_EDGE('',*,*,#664,.T.);
#858=ORIENTED_EDGE('',*,*,#664,.F.);
#859=ORIENTED_EDGE('',*,*,#665,.F.);
#860=ORIENTED_EDGE('',*,*,#666,.T.);
#861=ORIENTED_EDGE('',*,*,#667,.F.);
#862=ORIENTED_EDGE('',*,*,#647,.F.);
#863=ORIENTED_EDGE('',*,*,#668,.T.);
#864=ORIENTED_EDGE('',*,*,#669,.T.);
#865=ORIENTED_EDGE('',*,*,#670,.T.);
#866=ORIENTED_EDGE('',*,*,#671,.T.);
#867=ORIENTED_EDGE('',*,*,#649,.F.);
#868=ORIENTED_EDGE('',*,*,#646,.F.);
#869=ORIENTED_EDGE('',*,*,#659,.T.);
#870=ORIENTED_EDGE('',*,*,#672,.T.);
#871=ORIENTED_EDGE('',*,*,#673,.F.);
#872=ORIENTED_EDGE('',*,*,#674,.T.);
#873=ORIENTED_EDGE('',*,*,#668,.F.);
#874=ORIENTED_EDGE('',*,*,#662,.F.);
#875=ORIENTED_EDGE('',*,*,#675,.T.);
#876=ORIENTED_EDGE('',*,*,#676,.T.);
#877=ORIENTED_EDGE('',*,*,#677,.F.);
#878=ORIENTED_EDGE('',*,*,#678,.F.);
#879=ORIENTED_EDGE('',*,*,#679,.F.);
#880=ORIENTED_EDGE('',*,*,#680,.F.);
#881=ORIENTED_EDGE('',*,*,#657,.F.);
#882=ORIENTED_EDGE('',*,*,#660,.T.);
#883=ORIENTED_EDGE('',*,*,#653,.F.);
#884=ORIENTED_EDGE('',*,*,#681,.F.);
#885=ORIENTED_EDGE('',*,*,#682,.T.);
#886=ORIENTED_EDGE('',*,*,#683,.F.);
#887=ORIENTED_EDGE('',*,*,#684,.F.);
#888=ORIENTED_EDGE('',*,*,#676,.F.);
#889=ORIENTED_EDGE('',*,*,#685,.T.);
#890=ORIENTED_EDGE('',*,*,#686,.T.);
#891=ORIENTED_EDGE('',*,*,#687,.T.);
#892=ORIENTED_EDGE('',*,*,#686,.F.);
#893=ORIENTED_EDGE('',*,*,#688,.F.);
#894=ORIENTED_EDGE('',*,*,#689,.T.);
#895=ORIENTED_EDGE('',*,*,#690,.T.);
#896=ORIENTED_EDGE('',*,*,#691,.T.);
#897=ORIENTED_EDGE('',*,*,#682,.F.);
#898=ORIENTED_EDGE('',*,*,#692,.T.);
#899=ORIENTED_EDGE('',*,*,#693,.T.);
#900=ORIENTED_EDGE('',*,*,#694,.T.);
#901=ORIENTED_EDGE('',*,*,#692,.F.);
#902=ORIENTED_EDGE('',*,*,#687,.F.);
#903=ORIENTED_EDGE('',*,*,#690,.F.);
#904=ORIENTED_EDGE('',*,*,#695,.T.);
#905=ORIENTED_EDGE('',*,*,#696,.T.);
#906=ORIENTED_EDGE('',*,*,#697,.T.);
#907=ORIENTED_EDGE('',*,*,#683,.T.);
#908=ORIENTED_EDGE('',*,*,#691,.F.);
#909=ORIENTED_EDGE('',*,*,#698,.T.);
#910=ORIENTED_EDGE('',*,*,#699,.F.);
#911=ORIENTED_EDGE('',*,*,#700,.F.);
#912=ORIENTED_EDGE('',*,*,#701,.T.);
#913=ORIENTED_EDGE('',*,*,#688,.T.);
#914=ORIENTED_EDGE('',*,*,#685,.F.);
#915=ORIENTED_EDGE('',*,*,#675,.F.);
#916=ORIENTED_EDGE('',*,*,#661,.F.);
#917=ORIENTED_EDGE('',*,*,#655,.F.);
#918=ORIENTED_EDGE('',*,*,#671,.F.);
#919=ORIENTED_EDGE('',*,*,#702,.F.);
#920=ORIENTED_EDGE('',*,*,#665,.T.);
#921=ORIENTED_EDGE('',*,*,#663,.F.);
#922=ORIENTED_EDGE('',*,*,#681,.T.);
#923=ORIENTED_EDGE('',*,*,#703,.F.);
#924=ORIENTED_EDGE('',*,*,#704,.T.);
#925=ORIENTED_EDGE('',*,*,#705,.T.);
#926=ORIENTED_EDGE('',*,*,#706,.T.);
#927=ORIENTED_EDGE('',*,*,#705,.F.);
#928=ORIENTED_EDGE('',*,*,#707,.T.);
#929=ORIENTED_EDGE('',*,*,#696,.F.);
#930=ORIENTED_EDGE('',*,*,#708,.T.);
#931=ORIENTED_EDGE('',*,*,#700,.T.);
#932=ORIENTED_EDGE('',*,*,#667,.T.);
#933=ORIENTED_EDGE('',*,*,#701,.F.);
#934=ORIENTED_EDGE('',*,*,#708,.F.);
#935=ORIENTED_EDGE('',*,*,#695,.F.);
#936=ORIENTED_EDGE('',*,*,#689,.F.);
#937=ORIENTED_EDGE('',*,*,#706,.F.);
#938=ORIENTED_EDGE('',*,*,#694,.F.);
#939=ORIENTED_EDGE('',*,*,#709,.F.);
#940=ORIENTED_EDGE('',*,*,#710,.T.);
#941=ORIENTED_EDGE('',*,*,#673,.T.);
#942=ORIENTED_EDGE('',*,*,#711,.T.);
#943=ORIENTED_EDGE('',*,*,#698,.F.);
#944=ORIENTED_EDGE('',*,*,#679,.T.);
#945=ORIENTED_EDGE('',*,*,#712,.T.);
#946=ORIENTED_EDGE('',*,*,#713,.T.);
#947=ORIENTED_EDGE('',*,*,#712,.F.);
#948=ORIENTED_EDGE('',*,*,#678,.T.);
#949=ORIENTED_EDGE('',*,*,#714,.T.);
#950=ORIENTED_EDGE('',*,*,#703,.T.);
#951=ORIENTED_EDGE('',*,*,#715,.T.);
#952=ORIENTED_EDGE('',*,*,#716,.T.);
#953=ORIENTED_EDGE('',*,*,#715,.F.);
#954=ORIENTED_EDGE('',*,*,#670,.F.);
#955=ORIENTED_EDGE('',*,*,#717,.T.);
#956=ORIENTED_EDGE('',*,*,#709,.T.);
#957=ORIENTED_EDGE('',*,*,#693,.F.);
#958=ORIENTED_EDGE('',*,*,#697,.F.);
#959=ORIENTED_EDGE('',*,*,#707,.F.);
#960=ORIENTED_EDGE('',*,*,#666,.F.);
#961=ORIENTED_EDGE('',*,*,#702,.T.);
#962=ORIENTED_EDGE('',*,*,#704,.F.);
#963=ORIENTED_EDGE('',*,*,#669,.F.);
#964=ORIENTED_EDGE('',*,*,#674,.F.);
#965=ORIENTED_EDGE('',*,*,#710,.F.);
#966=ORIENTED_EDGE('',*,*,#717,.F.);
#967=ORIENTED_EDGE('',*,*,#716,.F.);
#968=ORIENTED_EDGE('',*,*,#713,.F.);
#969=ORIENTED_EDGE('',*,*,#684,.T.);
#970=ORIENTED_EDGE('',*,*,#699,.T.);
#971=ORIENTED_EDGE('',*,*,#711,.F.);
#972=ORIENTED_EDGE('',*,*,#672,.F.);
#973=ORIENTED_EDGE('',*,*,#658,.F.);
#974=ORIENTED_EDGE('',*,*,#680,.T.);
#975=ORIENTED_EDGE('',*,*,#714,.F.);
#976=ORIENTED_EDGE('',*,*,#677,.T.);
#977=ORIENTED_EDGE('',*,*,#718,.F.);
#978=ORIENTED_EDGE('',*,*,#719,.F.);
#979=ORIENTED_EDGE('',*,*,#720,.F.);
#980=ORIENTED_EDGE('',*,*,#721,.F.);
#981=ORIENTED_EDGE('',*,*,#722,.F.);
#982=ORIENTED_EDGE('',*,*,#723,.F.);
#983=ORIENTED_EDGE('',*,*,#724,.F.);
#984=ORIENTED_EDGE('',*,*,#725,.F.);
#985=ORIENTED_EDGE('',*,*,#719,.T.);
#986=ORIENTED_EDGE('',*,*,#726,.F.);
#987=ORIENTED_EDGE('',*,*,#721,.T.);
#988=ORIENTED_EDGE('',*,*,#727,.F.);
#989=ORIENTED_EDGE('',*,*,#728,.F.);
#990=ORIENTED_EDGE('',*,*,#729,.T.);
#991=ORIENTED_EDGE('',*,*,#730,.F.);
#992=ORIENTED_EDGE('',*,*,#729,.F.);
#993=ORIENTED_EDGE('',*,*,#731,.F.);
#994=ORIENTED_EDGE('',*,*,#723,.T.);
#995=ORIENTED_EDGE('',*,*,#732,.F.);
#996=ORIENTED_EDGE('',*,*,#733,.T.);
#997=ORIENTED_EDGE('',*,*,#734,.F.);
#998=ORIENTED_EDGE('',*,*,#735,.F.);
#999=ORIENTED_EDGE('',*,*,#736,.F.);
#1000=ORIENTED_EDGE('',*,*,#737,.F.);
#1001=ORIENTED_EDGE('',*,*,#733,.F.);
#1002=ORIENTED_EDGE('',*,*,#738,.F.);
#1003=ORIENTED_EDGE('',*,*,#739,.F.);
#1004=ORIENTED_EDGE('',*,*,#740,.F.);
#1005=ORIENTED_EDGE('',*,*,#741,.F.);
#1006=ORIENTED_EDGE('',*,*,#742,.F.);
#1007=ORIENTED_EDGE('',*,*,#743,.T.);
#1008=ORIENTED_EDGE('',*,*,#736,.T.);
#1009=ORIENTED_EDGE('',*,*,#744,.F.);
#1010=ORIENTED_EDGE('',*,*,#741,.T.);
#1011=ORIENTED_EDGE('',*,*,#745,.F.);
#1012=ORIENTED_EDGE('',*,*,#746,.F.);
#1013=ORIENTED_EDGE('',*,*,#747,.T.);
#1014=ORIENTED_EDGE('',*,*,#734,.T.);
#1015=ORIENTED_EDGE('',*,*,#737,.T.);
#1016=ORIENTED_EDGE('',*,*,#743,.F.);
#1017=ORIENTED_EDGE('',*,*,#747,.F.);
#1018=ORIENTED_EDGE('',*,*,#748,.F.);
#1019=ORIENTED_EDGE('',*,*,#749,.T.);
#1020=ORIENTED_EDGE('',*,*,#750,.F.);
#1021=ORIENTED_EDGE('',*,*,#749,.F.);
#1022=ORIENTED_EDGE('',*,*,#751,.F.);
#1023=ORIENTED_EDGE('',*,*,#752,.F.);
#1024=ORIENTED_EDGE('',*,*,#739,.T.);
#1025=ORIENTED_EDGE('',*,*,#727,.T.);
#1026=ORIENTED_EDGE('',*,*,#720,.T.);
#1027=ORIENTED_EDGE('',*,*,#725,.T.);
#1028=ORIENTED_EDGE('',*,*,#753,.T.);
#1029=ORIENTED_EDGE('',*,*,#745,.T.);
#1030=ORIENTED_EDGE('',*,*,#740,.T.);
#1031=ORIENTED_EDGE('',*,*,#752,.T.);
#1032=ORIENTED_EDGE('',*,*,#754,.T.);
#1033=ORIENTED_EDGE('',*,*,#755,.T.);
#1034=ORIENTED_EDGE('',*,*,#756,.F.);
#1035=ORIENTED_EDGE('',*,*,#757,.F.);
#1036=ORIENTED_EDGE('',*,*,#758,.F.);
#1037=ORIENTED_EDGE('',*,*,#759,.F.);
#1038=ORIENTED_EDGE('',*,*,#760,.F.);
#1039=ORIENTED_EDGE('',*,*,#761,.T.);
#1040=ORIENTED_EDGE('',*,*,#762,.T.);
#1041=ORIENTED_EDGE('',*,*,#763,.T.);
#1042=ORIENTED_EDGE('',*,*,#764,.T.);
#1043=ORIENTED_EDGE('',*,*,#750,.T.);
#1044=ORIENTED_EDGE('',*,*,#738,.T.);
#1045=ORIENTED_EDGE('',*,*,#744,.T.);
#1046=ORIENTED_EDGE('',*,*,#765,.T.);
#1047=ORIENTED_EDGE('',*,*,#766,.T.);
#1048=ORIENTED_EDGE('',*,*,#765,.F.);
#1049=ORIENTED_EDGE('',*,*,#742,.T.);
#1050=ORIENTED_EDGE('',*,*,#735,.T.);
#1051=ORIENTED_EDGE('',*,*,#732,.T.);
#1052=ORIENTED_EDGE('',*,*,#764,.F.);
#1053=ORIENTED_EDGE('',*,*,#726,.T.);
#1054=ORIENTED_EDGE('',*,*,#730,.T.);
#1055=ORIENTED_EDGE('',*,*,#722,.T.);
#1056=ORIENTED_EDGE('',*,*,#718,.T.);
#1057=ORIENTED_EDGE('',*,*,#767,.T.);
#1058=ORIENTED_EDGE('',*,*,#768,.T.);
#1059=ORIENTED_EDGE('',*,*,#769,.T.);
#1060=ORIENTED_EDGE('',*,*,#770,.T.);
#1061=ORIENTED_EDGE('',*,*,#771,.T.);
#1062=ORIENTED_EDGE('',*,*,#772,.T.);
#1063=ORIENTED_EDGE('',*,*,#773,.T.);
#1064=ORIENTED_EDGE('',*,*,#770,.F.);
#1065=ORIENTED_EDGE('',*,*,#774,.T.);
#1066=ORIENTED_EDGE('',*,*,#775,.T.);
#1067=ORIENTED_EDGE('',*,*,#776,.T.);
#1068=ORIENTED_EDGE('',*,*,#772,.F.);
#1069=ORIENTED_EDGE('',*,*,#777,.T.);
#1070=ORIENTED_EDGE('',*,*,#768,.F.);
#1071=ORIENTED_EDGE('',*,*,#778,.F.);
#1072=ORIENTED_EDGE('',*,*,#779,.T.);
#1073=ORIENTED_EDGE('',*,*,#780,.T.);
#1074=ORIENTED_EDGE('',*,*,#781,.F.);
#1075=ORIENTED_EDGE('',*,*,#782,.F.);
#1076=ORIENTED_EDGE('',*,*,#767,.F.);
#1077=ORIENTED_EDGE('',*,*,#773,.F.);
#1078=ORIENTED_EDGE('',*,*,#783,.T.);
#1079=ORIENTED_EDGE('',*,*,#784,.T.);
#1080=ORIENTED_EDGE('',*,*,#785,.T.);
#1081=ORIENTED_EDGE('',*,*,#778,.T.);
#1082=ORIENTED_EDGE('',*,*,#776,.F.);
#1083=ORIENTED_EDGE('',*,*,#786,.F.);
#1084=ORIENTED_EDGE('',*,*,#787,.F.);
#1085=ORIENTED_EDGE('',*,*,#788,.F.);
#1086=ORIENTED_EDGE('',*,*,#789,.F.);
#1087=ORIENTED_EDGE('',*,*,#783,.F.);
#1088=ORIENTED_EDGE('',*,*,#790,.F.);
#1089=ORIENTED_EDGE('',*,*,#791,.T.);
#1090=ORIENTED_EDGE('',*,*,#787,.T.);
#1091=ORIENTED_EDGE('',*,*,#792,.T.);
#1092=ORIENTED_EDGE('',*,*,#792,.F.);
#1093=ORIENTED_EDGE('',*,*,#786,.T.);
#1094=ORIENTED_EDGE('',*,*,#775,.F.);
#1095=ORIENTED_EDGE('',*,*,#793,.T.);
#1096=ORIENTED_EDGE('',*,*,#794,.F.);
#1097=ORIENTED_EDGE('',*,*,#795,.F.);
#1098=ORIENTED_EDGE('',*,*,#796,.F.);
#1099=ORIENTED_EDGE('',*,*,#797,.F.);
#1100=ORIENTED_EDGE('',*,*,#755,.F.);
#1101=ORIENTED_EDGE('',*,*,#798,.T.);
#1102=ORIENTED_EDGE('',*,*,#771,.F.);
#1103=ORIENTED_EDGE('',*,*,#799,.F.);
#1104=ORIENTED_EDGE('',*,*,#793,.F.);
#1105=ORIENTED_EDGE('',*,*,#777,.F.);
#1106=ORIENTED_EDGE('',*,*,#769,.F.);
#1107=ORIENTED_EDGE('',*,*,#782,.T.);
#1108=ORIENTED_EDGE('',*,*,#800,.F.);
#1109=ORIENTED_EDGE('',*,*,#794,.T.);
#1110=ORIENTED_EDGE('',*,*,#799,.T.);
#1111=ORIENTED_EDGE('',*,*,#774,.F.);
#1112=ORIENTED_EDGE('',*,*,#757,.T.);
#1113=ORIENTED_EDGE('',*,*,#801,.T.);
#1114=ORIENTED_EDGE('',*,*,#802,.F.);
#1115=ORIENTED_EDGE('',*,*,#756,.T.);
#1116=ORIENTED_EDGE('',*,*,#797,.T.);
#1117=ORIENTED_EDGE('',*,*,#803,.T.);
#1118=ORIENTED_EDGE('',*,*,#804,.T.);
#1119=ORIENTED_EDGE('',*,*,#803,.F.);
#1120=ORIENTED_EDGE('',*,*,#796,.T.);
#1121=ORIENTED_EDGE('',*,*,#805,.F.);
#1122=ORIENTED_EDGE('',*,*,#801,.F.);
#1123=ORIENTED_EDGE('',*,*,#795,.T.);
#1124=ORIENTED_EDGE('',*,*,#800,.T.);
#1125=ORIENTED_EDGE('',*,*,#781,.T.);
#1126=ORIENTED_EDGE('',*,*,#806,.T.);
#1127=ORIENTED_EDGE('',*,*,#807,.T.);
#1128=ORIENTED_EDGE('',*,*,#805,.T.);
#1129=ORIENTED_EDGE('',*,*,#758,.T.);
#1130=ORIENTED_EDGE('',*,*,#802,.T.);
#1131=ORIENTED_EDGE('',*,*,#807,.F.);
#1132=ORIENTED_EDGE('',*,*,#808,.T.);
#1133=ORIENTED_EDGE('',*,*,#809,.F.);
#1134=ORIENTED_EDGE('',*,*,#809,.T.);
#1135=ORIENTED_EDGE('',*,*,#810,.T.);
#1136=ORIENTED_EDGE('',*,*,#811,.T.);
#1137=ORIENTED_EDGE('',*,*,#812,.T.);
#1138=ORIENTED_EDGE('',*,*,#759,.T.);
#1139=ORIENTED_EDGE('',*,*,#810,.F.);
#1140=ORIENTED_EDGE('',*,*,#808,.F.);
#1141=ORIENTED_EDGE('',*,*,#806,.F.);
#1142=ORIENTED_EDGE('',*,*,#780,.F.);
#1143=ORIENTED_EDGE('',*,*,#813,.T.);
#1144=ORIENTED_EDGE('',*,*,#814,.T.);
#1145=ORIENTED_EDGE('',*,*,#791,.F.);
#1146=ORIENTED_EDGE('',*,*,#815,.T.);
#1147=ORIENTED_EDGE('',*,*,#816,.T.);
#1148=ORIENTED_EDGE('',*,*,#788,.T.);
#1149=ORIENTED_EDGE('',*,*,#728,.T.);
#1150=ORIENTED_EDGE('',*,*,#762,.F.);
#1151=ORIENTED_EDGE('',*,*,#817,.F.);
#1152=ORIENTED_EDGE('',*,*,#818,.T.);
#1153=ORIENTED_EDGE('',*,*,#819,.T.);
#1154=ORIENTED_EDGE('',*,*,#790,.T.);
#1155=ORIENTED_EDGE('',*,*,#798,.F.);
#1156=ORIENTED_EDGE('',*,*,#754,.F.);
#1157=ORIENTED_EDGE('',*,*,#751,.T.);
#1158=ORIENTED_EDGE('',*,*,#748,.T.);
#1159=ORIENTED_EDGE('',*,*,#746,.T.);
#1160=ORIENTED_EDGE('',*,*,#753,.F.);
#1161=ORIENTED_EDGE('',*,*,#724,.T.);
#1162=ORIENTED_EDGE('',*,*,#731,.T.);
#1163=ORIENTED_EDGE('',*,*,#820,.T.);
#1164=ORIENTED_EDGE('',*,*,#821,.F.);
#1165=ORIENTED_EDGE('',*,*,#818,.F.);
#1166=ORIENTED_EDGE('',*,*,#822,.F.);
#1167=ORIENTED_EDGE('',*,*,#823,.F.);
#1168=ORIENTED_EDGE('',*,*,#766,.F.);
#1169=ORIENTED_EDGE('',*,*,#761,.F.);
#1170=ORIENTED_EDGE('',*,*,#824,.F.);
#1171=ORIENTED_EDGE('',*,*,#822,.T.);
#1172=ORIENTED_EDGE('',*,*,#817,.T.);
#1173=ORIENTED_EDGE('',*,*,#825,.T.);
#1174=ORIENTED_EDGE('',*,*,#815,.F.);
#1175=ORIENTED_EDGE('',*,*,#819,.F.);
#1176=ORIENTED_EDGE('',*,*,#821,.T.);
#1177=ORIENTED_EDGE('',*,*,#826,.T.);
#1178=ORIENTED_EDGE('',*,*,#812,.F.);
#1179=ORIENTED_EDGE('',*,*,#827,.F.);
#1180=ORIENTED_EDGE('',*,*,#826,.F.);
#1181=ORIENTED_EDGE('',*,*,#823,.T.);
#1182=ORIENTED_EDGE('',*,*,#824,.T.);
#1183=ORIENTED_EDGE('',*,*,#760,.T.);
#1184=ORIENTED_EDGE('',*,*,#820,.F.);
#1185=ORIENTED_EDGE('',*,*,#828,.T.);
#1186=ORIENTED_EDGE('',*,*,#829,.T.);
#1187=ORIENTED_EDGE('',*,*,#828,.F.);
#1188=ORIENTED_EDGE('',*,*,#784,.F.);
#1189=ORIENTED_EDGE('',*,*,#789,.T.);
#1190=ORIENTED_EDGE('',*,*,#816,.F.);
#1191=ORIENTED_EDGE('',*,*,#825,.F.);
#1192=ORIENTED_EDGE('',*,*,#827,.T.);
#1193=ORIENTED_EDGE('',*,*,#811,.F.);
#1194=ORIENTED_EDGE('',*,*,#814,.F.);
#1195=ORIENTED_EDGE('',*,*,#830,.T.);
#1196=ORIENTED_EDGE('',*,*,#763,.F.);
#1197=ORIENTED_EDGE('',*,*,#785,.F.);
#1198=ORIENTED_EDGE('',*,*,#830,.F.);
#1199=ORIENTED_EDGE('',*,*,#813,.F.);
#1200=ORIENTED_EDGE('',*,*,#779,.F.);
#1201=ORIENTED_EDGE('',*,*,#804,.F.);
#1202=ORIENTED_EDGE('',*,*,#829,.F.);
#1203=CYLINDRICAL_SURFACE('',#1309,1.);
#1204=CYLINDRICAL_SURFACE('',#1322,50.);
#1205=CYLINDRICAL_SURFACE('',#1324,4.);
#1206=CYLINDRICAL_SURFACE('',#1335,4.);
#1207=CYLINDRICAL_SURFACE('',#1341,50.);
#1208=CYLINDRICAL_SURFACE('',#1345,2.09999999999998);
#1209=CYLINDRICAL_SURFACE('',#1351,1.25000000000004);
#1210=CYLINDRICAL_SURFACE('',#1354,1.25000000000004);
#1211=CYLINDRICAL_SURFACE('',#1378,2.09999999999998);
#1212=CYLINDRICAL_SURFACE('',#1381,1.);
#1213=CYLINDRICAL_SURFACE('',#1392,4.);
#1214=CYLINDRICAL_SURFACE('',#1394,50.);
#1215=CYLINDRICAL_SURFACE('',#1406,1.25);
#1216=CYLINDRICAL_SURFACE('',#1412,4.);
#1217=CYLINDRICAL_SURFACE('',#1415,50.);
#1218=CYLINDRICAL_SURFACE('',#1424,1.25);
#1219=ADVANCED_FACE('',(#88),#1203,.T.);
#1220=ADVANCED_FACE('',(#89),#84,.T.);
#1221=ADVANCED_FACE('',(#90),#85,.T.);
#1222=ADVANCED_FACE('',(#91),#40,.T.);
#1223=ADVANCED_FACE('',(#92),#41,.T.);
#1224=ADVANCED_FACE('',(#93),#38,.F.);
#1225=ADVANCED_FACE('',(#94),#1204,.F.);
#1226=ADVANCED_FACE('',(#95),#1205,.T.);
#1227=ADVANCED_FACE('',(#96),#42,.T.);
#1228=ADVANCED_FACE('',(#97),#43,.T.);
#1229=ADVANCED_FACE('',(#98),#44,.T.);
#1230=ADVANCED_FACE('',(#99),#45,.T.);
#1231=ADVANCED_FACE('',(#100),#1206,.T.);
#1232=ADVANCED_FACE('',(#101),#46,.T.);
#1233=ADVANCED_FACE('',(#102),#47,.T.);
#1234=ADVANCED_FACE('',(#103),#48,.T.);
#1235=ADVANCED_FACE('',(#104),#1207,.F.);
#1236=ADVANCED_FACE('',(#105),#49,.T.);
#1237=ADVANCED_FACE('',(#106),#1208,.F.);
#1238=ADVANCED_FACE('',(#107),#50,.T.);
#1239=ADVANCED_FACE('',(#108,#17),#51,.F.);
#1240=ADVANCED_FACE('',(#109),#52,.T.);
#1241=ADVANCED_FACE('',(#110),#1209,.F.);
#1242=ADVANCED_FACE('',(#111),#1210,.F.);
#1243=ADVANCED_FACE('',(#112,#18),#53,.T.);
#1244=ADVANCED_FACE('',(#113,#19,#20),#54,.F.);
#1245=ADVANCED_FACE('',(#114),#55,.T.);
#1246=ADVANCED_FACE('',(#115),#56,.F.);
#1247=ADVANCED_FACE('',(#116),#57,.F.);
#1248=ADVANCED_FACE('',(#117),#58,.F.);
#1249=ADVANCED_FACE('',(#118),#59,.F.);
#1250=ADVANCED_FACE('',(#119),#60,.F.);
#1251=ADVANCED_FACE('',(#120),#61,.F.);
#1252=ADVANCED_FACE('',(#121),#62,.F.);
#1253=ADVANCED_FACE('',(#122),#63,.F.);
#1254=ADVANCED_FACE('',(#123),#64,.F.);
#1255=ADVANCED_FACE('',(#124),#65,.F.);
#1256=ADVANCED_FACE('',(#125),#66,.F.);
#1257=ADVANCED_FACE('',(#126),#67,.T.);
#1258=ADVANCED_FACE('',(#127,#21),#1211,.F.);
#1259=ADVANCED_FACE('',(#128),#1212,.T.);
#1260=ADVANCED_FACE('',(#129),#86,.T.);
#1261=ADVANCED_FACE('',(#130),#87,.T.);
#1262=ADVANCED_FACE('',(#131),#68,.T.);
#1263=ADVANCED_FACE('',(#132),#1213,.T.);
#1264=ADVANCED_FACE('',(#133),#1214,.F.);
#1265=ADVANCED_FACE('',(#134),#39,.F.);
#1266=ADVANCED_FACE('',(#135),#69,.T.);
#1267=ADVANCED_FACE('',(#136),#70,.T.);
#1268=ADVANCED_FACE('',(#137),#71,.T.);
#1269=ADVANCED_FACE('',(#138),#72,.T.);
#1270=ADVANCED_FACE('',(#139),#1215,.F.);
#1271=ADVANCED_FACE('',(#140),#73,.T.);
#1272=ADVANCED_FACE('',(#141),#74,.T.);
#1273=ADVANCED_FACE('',(#142),#1216,.T.);
#1274=ADVANCED_FACE('',(#143),#75,.T.);
#1275=ADVANCED_FACE('',(#144),#1217,.F.);
#1276=ADVANCED_FACE('',(#145),#76,.T.);
#1277=ADVANCED_FACE('',(#146),#77,.T.);
#1278=ADVANCED_FACE('',(#147,#22),#78,.F.);
#1279=ADVANCED_FACE('',(#148),#79,.T.);
#1280=ADVANCED_FACE('',(#149),#80,.T.);
#1281=ADVANCED_FACE('',(#150),#81,.T.);
#1282=ADVANCED_FACE('',(#151),#1218,.F.);
#1283=ADVANCED_FACE('',(#152,#23),#82,.T.);
#1284=ADVANCED_FACE('',(#153,#24,#25),#83,.F.);
#1285=CLOSED_SHELL('',(#1219,#1220,#1221,#1222,#1223,#1224,#1225,#1226,
#1227,#1228,#1229,#1230,#1231,#1232,#1233,#1234,#1235,#1236,#1237,#1238,
#1239,#1240,#1241,#1242,#1243,#1244,#1245));
#1286=CLOSED_SHELL('',(#1246,#1247,#1248,#1249,#1250,#1251,#1252,#1253,
#1254,#1255,#1256,#1257,#1258,#1259,#1260,#1261,#1262,#1263,#1264,#1265,
#1266,#1267,#1268,#1269,#1270,#1271,#1272,#1273,#1274,#1275,#1276,#1277,
#1278,#1279,#1280,#1281,#1282,#1283,#1284));
#1287=DERIVED_UNIT_ELEMENT(#1290,1.);
#1288=DERIVED_UNIT_ELEMENT(#2300,-3.);
#1289=DIMENSIONAL_EXPONENTS(0.,1.,0.,0.,0.,0.,0.);
#1290=(
CONVERSION_BASED_UNIT('gram',#1292)
MASS_UNIT()
NAMED_UNIT(#1289)
);
#1291=(
MASS_UNIT()
NAMED_UNIT(*)
SI_UNIT(.KILO.,.GRAM.)
);
#1292=MASS_MEASURE_WITH_UNIT(MASS_MEASURE(0.001),#1291);
#1293=DERIVED_UNIT((#1287,#1288));
#1294=MEASURE_REPRESENTATION_ITEM('density measure',
POSITIVE_RATIO_MEASURE(1.),#1293);
#1295=PROPERTY_DEFINITION_REPRESENTATION(#1300,#1297);
#1296=PROPERTY_DEFINITION_REPRESENTATION(#1301,#1298);
#1297=REPRESENTATION('material name',(#1299),#2297);
#1298=REPRESENTATION('density',(#1294),#2297);
#1299=DESCRIPTIVE_REPRESENTATION_ITEM('\X2\04220438043F043E0432044B0435\X0\',
'\X2\04220438043F043E0432044B0435\X0\');
#1300=PROPERTY_DEFINITION('material property','material name',#2307);
#1301=PROPERTY_DEFINITION('material property','density of part',#2307);
#1302=DATE_TIME_ROLE('creation_date');
#1303=APPLIED_DATE_AND_TIME_ASSIGNMENT(#1304,#1302,(#2307));
#1304=DATE_AND_TIME(#1305,#1306);
#1305=CALENDAR_DATE(2026,10,4);
#1306=LOCAL_TIME(0,0,0.,#1307);
#1307=COORDINATED_UNIVERSAL_TIME_OFFSET(0,0,.BEHIND.);
#1308=AXIS2_PLACEMENT_3D('',#1789,#1428,#1429);
#1309=AXIS2_PLACEMENT_3D('',#1790,#1430,#1431);
#1310=AXIS2_PLACEMENT_3D('',#1795,#1433,#1434);
#1311=AXIS2_PLACEMENT_3D('',#1810,#1436,#1437);
#1312=AXIS2_PLACEMENT_3D('',#1812,#1438,#1439);
#1313=AXIS2_PLACEMENT_3D('',#1814,#1440,#1441);
#1314=AXIS2_PLACEMENT_3D('',#1816,#1442,#1443);
#1315=AXIS2_PLACEMENT_3D('',#1823,#1444,#1445);
#1316=AXIS2_PLACEMENT_3D('',#1842,#1446,#1447);
#1317=AXIS2_PLACEMENT_3D('',#1843,#1448,#1449);
#1318=AXIS2_PLACEMENT_3D('',#1844,#1450,#1451);
#1319=AXIS2_PLACEMENT_3D('',#1852,#1456,#1457);
#1320=AXIS2_PLACEMENT_3D('',#1887,#1459,#1460);
#1321=AXIS2_PLACEMENT_3D('',#1897,#1461,#1462);
#1322=AXIS2_PLACEMENT_3D('',#1898,#1463,#1464);
#1323=AXIS2_PLACEMENT_3D('',#1902,#1466,#1467);
#1324=AXIS2_PLACEMENT_3D('',#1904,#1469,#1470);
#1325=AXIS2_PLACEMENT_3D('',#1906,#1471,#1472);
#1326=AXIS2_PLACEMENT_3D('',#1910,#1474,#1475);
#1327=AXIS2_PLACEMENT_3D('',#1912,#1477,#1478);
#1328=AXIS2_PLACEMENT_3D('',#1918,#1482,#1483);
#1329=AXIS2_PLACEMENT_3D('',#1926,#1487,#1488);
#1330=AXIS2_PLACEMENT_3D('',#1928,#1489,#1490);
#1331=AXIS2_PLACEMENT_3D('',#1930,#1492,#1493);
#1332=AXIS2_PLACEMENT_3D('',#1931,#1494,#1495);
#1333=AXIS2_PLACEMENT_3D('',#1934,#1496,#1497);
#1334=AXIS2_PLACEMENT_3D('',#1943,#1503,#1504);
#1335=AXIS2_PLACEMENT_3D('',#1949,#1508,#1509);
#1336=AXIS2_PLACEMENT_3D('',#1951,#1510,#1511);
#1337=AXIS2_PLACEMENT_3D('',#1955,#1513,#1514);
#1338=AXIS2_PLACEMENT_3D('',#1957,#1516,#1517);
#1339=AXIS2_PLACEMENT_3D('',#1963,#1521,#1522);
#1340=AXIS2_PLACEMENT_3D('',#1967,#1525,#1526);
#1341=AXIS2_PLACEMENT_3D('',#1971,#1529,#1530);
#1342=AXIS2_PLACEMENT_3D('',#1972,#1531,#1532);
#1343=AXIS2_PLACEMENT_3D('',#1973,#1533,#1534);
#1344=AXIS2_PLACEMENT_3D('',#1975,#1535,#1536);
#1345=AXIS2_PLACEMENT_3D('',#1976,#1537,#1538);
#1346=AXIS2_PLACEMENT_3D('',#1978,#1539,#1540);
#1347=AXIS2_PLACEMENT_3D('',#1981,#1542,#1543);
#1348=AXIS2_PLACEMENT_3D('',#1982,#1544,#1545);
#1349=AXIS2_PLACEMENT_3D('',#1985,#1548,#1549);
#1350=AXIS2_PLACEMENT_3D('',#1986,#1550,#1551);
#1351=AXIS2_PLACEMENT_3D('',#1991,#1555,#1556);
#1352=AXIS2_PLACEMENT_3D('',#1994,#1558,#1559);
#1353=AXIS2_PLACEMENT_3D('',#1995,#1560,#1561);
#1354=AXIS2_PLACEMENT_3D('',#1996,#1562,#1563);
#1355=AXIS2_PLACEMENT_3D('',#1999,#1565,#1566);
#1356=AXIS2_PLACEMENT_3D('',#2000,#1567,#1568);
#1357=AXIS2_PLACEMENT_3D('',#2002,#1570,#1571);
#1358=AXIS2_PLACEMENT_3D('',#2003,#1572,#1573);
#1359=AXIS2_PLACEMENT_3D('',#2004,#1574,#1575);
#1360=AXIS2_PLACEMENT_3D('',#2013,#1580,#1581);
#1361=AXIS2_PLACEMENT_3D('',#2015,#1582,#1583);
#1362=AXIS2_PLACEMENT_3D('',#2021,#1587,#1588);
#1363=AXIS2_PLACEMENT_3D('',#2023,#1589,#1590);
#1364=AXIS2_PLACEMENT_3D('',#2029,#1594,#1595);
#1365=AXIS2_PLACEMENT_3D('',#2032,#1598,#1599);
#1366=AXIS2_PLACEMENT_3D('',#2035,#1600,#1601);
#1367=AXIS2_PLACEMENT_3D('',#2039,#1604,#1605);
#1368=AXIS2_PLACEMENT_3D('',#2045,#1609,#1610);
#1369=AXIS2_PLACEMENT_3D('',#2054,#1615,#1616);
#1370=AXIS2_PLACEMENT_3D('',#2056,#1617,#1618);
#1371=AXIS2_PLACEMENT_3D('',#2058,#1620,#1621);
#1372=AXIS2_PLACEMENT_3D('',#2059,#1622,#1623);
#1373=AXIS2_PLACEMENT_3D('',#2065,#1627,#1628);
#1374=AXIS2_PLACEMENT_3D('',#2069,#1631,#1632);
#1375=AXIS2_PLACEMENT_3D('',#2070,#1633,#1634);
#1376=AXIS2_PLACEMENT_3D('',#2074,#1637,#1638);
#1377=AXIS2_PLACEMENT_3D('',#2087,#1645,#1646);
#1378=AXIS2_PLACEMENT_3D('',#2093,#1650,#1651);
#1379=AXIS2_PLACEMENT_3D('',#2095,#1652,#1653);
#1380=AXIS2_PLACEMENT_3D('',#2099,#1656,#1657);
#1381=AXIS2_PLACEMENT_3D('',#2100,#1658,#1659);
#1382=AXIS2_PLACEMENT_3D('',#2105,#1661,#1662);
#1383=AXIS2_PLACEMENT_3D('',#2118,#1664,#1665);
#1384=AXIS2_PLACEMENT_3D('',#2121,#1666,#1667);
#1385=AXIS2_PLACEMENT_3D('',#2123,#1668,#1669);
#1386=AXIS2_PLACEMENT_3D('',#2124,#1670,#1671);
#1387=AXIS2_PLACEMENT_3D('',#2131,#1672,#1673);
#1388=AXIS2_PLACEMENT_3D('',#2150,#1674,#1675);
#1389=AXIS2_PLACEMENT_3D('',#2151,#1676,#1677);
#1390=AXIS2_PLACEMENT_3D('',#2152,#1678,#1679);
#1391=AXIS2_PLACEMENT_3D('',#2154,#1680,#1681);
#1392=AXIS2_PLACEMENT_3D('',#2162,#1686,#1687);
#1393=AXIS2_PLACEMENT_3D('',#2166,#1689,#1690);
#1394=AXIS2_PLACEMENT_3D('',#2168,#1692,#1693);
#1395=AXIS2_PLACEMENT_3D('',#2170,#1694,#1695);
#1396=AXIS2_PLACEMENT_3D('',#2184,#1697,#1698);
#1397=AXIS2_PLACEMENT_3D('',#2217,#1699,#1700);
#1398=AXIS2_PLACEMENT_3D('',#2218,#1701,#1702);
#1399=AXIS2_PLACEMENT_3D('',#2219,#1703,#1704);
#1400=AXIS2_PLACEMENT_3D('',#2227,#1708,#1709);
#1401=AXIS2_PLACEMENT_3D('',#2228,#1710,#1711);
#1402=AXIS2_PLACEMENT_3D('',#2230,#1713,#1714);
#1403=AXIS2_PLACEMENT_3D('',#2232,#1716,#1717);
#1404=AXIS2_PLACEMENT_3D('',#2234,#1719,#1720);
#1405=AXIS2_PLACEMENT_3D('',#2236,#1721,#1722);
#1406=AXIS2_PLACEMENT_3D('',#2238,#1724,#1725);
#1407=AXIS2_PLACEMENT_3D('',#2241,#1727,#1728);
#1408=AXIS2_PLACEMENT_3D('',#2242,#1729,#1730);
#1409=AXIS2_PLACEMENT_3D('',#2243,#1731,#1732);
#1410=AXIS2_PLACEMENT_3D('',#2247,#1735,#1736);
#1411=AXIS2_PLACEMENT_3D('',#2250,#1738,#1739);
#1412=AXIS2_PLACEMENT_3D('',#2251,#1740,#1741);
#1413=AXIS2_PLACEMENT_3D('',#2255,#1743,#1744);
#1414=AXIS2_PLACEMENT_3D('',#2257,#1746,#1747);
#1415=AXIS2_PLACEMENT_3D('',#2261,#1750,#1751);
#1416=AXIS2_PLACEMENT_3D('',#2264,#1753,#1754);
#1417=AXIS2_PLACEMENT_3D('',#2265,#1755,#1756);
#1418=AXIS2_PLACEMENT_3D('',#2271,#1760,#1761);
#1419=AXIS2_PLACEMENT_3D('',#2273,#1762,#1763);
#1420=AXIS2_PLACEMENT_3D('',#2274,#1764,#1765);
#1421=AXIS2_PLACEMENT_3D('',#2280,#1769,#1770);
#1422=AXIS2_PLACEMENT_3D('',#2282,#1772,#1773);
#1423=AXIS2_PLACEMENT_3D('',#2286,#1776,#1777);
#1424=AXIS2_PLACEMENT_3D('',#2288,#1779,#1780);
#1425=AXIS2_PLACEMENT_3D('',#2291,#1782,#1783);
#1426=AXIS2_PLACEMENT_3D('',#2292,#1784,#1785);
#1427=AXIS2_PLACEMENT_3D('',#2294,#1787,#1788);
#1428=DIRECTION('axis',(0.,0.,1.));
#1429=DIRECTION('refdir',(1.,0.,0.));
#1430=DIRECTION('center_axis',(-2.12895361604605E-14,1.,3.8218746542433E-15));
#1431=DIRECTION('ref_axis',(-0.828143639740036,-1.47467814577557E-14,-0.560515933723677));
#1432=DIRECTION('',(-2.12895361604605E-14,1.,3.8218746542433E-15));
#1433=DIRECTION('center_axis',(1.84346769542816E-14,-1.,-3.78298215798183E-15));
#1434=DIRECTION('ref_axis',(-0.828143639740036,-1.47467814577557E-14,-0.560515933723677));
#1435=DIRECTION('',(2.13094082014115E-14,-1.,-3.82982975543429E-15));
#1436=DIRECTION('center_axis',(-5.77315972805081E-15,-1.,0.));
#1437=DIRECTION('ref_axis',(0.,0.,-1.));
#1438=DIRECTION('center_axis',(5.77315972805081E-15,1.,0.));
#1439=DIRECTION('ref_axis',(-0.685246328443609,3.95516952522711E-15,-0.728311382139915));
#1440=DIRECTION('center_axis',(0.579422181005074,-5.14630277064295E-15,
-0.815027567729658));
#1441=DIRECTION('ref_axis',(-0.815027567729658,4.99600361081317E-15,-0.579422181005074));
#1442=DIRECTION('center_axis',(-5.77315972805081E-15,-1.,0.));
#1443=DIRECTION('ref_axis',(-0.685246328443609,3.95603650716532E-15,-0.728311382139915));
#1444=DIRECTION('center_axis',(-5.77315972805081E-15,-1.,0.));
#1445=DIRECTION('ref_axis',(0.,0.,-1.));
#1446=DIRECTION('center_axis',(5.77315972805081E-15,1.,0.));
#1447=DIRECTION('ref_axis',(0.75645846133798,-4.36715552493971E-15,0.654041738935809));
#1448=DIRECTION('center_axis',(-5.77315972805081E-15,-1.,0.));
#1449=DIRECTION('ref_axis',(0.756458461337979,-4.36595204433843E-15,0.654041738935809));
#1450=DIRECTION('center_axis',(-1.,-2.12895361604605E-14,-9.86864910777953E-16));
#1451=DIRECTION('ref_axis',(2.12895361604605E-14,-1.,-3.80598330629312E-15));
#1452=DIRECTION('',(-9.86864910777953E-16,5.69732875992974E-30,1.));
#1453=DIRECTION('',(-1.5751794257904E-14,0.707106781186547,0.707106781186548));
#1454=DIRECTION('',(-2.12895361604605E-14,1.,0.));
#1455=DIRECTION('',(-9.86864910777872E-16,-3.78298215798184E-15,1.));
#1456=DIRECTION('center_axis',(5.77315972805081E-15,1.,0.));
#1457=DIRECTION('ref_axis',(0.,0.,1.));
#1458=DIRECTION('',(-1.,5.77315972805081E-15,3.82361966163303E-16));
#1459=DIRECTION('center_axis',(3.81186965343593E-15,0.707106781186548,-0.707106781186547));
#1460=DIRECTION('ref_axis',(-3.45805167493441E-14,0.707106781186547,0.707106781186548));
#1461=DIRECTION('center_axis',(-4.29655728728573E-15,-0.700071410926059,
0.714072839144578));
#1462=DIRECTION('ref_axis',(-3.43227152327315E-14,0.714072839144578,0.700071410926059));
#1463=DIRECTION('center_axis',(-2.17562310978982E-14,1.,2.89982675781161E-15));
#1464=DIRECTION('ref_axis',(0.0956091965876251,-7.99360577730113E-16,0.995418947744048));
#1465=DIRECTION('',(5.77315972805081E-15,1.,0.));
#1466=DIRECTION('center_axis',(2.12895361604605E-14,-1.,-3.78298215798182E-15));
#1467=DIRECTION('ref_axis',(0.0956091965876251,-7.99360577730113E-16,0.995418947744048));
#1468=DIRECTION('',(2.19929894401909E-14,-1.,-2.96059473233339E-15));
#1469=DIRECTION('center_axis',(2.13094082014115E-14,-1.,-3.82982975543429E-15));
#1470=DIRECTION('ref_axis',(-0.458572687256296,-6.55896652843401E-15,-0.888656902579696));
#1471=DIRECTION('center_axis',(1.84346769542816E-14,-1.,-3.78298215798183E-15));
#1472=DIRECTION('ref_axis',(-0.458572687256296,-6.55896652843401E-15,-0.888656902579696));
#1473=DIRECTION('',(2.13094082014115E-14,-1.,-3.80598330629312E-15));
#1474=DIRECTION('center_axis',(-2.12895361604605E-14,1.,3.78298215798182E-15));
#1475=DIRECTION('ref_axis',(-0.458572687256296,-6.55896652843401E-15,-0.888656902579696));
#1476=DIRECTION('',(-2.13094082014115E-14,1.,3.82982975543429E-15));
#1477=DIRECTION('center_axis',(-1.84346769542816E-14,1.,3.78298215798183E-15));
#1478=DIRECTION('ref_axis',(-1.,-1.84346769542816E-14,-1.13364179155083E-15));
#1479=DIRECTION('',(1.,1.84346769542816E-14,0.));
#1480=DIRECTION('',(-9.86864910777872E-16,-3.78298215798184E-15,1.));
#1481=DIRECTION('',(-1.,-1.84346769542816E-14,-1.13364179155083E-15));
#1482=DIRECTION('center_axis',(3.81186965343593E-15,0.707106781186548,-0.707106781186547));
#1483=DIRECTION('ref_axis',(-1.,0.,-5.39079776188753E-15));
#1484=DIRECTION('',(1.,-5.77315972805081E-15,-3.82361966163303E-16));
#1485=DIRECTION('',(0.577350269189632,-0.577350269189623,-0.577350269189622));
#1486=DIRECTION('',(1.,-5.39079776188751E-15,0.));
#1487=DIRECTION('center_axis',(-3.81186965343593E-15,-0.707106781186548,
0.707106781186547));
#1488=DIRECTION('ref_axis',(-1.5751794257904E-14,0.707106781186547,0.707106781186548));
#1489=DIRECTION('center_axis',(-3.81186965343593E-15,-0.707106781186548,
0.707106781186547));
#1490=DIRECTION('ref_axis',(-1.5751794257904E-14,0.707106781186547,0.707106781186548));
#1491=DIRECTION('',(1.,-5.39079776188751E-15,0.));
#1492=DIRECTION('center_axis',(3.81186965343593E-15,0.707106781186548,-0.707106781186547));
#1493=DIRECTION('ref_axis',(-3.39139971075695E-14,0.707106781186547,0.707106781186549));
#1494=DIRECTION('center_axis',(0.707106781186542,0.707106781186553,-6.10250779839974E-17));
#1495=DIRECTION('ref_axis',(-8.63024929298455E-17,0.,-1.));
#1496=DIRECTION('center_axis',(0.707106781186542,0.707106781186553,-6.10250779839974E-17));
#1497=DIRECTION('ref_axis',(0.707106781186553,-0.707106781186542,-4.26868887204645E-15));
#1498=DIRECTION('',(8.6302492929846E-17,-4.98238076612977E-31,1.));
#1499=DIRECTION('',(0.707106781186553,-0.707106781186542,0.));
#1500=DIRECTION('',(-0.707106781186553,0.707106781186542,2.36382735071998E-15));
#1501=DIRECTION('',(8.6302492929846E-17,-4.98238076612977E-31,1.));
#1502=DIRECTION('',(0.707106781186553,-0.707106781186542,-2.25577797721916E-15));
#1503=DIRECTION('center_axis',(1.,2.19929894401909E-14,-8.6302492929846E-17));
#1504=DIRECTION('ref_axis',(8.63024929299109E-17,-2.94902990916057E-15,
1.));
#1505=DIRECTION('',(2.19929894401909E-14,-1.,-2.96059473233339E-15));
#1506=DIRECTION('',(8.63024929299109E-17,-2.94902990916057E-15,1.));
#1507=DIRECTION('',(2.19929894401909E-14,-1.,-2.96059473233339E-15));
#1508=DIRECTION('center_axis',(-2.16596105020022E-14,1.,2.96059473233339E-15));
#1509=DIRECTION('ref_axis',(0.707106781186548,1.33457858988121E-14,0.707106781186548));
#1510=DIRECTION('center_axis',(-5.77315972805081E-15,-1.,0.));
#1511=DIRECTION('ref_axis',(0.707106781186548,1.33457858988121E-14,0.707106781186548));
#1512=DIRECTION('',(2.16596105020022E-14,-1.,-2.96059473233339E-15));
#1513=DIRECTION('center_axis',(-2.12895361604605E-14,1.,3.78298215798182E-15));
#1514=DIRECTION('ref_axis',(0.707106781186548,1.33457858988121E-14,0.707106781186548));
#1515=DIRECTION('',(-2.16596105020022E-14,1.,2.96059473233339E-15));
#1516=DIRECTION('center_axis',(2.29557076752517E-16,-2.96059473233339E-15,
1.));
#1517=DIRECTION('ref_axis',(-1.,-2.19322783133642E-14,2.29557076752452E-16));
#1518=DIRECTION('',(-1.,-2.19322783133642E-14,2.29557076752452E-16));
#1519=DIRECTION('',(2.19929894401909E-14,-1.,-2.96059473233339E-15));
#1520=DIRECTION('',(1.,-5.70954900576855E-15,-2.29557076752534E-16));
#1521=DIRECTION('center_axis',(5.77315972805081E-15,1.,0.));
#1522=DIRECTION('ref_axis',(0.,0.,1.));
#1523=DIRECTION('',(1.23085702749752E-13,-7.02763851759168E-28,-1.));
#1524=DIRECTION('',(1.,-5.77315972805081E-15,0.));
#1525=DIRECTION('center_axis',(-3.82361966163286E-16,2.96059473233339E-15,
-1.));
#1526=DIRECTION('ref_axis',(1.,2.19322783133642E-14,-3.82361966163221E-16));
#1527=DIRECTION('',(2.19929894401909E-14,-1.,-2.96059473233339E-15));
#1528=DIRECTION('',(1.,2.19322783133642E-14,-3.82361966163221E-16));
#1529=DIRECTION('center_axis',(2.13094082014115E-14,-1.,-3.82982975543429E-15));
#1530=DIRECTION('ref_axis',(0.837931146583005,1.57873714101697E-14,0.545775955485482));
#1531=DIRECTION('center_axis',(2.12895361604605E-14,-1.,-3.78298215798182E-15));
#1532=DIRECTION('ref_axis',(0.837931146583005,1.57873714101697E-14,0.545775955485482));
#1533=DIRECTION('center_axis',(4.01794999388171E-16,-2.31962670939999E-30,
-1.));
#1534=DIRECTION('ref_axis',(-1.,5.70954900576855E-15,-4.01794999388171E-16));
#1535=DIRECTION('center_axis',(0.,0.,1.));
#1536=DIRECTION('ref_axis',(1.,2.12895361604605E-14,9.86864910777953E-16));
#1537=DIRECTION('center_axis',(2.19929894401909E-14,-1.,-2.96059473233339E-15));
#1538=DIRECTION('ref_axis',(-1.,-2.19929894401909E-14,8.6302492929846E-17));
#1539=DIRECTION('center_axis',(-5.70954900576855E-15,-1.,0.));
#1540=DIRECTION('ref_axis',(-1.,-2.19929894401909E-14,8.6302492929846E-17));
#1541=DIRECTION('',(-2.19929894401909E-14,1.,2.96059473233339E-15));
#1542=DIRECTION('center_axis',(-2.19322783133642E-14,1.,2.94902990916058E-15));
#1543=DIRECTION('ref_axis',(-1.,-2.19322783133642E-14,8.63024929298462E-17));
#1544=DIRECTION('center_axis',(-1.,-2.19929894401909E-14,8.6302492929846E-17));
#1545=DIRECTION('ref_axis',(-8.63024929299109E-17,2.94902990916057E-15,
-1.));
#1546=DIRECTION('',(8.6302492929846E-17,-4.9274831270295E-31,1.));
#1547=DIRECTION('',(-8.63024929299109E-17,2.94902990916057E-15,-1.));
#1548=DIRECTION('center_axis',(2.19322783133642E-14,-1.,-2.94902990916058E-15));
#1549=DIRECTION('ref_axis',(0.,2.94902990916058E-15,-1.));
#1550=DIRECTION('center_axis',(1.,2.16596105020022E-14,9.86864910777954E-16));
#1551=DIRECTION('ref_axis',(-2.16596105020022E-14,1.,3.80598330629312E-15));
#1552=DIRECTION('',(-1.23085702749752E-13,7.02763851759168E-28,1.));
#1553=DIRECTION('',(-2.16596105020022E-14,1.,3.80598330629312E-15));
#1554=DIRECTION('',(2.16596105020022E-14,-1.,0.));
#1555=DIRECTION('center_axis',(-9.86864910777872E-16,-3.78298215798184E-15,
1.));
#1556=DIRECTION('ref_axis',(1.,2.12895361604605E-14,9.86864910777953E-16));
#1557=DIRECTION('',(9.86864910777872E-16,3.78298215798184E-15,-1.));
#1558=DIRECTION('center_axis',(1.13364179155076E-15,3.80598330629314E-15,
-1.));
#1559=DIRECTION('ref_axis',(1.,2.12895361604605E-14,1.13364179155085E-15));
#1560=DIRECTION('center_axis',(0.,0.,1.));
#1561=DIRECTION('ref_axis',(1.,2.12895361604605E-14,9.86864910777953E-16));
#1562=DIRECTION('center_axis',(-9.86864910777872E-16,-3.78298215798184E-15,
1.));
#1563=DIRECTION('ref_axis',(1.,2.12895361604605E-14,9.86864910777953E-16));
#1564=DIRECTION('',(9.86864910777872E-16,3.78298215798184E-15,-1.));
#1565=DIRECTION('center_axis',(1.13364179155076E-15,3.80598330629314E-15,
-1.));
#1566=DIRECTION('ref_axis',(1.,2.12895361604605E-14,1.13364179155085E-15));
#1567=DIRECTION('center_axis',(2.12895361604605E-14,-1.,-3.78298215798182E-15));
#1568=DIRECTION('ref_axis',(1.,2.12895361604605E-14,1.13364179155085E-15));
#1569=DIRECTION('',(1.,2.12895361604605E-14,1.13364179155085E-15));
#1570=DIRECTION('center_axis',(-1.13364179155076E-15,-3.80598330629314E-15,
1.));
#1571=DIRECTION('ref_axis',(1.,0.,1.13364179155076E-15));
#1572=DIRECTION('center_axis',(0.,0.,1.));
#1573=DIRECTION('ref_axis',(1.,0.,0.));
#1574=DIRECTION('center_axis',(0.,-3.1720657846433E-15,1.));
#1575=DIRECTION('ref_axis',(1.,0.,0.));
#1576=DIRECTION('',(-2.19929894401909E-14,1.,2.96059473233339E-15));
#1577=DIRECTION('',(1.,2.19084010192695E-14,2.09756980303529E-16));
#1578=DIRECTION('',(-0.707106781186542,-0.707106781186553,-2.24298922669113E-15));
#1579=DIRECTION('',(-1.,-2.19084010192695E-14,-2.09756980303529E-16));
#1580=DIRECTION('center_axis',(2.19084010192695E-14,-1.,-3.1720657846433E-15));
#1581=DIRECTION('ref_axis',(1.,2.19084010192695E-14,2.09756980303529E-16));
#1582=DIRECTION('center_axis',(-2.19084010192695E-14,1.,3.1720657846433E-15));
#1583=DIRECTION('ref_axis',(-1.,-2.19929894401909E-14,8.6302492929846E-17));
#1584=DIRECTION('',(0.,-3.1720657846433E-15,1.));
#1585=DIRECTION('',(1.,2.19084010192695E-14,2.09756980303529E-16));
#1586=DIRECTION('',(3.08576329171347E-15,3.17206578464337E-15,-1.));
#1587=DIRECTION('center_axis',(-2.19084010192695E-14,1.,3.1720657846433E-15));
#1588=DIRECTION('ref_axis',(-1.,-2.19084010192695E-14,-2.09756980303529E-16));
#1589=DIRECTION('center_axis',(2.19084010192695E-14,-1.,-3.1720657846433E-15));
#1590=DIRECTION('ref_axis',(-1.,-2.19929894401909E-14,8.6302492929846E-17));
#1591=DIRECTION('',(-3.08576329171347E-15,-3.17206578464337E-15,1.));
#1592=DIRECTION('',(-1.,-2.19084010192695E-14,-2.09756980303529E-16));
#1593=DIRECTION('',(0.,-3.1720657846433E-15,1.));
#1594=DIRECTION('center_axis',(1.,2.19084010192695E-14,6.94948892694694E-29));
#1595=DIRECTION('ref_axis',(-2.19084010192695E-14,1.,2.96059473233339E-15));
#1596=DIRECTION('',(2.19929894401909E-14,-1.,-2.96059473233339E-15));
#1597=DIRECTION('',(-2.19084010192695E-14,1.,2.96059473233339E-15));
#1598=DIRECTION('center_axis',(2.1584690155112E-14,-1.,-3.1720657846433E-15));
#1599=DIRECTION('ref_axis',(1.,2.1584690155112E-14,2.09756980303528E-16));
#1600=DIRECTION('center_axis',(-2.1584690155112E-14,1.,3.1720657846433E-15));
#1601=DIRECTION('ref_axis',(-1.,-2.19929894401909E-14,8.6302492929846E-17));
#1602=DIRECTION('',(1.,2.1584690155112E-14,2.09756980303528E-16));
#1603=DIRECTION('',(0.,-3.1720657846433E-15,1.));
#1604=DIRECTION('center_axis',(0.,-3.1720657846433E-15,1.));
#1605=DIRECTION('ref_axis',(1.,0.,0.));
#1606=DIRECTION('',(2.19929894401909E-14,-1.,-2.96059473233339E-15));
#1607=DIRECTION('',(-1.,-2.18274733032302E-14,-2.09756980303529E-16));
#1608=DIRECTION('',(-2.19084010192695E-14,1.,2.96059473233339E-15));
#1609=DIRECTION('center_axis',(0.,-3.1720657846433E-15,1.));
#1610=DIRECTION('ref_axis',(1.,0.,0.));
#1611=DIRECTION('',(-2.19929894401909E-14,1.,2.96059473233339E-15));
#1612=DIRECTION('',(1.,2.1584690155112E-14,2.09756980303528E-16));
#1613=DIRECTION('',(-0.707106781186542,-0.707106781186553,-2.24298922669113E-15));
#1614=DIRECTION('',(-1.,-2.18274733032302E-14,-2.09756980303529E-16));
#1615=DIRECTION('center_axis',(-2.18274733032302E-14,1.,3.1720657846433E-15));
#1616=DIRECTION('ref_axis',(-1.,-2.18274733032302E-14,-2.09756980303529E-16));
#1617=DIRECTION('center_axis',(2.18274733032302E-14,-1.,-3.1720657846433E-15));
#1618=DIRECTION('ref_axis',(-1.,-2.19929894401909E-14,8.6302492929846E-17));
#1619=DIRECTION('',(0.,-3.1720657846433E-15,1.));
#1620=DIRECTION('center_axis',(-2.18274733032302E-14,1.,3.1720657846433E-15));
#1621=DIRECTION('ref_axis',(-1.,-2.18274733032302E-14,-2.09756980303529E-16));
#1622=DIRECTION('center_axis',(2.18274733032302E-14,-1.,-3.1720657846433E-15));
#1623=DIRECTION('ref_axis',(-1.,-2.19929894401909E-14,8.6302492929846E-17));
#1624=DIRECTION('',(-3.08576329171347E-15,-3.17206578464337E-15,1.));
#1625=DIRECTION('',(-1.,-2.18274733032302E-14,-2.09756980303529E-16));
#1626=DIRECTION('',(0.,-3.1720657846433E-15,1.));
#1627=DIRECTION('center_axis',(1.,2.19084010192695E-14,6.94948892694694E-29));
#1628=DIRECTION('ref_axis',(-2.19084010192695E-14,1.,2.96059473233339E-15));
#1629=DIRECTION('',(-2.19084010192695E-14,1.,2.96059473233339E-15));
#1630=DIRECTION('',(0.,-3.1720657846433E-15,1.));
#1631=DIRECTION('center_axis',(2.1584690155112E-14,-1.,-3.1720657846433E-15));
#1632=DIRECTION('ref_axis',(1.,2.1584690155112E-14,2.09756980303528E-16));
#1633=DIRECTION('center_axis',(-2.1584690155112E-14,1.,3.1720657846433E-15));
#1634=DIRECTION('ref_axis',(-1.,-2.19929894401909E-14,8.6302492929846E-17));
#1635=DIRECTION('',(1.,2.1584690155112E-14,2.09756980303528E-16));
#1636=DIRECTION('',(3.08576329171347E-15,3.17206578464337E-15,-1.));
#1637=DIRECTION('center_axis',(-0.707106781186553,0.707106781186542,6.1025077983999E-17));
#1638=DIRECTION('ref_axis',(8.63024929298465E-17,0.,1.));
#1639=DIRECTION('',(-0.707106781186542,-0.707106781186553,-2.24177719475193E-15));
#1640=DIRECTION('',(-0.707106781186542,-0.707106781186553,-2.24177719475193E-15));
#1641=DIRECTION('',(0.577350269189618,0.577350269189627,0.577350269189632));
#1642=DIRECTION('',(0.,0.,-1.));
#1643=DIRECTION('',(-0.707106781186542,-0.707106781186553,-9.30425160701457E-17));
#1644=DIRECTION('',(-8.6302492929846E-17,4.98238076612977E-31,-1.));
#1645=DIRECTION('center_axis',(-0.707106781186553,0.707106781186542,6.1025077983999E-17));
#1646=DIRECTION('ref_axis',(-0.707106781186542,-0.707106781186553,-4.02336192537712E-15));
#1647=DIRECTION('',(0.707106781186542,0.707106781186553,1.93113524593706E-15));
#1648=DIRECTION('',(-8.6302492929846E-17,4.98238076612977E-31,-1.));
#1649=DIRECTION('',(-0.707106781186542,-0.707106781186553,-2.24177719475193E-15));
#1650=DIRECTION('center_axis',(2.19929894401909E-14,-1.,-2.96059473233339E-15));
#1651=DIRECTION('ref_axis',(-1.,-2.19929894401909E-14,8.6302492929846E-17));
#1652=DIRECTION('center_axis',(-5.70954900576855E-15,-1.,0.));
#1653=DIRECTION('ref_axis',(-1.,-2.19929894401909E-14,8.6302492929846E-17));
#1654=DIRECTION('',(-2.19929894401909E-14,1.,2.96059473233339E-15));
#1655=DIRECTION('',(-2.19929894401909E-14,1.,2.96059473233339E-15));
#1656=DIRECTION('center_axis',(-2.19322783133642E-14,1.,2.94902990916058E-15));
#1657=DIRECTION('ref_axis',(-1.,-2.19322783133642E-14,8.63024929298462E-17));
#1658=DIRECTION('center_axis',(1.69406589450862E-19,-1.,2.34639174743412E-15));
#1659=DIRECTION('ref_axis',(0.829260658199706,-1.33881067870193E-15,-0.558862023009428));
#1660=DIRECTION('',(5.76220251968053E-15,1.,-1.28908333768067E-17));
#1661=DIRECTION('center_axis',(1.11191709051967E-16,-1.,0.));
#1662=DIRECTION('ref_axis',(0.829260658199706,-1.33881067870193E-15,-0.558862023009428));
#1663=DIRECTION('',(1.69406589450862E-19,-1.,2.34639174743412E-15));
#1664=DIRECTION('center_axis',(-5.77315972805081E-15,-1.,0.));
#1665=DIRECTION('ref_axis',(0.,0.,-1.));
#1666=DIRECTION('center_axis',(-5.77315972805081E-15,-1.,0.));
#1667=DIRECTION('ref_axis',(0.687974800808374,-3.97178841394069E-15,-0.725734575070444));
#1668=DIRECTION('center_axis',(-0.575968814112932,2.5578153555769E-15,-0.817471666279231));
#1669=DIRECTION('ref_axis',(4.44089209850063E-15,1.,0.));
#1670=DIRECTION('center_axis',(5.77315972805081E-15,1.,0.));
#1671=DIRECTION('ref_axis',(0.687974800808374,-3.95516952522712E-15,-0.725734575070444));
#1672=DIRECTION('center_axis',(5.77315972805081E-15,1.,0.));
#1673=DIRECTION('ref_axis',(0.,0.,1.));
#1674=DIRECTION('center_axis',(-5.77315972805081E-15,-1.,0.));
#1675=DIRECTION('ref_axis',(-0.750008642336676,4.32986979603811E-15,0.661428028148412));
#1676=DIRECTION('center_axis',(5.77315972805081E-15,1.,0.));
#1677=DIRECTION('ref_axis',(-0.750008642336676,4.32991968962816E-15,0.661428028148412));
#1678=DIRECTION('center_axis',(-1.11191709051967E-16,1.,0.));
#1679=DIRECTION('ref_axis',(-1.,-1.11191709051967E-16,0.));
#1680=DIRECTION('center_axis',(1.11191709051967E-16,-1.,0.));
#1681=DIRECTION('ref_axis',(0.460451509872142,-2.81406377837667E-15,-0.887684857962816));
#1682=DIRECTION('',(-1.,-1.11191709051967E-16,0.));
#1683=DIRECTION('',(0.,0.,1.));
#1684=DIRECTION('',(-1.,-1.11191709051967E-16,0.));
#1685=DIRECTION('',(0.,0.,1.));
#1686=DIRECTION('center_axis',(5.76220251968053E-15,1.,-1.28908333768067E-17));
#1687=DIRECTION('ref_axis',(0.460451509872142,-2.81406377837667E-15,-0.887684857962816));
#1688=DIRECTION('',(-5.76220251968053E-15,-1.,1.28908333768067E-17));
#1689=DIRECTION('center_axis',(5.70954900576855E-15,1.,0.));
#1690=DIRECTION('ref_axis',(0.460451509872142,-2.81406377837667E-15,-0.887684857962816));
#1691=DIRECTION('',(5.76220251968053E-15,1.,0.));
#1692=DIRECTION('center_axis',(-5.76220251968053E-15,-1.,1.28908333768067E-17));
#1693=DIRECTION('ref_axis',(-0.670348610873066,3.86357612569555E-15,0.742046319241967));
#1694=DIRECTION('center_axis',(-4.2305609757516E-15,-0.707106781186549,
0.707106781186547));
#1695=DIRECTION('ref_axis',(3.83102559918842E-15,0.707106781186546,0.707106781186548));
#1696=DIRECTION('',(5.77315972805081E-15,1.,0.));
#1697=DIRECTION('center_axis',(-5.70954900576855E-15,-1.,0.));
#1698=DIRECTION('ref_axis',(-0.670348610873066,3.86357612569555E-15,0.742046319241967));
#1699=DIRECTION('center_axis',(-4.10131575498365E-15,-0.700071410926059,
0.714072839144578));
#1700=DIRECTION('ref_axis',(4.47687589992151E-15,0.714072839144577,0.700071410926059));
#1701=DIRECTION('center_axis',(4.2305609757516E-15,0.707106781186549,-0.707106781186547));
#1702=DIRECTION('ref_axis',(4.49477448956532E-15,0.707106781186546,0.707106781186549));
#1703=DIRECTION('center_axis',(4.2305609757516E-15,0.707106781186549,-0.707106781186547));
#1704=DIRECTION('ref_axis',(-1.,0.,-5.98291670835428E-15));
#1705=DIRECTION('',(-1.,5.77315972805081E-15,-2.09756980303447E-16));
#1706=DIRECTION('',(1.1978854817839E-19,-0.707106781186546,-0.707106781186548));
#1707=DIRECTION('',(1.,-5.98291670835426E-15,0.));
#1708=DIRECTION('center_axis',(-4.2305609757516E-15,-0.707106781186549,
0.707106781186547));
#1709=DIRECTION('ref_axis',(1.19788548178389E-19,-0.707106781186547,-0.707106781186549));
#1710=DIRECTION('center_axis',(-4.2305609757516E-15,-0.707106781186549,
0.707106781186547));
#1711=DIRECTION('ref_axis',(1.19788548178389E-19,-0.707106781186547,-0.707106781186549));
#1712=DIRECTION('',(1.,-5.77315972805081E-15,2.09756980303447E-16));
#1713=DIRECTION('center_axis',(5.77315972805081E-15,1.,0.));
#1714=DIRECTION('ref_axis',(0.,0.,1.));
#1715=DIRECTION('',(0.,0.,-1.));
#1716=DIRECTION('center_axis',(1.,1.69406589450862E-19,0.));
#1717=DIRECTION('ref_axis',(-1.69406589450862E-19,1.,0.));
#1718=DIRECTION('',(-1.69406589450862E-19,1.,0.));
#1719=DIRECTION('center_axis',(1.31581988103719E-16,-7.59643834657249E-31,
-1.));
#1720=DIRECTION('ref_axis',(-1.,5.70954900576855E-15,-1.31581988103719E-16));
#1721=DIRECTION('center_axis',(0.,0.,-1.));
#1722=DIRECTION('ref_axis',(-1.,-1.69406589450862E-19,0.));
#1723=DIRECTION('',(-1.,5.70954900576855E-15,-1.31581988103719E-16));
#1724=DIRECTION('center_axis',(0.,0.,1.));
#1725=DIRECTION('ref_axis',(-1.,-1.69406589450862E-19,0.));
#1726=DIRECTION('',(0.,0.,-1.));
#1727=DIRECTION('center_axis',(0.,0.,-1.));
#1728=DIRECTION('ref_axis',(-1.,-1.69406589450862E-19,0.));
#1729=DIRECTION('center_axis',(0.,0.,-1.));
#1730=DIRECTION('ref_axis',(-1.,-1.69406589450862E-19,0.));
#1731=DIRECTION('center_axis',(0.,0.,1.));
#1732=DIRECTION('ref_axis',(1.,0.,0.));
#1733=DIRECTION('',(-4.07064835036944E-15,-1.,0.));
#1734=DIRECTION('',(1.,-5.77315972805081E-15,0.));
#1735=DIRECTION('center_axis',(5.77315972805081E-15,1.,0.));
#1736=DIRECTION('ref_axis',(0.,0.,1.));
#1737=DIRECTION('',(-1.1326253128763E-13,6.46677972904115E-28,1.));
#1738=DIRECTION('center_axis',(-5.77315972805081E-15,-1.,0.));
#1739=DIRECTION('ref_axis',(-0.707106781186548,1.57009245868378E-15,0.707106781186548));
#1740=DIRECTION('center_axis',(4.07064835036944E-15,1.,2.96059473233339E-15));
#1741=DIRECTION('ref_axis',(-0.707106781186548,1.57009245868378E-15,0.707106781186548));
#1742=DIRECTION('',(-4.07064835036944E-15,-1.,-2.96059473233339E-15));
#1743=DIRECTION('center_axis',(5.70954900576855E-15,1.,0.));
#1744=DIRECTION('ref_axis',(-0.707106781186548,1.57009245868378E-15,0.707106781186548));
#1745=DIRECTION('',(4.07064835036944E-15,1.,2.96059473233339E-15));
#1746=DIRECTION('center_axis',(-1.,4.07064835036944E-15,0.));
#1747=DIRECTION('ref_axis',(-4.07064835036944E-15,-1.,0.));
#1748=DIRECTION('',(-4.07064835036944E-15,-1.,0.));
#1749=DIRECTION('',(0.,0.,1.));
#1750=DIRECTION('center_axis',(6.0509209117496E-15,1.,7.12920371493584E-17));
#1751=DIRECTION('ref_axis',(-0.395609196587638,2.33146835171283E-15,0.918418947744048));
#1752=DIRECTION('',(2.19929894401909E-14,-1.,-2.96059473233339E-15));
#1753=DIRECTION('center_axis',(-5.70954900576855E-15,-1.,0.));
#1754=DIRECTION('ref_axis',(-0.395609196587638,2.33146835171283E-15,0.918418947744048));
#1755=DIRECTION('center_axis',(2.09756980303464E-16,2.9605947323334E-15,
-1.));
#1756=DIRECTION('ref_axis',(1.,2.19322783133642E-14,2.09756980303529E-16));
#1757=DIRECTION('',(2.19929894401909E-14,-1.,-2.96059473233339E-15));
#1758=DIRECTION('',(1.,2.19322783133642E-14,2.09756980303529E-16));
#1759=DIRECTION('',(2.19929894401909E-14,-1.,-2.96059473233339E-15));
#1760=DIRECTION('center_axis',(1.31581988103719E-16,-7.59643834657249E-31,
-1.));
#1761=DIRECTION('ref_axis',(-1.,5.70954900576855E-15,-1.31581988103719E-16));
#1762=DIRECTION('center_axis',(0.,0.,-1.));
#1763=DIRECTION('ref_axis',(-1.,-1.69406589450862E-19,0.));
#1764=DIRECTION('center_axis',(2.19322783133642E-14,-1.,-2.94902990916058E-15));
#1765=DIRECTION('ref_axis',(0.,2.94902990916058E-15,-1.));
#1766=DIRECTION('',(4.46374825240776E-16,-2.94902990916057E-15,1.));
#1767=DIRECTION('',(-8.63024929299108E-17,2.94902990916057E-15,-1.));
#1768=DIRECTION('',(-1.,-2.19322783133642E-14,2.29557076752452E-16));
#1769=DIRECTION('center_axis',(-1.,-2.19929894401909E-14,8.6302492929846E-17));
#1770=DIRECTION('ref_axis',(-8.63024929299108E-17,2.94902990916057E-15,
-1.));
#1771=DIRECTION('',(2.19929894401909E-14,-1.,-2.96059473233339E-15));
#1772=DIRECTION('center_axis',(1.,2.19929894401909E-14,-4.46374825240711E-16));
#1773=DIRECTION('ref_axis',(4.46374825240776E-16,-2.94902990916057E-15,
1.));
#1774=DIRECTION('',(-4.46374825240711E-16,2.54859893965321E-30,-1.));
#1775=DIRECTION('',(2.19929894401909E-14,-1.,-2.96059473233339E-15));
#1776=DIRECTION('center_axis',(2.29557076752517E-16,-2.96059473233339E-15,
1.));
#1777=DIRECTION('ref_axis',(-1.,-2.19322783133642E-14,2.29557076752452E-16));
#1778=DIRECTION('',(-1.,5.70954900576855E-15,5.11375453766758E-16));
#1779=DIRECTION('center_axis',(0.,0.,1.));
#1780=DIRECTION('ref_axis',(-1.,-1.69406589450862E-19,0.));
#1781=DIRECTION('',(0.,0.,-1.));
#1782=DIRECTION('center_axis',(0.,0.,-1.));
#1783=DIRECTION('ref_axis',(-1.,-1.69406589450862E-19,0.));
#1784=DIRECTION('center_axis',(-5.70954900576855E-15,-1.,0.));
#1785=DIRECTION('ref_axis',(1.,-5.70954900576855E-15,0.));
#1786=DIRECTION('',(1.,-5.70954900576855E-15,0.));
#1787=DIRECTION('center_axis',(0.,0.,1.));
#1788=DIRECTION('ref_axis',(1.,0.,0.));
#1789=CARTESIAN_POINT('',(0.,0.,0.));
#1790=CARTESIAN_POINT('Origin',(-52.000000000002,5.999999999998,2.21487376708254));
#1791=CARTESIAN_POINT('',(-53.0000000000021,3.86768062327448,2.21487376708255));
#1792=CARTESIAN_POINT('',(-53.000000000002,5.99999999999798,2.21487376708254));
#1793=CARTESIAN_POINT('',(-53.000000000002,5.99999999999798,2.21487376708254));
#1794=CARTESIAN_POINT('',(-52.3716437760858,5.99999999999801,1.28649835611013));
#1795=CARTESIAN_POINT('Origin',(-52.000000000002,5.99999999999801,2.21487376708254));
#1796=CARTESIAN_POINT('',(-52.3716437760854,3.00000000000031,1.28649835610999));
#1797=CARTESIAN_POINT('',(-52.3716437760858,5.99999999999799,1.28649835611012));
#1798=CARTESIAN_POINT('Ctrl Pts',(-52.3716437760854,3.00000000000031,1.28649835610999));
#1799=CARTESIAN_POINT('Ctrl Pts',(-52.3731791178489,3.0014322276907,1.28711297838867));
#1800=CARTESIAN_POINT('Ctrl Pts',(-52.3747129352829,3.00286445571621,1.28773140951956));
#1801=CARTESIAN_POINT('Ctrl Pts',(-52.4816922434282,3.10285800153916,1.33117401988421));
#1802=CARTESIAN_POINT('Ctrl Pts',(-52.5799631433575,3.20149074205554,1.39205014017144));
#1803=CARTESIAN_POINT('Ctrl Pts',(-52.7493554961535,3.39019469544521,1.54339800420844));
#1804=CARTESIAN_POINT('Ctrl Pts',(-52.8215522607819,3.4806899593858,1.63287639385352));
#1805=CARTESIAN_POINT('Ctrl Pts',(-52.9374027980936,3.65655490436613,1.84495810235983));
#1806=CARTESIAN_POINT('Ctrl Pts',(-52.9789749389129,3.74155650987452,1.9698086035539));
#1807=CARTESIAN_POINT('Ctrl Pts',(-52.9979181533554,3.83249239647501,2.14087420298536));
#1808=CARTESIAN_POINT('Ctrl Pts',(-53.000000000002,3.85068820442313,2.17763305471727));
#1809=CARTESIAN_POINT('Ctrl Pts',(-53.000000000002,3.8676806232745,2.21487376708254));
#1810=CARTESIAN_POINT('Origin',(-50.8850686717507,3.0000000000003,4.99999999999979));
#1811=CARTESIAN_POINT('',(-54.1451789426693,3.00000000000032,2.68231127597948));
#1812=CARTESIAN_POINT('Origin',(-50.8850686717507,3.0000000000003,4.99999999999979));
#1813=CARTESIAN_POINT('',(-53.3301513749397,4.0000000000003,3.26173345698456));
#1814=CARTESIAN_POINT('Origin',(-53.3301513749397,3.00000000000032,3.26173345698456));
#1815=CARTESIAN_POINT('',(-53.000000000002,4.0000000000003,2.87230982594219));
#1816=CARTESIAN_POINT('Origin',(-50.8850686717507,4.00000000000029,4.99999999999979));
#1817=CARTESIAN_POINT('Ctrl Pts',(-53.000000000002,4.00000000000032,2.87230982594218));
#1818=CARTESIAN_POINT('Ctrl Pts',(-53.000000000002,4.00000000000032,2.70174308950283));
#1819=CARTESIAN_POINT('Ctrl Pts',(-53.000000000002,3.97162616294857,2.49903921177587));
#1820=CARTESIAN_POINT('Ctrl Pts',(-53.000000000002,3.90281441953628,2.29777259217536));
#1821=CARTESIAN_POINT('Ctrl Pts',(-53.000000000002,3.88654757868634,2.25622272780689));
#1822=CARTESIAN_POINT('Ctrl Pts',(-53.000000000002,3.86768062327339,2.21487376708011));
#1823=CARTESIAN_POINT('Origin',(-94.8965573291522,2.99999999999949,-26.2887977742743));
#1824=CARTESIAN_POINT('',(-59.3259951888269,2.99999999999928,8.84999999999872));
#1825=CARTESIAN_POINT('',(-58.9106254191666,4.00000000000033,9.8499999999998));
#1826=CARTESIAN_POINT('Ctrl Pts',(-58.9106254191655,3.99999999999928,9.84999999999874));
#1827=CARTESIAN_POINT('Ctrl Pts',(-58.9993176516852,3.99999999999928,9.84999999999874));
#1828=CARTESIAN_POINT('Ctrl Pts',(-59.1052189657255,3.99250329665845,9.84250329665791));
#1829=CARTESIAN_POINT('Ctrl Pts',(-59.2556050245157,3.96506746230612,9.81506746230557));
#1830=CARTESIAN_POINT('Ctrl Pts',(-59.3300107172731,3.9443969042955,9.79439690429495));
#1831=CARTESIAN_POINT('Ctrl Pts',(-59.4346560441285,3.8994613243085,9.74946132430795));
#1832=CARTESIAN_POINT('Ctrl Pts',(-59.4860285781512,3.86907773606016,9.71907773605961));
#1833=CARTESIAN_POINT('Ctrl Pts',(-59.5560256652317,3.80977040531822,9.65977040531767));
#1834=CARTESIAN_POINT('Ctrl Pts',(-59.5880066527591,3.77047326055383,9.62047326055328));
#1835=CARTESIAN_POINT('Ctrl Pts',(-59.6265378220455,3.69771164807491,9.54771164807437));
#1836=CARTESIAN_POINT('Ctrl Pts',(-59.6393687317547,3.65068369352672,9.50068369352617));
#1837=CARTESIAN_POINT('Ctrl Pts',(-59.6470150843602,3.56041967745792,9.41041967745737));
#1838=CARTESIAN_POINT('Ctrl Pts',(-59.6387247287965,3.50008798671048,9.35008798670994));
#1839=CARTESIAN_POINT('Ctrl Pts',(-59.5792183866963,3.29624379130045,9.1462437912999));
#1840=CARTESIAN_POINT('Ctrl Pts',(-59.4536504897572,3.12922385231924,8.97922385231869));
#1841=CARTESIAN_POINT('Ctrl Pts',(-59.3259951888269,2.99999999999928,8.84999999999873));
#1842=CARTESIAN_POINT('Origin',(-94.8965573291522,4.00000000000054,-26.2887977742743));
#1843=CARTESIAN_POINT('Origin',(-94.8965573291522,2.99999999999949,-26.2887977742743));
#1844=CARTESIAN_POINT('Origin',(-53.000000000002,5.99999999999798,0.999999999999795));
#1845=CARTESIAN_POINT('',(-53.000000000002,4.0000000000003,9.84999999999979));
#1846=CARTESIAN_POINT('',(-53.000000000002,4.0000000000003,8.21249999999985));
#1847=CARTESIAN_POINT('',(-53.000000000002,4.15000000000052,10.));
#1848=CARTESIAN_POINT('',(-53.000000000002,3.28749999999979,9.13749999999928));
#1849=CARTESIAN_POINT('',(-53.000000000002,5.99999999999795,10.));
#1850=CARTESIAN_POINT('',(-53.000000000002,2.99999999999789,10.));
#1851=CARTESIAN_POINT('',(-53.000000000002,5.99999999999798,0.999999999999795));
#1852=CARTESIAN_POINT('Origin',(-50.000000000001,4.00000000000028,15.4249999999999));
#1853=CARTESIAN_POINT('',(-62.7499999999997,4.00000000000036,9.8499999999998));
#1854=CARTESIAN_POINT('Ctrl Pts',(-75.4052011251447,8.28838999078798,14.1383899907874));
#1855=CARTESIAN_POINT('Ctrl Pts',(-70.1425557898795,7.78300187659183,13.6330018765912));
#1856=CARTESIAN_POINT('Ctrl Pts',(-64.9599401102805,6.45284127209435,12.3028412720938));
#1857=CARTESIAN_POINT('Ctrl Pts',(-60.1043908034097,4.36131216655797,10.2113121665574));
#1858=CARTESIAN_POINT('Ctrl Pts',(-75.4406379687871,8.10388670049224,13.9538867004916));
#1859=CARTESIAN_POINT('Ctrl Pts',(-70.2163985752625,7.59986095105812,13.4497867085546));
#1860=CARTESIAN_POINT('Ctrl Pts',(-65.0718460124351,6.27304068155886,12.1234086688693));
#1861=CARTESIAN_POINT('Ctrl Pts',(-60.2542167360428,4.18739940545362,10.0373994054531));
#1862=CARTESIAN_POINT('Ctrl Pts',(-75.475851552714,7.84341068470387,13.8476809562905));
#1863=CARTESIAN_POINT('Ctrl Pts',(-70.2897284701937,7.33875301320484,13.3469755295154));
#1864=CARTESIAN_POINT('Ctrl Pts',(-65.183065817431,6.0103321342967,12.0294973820188));
#1865=CARTESIAN_POINT('Ctrl Pts',(-60.402700002985,3.92200232709137,9.9580880014065));
#1866=CARTESIAN_POINT('Ctrl Pts',(-75.5007944330709,7.58128320960143,13.8500762982646));
#1867=CARTESIAN_POINT('Ctrl Pts',(-70.3413382220266,7.07589509540527,13.354597754935));
#1868=CARTESIAN_POINT('Ctrl Pts',(-65.2603424577138,5.74573449090779,12.0505187309179));
#1869=CARTESIAN_POINT('Ctrl Pts',(-60.4999999999973,3.65420538537141,9.99999999999992));
#1870=CARTESIAN_POINT('',(-75.4999999999977,7.58120538537138,13.8499999999998));
#1871=CARTESIAN_POINT('',(-73.0026821896603,8.00000000000041,13.8499999999998));
#1872=CARTESIAN_POINT('Ctrl Pts',(-73.0026821896603,8.00000000000042,13.8499999999998));
#1873=CARTESIAN_POINT('Ctrl Pts',(-73.6912907025699,8.00000000000042,13.8499999999998));
#1874=CARTESIAN_POINT('Ctrl Pts',(-74.2939728878296,7.95992988198653,13.8499999999998));
#1875=CARTESIAN_POINT('Ctrl Pts',(-74.9039802021129,7.86735081624767,13.8499999999998));
#1876=CARTESIAN_POINT('Ctrl Pts',(-75.1326076823285,7.82469939477779,13.8500000000567));
#1877=CARTESIAN_POINT('Ctrl Pts',(-75.3558670610749,7.7370821805303,13.8500000000567));
#1878=CARTESIAN_POINT('Ctrl Pts',(-75.4103194849286,7.70916945080191,13.8499999999999));
#1879=CARTESIAN_POINT('Ctrl Pts',(-75.4630404378272,7.66340958021881,13.8499999999999));
#1880=CARTESIAN_POINT('Ctrl Pts',(-75.4771966647895,7.64793004187941,13.8499999999998));
#1881=CARTESIAN_POINT('Ctrl Pts',(-75.4911037200227,7.62256729367468,13.8499999999998));
#1882=CARTESIAN_POINT('Ctrl Pts',(-75.4944586713677,7.61450565396739,13.8499999999998));
#1883=CARTESIAN_POINT('Ctrl Pts',(-75.4988966079363,7.59791044502798,13.8499999999998));
#1884=CARTESIAN_POINT('Ctrl Pts',(-75.4999999999978,7.58963061964468,13.8499999999998));
#1885=CARTESIAN_POINT('Ctrl Pts',(-75.4999999999978,7.58120538537138,13.8499999999998));
#1886=CARTESIAN_POINT('',(-61.2340194979564,4.83191423893083,10.6819142389303));
#1887=CARTESIAN_POINT('Origin',(-80.2804598293778,-42.4780541683885,-36.6280541683893));
#1888=CARTESIAN_POINT('',(-60.4999999999973,3.65420538537149,10.));
#1889=CARTESIAN_POINT('Ctrl Pts',(-60.4999999999976,3.6542053853715,10.));
#1890=CARTESIAN_POINT('Ctrl Pts',(-60.4999999999976,3.71065879969779,10.));
#1891=CARTESIAN_POINT('Ctrl Pts',(-60.5086730094246,3.76712578440474,10.0082233894827));
#1892=CARTESIAN_POINT('Ctrl Pts',(-60.5456855100683,3.91634071733215,10.0432634832464));
#1893=CARTESIAN_POINT('Ctrl Pts',(-60.5858841586187,4.00950633581512,10.0812618890424));
#1894=CARTESIAN_POINT('Ctrl Pts',(-60.7521737022921,4.32506315693123,10.2377623892915));
#1895=CARTESIAN_POINT('Ctrl Pts',(-60.9588716639424,4.58138689262603,10.4313868926255));
#1896=CARTESIAN_POINT('Ctrl Pts',(-61.2340194979564,4.83191423893082,10.6819142389303));
#1897=CARTESIAN_POINT('Origin',(-80.2804598293778,-43.185160949575,-35.9209473872028));
#1898=CARTESIAN_POINT('Origin',(-80.2804598293796,35.9999999999962,-35.9209473872025));
#1899=CARTESIAN_POINT('',(-60.4999999999974,-5.99999999999966,10.));
#1900=CARTESIAN_POINT('',(-60.4999999999974,-5.99999999999966,10.));
#1901=CARTESIAN_POINT('',(-75.4999999999974,-5.99999999999957,13.8499999999998));
#1902=CARTESIAN_POINT('Origin',(-80.2804598293787,-6.00000000000283,-35.9209473872026));
#1903=CARTESIAN_POINT('',(-75.4999999999983,35.9999999999962,13.8499999999999));
#1904=CARTESIAN_POINT('Origin',(-50.8850686717508,5.99999999999801,4.9999999999998));
#1905=CARTESIAN_POINT('',(-50.8850686717508,5.99999999999807,0.999999999999798));
#1906=CARTESIAN_POINT('Origin',(-50.8850686717508,5.99999999999802,4.9999999999998));
#1907=CARTESIAN_POINT('',(-50.8850686717505,-6.0000000000023,0.999999999999752));
#1908=CARTESIAN_POINT('',(-50.8850686717508,5.99999999999803,0.999999999999798));
#1909=CARTESIAN_POINT('',(-54.1451789426692,-6.00000000000237,2.68231127597945));
#1910=CARTESIAN_POINT('Origin',(-50.8850686717505,-6.00000000000231,4.99999999999976));
#1911=CARTESIAN_POINT('',(-54.1451789426694,5.99999999999795,2.6823112759795));
#1912=CARTESIAN_POINT('Origin',(-39.500000000002,5.99999999999828,0.999999999999811));
#1913=CARTESIAN_POINT('',(-39.500000000002,5.99999999999825,10.));
#1914=CARTESIAN_POINT('',(-42.875000000002,5.99999999999819,10.));
#1915=CARTESIAN_POINT('',(-39.500000000002,5.99999999999828,0.999999999999811));
#1916=CARTESIAN_POINT('',(-39.500000000002,5.99999999999828,0.999999999999811));
#1917=CARTESIAN_POINT('',(-39.500000000002,5.99999999999828,0.999999999999811));
#1918=CARTESIAN_POINT('Origin',(-62.7499999999997,6.00000000000036,11.8499999999998));
#1919=CARTESIAN_POINT('',(-44.4999999999977,8.00000000000025,13.8499999999998));
#1920=CARTESIAN_POINT('',(-62.7499999999997,8.00000000000036,13.8499999999998));
#1921=CARTESIAN_POINT('',(-40.6499999999978,4.15000000000045,10.));
#1922=CARTESIAN_POINT('',(-49.0062499999982,12.5062500000007,18.3562500000002));
#1923=CARTESIAN_POINT('',(-40.6822921748002,4.15000000000047,10.));
#1924=CARTESIAN_POINT('',(-54.5000000000008,4.15000000000053,10.));
#1925=CARTESIAN_POINT('',(-43.000000000002,3.4999999999981,9.34999999999765));
#1926=CARTESIAN_POINT('Origin',(-41.750000000002,3.49999999999813,9.34999999999768));
#1927=CARTESIAN_POINT('',(-42.8177078252037,4.15000000000048,10.));
#1928=CARTESIAN_POINT('Origin',(-41.750000000002,3.49999999999813,9.34999999999768));
#1929=CARTESIAN_POINT('',(-54.5000000000008,4.15000000000053,10.));
#1930=CARTESIAN_POINT('Origin',(-94.8965573291514,-32.1387977742736,-26.2887977742744));
#1931=CARTESIAN_POINT('Origin',(-50.4999999999978,14.0000000000003,14.6374999999999));
#1932=CARTESIAN_POINT('',(-43.500000000002,7.0000000000046,20.8499999999998));
#1933=CARTESIAN_POINT('',(-40.4999999999976,4.0000000000004,19.4957513110595));
#1934=CARTESIAN_POINT('Origin',(-43.500000000002,7.0000000000046,16.8499999999998));
#1935=CARTESIAN_POINT('',(-40.4999999999976,4.00000000000023,10.));
#1936=CARTESIAN_POINT('',(-40.4999999999976,4.00000000000023,15.0312499999999));
#1937=CARTESIAN_POINT('',(-45.9374999999982,9.43750000000077,10.));
#1938=CARTESIAN_POINT('',(-60.499999999998,24.0000000000003,13.8499999999999));
#1939=CARTESIAN_POINT('',(-62.249999999997,25.7499999999993,13.8499999999999));
#1940=CARTESIAN_POINT('',(-60.499999999998,24.0000000000003,20.8499999999999));
#1941=CARTESIAN_POINT('',(-60.499999999998,24.0000000000003,14.6374999999999));
#1942=CARTESIAN_POINT('',(-58.499999999997,21.9999999999994,20.8499999999999));
#1943=CARTESIAN_POINT('Origin',(-60.4999999999983,35.9999999999965,13.8499999999999));
#1944=CARTESIAN_POINT('',(-60.4999999999983,35.9999999999965,13.8499999999999));
#1945=CARTESIAN_POINT('',(-60.4999999999983,35.9999999999965,13.8499999999999));
#1946=CARTESIAN_POINT('',(-60.4999999999983,35.9999999999965,20.8499999999999));
#1947=CARTESIAN_POINT('',(-60.4999999999983,35.9999999999965,13.8499999999999));
#1948=CARTESIAN_POINT('',(-60.4999999999983,35.9999999999965,20.8499999999999));
#1949=CARTESIAN_POINT('Origin',(-43.5000000000022,14.9999999999973,16.8499999999999));
#1950=CARTESIAN_POINT('',(-39.5000000000025,4.00000000000022,16.8499999999998));
#1951=CARTESIAN_POINT('Origin',(-43.500000000002,4.00000000000042,16.8499999999998));
#1952=CARTESIAN_POINT('',(-43.5000000000017,-5.99999999999976,20.8499999999998));
#1953=CARTESIAN_POINT('',(-43.5000000000022,14.9999999999973,20.8499999999999));
#1954=CARTESIAN_POINT('',(-39.5000000000026,-5.99999999999978,16.8499999999998));
#1955=CARTESIAN_POINT('Origin',(-43.5000000000017,-6.00000000000219,16.8499999999998));
#1956=CARTESIAN_POINT('',(-39.5000000000022,14.9999999999974,16.8499999999999));
#1957=CARTESIAN_POINT('Origin',(-60.4999999999983,35.9999999999965,20.8499999999999));
#1958=CARTESIAN_POINT('',(-75.4999999999983,35.9999999999961,20.8499999999999));
#1959=CARTESIAN_POINT('',(48.4999999999971,35.9999999999989,20.8499999999999));
#1960=CARTESIAN_POINT('',(-75.4999999999974,-5.99999999999957,20.8499999999998));
#1961=CARTESIAN_POINT('',(-75.4999999999983,35.9999999999961,20.8499999999999));
#1962=CARTESIAN_POINT('',(-36.9999999999991,-5.99999999999979,20.8499999999998));
#1963=CARTESIAN_POINT('Origin',(-50.000000000001,4.00000000000028,15.4249999999999));
#1964=CARTESIAN_POINT('',(-39.5000000000017,4.00000000000022,10.));
#1965=CARTESIAN_POINT('',(-39.5000000000017,4.00000000000022,10.));
#1966=CARTESIAN_POINT('',(-48.1250000000014,4.00000000000027,10.));
#1967=CARTESIAN_POINT('Origin',(-75.4999999999983,35.9999999999962,13.8499999999999));
#1968=CARTESIAN_POINT('',(-75.4999999999983,35.9999999999962,13.8499999999999));
#1969=CARTESIAN_POINT('',(-75.4999999999983,35.9999999999962,13.8499999999999));
#1970=CARTESIAN_POINT('',(-75.4999999999983,35.9999999999962,13.8499999999999));
#1971=CARTESIAN_POINT('Origin',(-94.8965573291523,5.99999999999719,-26.2887977742743));
#1972=CARTESIAN_POINT('Origin',(-94.896557329152,-6.00000000000313,-26.2887977742743));
#1973=CARTESIAN_POINT('Origin',(-39.5000000000017,-5.99999999999978,10.));
#1974=CARTESIAN_POINT('',(-43.0000000000019,-3.50000000000211,10.));
#1975=CARTESIAN_POINT('Origin',(-41.7500000000018,-3.50000000000208,10.));
#1976=CARTESIAN_POINT('Origin',(-65.6784569435539,35.9999999999964,17.0617723852276));
#1977=CARTESIAN_POINT('',(-63.578456943553,-6.00000000000103,17.0617723852275));
#1978=CARTESIAN_POINT('Origin',(-65.678456943553,-6.00000000000108,17.0617723852275));
#1979=CARTESIAN_POINT('',(-63.5784569435539,35.9999999999964,17.0617723852276));
#1980=CARTESIAN_POINT('',(-63.5784569435539,35.9999999999964,17.0617723852276));
#1981=CARTESIAN_POINT('Origin',(-65.6784569435539,35.9999999999964,17.0617723852276));
#1982=CARTESIAN_POINT('Origin',(-75.4999999999983,35.9999999999961,20.8499999999999));
#1983=CARTESIAN_POINT('',(-75.4999999999974,-5.99999999999957,19.0999999999999));
#1984=CARTESIAN_POINT('',(-75.4999999999983,35.9999999999961,20.8499999999999));
#1985=CARTESIAN_POINT('Origin',(-67.9999999999983,35.9999999999963,17.3499999999999));
#1986=CARTESIAN_POINT('Origin',(-39.5000000000017,-6.00000000000207,0.999999999999765));
#1987=CARTESIAN_POINT('',(-39.5000000000017,-6.00000000000207,0.999999999999765));
#1988=CARTESIAN_POINT('',(-39.5000000000017,-5.99999999999978,10.));
#1989=CARTESIAN_POINT('',(-39.5000000000017,-6.00000000000207,0.999999999999765));
#1990=CARTESIAN_POINT('',(-39.5000000000018,-3.000000000002,10.));
#1991=CARTESIAN_POINT('Origin',(-41.750000000002,3.49999999999816,0.999999999999799));
#1992=CARTESIAN_POINT('',(-43.000000000002,3.49999999999813,0.999999999999797));
#1993=CARTESIAN_POINT('',(-43.000000000002,3.49999999999813,0.999999999999798));
#1994=CARTESIAN_POINT('Origin',(-41.750000000002,3.49999999999816,0.999999999999799));
#1995=CARTESIAN_POINT('Origin',(-41.750000000002,3.49999999999813,10.));
#1996=CARTESIAN_POINT('Origin',(-41.7500000000018,-3.50000000000204,0.999999999999772));
#1997=CARTESIAN_POINT('',(-43.0000000000018,-3.50000000000207,0.999999999999771));
#1998=CARTESIAN_POINT('',(-43.0000000000018,-3.50000000000207,0.999999999999771));
#1999=CARTESIAN_POINT('Origin',(-41.7500000000018,-3.50000000000204,0.999999999999772));
#2000=CARTESIAN_POINT('Origin',(-53.0000000000018,-6.00000000000234,0.99999999999975));
#2001=CARTESIAN_POINT('',(-53.0000000000018,-6.00000000000234,0.99999999999975));
#2002=CARTESIAN_POINT('Origin',(-46.2500000000019,-2.02893257750247E-12,
0.99999999999978));
#2003=CARTESIAN_POINT('Origin',(-46.2500000000019,-2.06318642725911E-12,
10.));
#2004=CARTESIAN_POINT('Origin',(36.3712912339265,20.7504858360939,17.3499999999999));
#2005=CARTESIAN_POINT('',(42.2414168963063,19.2509716721893,17.3499999999999));
#2006=CARTESIAN_POINT('',(42.2414168963062,22.2499999999989,17.3499999999999));
#2007=CARTESIAN_POINT('',(42.2414168963059,35.9999999999987,17.3499999999999));
#2008=CARTESIAN_POINT('',(28.7509716721866,19.250971672189,17.3499999999999));
#2009=CARTESIAN_POINT('',(45.0866497135403,19.2509716721893,17.3499999999999));
#2010=CARTESIAN_POINT('',(31.7499999999962,22.2499999999986,17.3499999999999));
#2011=CARTESIAN_POINT('',(28.4054442675033,18.9054442675056,17.3499999999999));
#2012=CARTESIAN_POINT('',(-25.8900000000059,22.2499999999974,17.3499999999999));
#2013=CARTESIAN_POINT('Origin',(27.6559327543128,19.250971672189,13.8499999999999));
#2014=CARTESIAN_POINT('',(45.0866497135403,19.2509716721893,15.1061109106199));
#2015=CARTESIAN_POINT('Origin',(44.3215430564424,19.2509716721893,17.0617723852275));
#2016=CARTESIAN_POINT('',(45.0866497135403,19.2509716721893,13.8499999999999));
#2017=CARTESIAN_POINT('',(45.0866497135403,19.2509716721893,13.8499999999999));
#2018=CARTESIAN_POINT('',(28.7509716721866,19.250971672189,13.8499999999999));
#2019=CARTESIAN_POINT('',(30.5779663771551,19.250971672189,13.8499999999999));
#2020=CARTESIAN_POINT('',(28.7509716721866,19.250971672189,15.9937499999999));
#2021=CARTESIAN_POINT('Origin',(45.0866497135403,22.2499999999989,13.8499999999999));
#2022=CARTESIAN_POINT('',(45.0866497135403,22.2499999999989,15.10611091062));
#2023=CARTESIAN_POINT('Origin',(44.3215430564423,22.2499999999989,17.0617723852275));
#2024=CARTESIAN_POINT('',(31.7499999999962,22.2499999999986,13.8499999999999));
#2025=CARTESIAN_POINT('',(31.7499999999962,22.2499999999986,15.9937499999999));
#2026=CARTESIAN_POINT('',(45.0866497135403,22.2499999999989,13.8499999999999));
#2027=CARTESIAN_POINT('',(39.2933248567688,22.2499999999988,13.8499999999999));
#2028=CARTESIAN_POINT('',(45.0866497135403,22.2499999999989,13.8499999999999));
#2029=CARTESIAN_POINT('Origin',(45.0866497135403,19.2509716721893,13.8499999999999));
#2030=CARTESIAN_POINT('',(45.08664971354,35.9999999999988,15.10611091062));
#2031=CARTESIAN_POINT('',(45.0866497135401,27.6254858360941,13.8499999999999));
#2032=CARTESIAN_POINT('Origin',(18.9841438819812,10.9999999999982,13.8499999999998));
#2033=CARTESIAN_POINT('',(46.4016692165787,10.9999999999988,17.3499999999998));
#2034=CARTESIAN_POINT('',(46.4215430564426,10.9999999999988,17.0617723852275));
#2035=CARTESIAN_POINT('Origin',(44.3215430564426,10.9999999999988,17.0617723852275));
#2036=CARTESIAN_POINT('',(46.4215430564426,10.9999999999988,17.3499999999998));
#2037=CARTESIAN_POINT('',(46.4215430564426,10.9999999999988,17.3499999999998));
#2038=CARTESIAN_POINT('',(46.4215430564426,10.9999999999988,13.8499999999998));
#2039=CARTESIAN_POINT('Origin',(32.7028434692118,13.4999999999985,17.3499999999998));
#2040=CARTESIAN_POINT('',(46.4016692165786,15.9999999999988,17.3499999999998));
#2041=CARTESIAN_POINT('',(46.4016692165781,35.9999999999988,17.3499999999999));
#2042=CARTESIAN_POINT('',(46.4215430564424,15.9999999999988,17.3499999999998));
#2043=CARTESIAN_POINT('',(18.9841438819811,15.9999999999982,17.3499999999998));
#2044=CARTESIAN_POINT('',(46.421543056442,35.9999999999988,17.3499999999999));
#2045=CARTESIAN_POINT('Origin',(32.7028434692118,13.4999999999985,17.3499999999998));
#2046=CARTESIAN_POINT('',(42.2414168963065,10.9999999999987,17.3499999999998));
#2047=CARTESIAN_POINT('',(42.2414168963064,15.9999999999987,17.3499999999998));
#2048=CARTESIAN_POINT('',(42.2414168963059,35.9999999999987,17.3499999999999));
#2049=CARTESIAN_POINT('',(20.499999999996,10.9999999999983,17.3499999999998));
#2050=CARTESIAN_POINT('',(46.4215430564426,10.9999999999988,17.3499999999998));
#2051=CARTESIAN_POINT('',(25.4999999999961,15.9999999999984,17.3499999999998));
#2052=CARTESIAN_POINT('',(25.6757108673008,16.1757108673031,17.3499999999998));
#2053=CARTESIAN_POINT('',(18.9841438819811,15.9999999999982,17.3499999999998));
#2054=CARTESIAN_POINT('Origin',(46.4215430564424,15.9999999999988,13.8499999999999));
#2055=CARTESIAN_POINT('',(46.4215430564424,15.9999999999988,17.0617723852275));
#2056=CARTESIAN_POINT('Origin',(44.3215430564425,15.9999999999988,17.0617723852275));
#2057=CARTESIAN_POINT('',(46.4215430564424,15.9999999999988,13.8499999999998));
#2058=CARTESIAN_POINT('Origin',(46.4215430564424,15.9999999999988,13.8499999999999));
#2059=CARTESIAN_POINT('Origin',(44.3215430564425,15.9999999999988,17.0617723852275));
#2060=CARTESIAN_POINT('',(25.4999999999961,15.9999999999984,13.8499999999998));
#2061=CARTESIAN_POINT('',(25.4999999999961,15.9999999999984,15.9937499999998));
#2062=CARTESIAN_POINT('',(46.4215430564424,15.9999999999988,13.8499999999998));
#2063=CARTESIAN_POINT('',(39.96077152822,15.9999999999987,13.8499999999998));
#2064=CARTESIAN_POINT('',(46.4215430564424,15.9999999999988,13.8499999999998));
#2065=CARTESIAN_POINT('Origin',(46.4215430564426,10.9999999999988,13.8499999999998));
#2066=CARTESIAN_POINT('',(46.4215430564426,10.9999999999988,13.8499999999998));
#2067=CARTESIAN_POINT('',(46.4215430564423,23.4999999999988,13.8499999999999));
#2068=CARTESIAN_POINT('',(46.4215430564426,10.9999999999988,13.8499999999998));
#2069=CARTESIAN_POINT('Origin',(18.9841438819812,10.9999999999982,13.8499999999998));
#2070=CARTESIAN_POINT('Origin',(44.3215430564426,10.9999999999988,17.0617723852275));
#2071=CARTESIAN_POINT('',(20.4999999999961,10.9999999999983,13.8499999999998));
#2072=CARTESIAN_POINT('',(26.2420719409894,10.9999999999984,13.8499999999998));
#2073=CARTESIAN_POINT('',(20.4999999999961,10.9999999999983,15.9937499999999));
#2074=CARTESIAN_POINT('Origin',(23.4999999999976,13.9999999999999,18.1374999999999));
#2075=CARTESIAN_POINT('',(31.4999999999971,21.9999999999995,13.8499999999999));
#2076=CARTESIAN_POINT('',(17.4999999999977,7.9999999999999,13.8499999999998));
#2077=CARTESIAN_POINT('',(31.4999999999971,21.9999999999995,13.8499999999999));
#2078=CARTESIAN_POINT('',(12.5746094703201,3.07460947032223,8.92460947032212));
#2079=CARTESIAN_POINT('',(21.2979166666643,11.7979166666665,17.6479166666665));
#2080=CARTESIAN_POINT('',(12.5746094703201,3.07460947032223,10.));
#2081=CARTESIAN_POINT('',(12.5746094703201,3.07460947032223,8.88178419700125E-15));
#2082=CARTESIAN_POINT('',(13.4999999999978,3.99999999999992,10.));
#2083=CARTESIAN_POINT('',(20.9999999999977,11.4999999999999,10.));
#2084=CARTESIAN_POINT('',(13.4999999999978,3.9999999999999,20.3141016151364));
#2085=CARTESIAN_POINT('',(13.4999999999978,3.99999999999992,16.7812499999999));
#2086=CARTESIAN_POINT('',(15.4999999999998,6.00000000000192,20.8499999999998));
#2087=CARTESIAN_POINT('Origin',(15.4999999999998,6.00000000000192,16.8499999999998));
#2088=CARTESIAN_POINT('',(33.4999999999974,23.9999999999998,20.8499999999999));
#2089=CARTESIAN_POINT('',(35.2499999999971,25.7499999999996,20.8499999999999));
#2090=CARTESIAN_POINT('',(33.4999999999974,23.9999999999998,13.8499999999999));
#2091=CARTESIAN_POINT('',(33.4999999999974,23.9999999999998,18.1374999999999));
#2092=CARTESIAN_POINT('',(31.4999999999971,21.9999999999995,13.8499999999999));
#2093=CARTESIAN_POINT('Origin',(44.321543056442,35.9999999999988,17.0617723852276));
#2094=CARTESIAN_POINT('',(46.4215430564429,-5.99999999999861,17.0617723852275));
#2095=CARTESIAN_POINT('Origin',(44.3215430564429,-5.99999999999866,17.0617723852275));
#2096=CARTESIAN_POINT('',(46.421543056442,35.9999999999988,17.0617723852276));
#2097=CARTESIAN_POINT('',(46.421543056442,35.9999999999988,17.0617723852276));
#2098=CARTESIAN_POINT('',(46.421543056442,35.9999999999988,17.0617723852276));
#2099=CARTESIAN_POINT('Origin',(44.321543056442,35.9999999999988,17.0617723852276));
#2100=CARTESIAN_POINT('Origin',(23.9999999999997,-6.00000000000014,1.2193462657383));
#2101=CARTESIAN_POINT('',(24.3753464784754,2.99999999999986,0.292461687651064));
#2102=CARTESIAN_POINT('',(24.3753464784754,5.99999999999928,0.292461687651063));
#2103=CARTESIAN_POINT('',(24.3753464784753,-6.00000000000014,0.292461687651064));
#2104=CARTESIAN_POINT('',(24.9999999999997,5.99999999999927,1.21934626573827));
#2105=CARTESIAN_POINT('Origin',(23.9999999999997,5.99999999999927,1.21934626573827));
#2106=CARTESIAN_POINT('',(24.9999999999998,3.86585388077742,1.2193462657383));
#2107=CARTESIAN_POINT('',(24.9999999999997,-6.00000000000014,1.2193462657383));
#2108=CARTESIAN_POINT('Ctrl Pts',(24.9999999999997,3.86585388077743,1.21934626573829));
#2109=CARTESIAN_POINT('Ctrl Pts',(24.9999999999997,3.80693354995088,1.09098325534031));
#2110=CARTESIAN_POINT('Ctrl Pts',(24.975348066819,3.73439062980383,0.969243446362642));
#2111=CARTESIAN_POINT('Ctrl Pts',(24.882629060694,3.56130002831893,0.728899662633354));
#2112=CARTESIAN_POINT('Ctrl Pts',(24.8072415154605,3.45774381153742,0.614762354987956));
#2113=CARTESIAN_POINT('Ctrl Pts',(24.6193379241678,3.23806319353392,0.422173735478883));
#2114=CARTESIAN_POINT('Ctrl Pts',(24.5047201521181,3.12111851372229,0.34558753217052));
#2115=CARTESIAN_POINT('Ctrl Pts',(24.3784106914204,3.00286445571545,0.293706981960445));
#2116=CARTESIAN_POINT('Ctrl Pts',(24.3768793547082,3.0014322276902,0.293082433437036));
#2117=CARTESIAN_POINT('Ctrl Pts',(24.3753464784754,2.99999999999986,0.292461687651064));
#2118=CARTESIAN_POINT('Origin',(22.8739605645729,2.99999999999987,4.00000000000001));
#2119=CARTESIAN_POINT('',(24.9999999999997,3.99999999999985,1.88340926983744));
#2120=CARTESIAN_POINT('',(25.3263755634106,3.99999999999985,2.27209355766121));
#2121=CARTESIAN_POINT('Origin',(22.8739605645729,3.99999999999987,4.00000000000001));
#2122=CARTESIAN_POINT('',(26.1438472296898,2.99999999999985,1.69612474354827));
#2123=CARTESIAN_POINT('Origin',(25.3263755634106,2.99999999999985,2.27209355766121));
#2124=CARTESIAN_POINT('Origin',(22.8739605645729,2.99999999999987,4.00000000000001));
#2125=CARTESIAN_POINT('Ctrl Pts',(24.9999999999997,3.86585388077743,1.21934626573829));
#2126=CARTESIAN_POINT('Ctrl Pts',(24.9999999999997,3.88089026170614,1.25210431536944));
#2127=CARTESIAN_POINT('Ctrl Pts',(24.9999999999997,3.89422501393437,1.28481601389242));
#2128=CARTESIAN_POINT('Ctrl Pts',(24.9999999999997,3.96826036170878,1.48682360899047));
#2129=CARTESIAN_POINT('Ctrl Pts',(24.9999999999997,3.99999999999985,1.70208516342396));
#2130=CARTESIAN_POINT('Ctrl Pts',(24.9999999999997,3.99999999999985,1.88340926983744));
#2131=CARTESIAN_POINT('Origin',(67.0174305436514,2.99999999999961,-27.1023159620983));
#2132=CARTESIAN_POINT('',(31.867375848996,3.99999999999981,9.84999999999981));
#2133=CARTESIAN_POINT('',(32.2693230130036,2.99999999999981,8.84999999999981));
#2134=CARTESIAN_POINT('Ctrl Pts',(32.2693230130036,2.99999999999981,8.84999999999981));
#2135=CARTESIAN_POINT('Ctrl Pts',(32.4026354265099,3.12884716758063,8.97884716758063));
#2136=CARTESIAN_POINT('Ctrl Pts',(32.5356604135385,3.29574370276368,9.14574370276368));
#2137=CARTESIAN_POINT('Ctrl Pts',(32.6013924847129,3.50050038846165,9.35050038846165));
#2138=CARTESIAN_POINT('Ctrl Pts',(32.6112433115779,3.56047788470666,9.41047788470667));
#2139=CARTESIAN_POINT('Ctrl Pts',(32.6056012652997,3.65022874212657,9.50022874212657));
#2140=CARTESIAN_POINT('Ctrl Pts',(32.593760368458,3.69691058008206,9.54691058008206));
#2141=CARTESIAN_POINT('Ctrl Pts',(32.556553231503,3.76928235098052,9.61928235098052));
#2142=CARTESIAN_POINT('Ctrl Pts',(32.5251492246636,3.80839869712982,9.65839869712983));
#2143=CARTESIAN_POINT('Ctrl Pts',(32.4556150031908,3.86772978040625,9.71772978040625));
#2144=CARTESIAN_POINT('Ctrl Pts',(32.4040848032423,3.89818302215865,9.74818302215866));
#2145=CARTESIAN_POINT('Ctrl Pts',(32.2983077685723,3.94353557299714,9.79353557299714));
#2146=CARTESIAN_POINT('Ctrl Pts',(32.2225709406597,3.96440863417109,9.81440863417109));
#2147=CARTESIAN_POINT('Ctrl Pts',(32.0682712805258,3.99239387234751,9.84239387234751));
#2148=CARTESIAN_POINT('Ctrl Pts',(31.9589318821811,3.99999999999981,9.84999999999982));
#2149=CARTESIAN_POINT('Ctrl Pts',(31.867375848996,3.99999999999981,9.84999999999982));
#2150=CARTESIAN_POINT('Origin',(67.0174305436514,2.99999999999961,-27.1023159620983));
#2151=CARTESIAN_POINT('Origin',(67.0174305436514,3.99999999999961,-27.1023159620983));
#2152=CARTESIAN_POINT('Origin',(24.9999999999997,5.99999999999927,8.88178419700125E-15));
#2153=CARTESIAN_POINT('',(22.8739605645729,5.99999999999927,8.88178419700125E-15));
#2154=CARTESIAN_POINT('Origin',(22.8739605645729,5.99999999999928,4.00000000000001));
#2155=CARTESIAN_POINT('',(11.4999999999998,5.99999999999998,8.88178419700125E-15));
#2156=CARTESIAN_POINT('',(24.9999999999997,5.99999999999927,8.88178419700125E-15));
#2157=CARTESIAN_POINT('',(11.4999999999998,5.99999999999998,10.));
#2158=CARTESIAN_POINT('',(11.4999999999998,5.99999999999998,8.88178419700125E-15));
#2159=CARTESIAN_POINT('',(24.9999999999997,5.99999999999927,10.));
#2160=CARTESIAN_POINT('',(24.9999999999997,5.99999999999927,10.));
#2161=CARTESIAN_POINT('',(24.9999999999997,5.99999999999927,8.88178419700125E-15));
#2162=CARTESIAN_POINT('Origin',(22.8739605645729,-6.00000000000013,4.00000000000001));
#2163=CARTESIAN_POINT('',(26.1438472296898,-6.00000000000015,1.69612474354828));
#2164=CARTESIAN_POINT('',(26.1438472296898,-6.00000000000015,1.69612474354827));
#2165=CARTESIAN_POINT('',(22.8739605645729,-6.00000000000013,8.88178419700125E-15));
#2166=CARTESIAN_POINT('Origin',(22.8739605645729,-6.00000000000013,4.00000000000001));
#2167=CARTESIAN_POINT('',(22.8739605645729,-6.00000000000013,8.88178419700125E-15));
#2168=CARTESIAN_POINT('Origin',(67.0174305436514,-6.00000000000039,-27.1023159620983));
#2169=CARTESIAN_POINT('',(34.3023439355565,4.85936355924595,10.709363559246));
#2170=CARTESIAN_POINT('Origin',(67.0174305436512,-32.9523159620984,-27.1023159620983));
#2171=CARTESIAN_POINT('',(33.4999999999981,3.65420538537095,10.));
#2172=CARTESIAN_POINT('Ctrl Pts',(34.3023439355565,4.85936355924593,10.709363559246));
#2173=CARTESIAN_POINT('Ctrl Pts',(34.0498982257129,4.64094471708066,10.4909447170807));
#2174=CARTESIAN_POINT('Ctrl Pts',(33.8500592083483,4.41954751239653,10.3137146803939));
#2175=CARTESIAN_POINT('Ctrl Pts',(33.6531048941295,4.1232173115189,10.1378260548985));
#2176=CARTESIAN_POINT('Ctrl Pts',(33.5946354058057,4.02021282767163,10.0853131419125));
#2177=CARTESIAN_POINT('Ctrl Pts',(33.537541345428,3.87023600225891,10.0338861731024));
#2178=CARTESIAN_POINT('Ctrl Pts',(33.5232830329429,3.8244869130773,10.0210224438084));
#2179=CARTESIAN_POINT('Ctrl Pts',(33.5051837730202,3.73759584022751,10.0046839633494));
#2180=CARTESIAN_POINT('Ctrl Pts',(33.4999999999981,3.69592103207081,10.));
#2181=CARTESIAN_POINT('Ctrl Pts',(33.4999999999981,3.65420538537095,10.));
#2182=CARTESIAN_POINT('',(33.499999999998,-6.00000000000019,10.));
#2183=CARTESIAN_POINT('',(33.499999999998,-6.00000000000019,10.));
#2184=CARTESIAN_POINT('Origin',(67.0174305436514,-6.00000000000039,-27.1023159620983));
#2185=CARTESIAN_POINT('Ctrl Pts',(48.5012028388811,7.58132321275898,13.8501155170472));
#2186=CARTESIAN_POINT('Ctrl Pts',(43.3416064269432,7.07596494840581,13.3546662382696));
#2187=CARTESIAN_POINT('Ctrl Pts',(38.2604680620851,5.74578967710434,12.0505728350328));
#2188=CARTESIAN_POINT('Ctrl Pts',(33.4999999999981,3.65420538537095,10.));
#2189=CARTESIAN_POINT('Ctrl Pts',(48.4762620755087,7.843450631582,13.8477205849172));
#2190=CARTESIAN_POINT('Ctrl Pts',(43.2899980200242,7.33882276636779,13.3470447296365));
#2191=CARTESIAN_POINT('Ctrl Pts',(38.18319195013,6.01038723607792,12.0295520373455));
#2192=CARTESIAN_POINT('Ctrl Pts',(33.4027000029858,3.9220023270909,9.9580880014066));
#2193=CARTESIAN_POINT('Ctrl Pts',(48.4410515071506,8.10392659787745,13.9539265978776));
#2194=CARTESIAN_POINT('Ctrl Pts',(43.2166701268947,7.59993061722931,13.4498563792593));
#2195=CARTESIAN_POINT('Ctrl Pts',(38.071973128352,6.27309571240163,12.1234637094223));
#2196=CARTESIAN_POINT('Ctrl Pts',(33.2542167360436,4.18739940545314,10.0373994054532));
#2197=CARTESIAN_POINT('Ctrl Pts',(48.4056176990711,8.28842999394553,14.1384299939457));
#2198=CARTESIAN_POINT('Ctrl Pts',(43.1428293588944,7.78307172959235,13.6330717295924));
#2199=CARTESIAN_POINT('Ctrl Pts',(37.9600682267392,6.45289645829088,12.3028964582909));
#2200=CARTESIAN_POINT('Ctrl Pts',(33.1043908034105,4.36131216655749,10.2113121665575));
#2201=CARTESIAN_POINT('',(48.4999999999979,7.58120538537066,13.8499999999998));
#2202=CARTESIAN_POINT('',(46.0026821896597,7.99999999999972,13.8499999999998));
#2203=CARTESIAN_POINT('Ctrl Pts',(48.4999999999962,7.58120538537065,13.8499999999998));
#2204=CARTESIAN_POINT('Ctrl Pts',(48.4999999999962,7.59396189784295,13.8499999999998));
#2205=CARTESIAN_POINT('Ctrl Pts',(48.4974704159131,7.60624020935764,13.8499999999998));
#2206=CARTESIAN_POINT('Ctrl Pts',(48.4870086468216,7.63211710357132,13.8499999999998));
#2207=CARTESIAN_POINT('Ctrl Pts',(48.4784245586336,7.64484423375613,13.8499999999998));
#2208=CARTESIAN_POINT('Ctrl Pts',(48.451109463113,7.67604737257628,13.8499999999998));
#2209=CARTESIAN_POINT('Ctrl Pts',(48.4285495334751,7.69297562494342,13.8499999999998));
#2210=CARTESIAN_POINT('Ctrl Pts',(48.3528527998649,7.74024100405487,13.8499999999998));
#2211=CARTESIAN_POINT('Ctrl Pts',(48.2830816299242,7.76750295568961,13.8499999999998));
#2212=CARTESIAN_POINT('Ctrl Pts',(47.9608749191891,7.86999169571053,13.8499999999998));
#2213=CARTESIAN_POINT('Ctrl Pts',(47.5994145132801,7.9148595603511,13.8499999999998));
#2214=CARTESIAN_POINT('Ctrl Pts',(46.9439183175166,7.98249360465993,13.8499999999998));
#2215=CARTESIAN_POINT('Ctrl Pts',(46.4573865706396,7.99999999999971,13.8499999999998));
#2216=CARTESIAN_POINT('Ctrl Pts',(46.0026821896598,7.99999999999971,13.8499999999998));
#2217=CARTESIAN_POINT('Origin',(53.2804598293797,-43.1851609495754,-35.9209473872024));
#2218=CARTESIAN_POINT('Origin',(53.2804598293797,-42.4780541683889,-36.6280541683889));
#2219=CARTESIAN_POINT('Origin',(27.9999999999976,5.99999999999984,11.8499999999998));
#2220=CARTESIAN_POINT('',(24.9999999999997,3.99999999999985,9.84999999999981));
#2221=CARTESIAN_POINT('',(27.9999999999976,3.99999999999984,9.84999999999981));
#2222=CARTESIAN_POINT('',(24.9999999999997,4.15000000000005,10.));
#2223=CARTESIAN_POINT('',(24.9999999999997,0.0374999999999202,5.88749999999987));
#2224=CARTESIAN_POINT('',(14.8177078252028,4.15000000000011,10.));
#2225=CARTESIAN_POINT('',(23.1249999999987,4.15000000000006,10.));
#2226=CARTESIAN_POINT('',(14.9999999999998,3.49999999999996,9.34999999999986));
#2227=CARTESIAN_POINT('Origin',(13.7499999999998,3.49999999999996,9.34999999999985));
#2228=CARTESIAN_POINT('Origin',(13.7499999999998,3.49999999999996,9.34999999999985));
#2229=CARTESIAN_POINT('',(27.9999999999977,7.99999999999983,13.8499999999998));
#2230=CARTESIAN_POINT('Origin',(22.4999999999983,3.99999999999987,15.4249999999999));
#2231=CARTESIAN_POINT('',(24.9999999999997,3.99999999999985,7.71249999999995));
#2232=CARTESIAN_POINT('Origin',(24.9999999999997,-6.00000000000009,8.88178419700125E-15));
#2233=CARTESIAN_POINT('',(24.9999999999997,-6.00000000000009,10.));
#2234=CARTESIAN_POINT('Origin',(33.499999999998,-6.00000000000019,10.));
#2235=CARTESIAN_POINT('',(12.6043560762608,3.99999999999992,10.));
#2236=CARTESIAN_POINT('Origin',(13.7499999999998,3.49999999999996,10.));
#2237=CARTESIAN_POINT('',(11.4999999999998,3.99999999999993,10.));
#2238=CARTESIAN_POINT('Origin',(13.7499999999998,3.49999999999996,8.88178419700125E-15));
#2239=CARTESIAN_POINT('',(14.9999999999998,3.49999999999996,8.88178419700125E-15));
#2240=CARTESIAN_POINT('',(14.9999999999998,3.49999999999996,8.88178419700125E-15));
#2241=CARTESIAN_POINT('Origin',(13.7499999999998,3.49999999999996,8.88178419700125E-15));
#2242=CARTESIAN_POINT('Origin',(13.7499999999998,3.49999999999996,10.));
#2243=CARTESIAN_POINT('Origin',(18.2499999999997,-5.32907051820075E-14,
10.));
#2244=CARTESIAN_POINT('',(11.4999999999998,3.99999999999993,10.));
#2245=CARTESIAN_POINT('',(11.4999999999998,5.99999999999998,10.));
#2246=CARTESIAN_POINT('',(20.374999999999,3.99999999999988,10.));
#2247=CARTESIAN_POINT('Origin',(22.4999999999983,3.99999999999987,15.4249999999999));
#2248=CARTESIAN_POINT('',(11.499999999999,3.99999999999993,16.8499999999998));
#2249=CARTESIAN_POINT('',(11.4999999999985,3.99999999999993,20.8499999999998));
#2250=CARTESIAN_POINT('Origin',(15.4999999999998,3.99999999999989,16.8499999999998));
#2251=CARTESIAN_POINT('Origin',(15.4999999999998,20.9999999999995,16.8499999999999));
#2252=CARTESIAN_POINT('',(11.4999999999997,-6.00000000000007,16.8499999999998));
#2253=CARTESIAN_POINT('',(11.4999999999998,20.9999999999995,16.8499999999999));
#2254=CARTESIAN_POINT('',(15.4999999999997,-6.00000000000009,20.8499999999998));
#2255=CARTESIAN_POINT('Origin',(15.4999999999997,-6.00000000000013,16.8499999999998));
#2256=CARTESIAN_POINT('',(15.4999999999998,20.9999999999994,20.8499999999999));
#2257=CARTESIAN_POINT('Origin',(11.4999999999998,5.99999999999998,8.88178419700125E-15));
#2258=CARTESIAN_POINT('',(11.4999999999997,-6.00000000000007,8.88178419700125E-15));
#2259=CARTESIAN_POINT('',(11.4999999999998,5.99999999999998,8.88178419700125E-15));
#2260=CARTESIAN_POINT('',(11.4999999999997,-6.00000000000007,8.88178419700125E-15));
#2261=CARTESIAN_POINT('Origin',(53.28045982938,-6.00000000000031,-35.9209473872024));
#2262=CARTESIAN_POINT('',(48.4999999999982,-6.00000000000028,13.8499999999998));
#2263=CARTESIAN_POINT('',(48.4999999999973,35.9999999999989,13.8499999999999));
#2264=CARTESIAN_POINT('Origin',(53.28045982938,-6.00000000000032,-35.9209473872024));
#2265=CARTESIAN_POINT('Origin',(33.4999999999971,35.9999999999986,13.8499999999999));
#2266=CARTESIAN_POINT('',(33.4999999999971,35.9999999999986,13.8499999999999));
#2267=CARTESIAN_POINT('',(33.4999999999971,35.9999999999986,13.8499999999999));
#2268=CARTESIAN_POINT('',(48.4999999999973,35.9999999999989,13.8499999999999));
#2269=CARTESIAN_POINT('',(33.4999999999971,35.9999999999986,13.8499999999999));
#2270=CARTESIAN_POINT('',(48.4999999999973,35.9999999999989,13.8499999999999));
#2271=CARTESIAN_POINT('Origin',(33.499999999998,-6.00000000000019,10.));
#2272=CARTESIAN_POINT('',(14.9999999999997,-3.50000000000005,10.));
#2273=CARTESIAN_POINT('Origin',(13.7499999999997,-3.50000000000005,10.));
#2274=CARTESIAN_POINT('Origin',(40.9999999999972,35.9999999999987,17.3499999999999));
#2275=CARTESIAN_POINT('',(48.4999999999971,35.9999999999989,20.8499999999999));
#2276=CARTESIAN_POINT('',(48.4999999999971,35.9999999999991,-53.1499999999994));
#2277=CARTESIAN_POINT('',(33.4999999999971,35.9999999999985,20.8499999999999));
#2278=CARTESIAN_POINT('',(33.4999999999971,35.9999999999985,20.8499999999999));
#2279=CARTESIAN_POINT('',(48.4999999999971,35.9999999999989,20.8499999999999));
#2280=CARTESIAN_POINT('Origin',(33.4999999999971,35.9999999999985,20.8499999999999));
#2281=CARTESIAN_POINT('',(33.4999999999971,35.9999999999985,20.8499999999999));
#2282=CARTESIAN_POINT('Origin',(48.4999999999971,35.9999999999989,13.8499999999999));
#2283=CARTESIAN_POINT('',(48.499999999998,-6.00000000000028,20.8499999999998));
#2284=CARTESIAN_POINT('',(48.499999999998,-6.00000000000028,15.5999999999998));
#2285=CARTESIAN_POINT('',(48.4999999999971,35.9999999999989,20.8499999999999));
#2286=CARTESIAN_POINT('Origin',(48.4999999999971,35.9999999999989,20.8499999999999));
#2287=CARTESIAN_POINT('',(33.499999999998,-6.00000000000019,20.8499999999998));
#2288=CARTESIAN_POINT('Origin',(13.7499999999997,-3.50000000000005,8.88178419700125E-15));
#2289=CARTESIAN_POINT('',(14.9999999999997,-3.50000000000005,8.88178419700125E-15));
#2290=CARTESIAN_POINT('',(14.9999999999997,-3.50000000000005,8.88178419700125E-15));
#2291=CARTESIAN_POINT('Origin',(13.7499999999997,-3.50000000000005,8.88178419700125E-15));
#2292=CARTESIAN_POINT('Origin',(11.4999999999997,-6.00000000000007,8.88178419700125E-15));
#2293=CARTESIAN_POINT('',(11.4999999999997,-6.00000000000007,8.88178419700125E-15));
#2294=CARTESIAN_POINT('Origin',(18.2499999999997,-5.32907051820075E-14,
8.88178419700125E-15));
#2295=UNCERTAINTY_MEASURE_WITH_UNIT(LENGTH_MEASURE(0.01),#2299,
'DISTANCE_ACCURACY_VALUE',
'Maximum model space distance between geometric entities at asserted c
onnectivities');
#2296=UNCERTAINTY_MEASURE_WITH_UNIT(LENGTH_MEASURE(0.01),#2299,
'DISTANCE_ACCURACY_VALUE',
'Maximum model space distance between geometric entities at asserted c
onnectivities');
#2297=(
GEOMETRIC_REPRESENTATION_CONTEXT(3)
GLOBAL_UNCERTAINTY_ASSIGNED_CONTEXT((#2295))
GLOBAL_UNIT_ASSIGNED_CONTEXT((#2299,#2301,#2302))
REPRESENTATION_CONTEXT('','3D')
);
#2298=(
GEOMETRIC_REPRESENTATION_CONTEXT(3)
GLOBAL_UNCERTAINTY_ASSIGNED_CONTEXT((#2296))
GLOBAL_UNIT_ASSIGNED_CONTEXT((#2299,#2301,#2302))
REPRESENTATION_CONTEXT('','3D')
);
#2299=(
LENGTH_UNIT()
NAMED_UNIT(*)
SI_UNIT(.MILLI.,.METRE.)
);
#2300=(
LENGTH_UNIT()
NAMED_UNIT(*)
SI_UNIT(.CENTI.,.METRE.)
);
#2301=(
NAMED_UNIT(*)
PLANE_ANGLE_UNIT()
SI_UNIT($,.RADIAN.)
);
#2302=(
NAMED_UNIT(*)
SI_UNIT($,.STERADIAN.)
SOLID_ANGLE_UNIT()
);
#2303=SHAPE_DEFINITION_REPRESENTATION(#2304,#2305);
#2304=PRODUCT_DEFINITION_SHAPE('',$,#2307);
#2305=SHAPE_REPRESENTATION('',(#1308),#2297);
#2306=PRODUCT_DEFINITION_CONTEXT('part definition',#2311,'design');
#2307=PRODUCT_DEFINITION(
'\X2\043A04400435043F043B0435043D04380435\X0\ \X2\0441043504400432043E043F044004380432043E0434043E0432\X0\',
'\X2\043A04400435043F043B0435043D04380435\X0\ \X2\0441043504400432043E043F044004380432043E0434043E0432\X0\',
#2308,#2306);
#2308=PRODUCT_DEFINITION_FORMATION('',$,#2313);
#2309=PRODUCT_RELATED_PRODUCT_CATEGORY(
'\X2\043A04400435043F043B0435043D04380435\X0\ \X2\0441043504400432043E043F044004380432043E0434043E0432\X0\',
'\X2\043A04400435043F043B0435043D04380435\X0\ \X2\0441043504400432043E043F044004380432043E0434043E0432\X0\',
(#2313));
#2310=APPLICATION_PROTOCOL_DEFINITION('international standard',
'automotive_design',2009,#2311);
#2311=APPLICATION_CONTEXT(
'Core Data for Automotive Mechanical Design Process');
#2312=PRODUCT_CONTEXT('part definition',#2311,'mechanical');
#2313=PRODUCT('\X2\043A04400435043F043B0435043D04380435\X0\ \X2\0441043504400432043E043F044004380432043E0434043E0432\X0\',
'\X2\043A04400435043F043B0435043D04380435\X0\ \X2\0441043504400432043E043F044004380432043E0434043E0432\X0\',
$,(#2312));
#2314=PRESENTATION_STYLE_ASSIGNMENT((#2315));
#2315=SURFACE_STYLE_USAGE(.BOTH.,#2318);
#2316=SURFACE_STYLE_RENDERING_WITH_PROPERTIES($,#2322,(#2317));
#2317=SURFACE_STYLE_TRANSPARENT(0.);
#2318=SURFACE_SIDE_STYLE('',(#2319,#2316));
#2319=SURFACE_STYLE_FILL_AREA(#2320);
#2320=FILL_AREA_STYLE('',(#2321));
#2321=FILL_AREA_STYLE_COLOUR('',#2322);
#2322=COLOUR_RGB('',0.749019607843137,0.749019607843137,0.749019607843137);
ENDSEC;
END-ISO-10303-21;
