ISO-10303-21;
HEADER;
/* Generated by software containing ST-Developer
 * from STEP Tools, Inc. (www.steptools.com) 
 */

FILE_DESCRIPTION(
/* description */ (''),
/* implementation_level */ '2;1');

FILE_NAME(
/* name */ '',
/* time_stamp */ '2026-06-29T17:07:43+03:00',
/* author */ ('katya_notebook'),
/* organization */ (''),
/* preprocessor_version */ 'ST-DEVELOPER v20',
/* originating_system */ 'Autodesk Inventor 2024',
/* authorisation */ '');

FILE_SCHEMA (('AUTOMOTIVE_DESIGN { 1 0 10303 214 3 1 1 }'));
ENDSEC;

DATA;
#10=MECHANICAL_DESIGN_GEOMETRIC_PRESENTATION_REPRESENTATION('',(#403,#404,
#405,#406,#407,#408,#409,#410,#411,#412,#413,#414,#415,#416,#417,#418,#419,
#420,#421,#422,#423,#424,#425,#426,#427,#428,#429,#430,#431,#432,#433,#434,
#435,#436,#437,#438,#439,#440,#441,#442,#443,#444,#445,#446,#447,#448,#449,
#450,#451,#452,#453,#454,#455,#456,#457,#458,#459,#460,#461,#462,#463,#464,
#465,#466,#467,#468,#469,#470,#471,#472,#473,#474,#475,#476,#477,#478,#479,
#480,#481,#482,#483,#484,#485,#486,#487,#488,#489,#490,#491,#492,#493,#494,
#495,#496,#497,#498,#499,#500,#501,#502,#503,#504,#505,#506,#507,#508,#509,
#510,#511,#512,#513,#514,#515,#516,#517,#518,#519,#520,#521,#522,#523,#524,
#525,#526,#527,#528,#529,#530,#531,#532,#533,#534,#535,#536,#537,#538,#539,
#540,#541,#542,#543,#544,#545,#546,#547,#548,#549,#550,#551,#552,#553,#554,
#555,#556,#557,#558,#559,#560,#561,#562,#563,#564,#565,#566,#567,#568,#569,
#570,#571,#572,#573,#574,#575,#576,#577,#578,#579,#580,#581,#582,#583,#584,
#585,#586,#587,#588,#589,#590,#591,#592,#593,#594,#595,#596,#597,#598,#599,
#600,#601,#602,#603,#604,#605,#606,#607,#608,#609,#610,#611,#612,#613,#614,
#615,#616,#617,#618,#619,#620,#621,#622,#623,#624,#625,#626,#627,#628,#629,
#630,#631,#632,#633,#634,#635,#636,#637,#638,#639,#640,#641,#642,#643,#644,
#645,#646,#647,#648,#649,#650,#651,#652,#653,#654,#655,#656,#657,#658,#659,
#660,#661,#662,#663,#664,#665,#666,#667,#668,#669,#670,#671,#672,#673,#674,
#675,#676,#677,#678,#679,#680,#681,#682,#683,#684,#685,#686,#687,#688,#689,
#690,#691,#692,#693,#694,#695,#696,#697,#698,#699,#700,#701,#702,#703,#704,
#705,#706,#707,#708,#709,#710,#711,#712,#713,#714,#715,#716,#717,#718,#719,
#720,#721,#722,#723,#724,#725,#726,#727,#728,#729,#730,#731,#732,#733,#734,
#735,#736,#737,#738,#739,#740,#741,#742,#743,#744,#745,#746,#747,#748,#749,
#750,#751,#752,#753,#754,#755,#756,#757,#758,#759,#760,#761,#762,#763,#764,
#765,#766,#767,#768,#769,#770,#771,#772,#773,#774,#775,#776,#777,#778,#779,
#780,#781,#782,#783,#784,#785,#786,#787,#788,#789,#790,#791,#792,#793,#794,
#795,#796,#797,#798,#799,#800,#801,#802,#803,#804,#805,#806,#807,#808,#809,
#810,#811,#812,#813,#814,#815,#816,#817,#818,#819,#820,#821,#822,#823,#824,
#825,#826,#827,#828,#829,#830,#831,#832,#833,#834,#835,#836,#837,#838,#839,
#840,#841,#842,#843,#844,#845,#846,#847,#848,#849,#850,#851,#852,#853,#854,
#855,#856,#857,#858,#859,#860,#861,#862,#863,#864,#865,#866,#867,#868,#869,
#870,#871,#872,#873,#874,#875,#876,#877,#878,#879,#880,#881,#882,#883),
#18387);
#11=SHAPE_REPRESENTATION_RELATIONSHIP('SRR','None',#18394,#12);
#12=ADVANCED_BREP_SHAPE_REPRESENTATION('',(#13),#18386);
#13=MANIFOLD_SOLID_BREP('Solid2',#10274);
#14=SPHERICAL_SURFACE('',#10715,1.99999999999999);
#15=SPHERICAL_SURFACE('',#10721,2.);
#16=SPHERICAL_SURFACE('',#10732,2.00000000000001);
#17=SPHERICAL_SURFACE('',#10737,2.);
#18=ELLIPSE('',#10504,11.3137084989847,8.);
#19=ELLIPSE('',#10643,11.3137084989847,8.);
#20=ELLIPSE('',#10651,9.99999999999999,8.);
#21=ELLIPSE('',#10652,9.99999999999997,8.);
#22=ELLIPSE('',#10680,3.16227766016839,3.00000000000002);
#23=ELLIPSE('',#10681,3.16227766016838,3.);
#24=ELLIPSE('',#10684,4.24264068711927,3.);
#25=ELLIPSE('',#10686,4.24264068711929,3.);
#26=ELLIPSE('',#10691,3.16227766016838,3.);
#27=ELLIPSE('',#10692,3.16227766016839,3.);
#28=ELLIPSE('',#10694,4.24264068711927,3.);
#29=ELLIPSE('',#10696,4.24264068711929,3.);
#30=ELLIPSE('',#11122,2.61312592975274,1.);
#31=ELLIPSE('',#11124,2.61312592975274,1.);
#32=ELLIPSE('',#11129,2.61312592975278,1.);
#33=ELLIPSE('',#11134,1.99999999999999,1.);
#34=ELLIPSE('',#11138,1.99999999999999,1.);
#35=ELLIPSE('',#11140,2.61312592975271,1.);
#36=ELLIPSE('',#11147,1.99999999999999,1.);
#37=ELLIPSE('',#11148,1.99999999999999,1.);
#38=ELLIPSE('',#11169,2.,1.);
#39=ELLIPSE('',#11171,2.61312592975279,1.);
#40=ELLIPSE('',#11175,2.00000000000001,1.);
#41=ELLIPSE('',#11177,2.6131259297527,1.);
#42=ELLIPSE('',#11184,2.61312592975273,1.);
#43=ELLIPSE('',#11186,2.00000000000001,1.);
#44=ELLIPSE('',#11188,2.,1.);
#45=ELLIPSE('',#11190,2.61312592975279,1.);
#46=FACE_BOUND('',#3364,.T.);
#47=FACE_BOUND('',#3366,.T.);
#48=FACE_BOUND('',#3378,.T.);
#49=FACE_BOUND('',#3379,.T.);
#50=FACE_BOUND('',#3380,.T.);
#51=FACE_BOUND('',#3381,.T.);
#52=FACE_BOUND('',#3382,.T.);
#53=FACE_BOUND('',#3383,.T.);
#54=FACE_BOUND('',#3384,.T.);
#55=FACE_BOUND('',#3385,.T.);
#56=FACE_BOUND('',#3386,.T.);
#57=FACE_BOUND('',#3387,.T.);
#58=FACE_BOUND('',#3388,.T.);
#59=FACE_BOUND('',#3389,.T.);
#60=FACE_BOUND('',#3390,.T.);
#61=FACE_BOUND('',#3391,.T.);
#62=FACE_BOUND('',#3392,.T.);
#63=FACE_BOUND('',#3393,.T.);
#64=FACE_BOUND('',#3394,.T.);
#65=FACE_BOUND('',#3395,.T.);
#66=FACE_BOUND('',#3396,.T.);
#67=FACE_BOUND('',#3397,.T.);
#68=FACE_BOUND('',#3398,.T.);
#69=FACE_BOUND('',#3399,.T.);
#70=FACE_BOUND('',#3400,.T.);
#71=FACE_BOUND('',#3401,.T.);
#72=FACE_BOUND('',#3402,.T.);
#73=FACE_BOUND('',#3403,.T.);
#74=FACE_BOUND('',#3404,.T.);
#75=FACE_BOUND('',#3405,.T.);
#76=FACE_BOUND('',#3406,.T.);
#77=FACE_BOUND('',#3407,.T.);
#78=FACE_BOUND('',#3411,.T.);
#79=FACE_BOUND('',#3412,.T.);
#80=FACE_BOUND('',#3413,.T.);
#81=FACE_BOUND('',#3414,.T.);
#82=FACE_BOUND('',#3415,.T.);
#83=FACE_BOUND('',#3416,.T.);
#84=FACE_BOUND('',#3417,.T.);
#85=FACE_BOUND('',#3418,.T.);
#86=FACE_BOUND('',#3419,.T.);
#87=FACE_BOUND('',#3420,.T.);
#88=FACE_BOUND('',#3421,.T.);
#89=FACE_BOUND('',#3422,.T.);
#90=FACE_BOUND('',#3423,.T.);
#91=FACE_BOUND('',#3424,.T.);
#92=FACE_BOUND('',#3425,.T.);
#93=FACE_BOUND('',#3426,.T.);
#94=FACE_BOUND('',#3427,.T.);
#95=FACE_BOUND('',#3428,.T.);
#96=FACE_BOUND('',#3429,.T.);
#97=FACE_BOUND('',#3430,.T.);
#98=FACE_BOUND('',#3431,.T.);
#99=FACE_BOUND('',#3432,.T.);
#100=FACE_BOUND('',#3433,.T.);
#101=FACE_BOUND('',#3434,.T.);
#102=FACE_BOUND('',#3435,.T.);
#103=FACE_BOUND('',#3436,.T.);
#104=FACE_BOUND('',#3437,.T.);
#105=FACE_BOUND('',#3438,.T.);
#106=FACE_BOUND('',#3439,.T.);
#107=FACE_BOUND('',#3440,.T.);
#108=FACE_BOUND('',#3441,.T.);
#109=FACE_BOUND('',#3442,.T.);
#110=FACE_BOUND('',#3443,.T.);
#111=FACE_BOUND('',#3446,.T.);
#112=FACE_BOUND('',#3450,.T.);
#113=FACE_BOUND('',#3470,.T.);
#114=FACE_BOUND('',#3478,.T.);
#115=FACE_BOUND('',#3479,.T.);
#116=FACE_BOUND('',#3482,.T.);
#117=FACE_BOUND('',#3508,.T.);
#118=FACE_BOUND('',#3517,.T.);
#119=FACE_BOUND('',#3522,.T.);
#120=FACE_BOUND('',#3769,.T.);
#121=FACE_BOUND('',#3772,.T.);
#122=FACE_BOUND('',#3783,.T.);
#123=FACE_BOUND('',#3791,.T.);
#124=FACE_BOUND('',#3793,.T.);
#125=FACE_BOUND('',#3854,.T.);
#126=FACE_BOUND('',#3868,.T.);
#127=FACE_BOUND('',#3872,.T.);
#128=FACE_BOUND('',#3925,.T.);
#129=CONICAL_SURFACE('',#10339,34.2875,0.785398163397448);
#130=CONICAL_SURFACE('',#10654,4.9999999999361,0.0872664625997165);
#131=CONICAL_SURFACE('',#10657,5.68463319287536,0.829031394697309);
#132=CONICAL_SURFACE('',#10658,5.6846331928806,0.829031394697308);
#133=CONICAL_SURFACE('',#10660,4.99999999994134,0.0872664625997165);
#134=CONICAL_SURFACE('',#10664,5.00000000001354,0.0872664625997165);
#135=CONICAL_SURFACE('',#10667,5.68463319295279,0.829031394697309);
#136=CONICAL_SURFACE('',#10756,4.75,0.785398163397448);
#137=CONICAL_SURFACE('',#10771,4.75,0.785398163397448);
#138=CONICAL_SURFACE('',#11063,4.99999999993871,0.0872664625997165);
#139=CONICAL_SURFACE('',#11072,4.99999999993872,0.0872664625997165);
#140=CONICAL_SURFACE('',#11089,34.2875,0.785398163397448);
#141=CONICAL_SURFACE('',#11227,4.99999999993851,0.0872664625997165);
#142=CONICAL_SURFACE('',#11231,5.68463319287798,0.829031394697349);
#143=CONICAL_SURFACE('',#11233,5.68463319287778,0.829031394697349);
#144=CONICAL_SURFACE('',#11234,4.99999999993875,0.0872664625997165);
#145=CONICAL_SURFACE('',#11238,5.68463319287797,0.829031394697348);
#146=CONICAL_SURFACE('',#11240,5.68463319287802,0.82903139469735);
#147=CONICAL_SURFACE('',#11241,4.9999999999385,0.0872664625997165);
#148=CONICAL_SURFACE('',#11245,5.68463319287776,0.829031394697308);
#149=PLANE('',#10317);
#150=PLANE('',#10326);
#151=PLANE('',#10341);
#152=PLANE('',#10346);
#153=PLANE('',#10359);
#154=PLANE('',#10364);
#155=PLANE('',#10370);
#156=PLANE('',#10375);
#157=PLANE('',#10376);
#158=PLANE('',#10501);
#159=PLANE('',#10507);
#160=PLANE('',#10636);
#161=PLANE('',#10637);
#162=PLANE('',#10644);
#163=PLANE('',#10645);
#164=PLANE('',#10653);
#165=PLANE('',#10662);
#166=PLANE('',#10663);
#167=PLANE('',#10668);
#168=PLANE('',#10687);
#169=PLANE('',#10699);
#170=PLANE('',#10700);
#171=PLANE('',#10701);
#172=PLANE('',#10711);
#173=PLANE('',#10712);
#174=PLANE('',#10750);
#175=PLANE('',#10752);
#176=PLANE('',#10754);
#177=PLANE('',#10761);
#178=PLANE('',#10763);
#179=PLANE('',#10765);
#180=PLANE('',#10767);
#181=PLANE('',#10770);
#182=PLANE('',#10778);
#183=PLANE('',#10779);
#184=PLANE('',#10781);
#185=PLANE('',#10783);
#186=PLANE('',#10785);
#187=PLANE('',#10787);
#188=PLANE('',#10789);
#189=PLANE('',#10791);
#190=PLANE('',#10793);
#191=PLANE('',#10795);
#192=PLANE('',#10797);
#193=PLANE('',#10799);
#194=PLANE('',#10801);
#195=PLANE('',#10803);
#196=PLANE('',#10805);
#197=PLANE('',#10807);
#198=PLANE('',#10809);
#199=PLANE('',#10811);
#200=PLANE('',#10813);
#201=PLANE('',#10815);
#202=PLANE('',#10817);
#203=PLANE('',#10819);
#204=PLANE('',#10821);
#205=PLANE('',#10823);
#206=PLANE('',#10825);
#207=PLANE('',#10827);
#208=PLANE('',#10829);
#209=PLANE('',#10831);
#210=PLANE('',#10833);
#211=PLANE('',#10835);
#212=PLANE('',#10837);
#213=PLANE('',#10839);
#214=PLANE('',#10841);
#215=PLANE('',#10843);
#216=PLANE('',#10845);
#217=PLANE('',#10847);
#218=PLANE('',#10849);
#219=PLANE('',#10851);
#220=PLANE('',#10853);
#221=PLANE('',#10855);
#222=PLANE('',#10857);
#223=PLANE('',#10859);
#224=PLANE('',#10861);
#225=PLANE('',#10863);
#226=PLANE('',#10865);
#227=PLANE('',#10867);
#228=PLANE('',#10869);
#229=PLANE('',#10871);
#230=PLANE('',#10873);
#231=PLANE('',#10875);
#232=PLANE('',#10877);
#233=PLANE('',#10879);
#234=PLANE('',#10881);
#235=PLANE('',#10883);
#236=PLANE('',#10885);
#237=PLANE('',#10887);
#238=PLANE('',#10889);
#239=PLANE('',#10891);
#240=PLANE('',#10893);
#241=PLANE('',#10895);
#242=PLANE('',#10897);
#243=PLANE('',#10899);
#244=PLANE('',#10901);
#245=PLANE('',#10903);
#246=PLANE('',#10905);
#247=PLANE('',#10907);
#248=PLANE('',#10909);
#249=PLANE('',#10911);
#250=PLANE('',#10913);
#251=PLANE('',#10915);
#252=PLANE('',#10917);
#253=PLANE('',#10919);
#254=PLANE('',#10921);
#255=PLANE('',#10923);
#256=PLANE('',#10925);
#257=PLANE('',#10927);
#258=PLANE('',#10929);
#259=PLANE('',#10931);
#260=PLANE('',#10933);
#261=PLANE('',#10935);
#262=PLANE('',#10937);
#263=PLANE('',#10939);
#264=PLANE('',#10941);
#265=PLANE('',#10943);
#266=PLANE('',#10945);
#267=PLANE('',#10947);
#268=PLANE('',#10949);
#269=PLANE('',#10951);
#270=PLANE('',#10953);
#271=PLANE('',#10955);
#272=PLANE('',#10957);
#273=PLANE('',#10959);
#274=PLANE('',#10961);
#275=PLANE('',#10963);
#276=PLANE('',#10965);
#277=PLANE('',#10967);
#278=PLANE('',#10969);
#279=PLANE('',#10971);
#280=PLANE('',#10973);
#281=PLANE('',#10974);
#282=PLANE('',#10976);
#283=PLANE('',#10978);
#284=PLANE('',#10980);
#285=PLANE('',#10982);
#286=PLANE('',#10984);
#287=PLANE('',#10986);
#288=PLANE('',#10988);
#289=PLANE('',#10990);
#290=PLANE('',#10992);
#291=PLANE('',#10994);
#292=PLANE('',#10996);
#293=PLANE('',#10998);
#294=PLANE('',#11000);
#295=PLANE('',#11002);
#296=PLANE('',#11004);
#297=PLANE('',#11006);
#298=PLANE('',#11008);
#299=PLANE('',#11009);
#300=PLANE('',#11010);
#301=PLANE('',#11011);
#302=PLANE('',#11012);
#303=PLANE('',#11013);
#304=PLANE('',#11014);
#305=PLANE('',#11015);
#306=PLANE('',#11017);
#307=PLANE('',#11018);
#308=PLANE('',#11022);
#309=PLANE('',#11024);
#310=PLANE('',#11032);
#311=PLANE('',#11036);
#312=PLANE('',#11046);
#313=PLANE('',#11049);
#314=PLANE('',#11050);
#315=PLANE('',#11058);
#316=PLANE('',#11059);
#317=PLANE('',#11060);
#318=PLANE('',#11065);
#319=PLANE('',#11066);
#320=PLANE('',#11074);
#321=PLANE('',#11081);
#322=PLANE('',#11082);
#323=PLANE('',#11083);
#324=PLANE('',#11085);
#325=PLANE('',#11087);
#326=PLANE('',#11090);
#327=PLANE('',#11108);
#328=PLANE('',#11114);
#329=PLANE('',#11116);
#330=PLANE('',#11117);
#331=PLANE('',#11119);
#332=PLANE('',#11120);
#333=PLANE('',#11121);
#334=PLANE('',#11123);
#335=PLANE('',#11125);
#336=PLANE('',#11126);
#337=PLANE('',#11127);
#338=PLANE('',#11128);
#339=PLANE('',#11130);
#340=PLANE('',#11137);
#341=PLANE('',#11139);
#342=PLANE('',#11141);
#343=PLANE('',#11146);
#344=PLANE('',#11149);
#345=PLANE('',#11157);
#346=PLANE('',#11162);
#347=PLANE('',#11165);
#348=PLANE('',#11174);
#349=PLANE('',#11176);
#350=PLANE('',#11178);
#351=PLANE('',#11182);
#352=PLANE('',#11183);
#353=PLANE('',#11187);
#354=PLANE('',#11189);
#355=PLANE('',#11191);
#356=PLANE('',#11197);
#357=PLANE('',#11212);
#358=PLANE('',#11215);
#359=PLANE('',#11217);
#360=PLANE('',#11229);
#361=PLANE('',#11230);
#362=PLANE('',#11232);
#363=PLANE('',#11236);
#364=PLANE('',#11237);
#365=PLANE('',#11239);
#366=PLANE('',#11243);
#367=PLANE('',#11244);
#368=PLANE('',#11246);
#369=PLANE('',#11247);
#370=PLANE('',#11248);
#371=PLANE('',#11249);
#372=PLANE('',#11250);
#373=PLANE('',#11251);
#374=PLANE('',#11252);
#375=PLANE('',#11253);
#376=PLANE('',#11254);
#377=TOROIDAL_SURFACE('',#10311,34.5,2.);
#378=TOROIDAL_SURFACE('',#10333,34.5,2.);
#379=TOROIDAL_SURFACE('',#10351,31.5,1.);
#380=TOROIDAL_SURFACE('',#10356,34.5,2.);
#381=TOROIDAL_SURFACE('',#10361,36.9034271247462,2.);
#382=TOROIDAL_SURFACE('',#10367,36.9034271247462,2.);
#383=TOROIDAL_SURFACE('',#10372,34.5,2.);
#384=TOROIDAL_SURFACE('',#10725,8.99999999994134,2.);
#385=TOROIDAL_SURFACE('',#10730,9.00000000001353,2.);
#386=TOROIDAL_SURFACE('',#10740,9.00000000001353,2.);
#387=TOROIDAL_SURFACE('',#10745,8.99999999994134,2.);
#388=TOROIDAL_SURFACE('',#11094,34.5,2.);
#389=TOROIDAL_SURFACE('',#11102,34.5,2.);
#390=TOROIDAL_SURFACE('',#11136,31.5,1.);
#391=TOROIDAL_SURFACE('',#11142,31.5,1.);
#392=TOROIDAL_SURFACE('',#11151,31.5,1.);
#393=TOROIDAL_SURFACE('',#11161,31.5,1.);
#394=TOROIDAL_SURFACE('',#11172,31.5,1.);
#395=TOROIDAL_SURFACE('',#11179,31.5,1.);
#396=TOROIDAL_SURFACE('',#11196,31.5,1.);
#397=TOROIDAL_SURFACE('',#11204,8.99999999993872,2.);
#398=TOROIDAL_SURFACE('',#11209,8.99999999993851,2.);
#399=TOROIDAL_SURFACE('',#11211,8.99999999993872,2.);
#400=TOROIDAL_SURFACE('',#11221,8.99999999993872,2.);
#401=TOROIDAL_SURFACE('',#11222,8.99999999993851,2.);
#402=TOROIDAL_SURFACE('',#11226,8.99999999993872,2.);
#403=STYLED_ITEM('',(#18403),#9771);
#404=STYLED_ITEM('',(#18403),#9787);
#405=STYLED_ITEM('',(#18403),#9788);
#406=STYLED_ITEM('',(#18403),#9789);
#407=STYLED_ITEM('',(#18403),#9790);
#408=STYLED_ITEM('',(#18403),#9791);
#409=STYLED_ITEM('',(#18403),#9792);
#410=STYLED_ITEM('',(#18403),#9793);
#411=STYLED_ITEM('',(#18403),#9794);
#412=STYLED_ITEM('',(#18403),#9795);
#413=STYLED_ITEM('',(#18403),#9796);
#414=STYLED_ITEM('',(#18403),#9797);
#415=STYLED_ITEM('',(#18403),#9798);
#416=STYLED_ITEM('',(#18403),#9799);
#417=STYLED_ITEM('',(#18403),#9801);
#418=STYLED_ITEM('',(#18403),#9802);
#419=STYLED_ITEM('',(#18403),#9804);
#420=STYLED_ITEM('',(#18403),#9805);
#421=STYLED_ITEM('',(#18403),#9806);
#422=STYLED_ITEM('',(#18403),#9808);
#423=STYLED_ITEM('',(#18403),#9809);
#424=STYLED_ITEM('',(#18403),#9811);
#425=STYLED_ITEM('',(#18403),#9812);
#426=STYLED_ITEM('',(#18403),#9813);
#427=STYLED_ITEM('',(#18403),#9814);
#428=STYLED_ITEM('',(#18403),#9815);
#429=STYLED_ITEM('',(#18403),#9816);
#430=STYLED_ITEM('',(#18403),#9817);
#431=STYLED_ITEM('',(#18403),#9818);
#432=STYLED_ITEM('',(#18403),#9819);
#433=STYLED_ITEM('',(#18403),#9820);
#434=STYLED_ITEM('',(#18403),#9825);
#435=STYLED_ITEM('',(#18403),#9826);
#436=STYLED_ITEM('',(#18403),#9827);
#437=STYLED_ITEM('',(#18403),#9828);
#438=STYLED_ITEM('',(#18403),#9829);
#439=STYLED_ITEM('',(#18403),#9830);
#440=STYLED_ITEM('',(#18403),#9831);
#441=STYLED_ITEM('',(#18403),#9832);
#442=STYLED_ITEM('',(#18403),#9833);
#443=STYLED_ITEM('',(#18403),#9834);
#444=STYLED_ITEM('',(#18403),#9835);
#445=STYLED_ITEM('',(#18403),#9836);
#446=STYLED_ITEM('',(#18403),#9837);
#447=STYLED_ITEM('',(#18403),#9838);
#448=STYLED_ITEM('',(#18403),#9839);
#449=STYLED_ITEM('',(#18403),#9840);
#450=STYLED_ITEM('',(#18403),#9841);
#451=STYLED_ITEM('',(#18403),#9842);
#452=STYLED_ITEM('',(#18403),#9843);
#453=STYLED_ITEM('',(#18403),#9844);
#454=STYLED_ITEM('',(#18403),#9845);
#455=STYLED_ITEM('',(#18403),#9846);
#456=STYLED_ITEM('',(#18403),#9847);
#457=STYLED_ITEM('',(#18403),#9848);
#458=STYLED_ITEM('',(#18403),#9849);
#459=STYLED_ITEM('',(#18403),#9850);
#460=STYLED_ITEM('',(#18403),#9851);
#461=STYLED_ITEM('',(#18403),#9852);
#462=STYLED_ITEM('',(#18403),#9853);
#463=STYLED_ITEM('',(#18403),#9854);
#464=STYLED_ITEM('',(#18403),#9855);
#465=STYLED_ITEM('',(#18403),#9856);
#466=STYLED_ITEM('',(#18403),#9857);
#467=STYLED_ITEM('',(#18403),#9858);
#468=STYLED_ITEM('',(#18403),#9859);
#469=STYLED_ITEM('',(#18403),#9860);
#470=STYLED_ITEM('',(#18403),#9861);
#471=STYLED_ITEM('',(#18403),#9862);
#472=STYLED_ITEM('',(#18403),#9863);
#473=STYLED_ITEM('',(#18403),#9864);
#474=STYLED_ITEM('',(#18403),#9865);
#475=STYLED_ITEM('',(#18403),#9866);
#476=STYLED_ITEM('',(#18403),#9867);
#477=STYLED_ITEM('',(#18403),#9868);
#478=STYLED_ITEM('',(#18403),#9869);
#479=STYLED_ITEM('',(#18403),#9870);
#480=STYLED_ITEM('',(#18403),#9871);
#481=STYLED_ITEM('',(#18403),#9872);
#482=STYLED_ITEM('',(#18403),#9873);
#483=STYLED_ITEM('',(#18403),#9874);
#484=STYLED_ITEM('',(#18403),#9875);
#485=STYLED_ITEM('',(#18403),#9876);
#486=STYLED_ITEM('',(#18403),#9877);
#487=STYLED_ITEM('',(#18403),#9878);
#488=STYLED_ITEM('',(#18403),#9879);
#489=STYLED_ITEM('',(#18403),#9880);
#490=STYLED_ITEM('',(#18403),#9881);
#491=STYLED_ITEM('',(#18403),#9882);
#492=STYLED_ITEM('',(#18403),#9883);
#493=STYLED_ITEM('',(#18403),#9884);
#494=STYLED_ITEM('',(#18403),#9885);
#495=STYLED_ITEM('',(#18403),#9886);
#496=STYLED_ITEM('',(#18403),#9887);
#497=STYLED_ITEM('',(#18403),#9888);
#498=STYLED_ITEM('',(#18403),#9889);
#499=STYLED_ITEM('',(#18403),#9890);
#500=STYLED_ITEM('',(#18403),#9891);
#501=STYLED_ITEM('',(#18403),#9892);
#502=STYLED_ITEM('',(#18403),#9893);
#503=STYLED_ITEM('',(#18403),#9894);
#504=STYLED_ITEM('',(#18403),#9895);
#505=STYLED_ITEM('',(#18403),#9896);
#506=STYLED_ITEM('',(#18403),#9897);
#507=STYLED_ITEM('',(#18403),#9898);
#508=STYLED_ITEM('',(#18403),#9899);
#509=STYLED_ITEM('',(#18403),#9900);
#510=STYLED_ITEM('',(#18403),#9901);
#511=STYLED_ITEM('',(#18403),#9902);
#512=STYLED_ITEM('',(#18403),#9903);
#513=STYLED_ITEM('',(#18403),#9904);
#514=STYLED_ITEM('',(#18403),#9905);
#515=STYLED_ITEM('',(#18403),#9906);
#516=STYLED_ITEM('',(#18403),#9907);
#517=STYLED_ITEM('',(#18403),#9908);
#518=STYLED_ITEM('',(#18403),#9909);
#519=STYLED_ITEM('',(#18403),#9910);
#520=STYLED_ITEM('',(#18403),#9911);
#521=STYLED_ITEM('',(#18403),#9912);
#522=STYLED_ITEM('',(#18403),#9913);
#523=STYLED_ITEM('',(#18403),#9914);
#524=STYLED_ITEM('',(#18403),#9915);
#525=STYLED_ITEM('',(#18403),#9916);
#526=STYLED_ITEM('',(#18403),#9917);
#527=STYLED_ITEM('',(#18403),#9918);
#528=STYLED_ITEM('',(#18403),#9919);
#529=STYLED_ITEM('',(#18403),#9920);
#530=STYLED_ITEM('',(#18403),#9921);
#531=STYLED_ITEM('',(#18403),#9922);
#532=STYLED_ITEM('',(#18403),#9923);
#533=STYLED_ITEM('',(#18403),#9924);
#534=STYLED_ITEM('',(#18403),#9925);
#535=STYLED_ITEM('',(#18403),#9926);
#536=STYLED_ITEM('',(#18403),#9927);
#537=STYLED_ITEM('',(#18403),#9928);
#538=STYLED_ITEM('',(#18403),#9929);
#539=STYLED_ITEM('',(#18403),#9930);
#540=STYLED_ITEM('',(#18403),#9931);
#541=STYLED_ITEM('',(#18403),#9932);
#542=STYLED_ITEM('',(#18403),#9933);
#543=STYLED_ITEM('',(#18403),#9934);
#544=STYLED_ITEM('',(#18403),#9935);
#545=STYLED_ITEM('',(#18403),#9936);
#546=STYLED_ITEM('',(#18403),#9937);
#547=STYLED_ITEM('',(#18403),#9938);
#548=STYLED_ITEM('',(#18403),#9939);
#549=STYLED_ITEM('',(#18403),#9940);
#550=STYLED_ITEM('',(#18403),#9941);
#551=STYLED_ITEM('',(#18403),#9942);
#552=STYLED_ITEM('',(#18403),#9943);
#553=STYLED_ITEM('',(#18403),#9944);
#554=STYLED_ITEM('',(#18403),#9945);
#555=STYLED_ITEM('',(#18403),#9946);
#556=STYLED_ITEM('',(#18403),#9947);
#557=STYLED_ITEM('',(#18403),#9948);
#558=STYLED_ITEM('',(#18403),#9949);
#559=STYLED_ITEM('',(#18403),#9950);
#560=STYLED_ITEM('',(#18403),#9951);
#561=STYLED_ITEM('',(#18403),#9952);
#562=STYLED_ITEM('',(#18403),#9953);
#563=STYLED_ITEM('',(#18403),#9954);
#564=STYLED_ITEM('',(#18403),#9955);
#565=STYLED_ITEM('',(#18403),#9956);
#566=STYLED_ITEM('',(#18403),#9957);
#567=STYLED_ITEM('',(#18403),#9958);
#568=STYLED_ITEM('',(#18403),#9959);
#569=STYLED_ITEM('',(#18403),#9960);
#570=STYLED_ITEM('',(#18403),#9961);
#571=STYLED_ITEM('',(#18403),#9962);
#572=STYLED_ITEM('',(#18403),#9963);
#573=STYLED_ITEM('',(#18403),#9964);
#574=STYLED_ITEM('',(#18403),#9965);
#575=STYLED_ITEM('',(#18403),#9966);
#576=STYLED_ITEM('',(#18403),#9967);
#577=STYLED_ITEM('',(#18403),#9968);
#578=STYLED_ITEM('',(#18403),#9969);
#579=STYLED_ITEM('',(#18403),#9970);
#580=STYLED_ITEM('',(#18403),#9971);
#581=STYLED_ITEM('',(#18403),#9972);
#582=STYLED_ITEM('',(#18403),#9973);
#583=STYLED_ITEM('',(#18403),#9974);
#584=STYLED_ITEM('',(#18403),#9975);
#585=STYLED_ITEM('',(#18403),#9976);
#586=STYLED_ITEM('',(#18403),#9977);
#587=STYLED_ITEM('',(#18403),#9978);
#588=STYLED_ITEM('',(#18403),#9979);
#589=STYLED_ITEM('',(#18403),#9980);
#590=STYLED_ITEM('',(#18403),#9981);
#591=STYLED_ITEM('',(#18403),#9982);
#592=STYLED_ITEM('',(#18403),#9983);
#593=STYLED_ITEM('',(#18403),#9984);
#594=STYLED_ITEM('',(#18403),#9985);
#595=STYLED_ITEM('',(#18403),#9986);
#596=STYLED_ITEM('',(#18403),#9987);
#597=STYLED_ITEM('',(#18403),#9988);
#598=STYLED_ITEM('',(#18403),#9989);
#599=STYLED_ITEM('',(#18403),#9990);
#600=STYLED_ITEM('',(#18403),#9991);
#601=STYLED_ITEM('',(#18403),#9992);
#602=STYLED_ITEM('',(#18403),#9993);
#603=STYLED_ITEM('',(#18403),#9994);
#604=STYLED_ITEM('',(#18403),#9995);
#605=STYLED_ITEM('',(#18403),#9996);
#606=STYLED_ITEM('',(#18403),#9997);
#607=STYLED_ITEM('',(#18403),#9998);
#608=STYLED_ITEM('',(#18403),#9999);
#609=STYLED_ITEM('',(#18403),#10000);
#610=STYLED_ITEM('',(#18403),#10001);
#611=STYLED_ITEM('',(#18403),#10002);
#612=STYLED_ITEM('',(#18403),#10003);
#613=STYLED_ITEM('',(#18403),#10004);
#614=STYLED_ITEM('',(#18403),#10005);
#615=STYLED_ITEM('',(#18403),#10006);
#616=STYLED_ITEM('',(#18403),#10007);
#617=STYLED_ITEM('',(#18403),#10008);
#618=STYLED_ITEM('',(#18403),#10009);
#619=STYLED_ITEM('',(#18403),#10010);
#620=STYLED_ITEM('',(#18403),#10011);
#621=STYLED_ITEM('',(#18403),#10012);
#622=STYLED_ITEM('',(#18403),#10013);
#623=STYLED_ITEM('',(#18403),#10014);
#624=STYLED_ITEM('',(#18403),#10015);
#625=STYLED_ITEM('',(#18403),#10016);
#626=STYLED_ITEM('',(#18403),#10017);
#627=STYLED_ITEM('',(#18403),#10018);
#628=STYLED_ITEM('',(#18403),#10019);
#629=STYLED_ITEM('',(#18403),#10020);
#630=STYLED_ITEM('',(#18403),#10021);
#631=STYLED_ITEM('',(#18403),#10022);
#632=STYLED_ITEM('',(#18403),#10023);
#633=STYLED_ITEM('',(#18403),#10024);
#634=STYLED_ITEM('',(#18403),#10025);
#635=STYLED_ITEM('',(#18403),#10026);
#636=STYLED_ITEM('',(#18403),#10027);
#637=STYLED_ITEM('',(#18403),#10028);
#638=STYLED_ITEM('',(#18403),#10029);
#639=STYLED_ITEM('',(#18403),#10030);
#640=STYLED_ITEM('',(#18403),#10031);
#641=STYLED_ITEM('',(#18403),#10032);
#642=STYLED_ITEM('',(#18403),#10033);
#643=STYLED_ITEM('',(#18403),#10034);
#644=STYLED_ITEM('',(#18403),#10035);
#645=STYLED_ITEM('',(#18403),#10036);
#646=STYLED_ITEM('',(#18403),#10037);
#647=STYLED_ITEM('',(#18403),#10038);
#648=STYLED_ITEM('',(#18403),#10039);
#649=STYLED_ITEM('',(#18403),#10040);
#650=STYLED_ITEM('',(#18403),#10041);
#651=STYLED_ITEM('',(#18403),#10042);
#652=STYLED_ITEM('',(#18403),#10043);
#653=STYLED_ITEM('',(#18403),#10044);
#654=STYLED_ITEM('',(#18403),#10045);
#655=STYLED_ITEM('',(#18403),#10046);
#656=STYLED_ITEM('',(#18403),#10047);
#657=STYLED_ITEM('',(#18403),#10048);
#658=STYLED_ITEM('',(#18403),#10049);
#659=STYLED_ITEM('',(#18403),#10050);
#660=STYLED_ITEM('',(#18403),#10051);
#661=STYLED_ITEM('',(#18403),#10052);
#662=STYLED_ITEM('',(#18403),#10053);
#663=STYLED_ITEM('',(#18403),#10054);
#664=STYLED_ITEM('',(#18403),#10055);
#665=STYLED_ITEM('',(#18403),#10056);
#666=STYLED_ITEM('',(#18403),#10057);
#667=STYLED_ITEM('',(#18403),#10058);
#668=STYLED_ITEM('',(#18403),#10059);
#669=STYLED_ITEM('',(#18403),#10060);
#670=STYLED_ITEM('',(#18403),#10061);
#671=STYLED_ITEM('',(#18403),#10062);
#672=STYLED_ITEM('',(#18403),#10063);
#673=STYLED_ITEM('',(#18403),#10064);
#674=STYLED_ITEM('',(#18403),#10065);
#675=STYLED_ITEM('',(#18403),#10066);
#676=STYLED_ITEM('',(#18403),#10067);
#677=STYLED_ITEM('',(#18403),#10068);
#678=STYLED_ITEM('',(#18403),#10069);
#679=STYLED_ITEM('',(#18403),#10070);
#680=STYLED_ITEM('',(#18403),#10071);
#681=STYLED_ITEM('',(#18403),#10072);
#682=STYLED_ITEM('',(#18403),#10073);
#683=STYLED_ITEM('',(#18403),#10074);
#684=STYLED_ITEM('',(#18403),#10075);
#685=STYLED_ITEM('',(#18403),#10076);
#686=STYLED_ITEM('',(#18403),#10077);
#687=STYLED_ITEM('',(#18403),#10078);
#688=STYLED_ITEM('',(#18403),#10079);
#689=STYLED_ITEM('',(#18403),#10080);
#690=STYLED_ITEM('',(#18403),#10081);
#691=STYLED_ITEM('',(#18403),#10082);
#692=STYLED_ITEM('',(#18403),#10083);
#693=STYLED_ITEM('',(#18403),#10084);
#694=STYLED_ITEM('',(#18403),#10085);
#695=STYLED_ITEM('',(#18403),#10086);
#696=STYLED_ITEM('',(#18403),#10087);
#697=STYLED_ITEM('',(#18403),#10088);
#698=STYLED_ITEM('',(#18403),#10089);
#699=STYLED_ITEM('',(#18403),#10090);
#700=STYLED_ITEM('',(#18403),#10091);
#701=STYLED_ITEM('',(#18403),#10092);
#702=STYLED_ITEM('',(#18403),#10093);
#703=STYLED_ITEM('',(#18403),#10094);
#704=STYLED_ITEM('',(#18403),#10095);
#705=STYLED_ITEM('',(#18403),#10096);
#706=STYLED_ITEM('',(#18403),#10097);
#707=STYLED_ITEM('',(#18403),#10098);
#708=STYLED_ITEM('',(#18403),#10099);
#709=STYLED_ITEM('',(#18403),#10100);
#710=STYLED_ITEM('',(#18403),#10101);
#711=STYLED_ITEM('',(#18403),#10102);
#712=STYLED_ITEM('',(#18403),#10103);
#713=STYLED_ITEM('',(#18403),#10104);
#714=STYLED_ITEM('',(#18403),#10105);
#715=STYLED_ITEM('',(#18403),#10106);
#716=STYLED_ITEM('',(#18403),#10107);
#717=STYLED_ITEM('',(#18403),#10108);
#718=STYLED_ITEM('',(#18403),#10109);
#719=STYLED_ITEM('',(#18403),#10110);
#720=STYLED_ITEM('',(#18403),#10111);
#721=STYLED_ITEM('',(#18403),#10112);
#722=STYLED_ITEM('',(#18403),#10113);
#723=STYLED_ITEM('',(#18403),#10114);
#724=STYLED_ITEM('',(#18403),#10115);
#725=STYLED_ITEM('',(#18403),#10116);
#726=STYLED_ITEM('',(#18403),#10117);
#727=STYLED_ITEM('',(#18403),#10118);
#728=STYLED_ITEM('',(#18403),#10119);
#729=STYLED_ITEM('',(#18403),#10120);
#730=STYLED_ITEM('',(#18403),#10121);
#731=STYLED_ITEM('',(#18403),#10122);
#732=STYLED_ITEM('',(#18403),#10123);
#733=STYLED_ITEM('',(#18403),#10124);
#734=STYLED_ITEM('',(#18403),#10125);
#735=STYLED_ITEM('',(#18403),#10126);
#736=STYLED_ITEM('',(#18403),#10127);
#737=STYLED_ITEM('',(#18403),#10128);
#738=STYLED_ITEM('',(#18403),#10129);
#739=STYLED_ITEM('',(#18403),#10130);
#740=STYLED_ITEM('',(#18403),#10131);
#741=STYLED_ITEM('',(#18403),#10132);
#742=STYLED_ITEM('',(#18403),#10133);
#743=STYLED_ITEM('',(#18403),#10134);
#744=STYLED_ITEM('',(#18403),#10135);
#745=STYLED_ITEM('',(#18403),#10136);
#746=STYLED_ITEM('',(#18403),#10137);
#747=STYLED_ITEM('',(#18403),#10138);
#748=STYLED_ITEM('',(#18403),#10139);
#749=STYLED_ITEM('',(#18403),#10140);
#750=STYLED_ITEM('',(#18403),#10141);
#751=STYLED_ITEM('',(#18403),#10142);
#752=STYLED_ITEM('',(#18403),#10143);
#753=STYLED_ITEM('',(#18403),#10144);
#754=STYLED_ITEM('',(#18403),#10145);
#755=STYLED_ITEM('',(#18403),#10146);
#756=STYLED_ITEM('',(#18403),#10147);
#757=STYLED_ITEM('',(#18403),#10148);
#758=STYLED_ITEM('',(#18403),#10149);
#759=STYLED_ITEM('',(#18403),#10150);
#760=STYLED_ITEM('',(#18403),#10151);
#761=STYLED_ITEM('',(#18403),#10152);
#762=STYLED_ITEM('',(#18403),#10153);
#763=STYLED_ITEM('',(#18403),#10154);
#764=STYLED_ITEM('',(#18403),#10155);
#765=STYLED_ITEM('',(#18403),#10156);
#766=STYLED_ITEM('',(#18403),#10157);
#767=STYLED_ITEM('',(#18403),#10158);
#768=STYLED_ITEM('',(#18403),#10159);
#769=STYLED_ITEM('',(#18403),#10160);
#770=STYLED_ITEM('',(#18403),#10161);
#771=STYLED_ITEM('',(#18403),#10162);
#772=STYLED_ITEM('',(#18403),#10163);
#773=STYLED_ITEM('',(#18403),#10164);
#774=STYLED_ITEM('',(#18403),#10165);
#775=STYLED_ITEM('',(#18403),#10166);
#776=STYLED_ITEM('',(#18403),#10167);
#777=STYLED_ITEM('',(#18403),#10168);
#778=STYLED_ITEM('',(#18403),#10169);
#779=STYLED_ITEM('',(#18403),#10170);
#780=STYLED_ITEM('',(#18403),#10171);
#781=STYLED_ITEM('',(#18403),#10172);
#782=STYLED_ITEM('',(#18403),#10173);
#783=STYLED_ITEM('',(#18403),#10174);
#784=STYLED_ITEM('',(#18403),#10175);
#785=STYLED_ITEM('',(#18403),#10176);
#786=STYLED_ITEM('',(#18403),#10177);
#787=STYLED_ITEM('',(#18403),#10178);
#788=STYLED_ITEM('',(#18403),#10179);
#789=STYLED_ITEM('',(#18403),#10180);
#790=STYLED_ITEM('',(#18403),#10181);
#791=STYLED_ITEM('',(#18403),#10182);
#792=STYLED_ITEM('',(#18403),#10183);
#793=STYLED_ITEM('',(#18403),#10184);
#794=STYLED_ITEM('',(#18403),#10185);
#795=STYLED_ITEM('',(#18403),#10186);
#796=STYLED_ITEM('',(#18403),#10187);
#797=STYLED_ITEM('',(#18403),#10188);
#798=STYLED_ITEM('',(#18403),#10189);
#799=STYLED_ITEM('',(#18403),#10190);
#800=STYLED_ITEM('',(#18403),#10191);
#801=STYLED_ITEM('',(#18403),#10192);
#802=STYLED_ITEM('',(#18403),#10193);
#803=STYLED_ITEM('',(#18403),#10194);
#804=STYLED_ITEM('',(#18403),#10195);
#805=STYLED_ITEM('',(#18403),#10196);
#806=STYLED_ITEM('',(#18403),#10197);
#807=STYLED_ITEM('',(#18403),#10198);
#808=STYLED_ITEM('',(#18403),#10199);
#809=STYLED_ITEM('',(#18403),#10200);
#810=STYLED_ITEM('',(#18403),#10201);
#811=STYLED_ITEM('',(#18403),#10202);
#812=STYLED_ITEM('',(#18403),#10203);
#813=STYLED_ITEM('',(#18403),#10204);
#814=STYLED_ITEM('',(#18403),#10205);
#815=STYLED_ITEM('',(#18403),#10206);
#816=STYLED_ITEM('',(#18403),#10207);
#817=STYLED_ITEM('',(#18403),#10208);
#818=STYLED_ITEM('',(#18403),#10209);
#819=STYLED_ITEM('',(#18403),#10210);
#820=STYLED_ITEM('',(#18403),#10211);
#821=STYLED_ITEM('',(#18403),#10212);
#822=STYLED_ITEM('',(#18403),#10213);
#823=STYLED_ITEM('',(#18403),#10214);
#824=STYLED_ITEM('',(#18403),#10215);
#825=STYLED_ITEM('',(#18403),#10216);
#826=STYLED_ITEM('',(#18403),#10217);
#827=STYLED_ITEM('',(#18403),#10218);
#828=STYLED_ITEM('',(#18403),#10219);
#829=STYLED_ITEM('',(#18403),#10220);
#830=STYLED_ITEM('',(#18403),#10221);
#831=STYLED_ITEM('',(#18403),#10222);
#832=STYLED_ITEM('',(#18403),#10223);
#833=STYLED_ITEM('',(#18403),#10224);
#834=STYLED_ITEM('',(#18403),#10225);
#835=STYLED_ITEM('',(#18403),#10226);
#836=STYLED_ITEM('',(#18403),#10227);
#837=STYLED_ITEM('',(#18403),#10228);
#838=STYLED_ITEM('',(#18403),#10229);
#839=STYLED_ITEM('',(#18403),#10230);
#840=STYLED_ITEM('',(#18403),#10231);
#841=STYLED_ITEM('',(#18403),#10232);
#842=STYLED_ITEM('',(#18403),#10233);
#843=STYLED_ITEM('',(#18403),#10234);
#844=STYLED_ITEM('',(#18403),#10235);
#845=STYLED_ITEM('',(#18403),#10236);
#846=STYLED_ITEM('',(#18403),#10237);
#847=STYLED_ITEM('',(#18403),#10238);
#848=STYLED_ITEM('',(#18403),#10239);
#849=STYLED_ITEM('',(#18403),#10240);
#850=STYLED_ITEM('',(#18403),#10241);
#851=STYLED_ITEM('',(#18403),#10242);
#852=STYLED_ITEM('',(#18403),#10243);
#853=STYLED_ITEM('',(#18403),#10244);
#854=STYLED_ITEM('',(#18403),#10245);
#855=STYLED_ITEM('',(#18403),#10246);
#856=STYLED_ITEM('',(#18403),#10247);
#857=STYLED_ITEM('',(#18403),#10248);
#858=STYLED_ITEM('',(#18403),#10249);
#859=STYLED_ITEM('',(#18403),#10250);
#860=STYLED_ITEM('',(#18403),#10251);
#861=STYLED_ITEM('',(#18403),#10252);
#862=STYLED_ITEM('',(#18403),#10253);
#863=STYLED_ITEM('',(#18403),#10254);
#864=STYLED_ITEM('',(#18403),#10255);
#865=STYLED_ITEM('',(#18403),#10256);
#866=STYLED_ITEM('',(#18403),#10257);
#867=STYLED_ITEM('',(#18403),#10258);
#868=STYLED_ITEM('',(#18403),#10259);
#869=STYLED_ITEM('',(#18403),#10260);
#870=STYLED_ITEM('',(#18403),#10261);
#871=STYLED_ITEM('',(#18403),#10262);
#872=STYLED_ITEM('',(#18403),#10263);
#873=STYLED_ITEM('',(#18403),#10264);
#874=STYLED_ITEM('',(#18403),#10265);
#875=STYLED_ITEM('',(#18403),#10266);
#876=STYLED_ITEM('',(#18403),#10267);
#877=STYLED_ITEM('',(#18403),#10268);
#878=STYLED_ITEM('',(#18403),#10269);
#879=STYLED_ITEM('',(#18403),#10270);
#880=STYLED_ITEM('',(#18403),#10271);
#881=STYLED_ITEM('',(#18403),#10272);
#882=STYLED_ITEM('',(#18403),#10273);
#883=STYLED_ITEM('',(#18404),#13);
#884=LINE('',#14217,#1751);
#885=LINE('',#14218,#1752);
#886=LINE('',#14435,#1753);
#887=LINE('',#14436,#1754);
#888=LINE('',#14481,#1755);
#889=LINE('',#14482,#1756);
#890=LINE('',#14630,#1757);
#891=LINE('',#14633,#1758);
#892=LINE('',#14893,#1759);
#893=LINE('',#14902,#1760);
#894=LINE('',#14974,#1761);
#895=LINE('',#15014,#1762);
#896=LINE('',#15048,#1763);
#897=LINE('',#15054,#1764);
#898=LINE('',#15058,#1765);
#899=LINE('',#15062,#1766);
#900=LINE('',#15064,#1767);
#901=LINE('',#15079,#1768);
#902=LINE('',#15081,#1769);
#903=LINE('',#15083,#1770);
#904=LINE('',#15098,#1771);
#905=LINE('',#15099,#1772);
#906=LINE('',#15106,#1773);
#907=LINE('',#15108,#1774);
#908=LINE('',#15110,#1775);
#909=LINE('',#15114,#1776);
#910=LINE('',#15117,#1777);
#911=LINE('',#15127,#1778);
#912=LINE('',#15136,#1779);
#913=LINE('',#15138,#1780);
#914=LINE('',#15139,#1781);
#915=LINE('',#15145,#1782);
#916=LINE('',#15147,#1783);
#917=LINE('',#15149,#1784);
#918=LINE('',#15151,#1785);
#919=LINE('',#15153,#1786);
#920=LINE('',#15155,#1787);
#921=LINE('',#15157,#1788);
#922=LINE('',#15159,#1789);
#923=LINE('',#15160,#1790);
#924=LINE('',#15162,#1791);
#925=LINE('',#15166,#1792);
#926=LINE('',#15168,#1793);
#927=LINE('',#15170,#1794);
#928=LINE('',#15172,#1795);
#929=LINE('',#15174,#1796);
#930=LINE('',#15176,#1797);
#931=LINE('',#15178,#1798);
#932=LINE('',#15180,#1799);
#933=LINE('',#15182,#1800);
#934=LINE('',#15184,#1801);
#935=LINE('',#15186,#1802);
#936=LINE('',#15189,#1803);
#937=LINE('',#15198,#1804);
#938=LINE('',#15200,#1805);
#939=LINE('',#15201,#1806);
#940=LINE('',#15209,#1807);
#941=LINE('',#15211,#1808);
#942=LINE('',#15213,#1809);
#943=LINE('',#15214,#1810);
#944=LINE('',#15217,#1811);
#945=LINE('',#15219,#1812);
#946=LINE('',#15221,#1813);
#947=LINE('',#15223,#1814);
#948=LINE('',#15225,#1815);
#949=LINE('',#15227,#1816);
#950=LINE('',#15231,#1817);
#951=LINE('',#15235,#1818);
#952=LINE('',#15239,#1819);
#953=LINE('',#15243,#1820);
#954=LINE('',#15245,#1821);
#955=LINE('',#15247,#1822);
#956=LINE('',#15249,#1823);
#957=LINE('',#15251,#1824);
#958=LINE('',#15252,#1825);
#959=LINE('',#15257,#1826);
#960=LINE('',#15261,#1827);
#961=LINE('',#15265,#1828);
#962=LINE('',#15268,#1829);
#963=LINE('',#15273,#1830);
#964=LINE('',#15277,#1831);
#965=LINE('',#15281,#1832);
#966=LINE('',#15284,#1833);
#967=LINE('',#15289,#1834);
#968=LINE('',#15293,#1835);
#969=LINE('',#15297,#1836);
#970=LINE('',#15300,#1837);
#971=LINE('',#15305,#1838);
#972=LINE('',#15309,#1839);
#973=LINE('',#15313,#1840);
#974=LINE('',#15316,#1841);
#975=LINE('',#15321,#1842);
#976=LINE('',#15325,#1843);
#977=LINE('',#15329,#1844);
#978=LINE('',#15332,#1845);
#979=LINE('',#15337,#1846);
#980=LINE('',#15341,#1847);
#981=LINE('',#15345,#1848);
#982=LINE('',#15348,#1849);
#983=LINE('',#15353,#1850);
#984=LINE('',#15357,#1851);
#985=LINE('',#15361,#1852);
#986=LINE('',#15364,#1853);
#987=LINE('',#15369,#1854);
#988=LINE('',#15373,#1855);
#989=LINE('',#15377,#1856);
#990=LINE('',#15380,#1857);
#991=LINE('',#15385,#1858);
#992=LINE('',#15389,#1859);
#993=LINE('',#15393,#1860);
#994=LINE('',#15396,#1861);
#995=LINE('',#15401,#1862);
#996=LINE('',#15405,#1863);
#997=LINE('',#15409,#1864);
#998=LINE('',#15412,#1865);
#999=LINE('',#15417,#1866);
#1000=LINE('',#15421,#1867);
#1001=LINE('',#15425,#1868);
#1002=LINE('',#15428,#1869);
#1003=LINE('',#15433,#1870);
#1004=LINE('',#15437,#1871);
#1005=LINE('',#15441,#1872);
#1006=LINE('',#15444,#1873);
#1007=LINE('',#15449,#1874);
#1008=LINE('',#15453,#1875);
#1009=LINE('',#15457,#1876);
#1010=LINE('',#15460,#1877);
#1011=LINE('',#15465,#1878);
#1012=LINE('',#15469,#1879);
#1013=LINE('',#15473,#1880);
#1014=LINE('',#15476,#1881);
#1015=LINE('',#15481,#1882);
#1016=LINE('',#15485,#1883);
#1017=LINE('',#15489,#1884);
#1018=LINE('',#15492,#1885);
#1019=LINE('',#15497,#1886);
#1020=LINE('',#15501,#1887);
#1021=LINE('',#15505,#1888);
#1022=LINE('',#15508,#1889);
#1023=LINE('',#15513,#1890);
#1024=LINE('',#15517,#1891);
#1025=LINE('',#15521,#1892);
#1026=LINE('',#15524,#1893);
#1027=LINE('',#15529,#1894);
#1028=LINE('',#15533,#1895);
#1029=LINE('',#15537,#1896);
#1030=LINE('',#15540,#1897);
#1031=LINE('',#15545,#1898);
#1032=LINE('',#15549,#1899);
#1033=LINE('',#15553,#1900);
#1034=LINE('',#15556,#1901);
#1035=LINE('',#15561,#1902);
#1036=LINE('',#15565,#1903);
#1037=LINE('',#15569,#1904);
#1038=LINE('',#15572,#1905);
#1039=LINE('',#15577,#1906);
#1040=LINE('',#15581,#1907);
#1041=LINE('',#15585,#1908);
#1042=LINE('',#15588,#1909);
#1043=LINE('',#15593,#1910);
#1044=LINE('',#15597,#1911);
#1045=LINE('',#15601,#1912);
#1046=LINE('',#15604,#1913);
#1047=LINE('',#15609,#1914);
#1048=LINE('',#15613,#1915);
#1049=LINE('',#15617,#1916);
#1050=LINE('',#15620,#1917);
#1051=LINE('',#15625,#1918);
#1052=LINE('',#15629,#1919);
#1053=LINE('',#15633,#1920);
#1054=LINE('',#15636,#1921);
#1055=LINE('',#15641,#1922);
#1056=LINE('',#15645,#1923);
#1057=LINE('',#15649,#1924);
#1058=LINE('',#15652,#1925);
#1059=LINE('',#15657,#1926);
#1060=LINE('',#15661,#1927);
#1061=LINE('',#15665,#1928);
#1062=LINE('',#15668,#1929);
#1063=LINE('',#15673,#1930);
#1064=LINE('',#15677,#1931);
#1065=LINE('',#15681,#1932);
#1066=LINE('',#15684,#1933);
#1067=LINE('',#15689,#1934);
#1068=LINE('',#15693,#1935);
#1069=LINE('',#15697,#1936);
#1070=LINE('',#15700,#1937);
#1071=LINE('',#15703,#1938);
#1072=LINE('',#15707,#1939);
#1073=LINE('',#15711,#1940);
#1074=LINE('',#15715,#1941);
#1075=LINE('',#15721,#1942);
#1076=LINE('',#15725,#1943);
#1077=LINE('',#15729,#1944);
#1078=LINE('',#15732,#1945);
#1079=LINE('',#15735,#1946);
#1080=LINE('',#15737,#1947);
#1081=LINE('',#15739,#1948);
#1082=LINE('',#15741,#1949);
#1083=LINE('',#15742,#1950);
#1084=LINE('',#15745,#1951);
#1085=LINE('',#15751,#1952);
#1086=LINE('',#15755,#1953);
#1087=LINE('',#15759,#1954);
#1088=LINE('',#15761,#1955);
#1089=LINE('',#15775,#1956);
#1090=LINE('',#15777,#1957);
#1091=LINE('',#15779,#1958);
#1092=LINE('',#15792,#1959);
#1093=LINE('',#15809,#1960);
#1094=LINE('',#15823,#1961);
#1095=LINE('',#15825,#1962);
#1096=LINE('',#15827,#1963);
#1097=LINE('',#15829,#1964);
#1098=LINE('',#15831,#1965);
#1099=LINE('',#15845,#1966);
#1100=LINE('',#15862,#1967);
#1101=LINE('',#15875,#1968);
#1102=LINE('',#15877,#1969);
#1103=LINE('',#15879,#1970);
#1104=LINE('',#15893,#1971);
#1105=LINE('',#15895,#1972);
#1106=LINE('',#15897,#1973);
#1107=LINE('',#15899,#1974);
#1108=LINE('',#15903,#1975);
#1109=LINE('',#15907,#1976);
#1110=LINE('',#15911,#1977);
#1111=LINE('',#15914,#1978);
#1112=LINE('',#15916,#1979);
#1113=LINE('',#15917,#1980);
#1114=LINE('',#15922,#1981);
#1115=LINE('',#15925,#1982);
#1116=LINE('',#15930,#1983);
#1117=LINE('',#15934,#1984);
#1118=LINE('',#15938,#1985);
#1119=LINE('',#15941,#1986);
#1120=LINE('',#15946,#1987);
#1121=LINE('',#15950,#1988);
#1122=LINE('',#15954,#1989);
#1123=LINE('',#15957,#1990);
#1124=LINE('',#15962,#1991);
#1125=LINE('',#15966,#1992);
#1126=LINE('',#15970,#1993);
#1127=LINE('',#15973,#1994);
#1128=LINE('',#15978,#1995);
#1129=LINE('',#15982,#1996);
#1130=LINE('',#15986,#1997);
#1131=LINE('',#15989,#1998);
#1132=LINE('',#15994,#1999);
#1133=LINE('',#15998,#2000);
#1134=LINE('',#16002,#2001);
#1135=LINE('',#16005,#2002);
#1136=LINE('',#16010,#2003);
#1137=LINE('',#16014,#2004);
#1138=LINE('',#16018,#2005);
#1139=LINE('',#16021,#2006);
#1140=LINE('',#16026,#2007);
#1141=LINE('',#16030,#2008);
#1142=LINE('',#16034,#2009);
#1143=LINE('',#16037,#2010);
#1144=LINE('',#16042,#2011);
#1145=LINE('',#16046,#2012);
#1146=LINE('',#16050,#2013);
#1147=LINE('',#16053,#2014);
#1148=LINE('',#16058,#2015);
#1149=LINE('',#16062,#2016);
#1150=LINE('',#16066,#2017);
#1151=LINE('',#16069,#2018);
#1152=LINE('',#16074,#2019);
#1153=LINE('',#16078,#2020);
#1154=LINE('',#16082,#2021);
#1155=LINE('',#16085,#2022);
#1156=LINE('',#16090,#2023);
#1157=LINE('',#16094,#2024);
#1158=LINE('',#16098,#2025);
#1159=LINE('',#16101,#2026);
#1160=LINE('',#16106,#2027);
#1161=LINE('',#16110,#2028);
#1162=LINE('',#16114,#2029);
#1163=LINE('',#16117,#2030);
#1164=LINE('',#16122,#2031);
#1165=LINE('',#16126,#2032);
#1166=LINE('',#16130,#2033);
#1167=LINE('',#16133,#2034);
#1168=LINE('',#16138,#2035);
#1169=LINE('',#16142,#2036);
#1170=LINE('',#16146,#2037);
#1171=LINE('',#16149,#2038);
#1172=LINE('',#16154,#2039);
#1173=LINE('',#16158,#2040);
#1174=LINE('',#16162,#2041);
#1175=LINE('',#16165,#2042);
#1176=LINE('',#16170,#2043);
#1177=LINE('',#16174,#2044);
#1178=LINE('',#16178,#2045);
#1179=LINE('',#16181,#2046);
#1180=LINE('',#16186,#2047);
#1181=LINE('',#16190,#2048);
#1182=LINE('',#16194,#2049);
#1183=LINE('',#16197,#2050);
#1184=LINE('',#16202,#2051);
#1185=LINE('',#16206,#2052);
#1186=LINE('',#16210,#2053);
#1187=LINE('',#16213,#2054);
#1188=LINE('',#16218,#2055);
#1189=LINE('',#16222,#2056);
#1190=LINE('',#16226,#2057);
#1191=LINE('',#16229,#2058);
#1192=LINE('',#16234,#2059);
#1193=LINE('',#16238,#2060);
#1194=LINE('',#16242,#2061);
#1195=LINE('',#16245,#2062);
#1196=LINE('',#16250,#2063);
#1197=LINE('',#16254,#2064);
#1198=LINE('',#16258,#2065);
#1199=LINE('',#16261,#2066);
#1200=LINE('',#16266,#2067);
#1201=LINE('',#16270,#2068);
#1202=LINE('',#16274,#2069);
#1203=LINE('',#16277,#2070);
#1204=LINE('',#16282,#2071);
#1205=LINE('',#16286,#2072);
#1206=LINE('',#16290,#2073);
#1207=LINE('',#16293,#2074);
#1208=LINE('',#16298,#2075);
#1209=LINE('',#16302,#2076);
#1210=LINE('',#16306,#2077);
#1211=LINE('',#16309,#2078);
#1212=LINE('',#16314,#2079);
#1213=LINE('',#16318,#2080);
#1214=LINE('',#16322,#2081);
#1215=LINE('',#16325,#2082);
#1216=LINE('',#16330,#2083);
#1217=LINE('',#16334,#2084);
#1218=LINE('',#16338,#2085);
#1219=LINE('',#16341,#2086);
#1220=LINE('',#16346,#2087);
#1221=LINE('',#16350,#2088);
#1222=LINE('',#16354,#2089);
#1223=LINE('',#16357,#2090);
#1224=LINE('',#16362,#2091);
#1225=LINE('',#16366,#2092);
#1226=LINE('',#16370,#2093);
#1227=LINE('',#16373,#2094);
#1228=LINE('',#16376,#2095);
#1229=LINE('',#16380,#2096);
#1230=LINE('',#16384,#2097);
#1231=LINE('',#16388,#2098);
#1232=LINE('',#16394,#2099);
#1233=LINE('',#16397,#2100);
#1234=LINE('',#16402,#2101);
#1235=LINE('',#16406,#2102);
#1236=LINE('',#16410,#2103);
#1237=LINE('',#16413,#2104);
#1238=LINE('',#16416,#2105);
#1239=LINE('',#16417,#2106);
#1240=LINE('',#16420,#2107);
#1241=LINE('',#16422,#2108);
#1242=LINE('',#16425,#2109);
#1243=LINE('',#16433,#2110);
#1244=LINE('',#16438,#2111);
#1245=LINE('',#16440,#2112);
#1246=LINE('',#16442,#2113);
#1247=LINE('',#16444,#2114);
#1248=LINE('',#16445,#2115);
#1249=LINE('',#16448,#2116);
#1250=LINE('',#16450,#2117);
#1251=LINE('',#16453,#2118);
#1252=LINE('',#16480,#2119);
#1253=LINE('',#16521,#2120);
#1254=LINE('',#16546,#2121);
#1255=LINE('',#16548,#2122);
#1256=LINE('',#16550,#2123);
#1257=LINE('',#16554,#2124);
#1258=LINE('',#16556,#2125);
#1259=LINE('',#16557,#2126);
#1260=LINE('',#16562,#2127);
#1261=LINE('',#16565,#2128);
#1262=LINE('',#16569,#2129);
#1263=LINE('',#16572,#2130);
#1264=LINE('',#16575,#2131);
#1265=LINE('',#16578,#2132);
#1266=LINE('',#16579,#2133);
#1267=LINE('',#16582,#2134);
#1268=LINE('',#16583,#2135);
#1269=LINE('',#16588,#2136);
#1270=LINE('',#16591,#2137);
#1271=LINE('',#16594,#2138);
#1272=LINE('',#16597,#2139);
#1273=LINE('',#16599,#2140);
#1274=LINE('',#16601,#2141);
#1275=LINE('',#16602,#2142);
#1276=LINE('',#16607,#2143);
#1277=LINE('',#16613,#2144);
#1278=LINE('',#16616,#2145);
#1279=LINE('',#16621,#2146);
#1280=LINE('',#16660,#2147);
#1281=LINE('',#16664,#2148);
#1282=LINE('',#16667,#2149);
#1283=LINE('',#16669,#2150);
#1284=LINE('',#16671,#2151);
#1285=LINE('',#16674,#2152);
#1286=LINE('',#16715,#2153);
#1287=LINE('',#16718,#2154);
#1288=LINE('',#16721,#2155);
#1289=LINE('',#16724,#2156);
#1290=LINE('',#16728,#2157);
#1291=LINE('',#16730,#2158);
#1292=LINE('',#16731,#2159);
#1293=LINE('',#16734,#2160);
#1294=LINE('',#16735,#2161);
#1295=LINE('',#16737,#2162);
#1296=LINE('',#16739,#2163);
#1297=LINE('',#16740,#2164);
#1298=LINE('',#16743,#2165);
#1299=LINE('',#16749,#2166);
#1300=LINE('',#16755,#2167);
#1301=LINE('',#16761,#2168);
#1302=LINE('',#16765,#2169);
#1303=LINE('',#16766,#2170);
#1304=LINE('',#16769,#2171);
#1305=LINE('',#16773,#2172);
#1306=LINE('',#16774,#2173);
#1307=LINE('',#16776,#2174);
#1308=LINE('',#16777,#2175);
#1309=LINE('',#16780,#2176);
#1310=LINE('',#16784,#2177);
#1311=LINE('',#16785,#2178);
#1312=LINE('',#16795,#2179);
#1313=LINE('',#16796,#2180);
#1314=LINE('',#16798,#2181);
#1315=LINE('',#16812,#2182);
#1316=LINE('',#16822,#2183);
#1317=LINE('',#16834,#2184);
#1318=LINE('',#16838,#2185);
#1319=LINE('',#16840,#2186);
#1320=LINE('',#16841,#2187);
#1321=LINE('',#16843,#2188);
#1322=LINE('',#16844,#2189);
#1323=LINE('',#16847,#2190);
#1324=LINE('',#16849,#2191);
#1325=LINE('',#16853,#2192);
#1326=LINE('',#16856,#2193);
#1327=LINE('',#16862,#2194);
#1328=LINE('',#16866,#2195);
#1329=LINE('',#16867,#2196);
#1330=LINE('',#16869,#2197);
#1331=LINE('',#16871,#2198);
#1332=LINE('',#16872,#2199);
#1333=LINE('',#16874,#2200);
#1334=LINE('',#16876,#2201);
#1335=LINE('',#16877,#2202);
#1336=LINE('',#16879,#2203);
#1337=LINE('',#16883,#2204);
#1338=LINE('',#16887,#2205);
#1339=LINE('',#16892,#2206);
#1340=LINE('',#16897,#2207);
#1341=LINE('',#16901,#2208);
#1342=LINE('',#16902,#2209);
#1343=LINE('',#16904,#2210);
#1344=LINE('',#16906,#2211);
#1345=LINE('',#16908,#2212);
#1346=LINE('',#16910,#2213);
#1347=LINE('',#16912,#2214);
#1348=LINE('',#16914,#2215);
#1349=LINE('',#16917,#2216);
#1350=LINE('',#16918,#2217);
#1351=LINE('',#16920,#2218);
#1352=LINE('',#16922,#2219);
#1353=LINE('',#16924,#2220);
#1354=LINE('',#16926,#2221);
#1355=LINE('',#16928,#2222);
#1356=LINE('',#16930,#2223);
#1357=LINE('',#16933,#2224);
#1358=LINE('',#16934,#2225);
#1359=LINE('',#16936,#2226);
#1360=LINE('',#16938,#2227);
#1361=LINE('',#16940,#2228);
#1362=LINE('',#16942,#2229);
#1363=LINE('',#16944,#2230);
#1364=LINE('',#16946,#2231);
#1365=LINE('',#16949,#2232);
#1366=LINE('',#16950,#2233);
#1367=LINE('',#16952,#2234);
#1368=LINE('',#16954,#2235);
#1369=LINE('',#16956,#2236);
#1370=LINE('',#16958,#2237);
#1371=LINE('',#16960,#2238);
#1372=LINE('',#16962,#2239);
#1373=LINE('',#16965,#2240);
#1374=LINE('',#16966,#2241);
#1375=LINE('',#16968,#2242);
#1376=LINE('',#16970,#2243);
#1377=LINE('',#16972,#2244);
#1378=LINE('',#16974,#2245);
#1379=LINE('',#16976,#2246);
#1380=LINE('',#16978,#2247);
#1381=LINE('',#16981,#2248);
#1382=LINE('',#16982,#2249);
#1383=LINE('',#16984,#2250);
#1384=LINE('',#16986,#2251);
#1385=LINE('',#16988,#2252);
#1386=LINE('',#16990,#2253);
#1387=LINE('',#16992,#2254);
#1388=LINE('',#16994,#2255);
#1389=LINE('',#16997,#2256);
#1390=LINE('',#16998,#2257);
#1391=LINE('',#17000,#2258);
#1392=LINE('',#17002,#2259);
#1393=LINE('',#17004,#2260);
#1394=LINE('',#17006,#2261);
#1395=LINE('',#17008,#2262);
#1396=LINE('',#17010,#2263);
#1397=LINE('',#17013,#2264);
#1398=LINE('',#17014,#2265);
#1399=LINE('',#17016,#2266);
#1400=LINE('',#17018,#2267);
#1401=LINE('',#17020,#2268);
#1402=LINE('',#17022,#2269);
#1403=LINE('',#17024,#2270);
#1404=LINE('',#17026,#2271);
#1405=LINE('',#17029,#2272);
#1406=LINE('',#17030,#2273);
#1407=LINE('',#17032,#2274);
#1408=LINE('',#17034,#2275);
#1409=LINE('',#17036,#2276);
#1410=LINE('',#17038,#2277);
#1411=LINE('',#17040,#2278);
#1412=LINE('',#17042,#2279);
#1413=LINE('',#17045,#2280);
#1414=LINE('',#17046,#2281);
#1415=LINE('',#17048,#2282);
#1416=LINE('',#17050,#2283);
#1417=LINE('',#17052,#2284);
#1418=LINE('',#17054,#2285);
#1419=LINE('',#17056,#2286);
#1420=LINE('',#17058,#2287);
#1421=LINE('',#17061,#2288);
#1422=LINE('',#17062,#2289);
#1423=LINE('',#17064,#2290);
#1424=LINE('',#17066,#2291);
#1425=LINE('',#17068,#2292);
#1426=LINE('',#17070,#2293);
#1427=LINE('',#17072,#2294);
#1428=LINE('',#17074,#2295);
#1429=LINE('',#17077,#2296);
#1430=LINE('',#17078,#2297);
#1431=LINE('',#17080,#2298);
#1432=LINE('',#17082,#2299);
#1433=LINE('',#17084,#2300);
#1434=LINE('',#17086,#2301);
#1435=LINE('',#17088,#2302);
#1436=LINE('',#17090,#2303);
#1437=LINE('',#17093,#2304);
#1438=LINE('',#17094,#2305);
#1439=LINE('',#17096,#2306);
#1440=LINE('',#17098,#2307);
#1441=LINE('',#17100,#2308);
#1442=LINE('',#17102,#2309);
#1443=LINE('',#17104,#2310);
#1444=LINE('',#17106,#2311);
#1445=LINE('',#17109,#2312);
#1446=LINE('',#17110,#2313);
#1447=LINE('',#17112,#2314);
#1448=LINE('',#17114,#2315);
#1449=LINE('',#17116,#2316);
#1450=LINE('',#17118,#2317);
#1451=LINE('',#17120,#2318);
#1452=LINE('',#17122,#2319);
#1453=LINE('',#17125,#2320);
#1454=LINE('',#17126,#2321);
#1455=LINE('',#17128,#2322);
#1456=LINE('',#17130,#2323);
#1457=LINE('',#17132,#2324);
#1458=LINE('',#17134,#2325);
#1459=LINE('',#17136,#2326);
#1460=LINE('',#17138,#2327);
#1461=LINE('',#17141,#2328);
#1462=LINE('',#17142,#2329);
#1463=LINE('',#17144,#2330);
#1464=LINE('',#17146,#2331);
#1465=LINE('',#17148,#2332);
#1466=LINE('',#17150,#2333);
#1467=LINE('',#17152,#2334);
#1468=LINE('',#17154,#2335);
#1469=LINE('',#17157,#2336);
#1470=LINE('',#17158,#2337);
#1471=LINE('',#17160,#2338);
#1472=LINE('',#17162,#2339);
#1473=LINE('',#17164,#2340);
#1474=LINE('',#17166,#2341);
#1475=LINE('',#17168,#2342);
#1476=LINE('',#17170,#2343);
#1477=LINE('',#17173,#2344);
#1478=LINE('',#17174,#2345);
#1479=LINE('',#17176,#2346);
#1480=LINE('',#17178,#2347);
#1481=LINE('',#17180,#2348);
#1482=LINE('',#17182,#2349);
#1483=LINE('',#17184,#2350);
#1484=LINE('',#17186,#2351);
#1485=LINE('',#17189,#2352);
#1486=LINE('',#17190,#2353);
#1487=LINE('',#17192,#2354);
#1488=LINE('',#17194,#2355);
#1489=LINE('',#17196,#2356);
#1490=LINE('',#17198,#2357);
#1491=LINE('',#17200,#2358);
#1492=LINE('',#17202,#2359);
#1493=LINE('',#17205,#2360);
#1494=LINE('',#17206,#2361);
#1495=LINE('',#17208,#2362);
#1496=LINE('',#17210,#2363);
#1497=LINE('',#17212,#2364);
#1498=LINE('',#17214,#2365);
#1499=LINE('',#17216,#2366);
#1500=LINE('',#17218,#2367);
#1501=LINE('',#17221,#2368);
#1502=LINE('',#17222,#2369);
#1503=LINE('',#17224,#2370);
#1504=LINE('',#17226,#2371);
#1505=LINE('',#17228,#2372);
#1506=LINE('',#17230,#2373);
#1507=LINE('',#17232,#2374);
#1508=LINE('',#17234,#2375);
#1509=LINE('',#17237,#2376);
#1510=LINE('',#17238,#2377);
#1511=LINE('',#17240,#2378);
#1512=LINE('',#17242,#2379);
#1513=LINE('',#17244,#2380);
#1514=LINE('',#17246,#2381);
#1515=LINE('',#17248,#2382);
#1516=LINE('',#17250,#2383);
#1517=LINE('',#17253,#2384);
#1518=LINE('',#17254,#2385);
#1519=LINE('',#17256,#2386);
#1520=LINE('',#17258,#2387);
#1521=LINE('',#17260,#2388);
#1522=LINE('',#17262,#2389);
#1523=LINE('',#17264,#2390);
#1524=LINE('',#17266,#2391);
#1525=LINE('',#17269,#2392);
#1526=LINE('',#17270,#2393);
#1527=LINE('',#17272,#2394);
#1528=LINE('',#17274,#2395);
#1529=LINE('',#17276,#2396);
#1530=LINE('',#17278,#2397);
#1531=LINE('',#17280,#2398);
#1532=LINE('',#17282,#2399);
#1533=LINE('',#17285,#2400);
#1534=LINE('',#17287,#2401);
#1535=LINE('',#17290,#2402);
#1536=LINE('',#17293,#2403);
#1537=LINE('',#17294,#2404);
#1538=LINE('',#17296,#2405);
#1539=LINE('',#17298,#2406);
#1540=LINE('',#17300,#2407);
#1541=LINE('',#17302,#2408);
#1542=LINE('',#17304,#2409);
#1543=LINE('',#17306,#2410);
#1544=LINE('',#17309,#2411);
#1545=LINE('',#17310,#2412);
#1546=LINE('',#17312,#2413);
#1547=LINE('',#17314,#2414);
#1548=LINE('',#17316,#2415);
#1549=LINE('',#17318,#2416);
#1550=LINE('',#17320,#2417);
#1551=LINE('',#17322,#2418);
#1552=LINE('',#17325,#2419);
#1553=LINE('',#17326,#2420);
#1554=LINE('',#17328,#2421);
#1555=LINE('',#17330,#2422);
#1556=LINE('',#17332,#2423);
#1557=LINE('',#17334,#2424);
#1558=LINE('',#17336,#2425);
#1559=LINE('',#17338,#2426);
#1560=LINE('',#17341,#2427);
#1561=LINE('',#17342,#2428);
#1562=LINE('',#17344,#2429);
#1563=LINE('',#17346,#2430);
#1564=LINE('',#17348,#2431);
#1565=LINE('',#17350,#2432);
#1566=LINE('',#17352,#2433);
#1567=LINE('',#17354,#2434);
#1568=LINE('',#17358,#2435);
#1569=LINE('',#17359,#2436);
#1570=LINE('',#17362,#2437);
#1571=LINE('',#17363,#2438);
#1572=LINE('',#17366,#2439);
#1573=LINE('',#17367,#2440);
#1574=LINE('',#17370,#2441);
#1575=LINE('',#17371,#2442);
#1576=LINE('',#17374,#2443);
#1577=LINE('',#17376,#2444);
#1578=LINE('',#17377,#2445);
#1579=LINE('',#17380,#2446);
#1580=LINE('',#17382,#2447);
#1581=LINE('',#17383,#2448);
#1582=LINE('',#17385,#2449);
#1583=LINE('',#17386,#2450);
#1584=LINE('',#17389,#2451);
#1585=LINE('',#17392,#2452);
#1586=LINE('',#17397,#2453);
#1587=LINE('',#17403,#2454);
#1588=LINE('',#17406,#2455);
#1589=LINE('',#17408,#2456);
#1590=LINE('',#17409,#2457);
#1591=LINE('',#17414,#2458);
#1592=LINE('',#17420,#2459);
#1593=LINE('',#17423,#2460);
#1594=LINE('',#17428,#2461);
#1595=LINE('',#17434,#2462);
#1596=LINE('',#17437,#2463);
#1597=LINE('',#17440,#2464);
#1598=LINE('',#17443,#2465);
#1599=LINE('',#17446,#2466);
#1600=LINE('',#17450,#2467);
#1601=LINE('',#17452,#2468);
#1602=LINE('',#17458,#2469);
#1603=LINE('',#17462,#2470);
#1604=LINE('',#17468,#2471);
#1605=LINE('',#17471,#2472);
#1606=LINE('',#17475,#2473);
#1607=LINE('',#17478,#2474);
#1608=LINE('',#17479,#2475);
#1609=LINE('',#17483,#2476);
#1610=LINE('',#17484,#2477);
#1611=LINE('',#17485,#2478);
#1612=LINE('',#17489,#2479);
#1613=LINE('',#17490,#2480);
#1614=LINE('',#17491,#2481);
#1615=LINE('',#17497,#2482);
#1616=LINE('',#17500,#2483);
#1617=LINE('',#17502,#2484);
#1618=LINE('',#17517,#2485);
#1619=LINE('',#17519,#2486);
#1620=LINE('',#17521,#2487);
#1621=LINE('',#17535,#2488);
#1622=LINE('',#17536,#2489);
#1623=LINE('',#17541,#2490);
#1624=LINE('',#17545,#2491);
#1625=LINE('',#17551,#2492);
#1626=LINE('',#17554,#2493);
#1627=LINE('',#17559,#2494);
#1628=LINE('',#17560,#2495);
#1629=LINE('',#17564,#2496);
#1630=LINE('',#17565,#2497);
#1631=LINE('',#17566,#2498);
#1632=LINE('',#17570,#2499);
#1633=LINE('',#17574,#2500);
#1634=LINE('',#17578,#2501);
#1635=LINE('',#17581,#2502);
#1636=LINE('',#17582,#2503);
#1637=LINE('',#17584,#2504);
#1638=LINE('',#17586,#2505);
#1639=LINE('',#17588,#2506);
#1640=LINE('',#17590,#2507);
#1641=LINE('',#17592,#2508);
#1642=LINE('',#17595,#2509);
#1643=LINE('',#17599,#2510);
#1644=LINE('',#17600,#2511);
#1645=LINE('',#17602,#2512);
#1646=LINE('',#17612,#2513);
#1647=LINE('',#17615,#2514);
#1648=LINE('',#17624,#2515);
#1649=LINE('',#17627,#2516);
#1650=LINE('',#17636,#2517);
#1651=LINE('',#17654,#2518);
#1652=LINE('',#17662,#2519);
#1653=LINE('',#17670,#2520);
#1654=LINE('',#17680,#2521);
#1655=LINE('',#17681,#2522);
#1656=LINE('',#17683,#2523);
#1657=LINE('',#17684,#2524);
#1658=LINE('',#17719,#2525);
#1659=LINE('',#17723,#2526);
#1660=LINE('',#17728,#2527);
#1661=LINE('',#17741,#2528);
#1662=LINE('',#17745,#2529);
#1663=LINE('',#17746,#2530);
#1664=LINE('',#17747,#2531);
#1665=LINE('',#17750,#2532);
#1666=LINE('',#17752,#2533);
#1667=LINE('',#17753,#2534);
#1668=LINE('',#17782,#2535);
#1669=LINE('',#17783,#2536);
#1670=LINE('',#17800,#2537);
#1671=LINE('',#17801,#2538);
#1672=LINE('',#17819,#2539);
#1673=LINE('',#17820,#2540);
#1674=LINE('',#17853,#2541);
#1675=LINE('',#17854,#2542);
#1676=LINE('',#17872,#2543);
#1677=LINE('',#17873,#2544);
#1678=LINE('',#17890,#2545);
#1679=LINE('',#17891,#2546);
#1680=LINE('',#17912,#2547);
#1681=LINE('',#17916,#2548);
#1682=LINE('',#17920,#2549);
#1683=LINE('',#17921,#2550);
#1684=LINE('',#17963,#2551);
#1685=LINE('',#17988,#2552);
#1686=LINE('',#18009,#2553);
#1687=LINE('',#18026,#2554);
#1688=LINE('',#18027,#2555);
#1689=LINE('',#18045,#2556);
#1690=LINE('',#18046,#2557);
#1691=LINE('',#18079,#2558);
#1692=LINE('',#18080,#2559);
#1693=LINE('',#18106,#2560);
#1694=LINE('',#18131,#2561);
#1695=LINE('',#18135,#2562);
#1696=LINE('',#18140,#2563);
#1697=LINE('',#18144,#2564);
#1698=LINE('',#18146,#2565);
#1699=LINE('',#18147,#2566);
#1700=LINE('',#18155,#2567);
#1701=LINE('',#18159,#2568);
#1702=LINE('',#18161,#2569);
#1703=LINE('',#18170,#2570);
#1704=LINE('',#18175,#2571);
#1705=LINE('',#18181,#2572);
#1706=LINE('',#18186,#2573);
#1707=LINE('',#18193,#2574);
#1708=LINE('',#18197,#2575);
#1709=LINE('',#18199,#2576);
#1710=LINE('',#18201,#2577);
#1711=LINE('',#18207,#2578);
#1712=LINE('',#18215,#2579);
#1713=LINE('',#18222,#2580);
#1714=LINE('',#18223,#2581);
#1715=LINE('',#18227,#2582);
#1716=LINE('',#18229,#2583);
#1717=LINE('',#18235,#2584);
#1718=LINE('',#18236,#2585);
#1719=LINE('',#18240,#2586);
#1720=LINE('',#18246,#2587);
#1721=LINE('',#18250,#2588);
#1722=LINE('',#18253,#2589);
#1723=LINE('',#18254,#2590);
#1724=LINE('',#18263,#2591);
#1725=LINE('',#18269,#2592);
#1726=LINE('',#18278,#2593);
#1727=LINE('',#18300,#2594);
#1728=LINE('',#18303,#2595);
#1729=LINE('',#18307,#2596);
#1730=LINE('',#18317,#2597);
#1731=LINE('',#18336,#2598);
#1732=LINE('',#18338,#2599);
#1733=LINE('',#18340,#2600);
#1734=LINE('',#18341,#2601);
#1735=LINE('',#18343,#2602);
#1736=LINE('',#18345,#2603);
#1737=LINE('',#18350,#2604);
#1738=LINE('',#18352,#2605);
#1739=LINE('',#18354,#2606);
#1740=LINE('',#18355,#2607);
#1741=LINE('',#18357,#2608);
#1742=LINE('',#18359,#2609);
#1743=LINE('',#18363,#2610);
#1744=LINE('',#18366,#2611);
#1745=LINE('',#18368,#2612);
#1746=LINE('',#18371,#2613);
#1747=LINE('',#18374,#2614);
#1748=LINE('',#18377,#2615);
#1749=LINE('',#18380,#2616);
#1750=LINE('',#18382,#2617);
#1751=VECTOR('',#11263,10.);
#1752=VECTOR('',#11264,10.);
#1753=VECTOR('',#11279,10.);
#1754=VECTOR('',#11280,10.);
#1755=VECTOR('',#11287,10.);
#1756=VECTOR('',#11288,10.);
#1757=VECTOR('',#11313,10.);
#1758=VECTOR('',#11316,10.);
#1759=VECTOR('',#11325,10.);
#1760=VECTOR('',#11326,10.);
#1761=VECTOR('',#11335,10.);
#1762=VECTOR('',#11340,10.);
#1763=VECTOR('',#11357,10.);
#1764=VECTOR('',#11362,10.);
#1765=VECTOR('',#11365,10.);
#1766=VECTOR('',#11368,10.);
#1767=VECTOR('',#11369,10.);
#1768=VECTOR('',#11370,10.);
#1769=VECTOR('',#11371,10.);
#1770=VECTOR('',#11372,10.);
#1771=VECTOR('',#11373,10.);
#1772=VECTOR('',#11374,10.);
#1773=VECTOR('',#11381,10.);
#1774=VECTOR('',#11382,10.);
#1775=VECTOR('',#11383,10.);
#1776=VECTOR('',#11386,10.);
#1777=VECTOR('',#11389,10.);
#1778=VECTOR('',#11402,10.);
#1779=VECTOR('',#11413,10.);
#1780=VECTOR('',#11414,10.);
#1781=VECTOR('',#11415,10.);
#1782=VECTOR('',#11424,10.);
#1783=VECTOR('',#11425,10.);
#1784=VECTOR('',#11426,10.);
#1785=VECTOR('',#11427,10.);
#1786=VECTOR('',#11428,10.);
#1787=VECTOR('',#11429,10.);
#1788=VECTOR('',#11430,10.);
#1789=VECTOR('',#11431,10.);
#1790=VECTOR('',#11432,10.);
#1791=VECTOR('',#11433,10.);
#1792=VECTOR('',#11436,10.);
#1793=VECTOR('',#11437,10.);
#1794=VECTOR('',#11438,10.);
#1795=VECTOR('',#11439,10.);
#1796=VECTOR('',#11440,10.);
#1797=VECTOR('',#11441,10.);
#1798=VECTOR('',#11442,10.);
#1799=VECTOR('',#11443,10.);
#1800=VECTOR('',#11444,10.);
#1801=VECTOR('',#11445,10.);
#1802=VECTOR('',#11446,10.);
#1803=VECTOR('',#11449,10.);
#1804=VECTOR('',#11460,10.);
#1805=VECTOR('',#11461,10.);
#1806=VECTOR('',#11462,10.);
#1807=VECTOR('',#11471,10.);
#1808=VECTOR('',#11472,10.);
#1809=VECTOR('',#11473,10.);
#1810=VECTOR('',#11474,10.);
#1811=VECTOR('',#11477,10.);
#1812=VECTOR('',#11478,10.);
#1813=VECTOR('',#11479,10.);
#1814=VECTOR('',#11480,10.);
#1815=VECTOR('',#11481,10.);
#1816=VECTOR('',#11482,10.);
#1817=VECTOR('',#11485,10.);
#1818=VECTOR('',#11488,10.);
#1819=VECTOR('',#11491,10.);
#1820=VECTOR('',#11494,10.);
#1821=VECTOR('',#11495,10.);
#1822=VECTOR('',#11496,10.);
#1823=VECTOR('',#11497,10.);
#1824=VECTOR('',#11498,10.);
#1825=VECTOR('',#11499,10.);
#1826=VECTOR('',#11502,10.);
#1827=VECTOR('',#11505,10.);
#1828=VECTOR('',#11508,10.);
#1829=VECTOR('',#11511,10.);
#1830=VECTOR('',#11514,10.);
#1831=VECTOR('',#11517,10.);
#1832=VECTOR('',#11520,10.);
#1833=VECTOR('',#11523,10.);
#1834=VECTOR('',#11526,10.);
#1835=VECTOR('',#11529,10.);
#1836=VECTOR('',#11532,10.);
#1837=VECTOR('',#11535,10.);
#1838=VECTOR('',#11538,10.);
#1839=VECTOR('',#11541,10.);
#1840=VECTOR('',#11544,10.);
#1841=VECTOR('',#11547,10.);
#1842=VECTOR('',#11550,10.);
#1843=VECTOR('',#11553,10.);
#1844=VECTOR('',#11556,10.);
#1845=VECTOR('',#11559,10.);
#1846=VECTOR('',#11562,10.);
#1847=VECTOR('',#11565,10.);
#1848=VECTOR('',#11568,10.);
#1849=VECTOR('',#11571,10.);
#1850=VECTOR('',#11574,10.);
#1851=VECTOR('',#11577,10.);
#1852=VECTOR('',#11580,10.);
#1853=VECTOR('',#11583,10.);
#1854=VECTOR('',#11586,10.);
#1855=VECTOR('',#11589,10.);
#1856=VECTOR('',#11592,10.);
#1857=VECTOR('',#11595,10.);
#1858=VECTOR('',#11598,10.);
#1859=VECTOR('',#11601,10.);
#1860=VECTOR('',#11604,10.);
#1861=VECTOR('',#11607,10.);
#1862=VECTOR('',#11610,10.);
#1863=VECTOR('',#11613,10.);
#1864=VECTOR('',#11616,10.);
#1865=VECTOR('',#11619,10.);
#1866=VECTOR('',#11622,10.);
#1867=VECTOR('',#11625,10.);
#1868=VECTOR('',#11628,10.);
#1869=VECTOR('',#11631,10.);
#1870=VECTOR('',#11634,10.);
#1871=VECTOR('',#11637,10.);
#1872=VECTOR('',#11640,10.);
#1873=VECTOR('',#11643,10.);
#1874=VECTOR('',#11646,10.);
#1875=VECTOR('',#11649,10.);
#1876=VECTOR('',#11652,10.);
#1877=VECTOR('',#11655,10.);
#1878=VECTOR('',#11658,10.);
#1879=VECTOR('',#11661,10.);
#1880=VECTOR('',#11664,10.);
#1881=VECTOR('',#11667,10.);
#1882=VECTOR('',#11670,10.);
#1883=VECTOR('',#11673,10.);
#1884=VECTOR('',#11676,10.);
#1885=VECTOR('',#11679,10.);
#1886=VECTOR('',#11682,10.);
#1887=VECTOR('',#11685,10.);
#1888=VECTOR('',#11688,10.);
#1889=VECTOR('',#11691,10.);
#1890=VECTOR('',#11694,10.);
#1891=VECTOR('',#11697,10.);
#1892=VECTOR('',#11700,10.);
#1893=VECTOR('',#11703,10.);
#1894=VECTOR('',#11706,10.);
#1895=VECTOR('',#11709,10.);
#1896=VECTOR('',#11712,10.);
#1897=VECTOR('',#11715,10.);
#1898=VECTOR('',#11718,10.);
#1899=VECTOR('',#11721,10.);
#1900=VECTOR('',#11724,10.);
#1901=VECTOR('',#11727,10.);
#1902=VECTOR('',#11730,10.);
#1903=VECTOR('',#11733,10.);
#1904=VECTOR('',#11736,10.);
#1905=VECTOR('',#11739,10.);
#1906=VECTOR('',#11742,10.);
#1907=VECTOR('',#11745,10.);
#1908=VECTOR('',#11748,10.);
#1909=VECTOR('',#11751,10.);
#1910=VECTOR('',#11754,10.);
#1911=VECTOR('',#11757,10.);
#1912=VECTOR('',#11760,10.);
#1913=VECTOR('',#11763,10.);
#1914=VECTOR('',#11766,10.);
#1915=VECTOR('',#11769,10.);
#1916=VECTOR('',#11772,10.);
#1917=VECTOR('',#11775,10.);
#1918=VECTOR('',#11778,10.);
#1919=VECTOR('',#11781,10.);
#1920=VECTOR('',#11784,10.);
#1921=VECTOR('',#11787,10.);
#1922=VECTOR('',#11790,10.);
#1923=VECTOR('',#11793,10.);
#1924=VECTOR('',#11796,10.);
#1925=VECTOR('',#11799,10.);
#1926=VECTOR('',#11802,10.);
#1927=VECTOR('',#11805,10.);
#1928=VECTOR('',#11808,10.);
#1929=VECTOR('',#11811,10.);
#1930=VECTOR('',#11814,10.);
#1931=VECTOR('',#11817,10.);
#1932=VECTOR('',#11820,10.);
#1933=VECTOR('',#11823,10.);
#1934=VECTOR('',#11826,10.);
#1935=VECTOR('',#11829,10.);
#1936=VECTOR('',#11832,10.);
#1937=VECTOR('',#11835,10.);
#1938=VECTOR('',#11836,10.);
#1939=VECTOR('',#11839,10.);
#1940=VECTOR('',#11842,10.);
#1941=VECTOR('',#11845,10.);
#1942=VECTOR('',#11850,10.);
#1943=VECTOR('',#11853,10.);
#1944=VECTOR('',#11856,10.);
#1945=VECTOR('',#11859,10.);
#1946=VECTOR('',#11862,10.);
#1947=VECTOR('',#11863,10.);
#1948=VECTOR('',#11864,10.);
#1949=VECTOR('',#11865,10.);
#1950=VECTOR('',#11866,10.);
#1951=VECTOR('',#11869,10.);
#1952=VECTOR('',#11874,10.);
#1953=VECTOR('',#11877,10.);
#1954=VECTOR('',#11882,10.);
#1955=VECTOR('',#11883,10.);
#1956=VECTOR('',#11884,10.);
#1957=VECTOR('',#11885,10.);
#1958=VECTOR('',#11886,10.);
#1959=VECTOR('',#11887,10.);
#1960=VECTOR('',#11888,10.);
#1961=VECTOR('',#11889,10.);
#1962=VECTOR('',#11890,10.);
#1963=VECTOR('',#11891,10.);
#1964=VECTOR('',#11892,10.);
#1965=VECTOR('',#11893,10.);
#1966=VECTOR('',#11894,10.);
#1967=VECTOR('',#11895,10.);
#1968=VECTOR('',#11896,10.);
#1969=VECTOR('',#11897,10.);
#1970=VECTOR('',#11898,10.);
#1971=VECTOR('',#11899,10.);
#1972=VECTOR('',#11900,10.);
#1973=VECTOR('',#11901,10.);
#1974=VECTOR('',#11902,8.);
#1975=VECTOR('',#11905,10.);
#1976=VECTOR('',#11908,8.);
#1977=VECTOR('',#11911,10.);
#1978=VECTOR('',#11914,8.);
#1979=VECTOR('',#11915,10.);
#1980=VECTOR('',#11916,10.);
#1981=VECTOR('',#11919,10.);
#1982=VECTOR('',#11922,10.);
#1983=VECTOR('',#11925,10.);
#1984=VECTOR('',#11928,10.);
#1985=VECTOR('',#11931,10.);
#1986=VECTOR('',#11934,10.);
#1987=VECTOR('',#11937,10.);
#1988=VECTOR('',#11940,10.);
#1989=VECTOR('',#11943,10.);
#1990=VECTOR('',#11946,10.);
#1991=VECTOR('',#11949,10.);
#1992=VECTOR('',#11952,10.);
#1993=VECTOR('',#11955,10.);
#1994=VECTOR('',#11958,10.);
#1995=VECTOR('',#11961,10.);
#1996=VECTOR('',#11964,10.);
#1997=VECTOR('',#11967,10.);
#1998=VECTOR('',#11970,10.);
#1999=VECTOR('',#11973,10.);
#2000=VECTOR('',#11976,10.);
#2001=VECTOR('',#11979,10.);
#2002=VECTOR('',#11982,10.);
#2003=VECTOR('',#11985,10.);
#2004=VECTOR('',#11988,10.);
#2005=VECTOR('',#11991,10.);
#2006=VECTOR('',#11994,10.);
#2007=VECTOR('',#11997,10.);
#2008=VECTOR('',#12000,10.);
#2009=VECTOR('',#12003,10.);
#2010=VECTOR('',#12006,10.);
#2011=VECTOR('',#12009,10.);
#2012=VECTOR('',#12012,10.);
#2013=VECTOR('',#12015,10.);
#2014=VECTOR('',#12018,10.);
#2015=VECTOR('',#12021,10.);
#2016=VECTOR('',#12024,10.);
#2017=VECTOR('',#12027,10.);
#2018=VECTOR('',#12030,10.);
#2019=VECTOR('',#12033,10.);
#2020=VECTOR('',#12036,10.);
#2021=VECTOR('',#12039,10.);
#2022=VECTOR('',#12042,10.);
#2023=VECTOR('',#12045,10.);
#2024=VECTOR('',#12048,10.);
#2025=VECTOR('',#12051,10.);
#2026=VECTOR('',#12054,10.);
#2027=VECTOR('',#12057,10.);
#2028=VECTOR('',#12060,10.);
#2029=VECTOR('',#12063,10.);
#2030=VECTOR('',#12066,10.);
#2031=VECTOR('',#12069,10.);
#2032=VECTOR('',#12072,10.);
#2033=VECTOR('',#12075,10.);
#2034=VECTOR('',#12078,10.);
#2035=VECTOR('',#12081,10.);
#2036=VECTOR('',#12084,10.);
#2037=VECTOR('',#12087,10.);
#2038=VECTOR('',#12090,10.);
#2039=VECTOR('',#12093,10.);
#2040=VECTOR('',#12096,10.);
#2041=VECTOR('',#12099,10.);
#2042=VECTOR('',#12102,10.);
#2043=VECTOR('',#12105,10.);
#2044=VECTOR('',#12108,10.);
#2045=VECTOR('',#12111,10.);
#2046=VECTOR('',#12114,10.);
#2047=VECTOR('',#12117,10.);
#2048=VECTOR('',#12120,10.);
#2049=VECTOR('',#12123,10.);
#2050=VECTOR('',#12126,10.);
#2051=VECTOR('',#12129,10.);
#2052=VECTOR('',#12132,10.);
#2053=VECTOR('',#12135,10.);
#2054=VECTOR('',#12138,10.);
#2055=VECTOR('',#12141,10.);
#2056=VECTOR('',#12144,10.);
#2057=VECTOR('',#12147,10.);
#2058=VECTOR('',#12150,10.);
#2059=VECTOR('',#12153,10.);
#2060=VECTOR('',#12156,10.);
#2061=VECTOR('',#12159,10.);
#2062=VECTOR('',#12162,10.);
#2063=VECTOR('',#12165,10.);
#2064=VECTOR('',#12168,10.);
#2065=VECTOR('',#12171,10.);
#2066=VECTOR('',#12174,10.);
#2067=VECTOR('',#12177,10.);
#2068=VECTOR('',#12180,10.);
#2069=VECTOR('',#12183,10.);
#2070=VECTOR('',#12186,10.);
#2071=VECTOR('',#12189,10.);
#2072=VECTOR('',#12192,10.);
#2073=VECTOR('',#12195,10.);
#2074=VECTOR('',#12198,10.);
#2075=VECTOR('',#12201,10.);
#2076=VECTOR('',#12204,10.);
#2077=VECTOR('',#12207,10.);
#2078=VECTOR('',#12210,10.);
#2079=VECTOR('',#12213,10.);
#2080=VECTOR('',#12216,10.);
#2081=VECTOR('',#12219,10.);
#2082=VECTOR('',#12222,10.);
#2083=VECTOR('',#12225,10.);
#2084=VECTOR('',#12228,10.);
#2085=VECTOR('',#12231,10.);
#2086=VECTOR('',#12234,10.);
#2087=VECTOR('',#12237,10.);
#2088=VECTOR('',#12240,10.);
#2089=VECTOR('',#12243,10.);
#2090=VECTOR('',#12246,10.);
#2091=VECTOR('',#12249,10.);
#2092=VECTOR('',#12252,10.);
#2093=VECTOR('',#12255,10.);
#2094=VECTOR('',#12258,10.);
#2095=VECTOR('',#12259,10.);
#2096=VECTOR('',#12262,10.);
#2097=VECTOR('',#12265,10.);
#2098=VECTOR('',#12268,10.);
#2099=VECTOR('',#12273,10.);
#2100=VECTOR('',#12276,10.);
#2101=VECTOR('',#12279,10.);
#2102=VECTOR('',#12282,10.);
#2103=VECTOR('',#12285,10.);
#2104=VECTOR('',#12288,10.);
#2105=VECTOR('',#12291,10.);
#2106=VECTOR('',#12292,10.);
#2107=VECTOR('',#12295,10.);
#2108=VECTOR('',#12296,10.);
#2109=VECTOR('',#12299,10.);
#2110=VECTOR('',#12306,10.);
#2111=VECTOR('',#12313,10.);
#2112=VECTOR('',#12314,10.);
#2113=VECTOR('',#12315,10.);
#2114=VECTOR('',#12316,10.);
#2115=VECTOR('',#12317,10.);
#2116=VECTOR('',#12320,10.);
#2117=VECTOR('',#12321,10.);
#2118=VECTOR('',#12324,10.);
#2119=VECTOR('',#12331,10.);
#2120=VECTOR('',#12332,10.);
#2121=VECTOR('',#12337,10.);
#2122=VECTOR('',#12338,10.);
#2123=VECTOR('',#12339,10.);
#2124=VECTOR('',#12344,10.);
#2125=VECTOR('',#12345,10.);
#2126=VECTOR('',#12346,10.);
#2127=VECTOR('',#12351,10.);
#2128=VECTOR('',#12356,10.);
#2129=VECTOR('',#12361,10.);
#2130=VECTOR('',#12364,10.);
#2131=VECTOR('',#12367,10.);
#2132=VECTOR('',#12370,10.);
#2133=VECTOR('',#12371,10.);
#2134=VECTOR('',#12374,10.);
#2135=VECTOR('',#12375,10.);
#2136=VECTOR('',#12380,10.);
#2137=VECTOR('',#12385,10.);
#2138=VECTOR('',#12388,10.);
#2139=VECTOR('',#12391,10.);
#2140=VECTOR('',#12392,10.);
#2141=VECTOR('',#12393,10.);
#2142=VECTOR('',#12394,10.);
#2143=VECTOR('',#12399,1.35000000000003);
#2144=VECTOR('',#12406,1.35000000000003);
#2145=VECTOR('',#12411,1.35000000000002);
#2146=VECTOR('',#12416,1.35000000000002);
#2147=VECTOR('',#12427,10.);
#2148=VECTOR('',#12432,10.);
#2149=VECTOR('',#12435,10.);
#2150=VECTOR('',#12438,10.);
#2151=VECTOR('',#12439,10.);
#2152=VECTOR('',#12442,10.);
#2153=VECTOR('',#12455,10.);
#2154=VECTOR('',#12458,10.);
#2155=VECTOR('',#12461,10.);
#2156=VECTOR('',#12464,10.);
#2157=VECTOR('',#12469,10.);
#2158=VECTOR('',#12470,10.);
#2159=VECTOR('',#12471,10.);
#2160=VECTOR('',#12474,10.);
#2161=VECTOR('',#12475,10.);
#2162=VECTOR('',#12476,10.);
#2163=VECTOR('',#12477,10.);
#2164=VECTOR('',#12478,10.);
#2165=VECTOR('',#12481,10.);
#2166=VECTOR('',#12486,10.);
#2167=VECTOR('',#12491,10.);
#2168=VECTOR('',#12496,10.);
#2169=VECTOR('',#12501,10.);
#2170=VECTOR('',#12502,10.);
#2171=VECTOR('',#12505,10.);
#2172=VECTOR('',#12508,10.);
#2173=VECTOR('',#12509,10.);
#2174=VECTOR('',#12510,10.);
#2175=VECTOR('',#12511,10.);
#2176=VECTOR('',#12514,10.);
#2177=VECTOR('',#12517,10.);
#2178=VECTOR('',#12518,10.);
#2179=VECTOR('',#12531,10.);
#2180=VECTOR('',#12532,10.);
#2181=VECTOR('',#12535,10.);
#2182=VECTOR('',#12554,10.);
#2183=VECTOR('',#12569,10.);
#2184=VECTOR('',#12586,10.);
#2185=VECTOR('',#12593,10.);
#2186=VECTOR('',#12596,10.);
#2187=VECTOR('',#12597,10.);
#2188=VECTOR('',#12600,10.);
#2189=VECTOR('',#12601,10.);
#2190=VECTOR('',#12606,10.);
#2191=VECTOR('',#12609,10.);
#2192=VECTOR('',#12616,10.);
#2193=VECTOR('',#12619,4.75);
#2194=VECTOR('',#12626,2.5);
#2195=VECTOR('',#12633,10.);
#2196=VECTOR('',#12634,10.);
#2197=VECTOR('',#12637,10.);
#2198=VECTOR('',#12640,10.);
#2199=VECTOR('',#12641,10.);
#2200=VECTOR('',#12644,10.);
#2201=VECTOR('',#12647,10.);
#2202=VECTOR('',#12648,10.);
#2203=VECTOR('',#12651,10.);
#2204=VECTOR('',#12656,1.45);
#2205=VECTOR('',#12661,4.75);
#2206=VECTOR('',#12668,1.45);
#2207=VECTOR('',#12673,2.5);
#2208=VECTOR('',#12680,10.);
#2209=VECTOR('',#12681,10.);
#2210=VECTOR('',#12684,10.);
#2211=VECTOR('',#12687,10.);
#2212=VECTOR('',#12690,10.);
#2213=VECTOR('',#12693,10.);
#2214=VECTOR('',#12696,10.);
#2215=VECTOR('',#12699,10.);
#2216=VECTOR('',#12704,10.);
#2217=VECTOR('',#12705,10.);
#2218=VECTOR('',#12708,10.);
#2219=VECTOR('',#12711,10.);
#2220=VECTOR('',#12714,10.);
#2221=VECTOR('',#12717,10.);
#2222=VECTOR('',#12720,10.);
#2223=VECTOR('',#12723,10.);
#2224=VECTOR('',#12728,10.);
#2225=VECTOR('',#12729,10.);
#2226=VECTOR('',#12732,10.);
#2227=VECTOR('',#12735,10.);
#2228=VECTOR('',#12738,10.);
#2229=VECTOR('',#12741,10.);
#2230=VECTOR('',#12744,10.);
#2231=VECTOR('',#12747,10.);
#2232=VECTOR('',#12752,10.);
#2233=VECTOR('',#12753,10.);
#2234=VECTOR('',#12756,10.);
#2235=VECTOR('',#12759,10.);
#2236=VECTOR('',#12762,10.);
#2237=VECTOR('',#12765,10.);
#2238=VECTOR('',#12768,10.);
#2239=VECTOR('',#12771,10.);
#2240=VECTOR('',#12776,10.);
#2241=VECTOR('',#12777,10.);
#2242=VECTOR('',#12780,10.);
#2243=VECTOR('',#12783,10.);
#2244=VECTOR('',#12786,10.);
#2245=VECTOR('',#12789,10.);
#2246=VECTOR('',#12792,10.);
#2247=VECTOR('',#12795,10.);
#2248=VECTOR('',#12800,10.);
#2249=VECTOR('',#12801,10.);
#2250=VECTOR('',#12804,10.);
#2251=VECTOR('',#12807,10.);
#2252=VECTOR('',#12810,10.);
#2253=VECTOR('',#12813,10.);
#2254=VECTOR('',#12816,10.);
#2255=VECTOR('',#12819,10.);
#2256=VECTOR('',#12824,10.);
#2257=VECTOR('',#12825,10.);
#2258=VECTOR('',#12828,10.);
#2259=VECTOR('',#12831,10.);
#2260=VECTOR('',#12834,10.);
#2261=VECTOR('',#12837,10.);
#2262=VECTOR('',#12840,10.);
#2263=VECTOR('',#12843,10.);
#2264=VECTOR('',#12848,10.);
#2265=VECTOR('',#12849,10.);
#2266=VECTOR('',#12852,10.);
#2267=VECTOR('',#12855,10.);
#2268=VECTOR('',#12858,10.);
#2269=VECTOR('',#12861,10.);
#2270=VECTOR('',#12864,10.);
#2271=VECTOR('',#12867,10.);
#2272=VECTOR('',#12872,10.);
#2273=VECTOR('',#12873,10.);
#2274=VECTOR('',#12876,10.);
#2275=VECTOR('',#12879,10.);
#2276=VECTOR('',#12882,10.);
#2277=VECTOR('',#12885,10.);
#2278=VECTOR('',#12888,10.);
#2279=VECTOR('',#12891,10.);
#2280=VECTOR('',#12896,10.);
#2281=VECTOR('',#12897,10.);
#2282=VECTOR('',#12900,10.);
#2283=VECTOR('',#12903,10.);
#2284=VECTOR('',#12906,10.);
#2285=VECTOR('',#12909,10.);
#2286=VECTOR('',#12912,10.);
#2287=VECTOR('',#12915,10.);
#2288=VECTOR('',#12920,10.);
#2289=VECTOR('',#12921,10.);
#2290=VECTOR('',#12924,10.);
#2291=VECTOR('',#12927,10.);
#2292=VECTOR('',#12930,10.);
#2293=VECTOR('',#12933,10.);
#2294=VECTOR('',#12936,10.);
#2295=VECTOR('',#12939,10.);
#2296=VECTOR('',#12944,10.);
#2297=VECTOR('',#12945,10.);
#2298=VECTOR('',#12948,10.);
#2299=VECTOR('',#12951,10.);
#2300=VECTOR('',#12954,10.);
#2301=VECTOR('',#12957,10.);
#2302=VECTOR('',#12960,10.);
#2303=VECTOR('',#12963,10.);
#2304=VECTOR('',#12968,10.);
#2305=VECTOR('',#12969,10.);
#2306=VECTOR('',#12972,10.);
#2307=VECTOR('',#12975,10.);
#2308=VECTOR('',#12978,10.);
#2309=VECTOR('',#12981,10.);
#2310=VECTOR('',#12984,10.);
#2311=VECTOR('',#12987,10.);
#2312=VECTOR('',#12992,10.);
#2313=VECTOR('',#12993,10.);
#2314=VECTOR('',#12996,10.);
#2315=VECTOR('',#12999,10.);
#2316=VECTOR('',#13002,10.);
#2317=VECTOR('',#13005,10.);
#2318=VECTOR('',#13008,10.);
#2319=VECTOR('',#13011,10.);
#2320=VECTOR('',#13016,10.);
#2321=VECTOR('',#13017,10.);
#2322=VECTOR('',#13020,10.);
#2323=VECTOR('',#13023,10.);
#2324=VECTOR('',#13026,10.);
#2325=VECTOR('',#13029,10.);
#2326=VECTOR('',#13032,10.);
#2327=VECTOR('',#13035,10.);
#2328=VECTOR('',#13040,10.);
#2329=VECTOR('',#13041,10.);
#2330=VECTOR('',#13044,10.);
#2331=VECTOR('',#13047,10.);
#2332=VECTOR('',#13050,10.);
#2333=VECTOR('',#13053,10.);
#2334=VECTOR('',#13056,10.);
#2335=VECTOR('',#13059,10.);
#2336=VECTOR('',#13064,10.);
#2337=VECTOR('',#13065,10.);
#2338=VECTOR('',#13068,10.);
#2339=VECTOR('',#13071,10.);
#2340=VECTOR('',#13074,10.);
#2341=VECTOR('',#13077,10.);
#2342=VECTOR('',#13080,10.);
#2343=VECTOR('',#13083,10.);
#2344=VECTOR('',#13088,10.);
#2345=VECTOR('',#13089,10.);
#2346=VECTOR('',#13092,10.);
#2347=VECTOR('',#13095,10.);
#2348=VECTOR('',#13098,10.);
#2349=VECTOR('',#13101,10.);
#2350=VECTOR('',#13104,10.);
#2351=VECTOR('',#13107,10.);
#2352=VECTOR('',#13112,10.);
#2353=VECTOR('',#13113,10.);
#2354=VECTOR('',#13116,10.);
#2355=VECTOR('',#13119,10.);
#2356=VECTOR('',#13122,10.);
#2357=VECTOR('',#13125,10.);
#2358=VECTOR('',#13128,10.);
#2359=VECTOR('',#13131,10.);
#2360=VECTOR('',#13136,10.);
#2361=VECTOR('',#13137,10.);
#2362=VECTOR('',#13140,10.);
#2363=VECTOR('',#13143,10.);
#2364=VECTOR('',#13146,10.);
#2365=VECTOR('',#13149,10.);
#2366=VECTOR('',#13152,10.);
#2367=VECTOR('',#13155,10.);
#2368=VECTOR('',#13160,10.);
#2369=VECTOR('',#13161,10.);
#2370=VECTOR('',#13164,10.);
#2371=VECTOR('',#13167,10.);
#2372=VECTOR('',#13170,10.);
#2373=VECTOR('',#13173,10.);
#2374=VECTOR('',#13176,10.);
#2375=VECTOR('',#13179,10.);
#2376=VECTOR('',#13184,10.);
#2377=VECTOR('',#13185,10.);
#2378=VECTOR('',#13188,10.);
#2379=VECTOR('',#13191,10.);
#2380=VECTOR('',#13194,10.);
#2381=VECTOR('',#13197,10.);
#2382=VECTOR('',#13200,10.);
#2383=VECTOR('',#13203,10.);
#2384=VECTOR('',#13208,10.);
#2385=VECTOR('',#13209,10.);
#2386=VECTOR('',#13212,10.);
#2387=VECTOR('',#13215,10.);
#2388=VECTOR('',#13218,10.);
#2389=VECTOR('',#13221,10.);
#2390=VECTOR('',#13224,10.);
#2391=VECTOR('',#13227,10.);
#2392=VECTOR('',#13232,10.);
#2393=VECTOR('',#13233,10.);
#2394=VECTOR('',#13236,10.);
#2395=VECTOR('',#13239,10.);
#2396=VECTOR('',#13242,10.);
#2397=VECTOR('',#13245,10.);
#2398=VECTOR('',#13248,10.);
#2399=VECTOR('',#13251,10.);
#2400=VECTOR('',#13256,10.);
#2401=VECTOR('',#13259,10.);
#2402=VECTOR('',#13264,10.);
#2403=VECTOR('',#13269,10.);
#2404=VECTOR('',#13270,10.);
#2405=VECTOR('',#13273,10.);
#2406=VECTOR('',#13276,10.);
#2407=VECTOR('',#13279,10.);
#2408=VECTOR('',#13282,10.);
#2409=VECTOR('',#13285,10.);
#2410=VECTOR('',#13288,10.);
#2411=VECTOR('',#13293,10.);
#2412=VECTOR('',#13294,10.);
#2413=VECTOR('',#13297,10.);
#2414=VECTOR('',#13300,10.);
#2415=VECTOR('',#13303,10.);
#2416=VECTOR('',#13306,10.);
#2417=VECTOR('',#13309,10.);
#2418=VECTOR('',#13312,10.);
#2419=VECTOR('',#13317,10.);
#2420=VECTOR('',#13318,10.);
#2421=VECTOR('',#13321,10.);
#2422=VECTOR('',#13324,10.);
#2423=VECTOR('',#13327,10.);
#2424=VECTOR('',#13330,10.);
#2425=VECTOR('',#13333,10.);
#2426=VECTOR('',#13336,10.);
#2427=VECTOR('',#13341,10.);
#2428=VECTOR('',#13342,10.);
#2429=VECTOR('',#13345,10.);
#2430=VECTOR('',#13348,10.);
#2431=VECTOR('',#13351,10.);
#2432=VECTOR('',#13354,10.);
#2433=VECTOR('',#13357,10.);
#2434=VECTOR('',#13360,10.);
#2435=VECTOR('',#13365,10.);
#2436=VECTOR('',#13366,10.);
#2437=VECTOR('',#13369,10.);
#2438=VECTOR('',#13370,10.);
#2439=VECTOR('',#13373,10.);
#2440=VECTOR('',#13374,10.);
#2441=VECTOR('',#13377,10.);
#2442=VECTOR('',#13378,10.);
#2443=VECTOR('',#13381,10.);
#2444=VECTOR('',#13382,10.);
#2445=VECTOR('',#13383,10.);
#2446=VECTOR('',#13386,10.);
#2447=VECTOR('',#13387,10.);
#2448=VECTOR('',#13388,10.);
#2449=VECTOR('',#13391,10.);
#2450=VECTOR('',#13392,10.);
#2451=VECTOR('',#13395,10.);
#2452=VECTOR('',#13400,10.);
#2453=VECTOR('',#13405,10.);
#2454=VECTOR('',#13414,10.);
#2455=VECTOR('',#13417,10.);
#2456=VECTOR('',#13418,10.);
#2457=VECTOR('',#13419,10.);
#2458=VECTOR('',#13424,10.);
#2459=VECTOR('',#13433,10.);
#2460=VECTOR('',#13438,10.);
#2461=VECTOR('',#13443,10.);
#2462=VECTOR('',#13452,10.);
#2463=VECTOR('',#13457,10.);
#2464=VECTOR('',#13460,10.);
#2465=VECTOR('',#13465,10.);
#2466=VECTOR('',#13468,10.);
#2467=VECTOR('',#13475,10.);
#2468=VECTOR('',#13478,10.);
#2469=VECTOR('',#13485,10.);
#2470=VECTOR('',#13488,10.);
#2471=VECTOR('',#13493,10.);
#2472=VECTOR('',#13496,10.);
#2473=VECTOR('',#13501,10.);
#2474=VECTOR('',#13504,10.);
#2475=VECTOR('',#13505,10.);
#2476=VECTOR('',#13508,10.);
#2477=VECTOR('',#13509,10.);
#2478=VECTOR('',#13510,10.);
#2479=VECTOR('',#13513,10.);
#2480=VECTOR('',#13514,10.);
#2481=VECTOR('',#13515,10.);
#2482=VECTOR('',#13524,10.);
#2483=VECTOR('',#13527,10.);
#2484=VECTOR('',#13528,10.);
#2485=VECTOR('',#13529,10.);
#2486=VECTOR('',#13530,10.);
#2487=VECTOR('',#13531,10.);
#2488=VECTOR('',#13532,10.);
#2489=VECTOR('',#13533,10.);
#2490=VECTOR('',#13538,10.);
#2491=VECTOR('',#13541,10.);
#2492=VECTOR('',#13546,10.);
#2493=VECTOR('',#13549,10.);
#2494=VECTOR('',#13554,10.);
#2495=VECTOR('',#13555,10.);
#2496=VECTOR('',#13558,10.);
#2497=VECTOR('',#13559,10.);
#2498=VECTOR('',#13560,10.);
#2499=VECTOR('',#13565,10.);
#2500=VECTOR('',#13570,10.);
#2501=VECTOR('',#13577,10.);
#2502=VECTOR('',#13580,10.);
#2503=VECTOR('',#13581,10.);
#2504=VECTOR('',#13584,10.);
#2505=VECTOR('',#13587,10.);
#2506=VECTOR('',#13590,10.);
#2507=VECTOR('',#13593,10.);
#2508=VECTOR('',#13596,10.);
#2509=VECTOR('',#13601,10.);
#2510=VECTOR('',#13604,10.);
#2511=VECTOR('',#13605,10.);
#2512=VECTOR('',#13606,10.);
#2513=VECTOR('',#13611,10.);
#2514=VECTOR('',#13614,10.);
#2515=VECTOR('',#13625,10.);
#2516=VECTOR('',#13628,10.);
#2517=VECTOR('',#13633,10.);
#2518=VECTOR('',#13640,10.);
#2519=VECTOR('',#13645,10.);
#2520=VECTOR('',#13648,10.);
#2521=VECTOR('',#13651,10.);
#2522=VECTOR('',#13652,10.);
#2523=VECTOR('',#13653,10.);
#2524=VECTOR('',#13654,10.);
#2525=VECTOR('',#13665,10.);
#2526=VECTOR('',#13668,10.);
#2527=VECTOR('',#13669,10.);
#2528=VECTOR('',#13672,10.);
#2529=VECTOR('',#13675,10.);
#2530=VECTOR('',#13676,10.);
#2531=VECTOR('',#13677,10.);
#2532=VECTOR('',#13680,10.);
#2533=VECTOR('',#13681,10.);
#2534=VECTOR('',#13682,10.);
#2535=VECTOR('',#13685,10.);
#2536=VECTOR('',#13686,10.);
#2537=VECTOR('',#13687,10.);
#2538=VECTOR('',#13688,10.);
#2539=VECTOR('',#13691,10.);
#2540=VECTOR('',#13692,10.);
#2541=VECTOR('',#13693,10.);
#2542=VECTOR('',#13694,10.);
#2543=VECTOR('',#13697,10.);
#2544=VECTOR('',#13698,10.);
#2545=VECTOR('',#13699,10.);
#2546=VECTOR('',#13700,10.);
#2547=VECTOR('',#13701,10.);
#2548=VECTOR('',#13706,10.);
#2549=VECTOR('',#13711,10.);
#2550=VECTOR('',#13712,10.);
#2551=VECTOR('',#13715,10.);
#2552=VECTOR('',#13716,10.);
#2553=VECTOR('',#13717,10.);
#2554=VECTOR('',#13718,10.);
#2555=VECTOR('',#13719,10.);
#2556=VECTOR('',#13722,10.);
#2557=VECTOR('',#13723,10.);
#2558=VECTOR('',#13724,10.);
#2559=VECTOR('',#13725,10.);
#2560=VECTOR('',#13728,10.);
#2561=VECTOR('',#13729,10.);
#2562=VECTOR('',#13734,10.);
#2563=VECTOR('',#13739,10.);
#2564=VECTOR('',#13742,10.);
#2565=VECTOR('',#13743,10.);
#2566=VECTOR('',#13744,10.);
#2567=VECTOR('',#13757,10.);
#2568=VECTOR('',#13762,10.);
#2569=VECTOR('',#13765,10.);
#2570=VECTOR('',#13778,10.);
#2571=VECTOR('',#13785,10.);
#2572=VECTOR('',#13794,10.);
#2573=VECTOR('',#13801,10.);
#2574=VECTOR('',#13812,10.);
#2575=VECTOR('',#13815,10.);
#2576=VECTOR('',#13816,10.);
#2577=VECTOR('',#13817,10.);
#2578=VECTOR('',#13824,10.);
#2579=VECTOR('',#13833,10.);
#2580=VECTOR('',#13844,10.);
#2581=VECTOR('',#13845,10.);
#2582=VECTOR('',#13850,10.);
#2583=VECTOR('',#13853,10.);
#2584=VECTOR('',#13862,10.);
#2585=VECTOR('',#13863,10.);
#2586=VECTOR('',#13868,10.);
#2587=VECTOR('',#13877,10.);
#2588=VECTOR('',#13882,10.);
#2589=VECTOR('',#13885,10.);
#2590=VECTOR('',#13886,10.);
#2591=VECTOR('',#13901,10.);
#2592=VECTOR('',#13908,10.);
#2593=VECTOR('',#13921,10.);
#2594=VECTOR('',#13934,10.);
#2595=VECTOR('',#13937,10.);
#2596=VECTOR('',#13942,10.);
#2597=VECTOR('',#13945,10.);
#2598=VECTOR('',#13968,10.);
#2599=VECTOR('',#13971,10.);
#2600=VECTOR('',#13974,10.);
#2601=VECTOR('',#13975,10.);
#2602=VECTOR('',#13978,10.);
#2603=VECTOR('',#13981,10.);
#2604=VECTOR('',#13988,10.);
#2605=VECTOR('',#13991,10.);
#2606=VECTOR('',#13994,10.);
#2607=VECTOR('',#13995,10.);
#2608=VECTOR('',#13998,10.);
#2609=VECTOR('',#14001,10.);
#2610=VECTOR('',#14006,10.);
#2611=VECTOR('',#14011,10.);
#2612=VECTOR('',#14014,10.);
#2613=VECTOR('',#14019,10.);
#2614=VECTOR('',#14024,10.);
#2615=VECTOR('',#14029,10.);
#2616=VECTOR('',#14034,10.);
#2617=VECTOR('',#14037,10.);
#2618=CYLINDRICAL_SURFACE('',#10298,0.999);
#2619=CYLINDRICAL_SURFACE('',#10305,1.999);
#2620=CYLINDRICAL_SURFACE('',#10308,1.999);
#2621=CYLINDRICAL_SURFACE('',#10320,0.999);
#2622=CYLINDRICAL_SURFACE('',#10329,1.999);
#2623=CYLINDRICAL_SURFACE('',#10332,1.999);
#2624=CYLINDRICAL_SURFACE('',#10354,32.5);
#2625=CYLINDRICAL_SURFACE('',#10503,8.);
#2626=CYLINDRICAL_SURFACE('',#10640,8.);
#2627=CYLINDRICAL_SURFACE('',#10648,8.);
#2628=CYLINDRICAL_SURFACE('',#10670,1.35000000000003);
#2629=CYLINDRICAL_SURFACE('',#10673,1.35000000000003);
#2630=CYLINDRICAL_SURFACE('',#10676,1.35000000000002);
#2631=CYLINDRICAL_SURFACE('',#10677,1.35000000000002);
#2632=CYLINDRICAL_SURFACE('',#10683,3.);
#2633=CYLINDRICAL_SURFACE('',#10685,3.);
#2634=CYLINDRICAL_SURFACE('',#10693,3.);
#2635=CYLINDRICAL_SURFACE('',#10695,3.);
#2636=CYLINDRICAL_SURFACE('',#10697,2.);
#2637=CYLINDRICAL_SURFACE('',#10719,2.);
#2638=CYLINDRICAL_SURFACE('',#10720,2.);
#2639=CYLINDRICAL_SURFACE('',#10728,2.);
#2640=CYLINDRICAL_SURFACE('',#10736,2.);
#2641=CYLINDRICAL_SURFACE('',#10743,2.);
#2642=CYLINDRICAL_SURFACE('',#10747,2.);
#2643=CYLINDRICAL_SURFACE('',#10748,2.);
#2644=CYLINDRICAL_SURFACE('',#10749,2.);
#2645=CYLINDRICAL_SURFACE('',#10751,7.00000000001353);
#2646=CYLINDRICAL_SURFACE('',#10753,6.99999999994134);
#2647=CYLINDRICAL_SURFACE('',#10755,6.99999999994134);
#2648=CYLINDRICAL_SURFACE('',#10758,2.5);
#2649=CYLINDRICAL_SURFACE('',#10762,2.5);
#2650=CYLINDRICAL_SURFACE('',#10764,2.5);
#2651=CYLINDRICAL_SURFACE('',#10766,2.5);
#2652=CYLINDRICAL_SURFACE('',#10768,1.45);
#2653=CYLINDRICAL_SURFACE('',#10773,1.45);
#2654=CYLINDRICAL_SURFACE('',#10775,2.5);
#2655=CYLINDRICAL_SURFACE('',#10780,2.5);
#2656=CYLINDRICAL_SURFACE('',#10782,2.5);
#2657=CYLINDRICAL_SURFACE('',#10784,2.5);
#2658=CYLINDRICAL_SURFACE('',#10786,2.5);
#2659=CYLINDRICAL_SURFACE('',#10788,2.5);
#2660=CYLINDRICAL_SURFACE('',#10790,2.5);
#2661=CYLINDRICAL_SURFACE('',#10792,2.5);
#2662=CYLINDRICAL_SURFACE('',#10794,2.5);
#2663=CYLINDRICAL_SURFACE('',#10796,2.5);
#2664=CYLINDRICAL_SURFACE('',#10798,2.5);
#2665=CYLINDRICAL_SURFACE('',#10800,2.5);
#2666=CYLINDRICAL_SURFACE('',#10802,2.5);
#2667=CYLINDRICAL_SURFACE('',#10804,2.5);
#2668=CYLINDRICAL_SURFACE('',#10806,2.5);
#2669=CYLINDRICAL_SURFACE('',#10808,2.5);
#2670=CYLINDRICAL_SURFACE('',#10810,2.5);
#2671=CYLINDRICAL_SURFACE('',#10812,2.5);
#2672=CYLINDRICAL_SURFACE('',#10814,2.5);
#2673=CYLINDRICAL_SURFACE('',#10816,2.5);
#2674=CYLINDRICAL_SURFACE('',#10818,2.5);
#2675=CYLINDRICAL_SURFACE('',#10820,2.5);
#2676=CYLINDRICAL_SURFACE('',#10822,2.5);
#2677=CYLINDRICAL_SURFACE('',#10824,2.5);
#2678=CYLINDRICAL_SURFACE('',#10826,2.5);
#2679=CYLINDRICAL_SURFACE('',#10828,2.5);
#2680=CYLINDRICAL_SURFACE('',#10830,2.5);
#2681=CYLINDRICAL_SURFACE('',#10832,2.5);
#2682=CYLINDRICAL_SURFACE('',#10834,2.5);
#2683=CYLINDRICAL_SURFACE('',#10836,2.5);
#2684=CYLINDRICAL_SURFACE('',#10838,2.5);
#2685=CYLINDRICAL_SURFACE('',#10840,2.5);
#2686=CYLINDRICAL_SURFACE('',#10842,2.5);
#2687=CYLINDRICAL_SURFACE('',#10844,2.5);
#2688=CYLINDRICAL_SURFACE('',#10846,2.5);
#2689=CYLINDRICAL_SURFACE('',#10848,2.5);
#2690=CYLINDRICAL_SURFACE('',#10850,2.5);
#2691=CYLINDRICAL_SURFACE('',#10852,2.5);
#2692=CYLINDRICAL_SURFACE('',#10854,2.5);
#2693=CYLINDRICAL_SURFACE('',#10856,2.5);
#2694=CYLINDRICAL_SURFACE('',#10858,2.5);
#2695=CYLINDRICAL_SURFACE('',#10860,2.5);
#2696=CYLINDRICAL_SURFACE('',#10862,2.5);
#2697=CYLINDRICAL_SURFACE('',#10864,2.5);
#2698=CYLINDRICAL_SURFACE('',#10866,2.5);
#2699=CYLINDRICAL_SURFACE('',#10868,2.5);
#2700=CYLINDRICAL_SURFACE('',#10870,2.5);
#2701=CYLINDRICAL_SURFACE('',#10872,2.5);
#2702=CYLINDRICAL_SURFACE('',#10874,2.5);
#2703=CYLINDRICAL_SURFACE('',#10876,2.5);
#2704=CYLINDRICAL_SURFACE('',#10878,2.5);
#2705=CYLINDRICAL_SURFACE('',#10880,2.5);
#2706=CYLINDRICAL_SURFACE('',#10882,2.5);
#2707=CYLINDRICAL_SURFACE('',#10884,2.5);
#2708=CYLINDRICAL_SURFACE('',#10886,2.5);
#2709=CYLINDRICAL_SURFACE('',#10888,2.5);
#2710=CYLINDRICAL_SURFACE('',#10890,2.5);
#2711=CYLINDRICAL_SURFACE('',#10892,2.5);
#2712=CYLINDRICAL_SURFACE('',#10894,2.5);
#2713=CYLINDRICAL_SURFACE('',#10896,2.5);
#2714=CYLINDRICAL_SURFACE('',#10898,2.5);
#2715=CYLINDRICAL_SURFACE('',#10900,2.5);
#2716=CYLINDRICAL_SURFACE('',#10902,2.5);
#2717=CYLINDRICAL_SURFACE('',#10904,2.5);
#2718=CYLINDRICAL_SURFACE('',#10906,2.5);
#2719=CYLINDRICAL_SURFACE('',#10908,2.5);
#2720=CYLINDRICAL_SURFACE('',#10910,2.5);
#2721=CYLINDRICAL_SURFACE('',#10912,2.5);
#2722=CYLINDRICAL_SURFACE('',#10914,2.5);
#2723=CYLINDRICAL_SURFACE('',#10916,2.5);
#2724=CYLINDRICAL_SURFACE('',#10918,2.5);
#2725=CYLINDRICAL_SURFACE('',#10920,2.5);
#2726=CYLINDRICAL_SURFACE('',#10922,2.5);
#2727=CYLINDRICAL_SURFACE('',#10924,2.5);
#2728=CYLINDRICAL_SURFACE('',#10926,2.5);
#2729=CYLINDRICAL_SURFACE('',#10928,2.5);
#2730=CYLINDRICAL_SURFACE('',#10930,2.5);
#2731=CYLINDRICAL_SURFACE('',#10932,2.5);
#2732=CYLINDRICAL_SURFACE('',#10934,2.5);
#2733=CYLINDRICAL_SURFACE('',#10936,2.5);
#2734=CYLINDRICAL_SURFACE('',#10938,2.5);
#2735=CYLINDRICAL_SURFACE('',#10940,2.5);
#2736=CYLINDRICAL_SURFACE('',#10942,2.5);
#2737=CYLINDRICAL_SURFACE('',#10944,2.5);
#2738=CYLINDRICAL_SURFACE('',#10946,2.5);
#2739=CYLINDRICAL_SURFACE('',#10948,2.5);
#2740=CYLINDRICAL_SURFACE('',#10950,2.5);
#2741=CYLINDRICAL_SURFACE('',#10952,2.5);
#2742=CYLINDRICAL_SURFACE('',#10954,2.5);
#2743=CYLINDRICAL_SURFACE('',#10956,2.5);
#2744=CYLINDRICAL_SURFACE('',#10958,2.5);
#2745=CYLINDRICAL_SURFACE('',#10960,2.5);
#2746=CYLINDRICAL_SURFACE('',#10962,2.5);
#2747=CYLINDRICAL_SURFACE('',#10964,2.5);
#2748=CYLINDRICAL_SURFACE('',#10966,2.5);
#2749=CYLINDRICAL_SURFACE('',#10968,2.5);
#2750=CYLINDRICAL_SURFACE('',#10970,2.5);
#2751=CYLINDRICAL_SURFACE('',#10972,2.5);
#2752=CYLINDRICAL_SURFACE('',#10975,2.5);
#2753=CYLINDRICAL_SURFACE('',#10977,2.5);
#2754=CYLINDRICAL_SURFACE('',#10979,2.5);
#2755=CYLINDRICAL_SURFACE('',#10981,2.5);
#2756=CYLINDRICAL_SURFACE('',#10983,2.5);
#2757=CYLINDRICAL_SURFACE('',#10985,2.5);
#2758=CYLINDRICAL_SURFACE('',#10987,2.5);
#2759=CYLINDRICAL_SURFACE('',#10989,2.5);
#2760=CYLINDRICAL_SURFACE('',#10991,2.5);
#2761=CYLINDRICAL_SURFACE('',#10993,2.5);
#2762=CYLINDRICAL_SURFACE('',#10995,2.5);
#2763=CYLINDRICAL_SURFACE('',#10997,2.5);
#2764=CYLINDRICAL_SURFACE('',#10999,2.5);
#2765=CYLINDRICAL_SURFACE('',#11001,2.5);
#2766=CYLINDRICAL_SURFACE('',#11003,2.5);
#2767=CYLINDRICAL_SURFACE('',#11005,2.5);
#2768=CYLINDRICAL_SURFACE('',#11007,2.5);
#2769=CYLINDRICAL_SURFACE('',#11019,19.5);
#2770=CYLINDRICAL_SURFACE('',#11025,19.5);
#2771=CYLINDRICAL_SURFACE('',#11028,30.18);
#2772=CYLINDRICAL_SURFACE('',#11030,30.18);
#2773=CYLINDRICAL_SURFACE('',#11033,19.5);
#2774=CYLINDRICAL_SURFACE('',#11039,30.18);
#2775=CYLINDRICAL_SURFACE('',#11040,30.18);
#2776=CYLINDRICAL_SURFACE('',#11041,30.18);
#2777=CYLINDRICAL_SURFACE('',#11043,30.18);
#2778=CYLINDRICAL_SURFACE('',#11044,30.18);
#2779=CYLINDRICAL_SURFACE('',#11047,19.5);
#2780=CYLINDRICAL_SURFACE('',#11048,7.00000000001353);
#2781=CYLINDRICAL_SURFACE('',#11056,6.99999999993872);
#2782=CYLINDRICAL_SURFACE('',#11061,6.99999999993851);
#2783=CYLINDRICAL_SURFACE('',#11075,6.99999999993851);
#2784=CYLINDRICAL_SURFACE('',#11077,6.99999999993872);
#2785=CYLINDRICAL_SURFACE('',#11079,6.99999999993872);
#2786=CYLINDRICAL_SURFACE('',#11084,2.5);
#2787=CYLINDRICAL_SURFACE('',#11086,2.5);
#2788=CYLINDRICAL_SURFACE('',#11088,2.5);
#2789=CYLINDRICAL_SURFACE('',#11091,32.5);
#2790=CYLINDRICAL_SURFACE('',#11097,32.5);
#2791=CYLINDRICAL_SURFACE('',#11100,2.);
#2792=CYLINDRICAL_SURFACE('',#11104,2.);
#2793=CYLINDRICAL_SURFACE('',#11105,32.5);
#2794=CYLINDRICAL_SURFACE('',#11107,2.);
#2795=CYLINDRICAL_SURFACE('',#11109,32.5);
#2796=CYLINDRICAL_SURFACE('',#11111,2.);
#2797=CYLINDRICAL_SURFACE('',#11112,2.);
#2798=CYLINDRICAL_SURFACE('',#11113,2.);
#2799=CYLINDRICAL_SURFACE('',#11115,2.);
#2800=CYLINDRICAL_SURFACE('',#11118,2.);
#2801=CYLINDRICAL_SURFACE('',#11133,1.);
#2802=CYLINDRICAL_SURFACE('',#11145,1.);
#2803=CYLINDRICAL_SURFACE('',#11154,1.);
#2804=CYLINDRICAL_SURFACE('',#11155,32.5);
#2805=CYLINDRICAL_SURFACE('',#11159,1.);
#2806=CYLINDRICAL_SURFACE('',#11168,1.);
#2807=CYLINDRICAL_SURFACE('',#11181,1.);
#2808=CYLINDRICAL_SURFACE('',#11185,1.);
#2809=CYLINDRICAL_SURFACE('',#11192,32.5);
#2810=CYLINDRICAL_SURFACE('',#11194,1.);
#2811=CYLINDRICAL_SURFACE('',#11199,6.99999999993872);
#2812=CYLINDRICAL_SURFACE('',#11201,2.);
#2813=CYLINDRICAL_SURFACE('',#11207,2.);
#2814=CYLINDRICAL_SURFACE('',#11218,2.);
#2815=CYLINDRICAL_SURFACE('',#11224,2.);
#2816=FACE_OUTER_BOUND('',#3332,.T.);
#2817=FACE_OUTER_BOUND('',#3333,.T.);
#2818=FACE_OUTER_BOUND('',#3334,.T.);
#2819=FACE_OUTER_BOUND('',#3335,.T.);
#2820=FACE_OUTER_BOUND('',#3336,.T.);
#2821=FACE_OUTER_BOUND('',#3337,.T.);
#2822=FACE_OUTER_BOUND('',#3338,.T.);
#2823=FACE_OUTER_BOUND('',#3339,.T.);
#2824=FACE_OUTER_BOUND('',#3340,.T.);
#2825=FACE_OUTER_BOUND('',#3341,.T.);
#2826=FACE_OUTER_BOUND('',#3342,.T.);
#2827=FACE_OUTER_BOUND('',#3343,.T.);
#2828=FACE_OUTER_BOUND('',#3344,.T.);
#2829=FACE_OUTER_BOUND('',#3345,.T.);
#2830=FACE_OUTER_BOUND('',#3346,.T.);
#2831=FACE_OUTER_BOUND('',#3347,.T.);
#2832=FACE_OUTER_BOUND('',#3348,.T.);
#2833=FACE_OUTER_BOUND('',#3349,.T.);
#2834=FACE_OUTER_BOUND('',#3350,.T.);
#2835=FACE_OUTER_BOUND('',#3351,.T.);
#2836=FACE_OUTER_BOUND('',#3352,.T.);
#2837=FACE_OUTER_BOUND('',#3353,.T.);
#2838=FACE_OUTER_BOUND('',#3354,.T.);
#2839=FACE_OUTER_BOUND('',#3355,.T.);
#2840=FACE_OUTER_BOUND('',#3356,.T.);
#2841=FACE_OUTER_BOUND('',#3357,.T.);
#2842=FACE_OUTER_BOUND('',#3358,.T.);
#2843=FACE_OUTER_BOUND('',#3359,.T.);
#2844=FACE_OUTER_BOUND('',#3360,.T.);
#2845=FACE_OUTER_BOUND('',#3361,.T.);
#2846=FACE_OUTER_BOUND('',#3362,.T.);
#2847=FACE_OUTER_BOUND('',#3363,.T.);
#2848=FACE_OUTER_BOUND('',#3365,.T.);
#2849=FACE_OUTER_BOUND('',#3367,.T.);
#2850=FACE_OUTER_BOUND('',#3368,.T.);
#2851=FACE_OUTER_BOUND('',#3369,.T.);
#2852=FACE_OUTER_BOUND('',#3370,.T.);
#2853=FACE_OUTER_BOUND('',#3371,.T.);
#2854=FACE_OUTER_BOUND('',#3372,.T.);
#2855=FACE_OUTER_BOUND('',#3373,.T.);
#2856=FACE_OUTER_BOUND('',#3374,.T.);
#2857=FACE_OUTER_BOUND('',#3375,.T.);
#2858=FACE_OUTER_BOUND('',#3376,.T.);
#2859=FACE_OUTER_BOUND('',#3377,.T.);
#2860=FACE_OUTER_BOUND('',#3408,.T.);
#2861=FACE_OUTER_BOUND('',#3409,.T.);
#2862=FACE_OUTER_BOUND('',#3410,.T.);
#2863=FACE_OUTER_BOUND('',#3444,.T.);
#2864=FACE_OUTER_BOUND('',#3445,.T.);
#2865=FACE_OUTER_BOUND('',#3447,.T.);
#2866=FACE_OUTER_BOUND('',#3448,.T.);
#2867=FACE_OUTER_BOUND('',#3449,.T.);
#2868=FACE_OUTER_BOUND('',#3451,.T.);
#2869=FACE_OUTER_BOUND('',#3452,.T.);
#2870=FACE_OUTER_BOUND('',#3453,.T.);
#2871=FACE_OUTER_BOUND('',#3454,.T.);
#2872=FACE_OUTER_BOUND('',#3455,.T.);
#2873=FACE_OUTER_BOUND('',#3456,.T.);
#2874=FACE_OUTER_BOUND('',#3457,.T.);
#2875=FACE_OUTER_BOUND('',#3458,.T.);
#2876=FACE_OUTER_BOUND('',#3459,.T.);
#2877=FACE_OUTER_BOUND('',#3460,.T.);
#2878=FACE_OUTER_BOUND('',#3461,.T.);
#2879=FACE_OUTER_BOUND('',#3462,.T.);
#2880=FACE_OUTER_BOUND('',#3463,.T.);
#2881=FACE_OUTER_BOUND('',#3464,.T.);
#2882=FACE_OUTER_BOUND('',#3465,.T.);
#2883=FACE_OUTER_BOUND('',#3466,.T.);
#2884=FACE_OUTER_BOUND('',#3467,.T.);
#2885=FACE_OUTER_BOUND('',#3468,.T.);
#2886=FACE_OUTER_BOUND('',#3469,.T.);
#2887=FACE_OUTER_BOUND('',#3471,.T.);
#2888=FACE_OUTER_BOUND('',#3472,.T.);
#2889=FACE_OUTER_BOUND('',#3473,.T.);
#2890=FACE_OUTER_BOUND('',#3474,.T.);
#2891=FACE_OUTER_BOUND('',#3475,.T.);
#2892=FACE_OUTER_BOUND('',#3476,.T.);
#2893=FACE_OUTER_BOUND('',#3477,.T.);
#2894=FACE_OUTER_BOUND('',#3480,.T.);
#2895=FACE_OUTER_BOUND('',#3481,.T.);
#2896=FACE_OUTER_BOUND('',#3483,.T.);
#2897=FACE_OUTER_BOUND('',#3484,.T.);
#2898=FACE_OUTER_BOUND('',#3485,.T.);
#2899=FACE_OUTER_BOUND('',#3486,.T.);
#2900=FACE_OUTER_BOUND('',#3487,.T.);
#2901=FACE_OUTER_BOUND('',#3488,.T.);
#2902=FACE_OUTER_BOUND('',#3489,.T.);
#2903=FACE_OUTER_BOUND('',#3490,.T.);
#2904=FACE_OUTER_BOUND('',#3491,.T.);
#2905=FACE_OUTER_BOUND('',#3492,.T.);
#2906=FACE_OUTER_BOUND('',#3493,.T.);
#2907=FACE_OUTER_BOUND('',#3494,.T.);
#2908=FACE_OUTER_BOUND('',#3495,.T.);
#2909=FACE_OUTER_BOUND('',#3496,.T.);
#2910=FACE_OUTER_BOUND('',#3497,.T.);
#2911=FACE_OUTER_BOUND('',#3498,.T.);
#2912=FACE_OUTER_BOUND('',#3499,.T.);
#2913=FACE_OUTER_BOUND('',#3500,.T.);
#2914=FACE_OUTER_BOUND('',#3501,.T.);
#2915=FACE_OUTER_BOUND('',#3502,.T.);
#2916=FACE_OUTER_BOUND('',#3503,.T.);
#2917=FACE_OUTER_BOUND('',#3504,.T.);
#2918=FACE_OUTER_BOUND('',#3505,.T.);
#2919=FACE_OUTER_BOUND('',#3506,.T.);
#2920=FACE_OUTER_BOUND('',#3507,.T.);
#2921=FACE_OUTER_BOUND('',#3509,.T.);
#2922=FACE_OUTER_BOUND('',#3510,.T.);
#2923=FACE_OUTER_BOUND('',#3511,.T.);
#2924=FACE_OUTER_BOUND('',#3512,.T.);
#2925=FACE_OUTER_BOUND('',#3513,.T.);
#2926=FACE_OUTER_BOUND('',#3514,.T.);
#2927=FACE_OUTER_BOUND('',#3515,.T.);
#2928=FACE_OUTER_BOUND('',#3516,.T.);
#2929=FACE_OUTER_BOUND('',#3518,.T.);
#2930=FACE_OUTER_BOUND('',#3519,.T.);
#2931=FACE_OUTER_BOUND('',#3520,.T.);
#2932=FACE_OUTER_BOUND('',#3521,.T.);
#2933=FACE_OUTER_BOUND('',#3523,.T.);
#2934=FACE_OUTER_BOUND('',#3524,.T.);
#2935=FACE_OUTER_BOUND('',#3525,.T.);
#2936=FACE_OUTER_BOUND('',#3526,.T.);
#2937=FACE_OUTER_BOUND('',#3527,.T.);
#2938=FACE_OUTER_BOUND('',#3528,.T.);
#2939=FACE_OUTER_BOUND('',#3529,.T.);
#2940=FACE_OUTER_BOUND('',#3530,.T.);
#2941=FACE_OUTER_BOUND('',#3531,.T.);
#2942=FACE_OUTER_BOUND('',#3532,.T.);
#2943=FACE_OUTER_BOUND('',#3533,.T.);
#2944=FACE_OUTER_BOUND('',#3534,.T.);
#2945=FACE_OUTER_BOUND('',#3535,.T.);
#2946=FACE_OUTER_BOUND('',#3536,.T.);
#2947=FACE_OUTER_BOUND('',#3537,.T.);
#2948=FACE_OUTER_BOUND('',#3538,.T.);
#2949=FACE_OUTER_BOUND('',#3539,.T.);
#2950=FACE_OUTER_BOUND('',#3540,.T.);
#2951=FACE_OUTER_BOUND('',#3541,.T.);
#2952=FACE_OUTER_BOUND('',#3542,.T.);
#2953=FACE_OUTER_BOUND('',#3543,.T.);
#2954=FACE_OUTER_BOUND('',#3544,.T.);
#2955=FACE_OUTER_BOUND('',#3545,.T.);
#2956=FACE_OUTER_BOUND('',#3546,.T.);
#2957=FACE_OUTER_BOUND('',#3547,.T.);
#2958=FACE_OUTER_BOUND('',#3548,.T.);
#2959=FACE_OUTER_BOUND('',#3549,.T.);
#2960=FACE_OUTER_BOUND('',#3550,.T.);
#2961=FACE_OUTER_BOUND('',#3551,.T.);
#2962=FACE_OUTER_BOUND('',#3552,.T.);
#2963=FACE_OUTER_BOUND('',#3553,.T.);
#2964=FACE_OUTER_BOUND('',#3554,.T.);
#2965=FACE_OUTER_BOUND('',#3555,.T.);
#2966=FACE_OUTER_BOUND('',#3556,.T.);
#2967=FACE_OUTER_BOUND('',#3557,.T.);
#2968=FACE_OUTER_BOUND('',#3558,.T.);
#2969=FACE_OUTER_BOUND('',#3559,.T.);
#2970=FACE_OUTER_BOUND('',#3560,.T.);
#2971=FACE_OUTER_BOUND('',#3561,.T.);
#2972=FACE_OUTER_BOUND('',#3562,.T.);
#2973=FACE_OUTER_BOUND('',#3563,.T.);
#2974=FACE_OUTER_BOUND('',#3564,.T.);
#2975=FACE_OUTER_BOUND('',#3565,.T.);
#2976=FACE_OUTER_BOUND('',#3566,.T.);
#2977=FACE_OUTER_BOUND('',#3567,.T.);
#2978=FACE_OUTER_BOUND('',#3568,.T.);
#2979=FACE_OUTER_BOUND('',#3569,.T.);
#2980=FACE_OUTER_BOUND('',#3570,.T.);
#2981=FACE_OUTER_BOUND('',#3571,.T.);
#2982=FACE_OUTER_BOUND('',#3572,.T.);
#2983=FACE_OUTER_BOUND('',#3573,.T.);
#2984=FACE_OUTER_BOUND('',#3574,.T.);
#2985=FACE_OUTER_BOUND('',#3575,.T.);
#2986=FACE_OUTER_BOUND('',#3576,.T.);
#2987=FACE_OUTER_BOUND('',#3577,.T.);
#2988=FACE_OUTER_BOUND('',#3578,.T.);
#2989=FACE_OUTER_BOUND('',#3579,.T.);
#2990=FACE_OUTER_BOUND('',#3580,.T.);
#2991=FACE_OUTER_BOUND('',#3581,.T.);
#2992=FACE_OUTER_BOUND('',#3582,.T.);
#2993=FACE_OUTER_BOUND('',#3583,.T.);
#2994=FACE_OUTER_BOUND('',#3584,.T.);
#2995=FACE_OUTER_BOUND('',#3585,.T.);
#2996=FACE_OUTER_BOUND('',#3586,.T.);
#2997=FACE_OUTER_BOUND('',#3587,.T.);
#2998=FACE_OUTER_BOUND('',#3588,.T.);
#2999=FACE_OUTER_BOUND('',#3589,.T.);
#3000=FACE_OUTER_BOUND('',#3590,.T.);
#3001=FACE_OUTER_BOUND('',#3591,.T.);
#3002=FACE_OUTER_BOUND('',#3592,.T.);
#3003=FACE_OUTER_BOUND('',#3593,.T.);
#3004=FACE_OUTER_BOUND('',#3594,.T.);
#3005=FACE_OUTER_BOUND('',#3595,.T.);
#3006=FACE_OUTER_BOUND('',#3596,.T.);
#3007=FACE_OUTER_BOUND('',#3597,.T.);
#3008=FACE_OUTER_BOUND('',#3598,.T.);
#3009=FACE_OUTER_BOUND('',#3599,.T.);
#3010=FACE_OUTER_BOUND('',#3600,.T.);
#3011=FACE_OUTER_BOUND('',#3601,.T.);
#3012=FACE_OUTER_BOUND('',#3602,.T.);
#3013=FACE_OUTER_BOUND('',#3603,.T.);
#3014=FACE_OUTER_BOUND('',#3604,.T.);
#3015=FACE_OUTER_BOUND('',#3605,.T.);
#3016=FACE_OUTER_BOUND('',#3606,.T.);
#3017=FACE_OUTER_BOUND('',#3607,.T.);
#3018=FACE_OUTER_BOUND('',#3608,.T.);
#3019=FACE_OUTER_BOUND('',#3609,.T.);
#3020=FACE_OUTER_BOUND('',#3610,.T.);
#3021=FACE_OUTER_BOUND('',#3611,.T.);
#3022=FACE_OUTER_BOUND('',#3612,.T.);
#3023=FACE_OUTER_BOUND('',#3613,.T.);
#3024=FACE_OUTER_BOUND('',#3614,.T.);
#3025=FACE_OUTER_BOUND('',#3615,.T.);
#3026=FACE_OUTER_BOUND('',#3616,.T.);
#3027=FACE_OUTER_BOUND('',#3617,.T.);
#3028=FACE_OUTER_BOUND('',#3618,.T.);
#3029=FACE_OUTER_BOUND('',#3619,.T.);
#3030=FACE_OUTER_BOUND('',#3620,.T.);
#3031=FACE_OUTER_BOUND('',#3621,.T.);
#3032=FACE_OUTER_BOUND('',#3622,.T.);
#3033=FACE_OUTER_BOUND('',#3623,.T.);
#3034=FACE_OUTER_BOUND('',#3624,.T.);
#3035=FACE_OUTER_BOUND('',#3625,.T.);
#3036=FACE_OUTER_BOUND('',#3626,.T.);
#3037=FACE_OUTER_BOUND('',#3627,.T.);
#3038=FACE_OUTER_BOUND('',#3628,.T.);
#3039=FACE_OUTER_BOUND('',#3629,.T.);
#3040=FACE_OUTER_BOUND('',#3630,.T.);
#3041=FACE_OUTER_BOUND('',#3631,.T.);
#3042=FACE_OUTER_BOUND('',#3632,.T.);
#3043=FACE_OUTER_BOUND('',#3633,.T.);
#3044=FACE_OUTER_BOUND('',#3634,.T.);
#3045=FACE_OUTER_BOUND('',#3635,.T.);
#3046=FACE_OUTER_BOUND('',#3636,.T.);
#3047=FACE_OUTER_BOUND('',#3637,.T.);
#3048=FACE_OUTER_BOUND('',#3638,.T.);
#3049=FACE_OUTER_BOUND('',#3639,.T.);
#3050=FACE_OUTER_BOUND('',#3640,.T.);
#3051=FACE_OUTER_BOUND('',#3641,.T.);
#3052=FACE_OUTER_BOUND('',#3642,.T.);
#3053=FACE_OUTER_BOUND('',#3643,.T.);
#3054=FACE_OUTER_BOUND('',#3644,.T.);
#3055=FACE_OUTER_BOUND('',#3645,.T.);
#3056=FACE_OUTER_BOUND('',#3646,.T.);
#3057=FACE_OUTER_BOUND('',#3647,.T.);
#3058=FACE_OUTER_BOUND('',#3648,.T.);
#3059=FACE_OUTER_BOUND('',#3649,.T.);
#3060=FACE_OUTER_BOUND('',#3650,.T.);
#3061=FACE_OUTER_BOUND('',#3651,.T.);
#3062=FACE_OUTER_BOUND('',#3652,.T.);
#3063=FACE_OUTER_BOUND('',#3653,.T.);
#3064=FACE_OUTER_BOUND('',#3654,.T.);
#3065=FACE_OUTER_BOUND('',#3655,.T.);
#3066=FACE_OUTER_BOUND('',#3656,.T.);
#3067=FACE_OUTER_BOUND('',#3657,.T.);
#3068=FACE_OUTER_BOUND('',#3658,.T.);
#3069=FACE_OUTER_BOUND('',#3659,.T.);
#3070=FACE_OUTER_BOUND('',#3660,.T.);
#3071=FACE_OUTER_BOUND('',#3661,.T.);
#3072=FACE_OUTER_BOUND('',#3662,.T.);
#3073=FACE_OUTER_BOUND('',#3663,.T.);
#3074=FACE_OUTER_BOUND('',#3664,.T.);
#3075=FACE_OUTER_BOUND('',#3665,.T.);
#3076=FACE_OUTER_BOUND('',#3666,.T.);
#3077=FACE_OUTER_BOUND('',#3667,.T.);
#3078=FACE_OUTER_BOUND('',#3668,.T.);
#3079=FACE_OUTER_BOUND('',#3669,.T.);
#3080=FACE_OUTER_BOUND('',#3670,.T.);
#3081=FACE_OUTER_BOUND('',#3671,.T.);
#3082=FACE_OUTER_BOUND('',#3672,.T.);
#3083=FACE_OUTER_BOUND('',#3673,.T.);
#3084=FACE_OUTER_BOUND('',#3674,.T.);
#3085=FACE_OUTER_BOUND('',#3675,.T.);
#3086=FACE_OUTER_BOUND('',#3676,.T.);
#3087=FACE_OUTER_BOUND('',#3677,.T.);
#3088=FACE_OUTER_BOUND('',#3678,.T.);
#3089=FACE_OUTER_BOUND('',#3679,.T.);
#3090=FACE_OUTER_BOUND('',#3680,.T.);
#3091=FACE_OUTER_BOUND('',#3681,.T.);
#3092=FACE_OUTER_BOUND('',#3682,.T.);
#3093=FACE_OUTER_BOUND('',#3683,.T.);
#3094=FACE_OUTER_BOUND('',#3684,.T.);
#3095=FACE_OUTER_BOUND('',#3685,.T.);
#3096=FACE_OUTER_BOUND('',#3686,.T.);
#3097=FACE_OUTER_BOUND('',#3687,.T.);
#3098=FACE_OUTER_BOUND('',#3688,.T.);
#3099=FACE_OUTER_BOUND('',#3689,.T.);
#3100=FACE_OUTER_BOUND('',#3690,.T.);
#3101=FACE_OUTER_BOUND('',#3691,.T.);
#3102=FACE_OUTER_BOUND('',#3692,.T.);
#3103=FACE_OUTER_BOUND('',#3693,.T.);
#3104=FACE_OUTER_BOUND('',#3694,.T.);
#3105=FACE_OUTER_BOUND('',#3695,.T.);
#3106=FACE_OUTER_BOUND('',#3696,.T.);
#3107=FACE_OUTER_BOUND('',#3697,.T.);
#3108=FACE_OUTER_BOUND('',#3698,.T.);
#3109=FACE_OUTER_BOUND('',#3699,.T.);
#3110=FACE_OUTER_BOUND('',#3700,.T.);
#3111=FACE_OUTER_BOUND('',#3701,.T.);
#3112=FACE_OUTER_BOUND('',#3702,.T.);
#3113=FACE_OUTER_BOUND('',#3703,.T.);
#3114=FACE_OUTER_BOUND('',#3704,.T.);
#3115=FACE_OUTER_BOUND('',#3705,.T.);
#3116=FACE_OUTER_BOUND('',#3706,.T.);
#3117=FACE_OUTER_BOUND('',#3707,.T.);
#3118=FACE_OUTER_BOUND('',#3708,.T.);
#3119=FACE_OUTER_BOUND('',#3709,.T.);
#3120=FACE_OUTER_BOUND('',#3710,.T.);
#3121=FACE_OUTER_BOUND('',#3711,.T.);
#3122=FACE_OUTER_BOUND('',#3712,.T.);
#3123=FACE_OUTER_BOUND('',#3713,.T.);
#3124=FACE_OUTER_BOUND('',#3714,.T.);
#3125=FACE_OUTER_BOUND('',#3715,.T.);
#3126=FACE_OUTER_BOUND('',#3716,.T.);
#3127=FACE_OUTER_BOUND('',#3717,.T.);
#3128=FACE_OUTER_BOUND('',#3718,.T.);
#3129=FACE_OUTER_BOUND('',#3719,.T.);
#3130=FACE_OUTER_BOUND('',#3720,.T.);
#3131=FACE_OUTER_BOUND('',#3721,.T.);
#3132=FACE_OUTER_BOUND('',#3722,.T.);
#3133=FACE_OUTER_BOUND('',#3723,.T.);
#3134=FACE_OUTER_BOUND('',#3724,.T.);
#3135=FACE_OUTER_BOUND('',#3725,.T.);
#3136=FACE_OUTER_BOUND('',#3726,.T.);
#3137=FACE_OUTER_BOUND('',#3727,.T.);
#3138=FACE_OUTER_BOUND('',#3728,.T.);
#3139=FACE_OUTER_BOUND('',#3729,.T.);
#3140=FACE_OUTER_BOUND('',#3730,.T.);
#3141=FACE_OUTER_BOUND('',#3731,.T.);
#3142=FACE_OUTER_BOUND('',#3732,.T.);
#3143=FACE_OUTER_BOUND('',#3733,.T.);
#3144=FACE_OUTER_BOUND('',#3734,.T.);
#3145=FACE_OUTER_BOUND('',#3735,.T.);
#3146=FACE_OUTER_BOUND('',#3736,.T.);
#3147=FACE_OUTER_BOUND('',#3737,.T.);
#3148=FACE_OUTER_BOUND('',#3738,.T.);
#3149=FACE_OUTER_BOUND('',#3739,.T.);
#3150=FACE_OUTER_BOUND('',#3740,.T.);
#3151=FACE_OUTER_BOUND('',#3741,.T.);
#3152=FACE_OUTER_BOUND('',#3742,.T.);
#3153=FACE_OUTER_BOUND('',#3743,.T.);
#3154=FACE_OUTER_BOUND('',#3744,.T.);
#3155=FACE_OUTER_BOUND('',#3745,.T.);
#3156=FACE_OUTER_BOUND('',#3746,.T.);
#3157=FACE_OUTER_BOUND('',#3747,.T.);
#3158=FACE_OUTER_BOUND('',#3748,.T.);
#3159=FACE_OUTER_BOUND('',#3749,.T.);
#3160=FACE_OUTER_BOUND('',#3750,.T.);
#3161=FACE_OUTER_BOUND('',#3751,.T.);
#3162=FACE_OUTER_BOUND('',#3752,.T.);
#3163=FACE_OUTER_BOUND('',#3753,.T.);
#3164=FACE_OUTER_BOUND('',#3754,.T.);
#3165=FACE_OUTER_BOUND('',#3755,.T.);
#3166=FACE_OUTER_BOUND('',#3756,.T.);
#3167=FACE_OUTER_BOUND('',#3757,.T.);
#3168=FACE_OUTER_BOUND('',#3758,.T.);
#3169=FACE_OUTER_BOUND('',#3759,.T.);
#3170=FACE_OUTER_BOUND('',#3760,.T.);
#3171=FACE_OUTER_BOUND('',#3761,.T.);
#3172=FACE_OUTER_BOUND('',#3762,.T.);
#3173=FACE_OUTER_BOUND('',#3763,.T.);
#3174=FACE_OUTER_BOUND('',#3764,.T.);
#3175=FACE_OUTER_BOUND('',#3765,.T.);
#3176=FACE_OUTER_BOUND('',#3766,.T.);
#3177=FACE_OUTER_BOUND('',#3767,.T.);
#3178=FACE_OUTER_BOUND('',#3768,.T.);
#3179=FACE_OUTER_BOUND('',#3770,.T.);
#3180=FACE_OUTER_BOUND('',#3771,.T.);
#3181=FACE_OUTER_BOUND('',#3773,.T.);
#3182=FACE_OUTER_BOUND('',#3774,.T.);
#3183=FACE_OUTER_BOUND('',#3775,.T.);
#3184=FACE_OUTER_BOUND('',#3776,.T.);
#3185=FACE_OUTER_BOUND('',#3777,.T.);
#3186=FACE_OUTER_BOUND('',#3778,.T.);
#3187=FACE_OUTER_BOUND('',#3779,.T.);
#3188=FACE_OUTER_BOUND('',#3780,.T.);
#3189=FACE_OUTER_BOUND('',#3781,.T.);
#3190=FACE_OUTER_BOUND('',#3782,.T.);
#3191=FACE_OUTER_BOUND('',#3784,.T.);
#3192=FACE_OUTER_BOUND('',#3785,.T.);
#3193=FACE_OUTER_BOUND('',#3786,.T.);
#3194=FACE_OUTER_BOUND('',#3787,.T.);
#3195=FACE_OUTER_BOUND('',#3788,.T.);
#3196=FACE_OUTER_BOUND('',#3789,.T.);
#3197=FACE_OUTER_BOUND('',#3790,.T.);
#3198=FACE_OUTER_BOUND('',#3792,.T.);
#3199=FACE_OUTER_BOUND('',#3794,.T.);
#3200=FACE_OUTER_BOUND('',#3795,.T.);
#3201=FACE_OUTER_BOUND('',#3796,.T.);
#3202=FACE_OUTER_BOUND('',#3797,.T.);
#3203=FACE_OUTER_BOUND('',#3798,.T.);
#3204=FACE_OUTER_BOUND('',#3799,.T.);
#3205=FACE_OUTER_BOUND('',#3800,.T.);
#3206=FACE_OUTER_BOUND('',#3801,.T.);
#3207=FACE_OUTER_BOUND('',#3802,.T.);
#3208=FACE_OUTER_BOUND('',#3803,.T.);
#3209=FACE_OUTER_BOUND('',#3804,.T.);
#3210=FACE_OUTER_BOUND('',#3805,.T.);
#3211=FACE_OUTER_BOUND('',#3806,.T.);
#3212=FACE_OUTER_BOUND('',#3807,.T.);
#3213=FACE_OUTER_BOUND('',#3808,.T.);
#3214=FACE_OUTER_BOUND('',#3809,.T.);
#3215=FACE_OUTER_BOUND('',#3810,.T.);
#3216=FACE_OUTER_BOUND('',#3811,.T.);
#3217=FACE_OUTER_BOUND('',#3812,.T.);
#3218=FACE_OUTER_BOUND('',#3813,.T.);
#3219=FACE_OUTER_BOUND('',#3814,.T.);
#3220=FACE_OUTER_BOUND('',#3815,.T.);
#3221=FACE_OUTER_BOUND('',#3816,.T.);
#3222=FACE_OUTER_BOUND('',#3817,.T.);
#3223=FACE_OUTER_BOUND('',#3818,.T.);
#3224=FACE_OUTER_BOUND('',#3819,.T.);
#3225=FACE_OUTER_BOUND('',#3820,.T.);
#3226=FACE_OUTER_BOUND('',#3821,.T.);
#3227=FACE_OUTER_BOUND('',#3822,.T.);
#3228=FACE_OUTER_BOUND('',#3823,.T.);
#3229=FACE_OUTER_BOUND('',#3824,.T.);
#3230=FACE_OUTER_BOUND('',#3825,.T.);
#3231=FACE_OUTER_BOUND('',#3826,.T.);
#3232=FACE_OUTER_BOUND('',#3827,.T.);
#3233=FACE_OUTER_BOUND('',#3828,.T.);
#3234=FACE_OUTER_BOUND('',#3829,.T.);
#3235=FACE_OUTER_BOUND('',#3830,.T.);
#3236=FACE_OUTER_BOUND('',#3831,.T.);
#3237=FACE_OUTER_BOUND('',#3832,.T.);
#3238=FACE_OUTER_BOUND('',#3833,.T.);
#3239=FACE_OUTER_BOUND('',#3834,.T.);
#3240=FACE_OUTER_BOUND('',#3835,.T.);
#3241=FACE_OUTER_BOUND('',#3836,.T.);
#3242=FACE_OUTER_BOUND('',#3837,.T.);
#3243=FACE_OUTER_BOUND('',#3838,.T.);
#3244=FACE_OUTER_BOUND('',#3839,.T.);
#3245=FACE_OUTER_BOUND('',#3840,.T.);
#3246=FACE_OUTER_BOUND('',#3841,.T.);
#3247=FACE_OUTER_BOUND('',#3842,.T.);
#3248=FACE_OUTER_BOUND('',#3843,.T.);
#3249=FACE_OUTER_BOUND('',#3844,.T.);
#3250=FACE_OUTER_BOUND('',#3845,.T.);
#3251=FACE_OUTER_BOUND('',#3846,.T.);
#3252=FACE_OUTER_BOUND('',#3847,.T.);
#3253=FACE_OUTER_BOUND('',#3848,.T.);
#3254=FACE_OUTER_BOUND('',#3849,.T.);
#3255=FACE_OUTER_BOUND('',#3850,.T.);
#3256=FACE_OUTER_BOUND('',#3851,.T.);
#3257=FACE_OUTER_BOUND('',#3852,.T.);
#3258=FACE_OUTER_BOUND('',#3853,.T.);
#3259=FACE_OUTER_BOUND('',#3855,.T.);
#3260=FACE_OUTER_BOUND('',#3856,.T.);
#3261=FACE_OUTER_BOUND('',#3857,.T.);
#3262=FACE_OUTER_BOUND('',#3858,.T.);
#3263=FACE_OUTER_BOUND('',#3859,.T.);
#3264=FACE_OUTER_BOUND('',#3860,.T.);
#3265=FACE_OUTER_BOUND('',#3861,.T.);
#3266=FACE_OUTER_BOUND('',#3862,.T.);
#3267=FACE_OUTER_BOUND('',#3863,.T.);
#3268=FACE_OUTER_BOUND('',#3864,.T.);
#3269=FACE_OUTER_BOUND('',#3865,.T.);
#3270=FACE_OUTER_BOUND('',#3866,.T.);
#3271=FACE_OUTER_BOUND('',#3867,.T.);
#3272=FACE_OUTER_BOUND('',#3869,.T.);
#3273=FACE_OUTER_BOUND('',#3870,.T.);
#3274=FACE_OUTER_BOUND('',#3871,.T.);
#3275=FACE_OUTER_BOUND('',#3873,.T.);
#3276=FACE_OUTER_BOUND('',#3874,.T.);
#3277=FACE_OUTER_BOUND('',#3875,.T.);
#3278=FACE_OUTER_BOUND('',#3876,.T.);
#3279=FACE_OUTER_BOUND('',#3877,.T.);
#3280=FACE_OUTER_BOUND('',#3878,.T.);
#3281=FACE_OUTER_BOUND('',#3879,.T.);
#3282=FACE_OUTER_BOUND('',#3880,.T.);
#3283=FACE_OUTER_BOUND('',#3881,.T.);
#3284=FACE_OUTER_BOUND('',#3882,.T.);
#3285=FACE_OUTER_BOUND('',#3883,.T.);
#3286=FACE_OUTER_BOUND('',#3884,.T.);
#3287=FACE_OUTER_BOUND('',#3885,.T.);
#3288=FACE_OUTER_BOUND('',#3886,.T.);
#3289=FACE_OUTER_BOUND('',#3887,.T.);
#3290=FACE_OUTER_BOUND('',#3888,.T.);
#3291=FACE_OUTER_BOUND('',#3889,.T.);
#3292=FACE_OUTER_BOUND('',#3890,.T.);
#3293=FACE_OUTER_BOUND('',#3891,.T.);
#3294=FACE_OUTER_BOUND('',#3892,.T.);
#3295=FACE_OUTER_BOUND('',#3893,.T.);
#3296=FACE_OUTER_BOUND('',#3894,.T.);
#3297=FACE_OUTER_BOUND('',#3895,.T.);
#3298=FACE_OUTER_BOUND('',#3896,.T.);
#3299=FACE_OUTER_BOUND('',#3897,.T.);
#3300=FACE_OUTER_BOUND('',#3898,.T.);
#3301=FACE_OUTER_BOUND('',#3899,.T.);
#3302=FACE_OUTER_BOUND('',#3900,.T.);
#3303=FACE_OUTER_BOUND('',#3901,.T.);
#3304=FACE_OUTER_BOUND('',#3902,.T.);
#3305=FACE_OUTER_BOUND('',#3903,.T.);
#3306=FACE_OUTER_BOUND('',#3904,.T.);
#3307=FACE_OUTER_BOUND('',#3905,.T.);
#3308=FACE_OUTER_BOUND('',#3906,.T.);
#3309=FACE_OUTER_BOUND('',#3907,.T.);
#3310=FACE_OUTER_BOUND('',#3908,.T.);
#3311=FACE_OUTER_BOUND('',#3909,.T.);
#3312=FACE_OUTER_BOUND('',#3910,.T.);
#3313=FACE_OUTER_BOUND('',#3911,.T.);
#3314=FACE_OUTER_BOUND('',#3912,.T.);
#3315=FACE_OUTER_BOUND('',#3913,.T.);
#3316=FACE_OUTER_BOUND('',#3914,.T.);
#3317=FACE_OUTER_BOUND('',#3915,.T.);
#3318=FACE_OUTER_BOUND('',#3916,.T.);
#3319=FACE_OUTER_BOUND('',#3917,.T.);
#3320=FACE_OUTER_BOUND('',#3918,.T.);
#3321=FACE_OUTER_BOUND('',#3919,.T.);
#3322=FACE_OUTER_BOUND('',#3920,.T.);
#3323=FACE_OUTER_BOUND('',#3921,.T.);
#3324=FACE_OUTER_BOUND('',#3922,.T.);
#3325=FACE_OUTER_BOUND('',#3923,.T.);
#3326=FACE_OUTER_BOUND('',#3924,.T.);
#3327=FACE_OUTER_BOUND('',#3926,.T.);
#3328=FACE_OUTER_BOUND('',#3927,.T.);
#3329=FACE_OUTER_BOUND('',#3928,.T.);
#3330=FACE_OUTER_BOUND('',#3929,.T.);
#3331=FACE_OUTER_BOUND('',#3930,.T.);
#3332=EDGE_LOOP('',(#6840,#6841,#6842));
#3333=EDGE_LOOP('',(#6843,#6844,#6845,#6846));
#3334=EDGE_LOOP('',(#6847,#6848,#6849,#6850));
#3335=EDGE_LOOP('',(#6851,#6852,#6853,#6854));
#3336=EDGE_LOOP('',(#6855,#6856,#6857,#6858));
#3337=EDGE_LOOP('',(#6859,#6860,#6861,#6862));
#3338=EDGE_LOOP('',(#6863,#6864,#6865));
#3339=EDGE_LOOP('',(#6866,#6867,#6868,#6869));
#3340=EDGE_LOOP('',(#6870,#6871,#6872,#6873));
#3341=EDGE_LOOP('',(#6874,#6875,#6876,#6877));
#3342=EDGE_LOOP('',(#6878,#6879,#6880,#6881));
#3343=EDGE_LOOP('',(#6882,#6883,#6884,#6885));
#3344=EDGE_LOOP('',(#6886,#6887,#6888,#6889,#6890));
#3345=EDGE_LOOP('',(#6891,#6892,#6893,#6894,#6895,#6896,#6897));
#3346=EDGE_LOOP('',(#6898,#6899,#6900,#6901,#6902,#6903,#6904));
#3347=EDGE_LOOP('',(#6905,#6906,#6907,#6908));
#3348=EDGE_LOOP('',(#6909,#6910,#6911,#6912));
#3349=EDGE_LOOP('',(#6913,#6914,#6915,#6916));
#3350=EDGE_LOOP('',(#6917,#6918,#6919));
#3351=EDGE_LOOP('',(#6920,#6921,#6922,#6923));
#3352=EDGE_LOOP('',(#6924,#6925,#6926,#6927));
#3353=EDGE_LOOP('',(#6928,#6929,#6930,#6931,#6932));
#3354=EDGE_LOOP('',(#6933,#6934,#6935,#6936,#6937,#6938,#6939));
#3355=EDGE_LOOP('',(#6940,#6941,#6942,#6943));
#3356=EDGE_LOOP('',(#6944,#6945,#6946,#6947));
#3357=EDGE_LOOP('',(#6948,#6949,#6950,#6951));
#3358=EDGE_LOOP('',(#6952,#6953,#6954,#6955));
#3359=EDGE_LOOP('',(#6956,#6957,#6958,#6959));
#3360=EDGE_LOOP('',(#6960,#6961,#6962));
#3361=EDGE_LOOP('',(#6963,#6964,#6965,#6966,#6967,#6968,#6969));
#3362=EDGE_LOOP('',(#6970,#6971,#6972,#6973,#6974));
#3363=EDGE_LOOP('',(#6975,#6976,#6977,#6978,#6979,#6980,#6981,#6982,#6983,
#6984,#6985,#6986,#6987,#6988));
#3364=EDGE_LOOP('',(#6989));
#3365=EDGE_LOOP('',(#6990,#6991,#6992,#6993,#6994,#6995,#6996,#6997,#6998,
#6999,#7000,#7001,#7002,#7003));
#3366=EDGE_LOOP('',(#7004));
#3367=EDGE_LOOP('',(#7005,#7006,#7007,#7008));
#3368=EDGE_LOOP('',(#7009,#7010,#7011,#7012));
#3369=EDGE_LOOP('',(#7013,#7014,#7015,#7016));
#3370=EDGE_LOOP('',(#7017,#7018,#7019,#7020,#7021,#7022));
#3371=EDGE_LOOP('',(#7023,#7024,#7025,#7026));
#3372=EDGE_LOOP('',(#7027,#7028,#7029,#7030,#7031,#7032,#7033,#7034,#7035,
#7036,#7037,#7038,#7039,#7040,#7041,#7042,#7043,#7044,#7045,#7046,#7047,
#7048,#7049,#7050,#7051,#7052,#7053,#7054));
#3373=EDGE_LOOP('',(#7055,#7056,#7057,#7058));
#3374=EDGE_LOOP('',(#7059,#7060,#7061,#7062,#7063,#7064));
#3375=EDGE_LOOP('',(#7065,#7066,#7067,#7068));
#3376=EDGE_LOOP('',(#7069,#7070,#7071,#7072));
#3377=EDGE_LOOP('',(#7073,#7074,#7075,#7076,#7077,#7078,#7079,#7080,#7081,
#7082,#7083,#7084,#7085,#7086,#7087,#7088,#7089,#7090,#7091,#7092));
#3378=EDGE_LOOP('',(#7093,#7094,#7095,#7096,#7097,#7098,#7099,#7100));
#3379=EDGE_LOOP('',(#7101,#7102,#7103,#7104,#7105,#7106,#7107,#7108));
#3380=EDGE_LOOP('',(#7109,#7110,#7111,#7112,#7113,#7114,#7115,#7116));
#3381=EDGE_LOOP('',(#7117,#7118,#7119,#7120,#7121,#7122,#7123,#7124));
#3382=EDGE_LOOP('',(#7125,#7126,#7127,#7128,#7129,#7130,#7131,#7132));
#3383=EDGE_LOOP('',(#7133,#7134,#7135,#7136,#7137,#7138,#7139,#7140));
#3384=EDGE_LOOP('',(#7141,#7142,#7143,#7144,#7145,#7146,#7147,#7148));
#3385=EDGE_LOOP('',(#7149,#7150,#7151,#7152,#7153,#7154,#7155,#7156));
#3386=EDGE_LOOP('',(#7157,#7158,#7159,#7160,#7161,#7162,#7163,#7164));
#3387=EDGE_LOOP('',(#7165,#7166,#7167,#7168,#7169,#7170,#7171,#7172));
#3388=EDGE_LOOP('',(#7173,#7174,#7175,#7176,#7177,#7178,#7179,#7180));
#3389=EDGE_LOOP('',(#7181,#7182,#7183,#7184,#7185,#7186,#7187,#7188));
#3390=EDGE_LOOP('',(#7189,#7190,#7191,#7192,#7193,#7194,#7195,#7196));
#3391=EDGE_LOOP('',(#7197,#7198,#7199,#7200,#7201,#7202,#7203,#7204));
#3392=EDGE_LOOP('',(#7205,#7206,#7207,#7208,#7209,#7210,#7211,#7212));
#3393=EDGE_LOOP('',(#7213,#7214,#7215,#7216,#7217,#7218,#7219,#7220));
#3394=EDGE_LOOP('',(#7221,#7222,#7223,#7224,#7225,#7226,#7227,#7228));
#3395=EDGE_LOOP('',(#7229,#7230,#7231,#7232,#7233,#7234,#7235,#7236));
#3396=EDGE_LOOP('',(#7237,#7238,#7239,#7240,#7241,#7242,#7243,#7244));
#3397=EDGE_LOOP('',(#7245,#7246,#7247,#7248,#7249,#7250,#7251,#7252));
#3398=EDGE_LOOP('',(#7253,#7254,#7255,#7256,#7257,#7258,#7259,#7260));
#3399=EDGE_LOOP('',(#7261,#7262,#7263,#7264,#7265,#7266,#7267,#7268));
#3400=EDGE_LOOP('',(#7269,#7270,#7271,#7272,#7273,#7274,#7275,#7276));
#3401=EDGE_LOOP('',(#7277,#7278,#7279,#7280,#7281,#7282,#7283,#7284));
#3402=EDGE_LOOP('',(#7285,#7286,#7287,#7288,#7289,#7290,#7291,#7292));
#3403=EDGE_LOOP('',(#7293,#7294,#7295,#7296,#7297,#7298,#7299,#7300));
#3404=EDGE_LOOP('',(#7301,#7302,#7303,#7304,#7305,#7306,#7307,#7308));
#3405=EDGE_LOOP('',(#7309,#7310,#7311,#7312,#7313,#7314,#7315,#7316));
#3406=EDGE_LOOP('',(#7317,#7318,#7319,#7320,#7321,#7322,#7323,#7324));
#3407=EDGE_LOOP('',(#7325,#7326,#7327,#7328,#7329,#7330,#7331,#7332));
#3408=EDGE_LOOP('',(#7333,#7334,#7335,#7336,#7337,#7338,#7339,#7340,#7341,
#7342));
#3409=EDGE_LOOP('',(#7343,#7344,#7345,#7346,#7347));
#3410=EDGE_LOOP('',(#7348,#7349,#7350,#7351,#7352,#7353,#7354,#7355,#7356,
#7357,#7358,#7359,#7360,#7361,#7362,#7363,#7364,#7365,#7366,#7367,#7368,
#7369,#7370,#7371,#7372,#7373,#7374,#7375,#7376,#7377,#7378,#7379,#7380,
#7381,#7382,#7383,#7384,#7385,#7386,#7387,#7388,#7389,#7390,#7391,#7392,
#7393,#7394,#7395));
#3411=EDGE_LOOP('',(#7396,#7397,#7398,#7399));
#3412=EDGE_LOOP('',(#7400,#7401,#7402,#7403));
#3413=EDGE_LOOP('',(#7404,#7405,#7406,#7407,#7408,#7409,#7410,#7411));
#3414=EDGE_LOOP('',(#7412,#7413,#7414,#7415,#7416,#7417,#7418,#7419));
#3415=EDGE_LOOP('',(#7420,#7421,#7422,#7423,#7424,#7425,#7426,#7427));
#3416=EDGE_LOOP('',(#7428,#7429,#7430,#7431,#7432,#7433,#7434,#7435));
#3417=EDGE_LOOP('',(#7436,#7437,#7438,#7439,#7440,#7441,#7442,#7443));
#3418=EDGE_LOOP('',(#7444,#7445,#7446,#7447,#7448,#7449,#7450,#7451));
#3419=EDGE_LOOP('',(#7452,#7453,#7454,#7455,#7456,#7457,#7458,#7459));
#3420=EDGE_LOOP('',(#7460,#7461,#7462,#7463,#7464,#7465,#7466,#7467));
#3421=EDGE_LOOP('',(#7468,#7469,#7470,#7471,#7472,#7473,#7474,#7475));
#3422=EDGE_LOOP('',(#7476,#7477,#7478,#7479,#7480,#7481,#7482,#7483));
#3423=EDGE_LOOP('',(#7484,#7485,#7486,#7487,#7488,#7489,#7490,#7491));
#3424=EDGE_LOOP('',(#7492,#7493,#7494,#7495,#7496,#7497,#7498,#7499));
#3425=EDGE_LOOP('',(#7500,#7501,#7502,#7503,#7504,#7505,#7506,#7507));
#3426=EDGE_LOOP('',(#7508,#7509,#7510,#7511,#7512,#7513,#7514,#7515));
#3427=EDGE_LOOP('',(#7516,#7517,#7518,#7519,#7520,#7521,#7522,#7523));
#3428=EDGE_LOOP('',(#7524,#7525,#7526,#7527,#7528,#7529,#7530,#7531));
#3429=EDGE_LOOP('',(#7532,#7533,#7534,#7535,#7536,#7537,#7538,#7539));
#3430=EDGE_LOOP('',(#7540,#7541,#7542,#7543,#7544,#7545,#7546,#7547));
#3431=EDGE_LOOP('',(#7548,#7549,#7550,#7551,#7552,#7553,#7554,#7555));
#3432=EDGE_LOOP('',(#7556,#7557,#7558,#7559,#7560,#7561,#7562,#7563));
#3433=EDGE_LOOP('',(#7564,#7565,#7566,#7567,#7568,#7569,#7570,#7571));
#3434=EDGE_LOOP('',(#7572,#7573,#7574,#7575,#7576,#7577,#7578,#7579));
#3435=EDGE_LOOP('',(#7580,#7581,#7582,#7583,#7584,#7585,#7586,#7587));
#3436=EDGE_LOOP('',(#7588,#7589,#7590,#7591,#7592,#7593,#7594,#7595));
#3437=EDGE_LOOP('',(#7596,#7597,#7598,#7599,#7600,#7601,#7602,#7603));
#3438=EDGE_LOOP('',(#7604,#7605,#7606,#7607,#7608,#7609,#7610,#7611));
#3439=EDGE_LOOP('',(#7612,#7613,#7614,#7615,#7616,#7617,#7618,#7619));
#3440=EDGE_LOOP('',(#7620,#7621,#7622,#7623,#7624,#7625,#7626,#7627));
#3441=EDGE_LOOP('',(#7628,#7629,#7630,#7631,#7632,#7633,#7634,#7635));
#3442=EDGE_LOOP('',(#7636,#7637,#7638,#7639));
#3443=EDGE_LOOP('',(#7640,#7641,#7642,#7643,#7644,#7645,#7646,#7647));
#3444=EDGE_LOOP('',(#7648,#7649,#7650,#7651));
#3445=EDGE_LOOP('',(#7652,#7653,#7654,#7655,#7656,#7657));
#3446=EDGE_LOOP('',(#7658));
#3447=EDGE_LOOP('',(#7659,#7660,#7661,#7662,#7663));
#3448=EDGE_LOOP('',(#7664,#7665,#7666,#7667,#7668,#7669));
#3449=EDGE_LOOP('',(#7670,#7671,#7672,#7673,#7674,#7675));
#3450=EDGE_LOOP('',(#7676));
#3451=EDGE_LOOP('',(#7677,#7678,#7679,#7680,#7681,#7682,#7683,#7684,#7685,
#7686,#7687,#7688,#7689,#7690,#7691,#7692,#7693,#7694,#7695,#7696));
#3452=EDGE_LOOP('',(#7697,#7698,#7699,#7700));
#3453=EDGE_LOOP('',(#7701,#7702,#7703,#7704,#7705));
#3454=EDGE_LOOP('',(#7706,#7707,#7708,#7709));
#3455=EDGE_LOOP('',(#7710,#7711,#7712,#7713));
#3456=EDGE_LOOP('',(#7714,#7715,#7716,#7717,#7718));
#3457=EDGE_LOOP('',(#7719,#7720,#7721,#7722));
#3458=EDGE_LOOP('',(#7723,#7724,#7725));
#3459=EDGE_LOOP('',(#7726,#7727,#7728,#7729,#7730));
#3460=EDGE_LOOP('',(#7731,#7732,#7733,#7734));
#3461=EDGE_LOOP('',(#7735,#7736,#7737,#7738,#7739,#7740,#7741,#7742,#7743,
#7744));
#3462=EDGE_LOOP('',(#7745,#7746,#7747,#7748));
#3463=EDGE_LOOP('',(#7749,#7750,#7751,#7752));
#3464=EDGE_LOOP('',(#7753,#7754,#7755,#7756));
#3465=EDGE_LOOP('',(#7757,#7758,#7759,#7760));
#3466=EDGE_LOOP('',(#7761,#7762,#7763));
#3467=EDGE_LOOP('',(#7764,#7765,#7766,#7767));
#3468=EDGE_LOOP('',(#7768,#7769,#7770,#7771));
#3469=EDGE_LOOP('',(#7772,#7773,#7774,#7775,#7776,#7777,#7778));
#3470=EDGE_LOOP('',(#7779));
#3471=EDGE_LOOP('',(#7780,#7781,#7782));
#3472=EDGE_LOOP('',(#7783,#7784,#7785,#7786));
#3473=EDGE_LOOP('',(#7787,#7788,#7789,#7790));
#3474=EDGE_LOOP('',(#7791,#7792,#7793,#7794));
#3475=EDGE_LOOP('',(#7795,#7796,#7797,#7798,#7799));
#3476=EDGE_LOOP('',(#7800,#7801,#7802,#7803,#7804,#7805,#7806,#7807));
#3477=EDGE_LOOP('',(#7808,#7809,#7810,#7811,#7812,#7813,#7814,#7815,#7816,
#7817,#7818,#7819,#7820,#7821,#7822,#7823));
#3478=EDGE_LOOP('',(#7824,#7825,#7826,#7827));
#3479=EDGE_LOOP('',(#7828,#7829,#7830,#7831));
#3480=EDGE_LOOP('',(#7832,#7833,#7834,#7835,#7836,#7837,#7838,#7839));
#3481=EDGE_LOOP('',(#7840,#7841,#7842,#7843,#7844,#7845,#7846));
#3482=EDGE_LOOP('',(#7847));
#3483=EDGE_LOOP('',(#7848,#7849,#7850));
#3484=EDGE_LOOP('',(#7851,#7852,#7853,#7854));
#3485=EDGE_LOOP('',(#7855,#7856,#7857,#7858));
#3486=EDGE_LOOP('',(#7859,#7860,#7861));
#3487=EDGE_LOOP('',(#7862,#7863,#7864,#7865));
#3488=EDGE_LOOP('',(#7866,#7867,#7868,#7869));
#3489=EDGE_LOOP('',(#7870,#7871,#7872,#7873));
#3490=EDGE_LOOP('',(#7874,#7875,#7876));
#3491=EDGE_LOOP('',(#7877,#7878,#7879,#7880));
#3492=EDGE_LOOP('',(#7881,#7882,#7883));
#3493=EDGE_LOOP('',(#7884,#7885,#7886,#7887));
#3494=EDGE_LOOP('',(#7888,#7889,#7890,#7891));
#3495=EDGE_LOOP('',(#7892,#7893,#7894,#7895));
#3496=EDGE_LOOP('',(#7896,#7897,#7898,#7899));
#3497=EDGE_LOOP('',(#7900,#7901,#7902,#7903));
#3498=EDGE_LOOP('',(#7904,#7905,#7906,#7907));
#3499=EDGE_LOOP('',(#7908,#7909,#7910,#7911,#7912));
#3500=EDGE_LOOP('',(#7913,#7914,#7915,#7916));
#3501=EDGE_LOOP('',(#7917,#7918,#7919,#7920));
#3502=EDGE_LOOP('',(#7921,#7922,#7923,#7924));
#3503=EDGE_LOOP('',(#7925,#7926,#7927,#7928));
#3504=EDGE_LOOP('',(#7929,#7930,#7931,#7932));
#3505=EDGE_LOOP('',(#7933,#7934,#7935,#7936));
#3506=EDGE_LOOP('',(#7937,#7938,#7939,#7940));
#3507=EDGE_LOOP('',(#7941));
#3508=EDGE_LOOP('',(#7942));
#3509=EDGE_LOOP('',(#7943,#7944,#7945,#7946));
#3510=EDGE_LOOP('',(#7947,#7948,#7949));
#3511=EDGE_LOOP('',(#7950,#7951,#7952,#7953));
#3512=EDGE_LOOP('',(#7954,#7955,#7956,#7957));
#3513=EDGE_LOOP('',(#7958,#7959,#7960,#7961));
#3514=EDGE_LOOP('',(#7962,#7963,#7964,#7965));
#3515=EDGE_LOOP('',(#7966,#7967,#7968,#7969));
#3516=EDGE_LOOP('',(#7970));
#3517=EDGE_LOOP('',(#7971));
#3518=EDGE_LOOP('',(#7972,#7973,#7974,#7975));
#3519=EDGE_LOOP('',(#7976,#7977,#7978,#7979));
#3520=EDGE_LOOP('',(#7980,#7981,#7982,#7983));
#3521=EDGE_LOOP('',(#7984));
#3522=EDGE_LOOP('',(#7985));
#3523=EDGE_LOOP('',(#7986,#7987,#7988,#7989));
#3524=EDGE_LOOP('',(#7990,#7991,#7992,#7993));
#3525=EDGE_LOOP('',(#7994,#7995,#7996,#7997));
#3526=EDGE_LOOP('',(#7998,#7999,#8000,#8001));
#3527=EDGE_LOOP('',(#8002,#8003,#8004,#8005));
#3528=EDGE_LOOP('',(#8006,#8007,#8008,#8009));
#3529=EDGE_LOOP('',(#8010,#8011,#8012,#8013));
#3530=EDGE_LOOP('',(#8014,#8015,#8016,#8017));
#3531=EDGE_LOOP('',(#8018,#8019,#8020,#8021));
#3532=EDGE_LOOP('',(#8022,#8023,#8024,#8025));
#3533=EDGE_LOOP('',(#8026,#8027,#8028,#8029));
#3534=EDGE_LOOP('',(#8030,#8031,#8032,#8033));
#3535=EDGE_LOOP('',(#8034,#8035,#8036,#8037));
#3536=EDGE_LOOP('',(#8038,#8039,#8040,#8041));
#3537=EDGE_LOOP('',(#8042,#8043,#8044,#8045));
#3538=EDGE_LOOP('',(#8046,#8047,#8048,#8049));
#3539=EDGE_LOOP('',(#8050,#8051,#8052,#8053));
#3540=EDGE_LOOP('',(#8054,#8055,#8056,#8057));
#3541=EDGE_LOOP('',(#8058,#8059,#8060,#8061));
#3542=EDGE_LOOP('',(#8062,#8063,#8064,#8065));
#3543=EDGE_LOOP('',(#8066,#8067,#8068,#8069));
#3544=EDGE_LOOP('',(#8070,#8071,#8072,#8073));
#3545=EDGE_LOOP('',(#8074,#8075,#8076,#8077));
#3546=EDGE_LOOP('',(#8078,#8079,#8080,#8081));
#3547=EDGE_LOOP('',(#8082,#8083,#8084,#8085));
#3548=EDGE_LOOP('',(#8086,#8087,#8088,#8089));
#3549=EDGE_LOOP('',(#8090,#8091,#8092,#8093));
#3550=EDGE_LOOP('',(#8094,#8095,#8096,#8097));
#3551=EDGE_LOOP('',(#8098,#8099,#8100,#8101));
#3552=EDGE_LOOP('',(#8102,#8103,#8104,#8105));
#3553=EDGE_LOOP('',(#8106,#8107,#8108,#8109));
#3554=EDGE_LOOP('',(#8110,#8111,#8112,#8113));
#3555=EDGE_LOOP('',(#8114,#8115,#8116,#8117));
#3556=EDGE_LOOP('',(#8118,#8119,#8120,#8121));
#3557=EDGE_LOOP('',(#8122,#8123,#8124,#8125));
#3558=EDGE_LOOP('',(#8126,#8127,#8128,#8129));
#3559=EDGE_LOOP('',(#8130,#8131,#8132,#8133));
#3560=EDGE_LOOP('',(#8134,#8135,#8136,#8137));
#3561=EDGE_LOOP('',(#8138,#8139,#8140,#8141));
#3562=EDGE_LOOP('',(#8142,#8143,#8144,#8145));
#3563=EDGE_LOOP('',(#8146,#8147,#8148,#8149));
#3564=EDGE_LOOP('',(#8150,#8151,#8152,#8153));
#3565=EDGE_LOOP('',(#8154,#8155,#8156,#8157));
#3566=EDGE_LOOP('',(#8158,#8159,#8160,#8161));
#3567=EDGE_LOOP('',(#8162,#8163,#8164,#8165));
#3568=EDGE_LOOP('',(#8166,#8167,#8168,#8169));
#3569=EDGE_LOOP('',(#8170,#8171,#8172,#8173));
#3570=EDGE_LOOP('',(#8174,#8175,#8176,#8177));
#3571=EDGE_LOOP('',(#8178,#8179,#8180,#8181));
#3572=EDGE_LOOP('',(#8182,#8183,#8184,#8185));
#3573=EDGE_LOOP('',(#8186,#8187,#8188,#8189));
#3574=EDGE_LOOP('',(#8190,#8191,#8192,#8193));
#3575=EDGE_LOOP('',(#8194,#8195,#8196,#8197));
#3576=EDGE_LOOP('',(#8198,#8199,#8200,#8201));
#3577=EDGE_LOOP('',(#8202,#8203,#8204,#8205));
#3578=EDGE_LOOP('',(#8206,#8207,#8208,#8209));
#3579=EDGE_LOOP('',(#8210,#8211,#8212,#8213));
#3580=EDGE_LOOP('',(#8214,#8215,#8216,#8217));
#3581=EDGE_LOOP('',(#8218,#8219,#8220,#8221));
#3582=EDGE_LOOP('',(#8222,#8223,#8224,#8225));
#3583=EDGE_LOOP('',(#8226,#8227,#8228,#8229));
#3584=EDGE_LOOP('',(#8230,#8231,#8232,#8233));
#3585=EDGE_LOOP('',(#8234,#8235,#8236,#8237));
#3586=EDGE_LOOP('',(#8238,#8239,#8240,#8241));
#3587=EDGE_LOOP('',(#8242,#8243,#8244,#8245));
#3588=EDGE_LOOP('',(#8246,#8247,#8248,#8249));
#3589=EDGE_LOOP('',(#8250,#8251,#8252,#8253));
#3590=EDGE_LOOP('',(#8254,#8255,#8256,#8257));
#3591=EDGE_LOOP('',(#8258,#8259,#8260,#8261));
#3592=EDGE_LOOP('',(#8262,#8263,#8264,#8265));
#3593=EDGE_LOOP('',(#8266,#8267,#8268,#8269));
#3594=EDGE_LOOP('',(#8270,#8271,#8272,#8273));
#3595=EDGE_LOOP('',(#8274,#8275,#8276,#8277));
#3596=EDGE_LOOP('',(#8278,#8279,#8280,#8281));
#3597=EDGE_LOOP('',(#8282,#8283,#8284,#8285));
#3598=EDGE_LOOP('',(#8286,#8287,#8288,#8289));
#3599=EDGE_LOOP('',(#8290,#8291,#8292,#8293));
#3600=EDGE_LOOP('',(#8294,#8295,#8296,#8297));
#3601=EDGE_LOOP('',(#8298,#8299,#8300,#8301));
#3602=EDGE_LOOP('',(#8302,#8303,#8304,#8305));
#3603=EDGE_LOOP('',(#8306,#8307,#8308,#8309));
#3604=EDGE_LOOP('',(#8310,#8311,#8312,#8313));
#3605=EDGE_LOOP('',(#8314,#8315,#8316,#8317));
#3606=EDGE_LOOP('',(#8318,#8319,#8320,#8321));
#3607=EDGE_LOOP('',(#8322,#8323,#8324,#8325));
#3608=EDGE_LOOP('',(#8326,#8327,#8328,#8329));
#3609=EDGE_LOOP('',(#8330,#8331,#8332,#8333));
#3610=EDGE_LOOP('',(#8334,#8335,#8336,#8337));
#3611=EDGE_LOOP('',(#8338,#8339,#8340,#8341));
#3612=EDGE_LOOP('',(#8342,#8343,#8344,#8345));
#3613=EDGE_LOOP('',(#8346,#8347,#8348,#8349));
#3614=EDGE_LOOP('',(#8350,#8351,#8352,#8353));
#3615=EDGE_LOOP('',(#8354,#8355,#8356,#8357));
#3616=EDGE_LOOP('',(#8358,#8359,#8360,#8361));
#3617=EDGE_LOOP('',(#8362,#8363,#8364,#8365));
#3618=EDGE_LOOP('',(#8366,#8367,#8368,#8369));
#3619=EDGE_LOOP('',(#8370,#8371,#8372,#8373));
#3620=EDGE_LOOP('',(#8374,#8375,#8376,#8377));
#3621=EDGE_LOOP('',(#8378,#8379,#8380,#8381));
#3622=EDGE_LOOP('',(#8382,#8383,#8384,#8385));
#3623=EDGE_LOOP('',(#8386,#8387,#8388,#8389));
#3624=EDGE_LOOP('',(#8390,#8391,#8392,#8393));
#3625=EDGE_LOOP('',(#8394,#8395,#8396,#8397));
#3626=EDGE_LOOP('',(#8398,#8399,#8400,#8401));
#3627=EDGE_LOOP('',(#8402,#8403,#8404,#8405));
#3628=EDGE_LOOP('',(#8406,#8407,#8408,#8409));
#3629=EDGE_LOOP('',(#8410,#8411,#8412,#8413));
#3630=EDGE_LOOP('',(#8414,#8415,#8416,#8417));
#3631=EDGE_LOOP('',(#8418,#8419,#8420,#8421));
#3632=EDGE_LOOP('',(#8422,#8423,#8424,#8425));
#3633=EDGE_LOOP('',(#8426,#8427,#8428,#8429));
#3634=EDGE_LOOP('',(#8430,#8431,#8432,#8433));
#3635=EDGE_LOOP('',(#8434,#8435,#8436,#8437));
#3636=EDGE_LOOP('',(#8438,#8439,#8440,#8441));
#3637=EDGE_LOOP('',(#8442,#8443,#8444,#8445));
#3638=EDGE_LOOP('',(#8446,#8447,#8448,#8449));
#3639=EDGE_LOOP('',(#8450,#8451,#8452,#8453));
#3640=EDGE_LOOP('',(#8454,#8455,#8456,#8457));
#3641=EDGE_LOOP('',(#8458,#8459,#8460,#8461));
#3642=EDGE_LOOP('',(#8462,#8463,#8464,#8465));
#3643=EDGE_LOOP('',(#8466,#8467,#8468,#8469));
#3644=EDGE_LOOP('',(#8470,#8471,#8472,#8473));
#3645=EDGE_LOOP('',(#8474,#8475,#8476,#8477));
#3646=EDGE_LOOP('',(#8478,#8479,#8480,#8481));
#3647=EDGE_LOOP('',(#8482,#8483,#8484,#8485));
#3648=EDGE_LOOP('',(#8486,#8487,#8488,#8489));
#3649=EDGE_LOOP('',(#8490,#8491,#8492,#8493));
#3650=EDGE_LOOP('',(#8494,#8495,#8496,#8497));
#3651=EDGE_LOOP('',(#8498,#8499,#8500,#8501));
#3652=EDGE_LOOP('',(#8502,#8503,#8504,#8505));
#3653=EDGE_LOOP('',(#8506,#8507,#8508,#8509));
#3654=EDGE_LOOP('',(#8510,#8511,#8512,#8513));
#3655=EDGE_LOOP('',(#8514,#8515,#8516,#8517));
#3656=EDGE_LOOP('',(#8518,#8519,#8520,#8521));
#3657=EDGE_LOOP('',(#8522,#8523,#8524,#8525));
#3658=EDGE_LOOP('',(#8526,#8527,#8528,#8529));
#3659=EDGE_LOOP('',(#8530,#8531,#8532,#8533));
#3660=EDGE_LOOP('',(#8534,#8535,#8536,#8537));
#3661=EDGE_LOOP('',(#8538,#8539,#8540,#8541));
#3662=EDGE_LOOP('',(#8542,#8543,#8544,#8545));
#3663=EDGE_LOOP('',(#8546,#8547,#8548,#8549));
#3664=EDGE_LOOP('',(#8550,#8551,#8552,#8553));
#3665=EDGE_LOOP('',(#8554,#8555,#8556,#8557));
#3666=EDGE_LOOP('',(#8558,#8559,#8560,#8561));
#3667=EDGE_LOOP('',(#8562,#8563,#8564,#8565));
#3668=EDGE_LOOP('',(#8566,#8567,#8568,#8569));
#3669=EDGE_LOOP('',(#8570,#8571,#8572,#8573));
#3670=EDGE_LOOP('',(#8574,#8575,#8576,#8577));
#3671=EDGE_LOOP('',(#8578,#8579,#8580,#8581));
#3672=EDGE_LOOP('',(#8582,#8583,#8584,#8585));
#3673=EDGE_LOOP('',(#8586,#8587,#8588,#8589));
#3674=EDGE_LOOP('',(#8590,#8591,#8592,#8593));
#3675=EDGE_LOOP('',(#8594,#8595,#8596,#8597));
#3676=EDGE_LOOP('',(#8598,#8599,#8600,#8601));
#3677=EDGE_LOOP('',(#8602,#8603,#8604,#8605));
#3678=EDGE_LOOP('',(#8606,#8607,#8608,#8609));
#3679=EDGE_LOOP('',(#8610,#8611,#8612,#8613));
#3680=EDGE_LOOP('',(#8614,#8615,#8616,#8617));
#3681=EDGE_LOOP('',(#8618,#8619,#8620,#8621));
#3682=EDGE_LOOP('',(#8622,#8623,#8624,#8625));
#3683=EDGE_LOOP('',(#8626,#8627,#8628,#8629));
#3684=EDGE_LOOP('',(#8630,#8631,#8632,#8633));
#3685=EDGE_LOOP('',(#8634,#8635,#8636,#8637));
#3686=EDGE_LOOP('',(#8638,#8639,#8640,#8641));
#3687=EDGE_LOOP('',(#8642,#8643,#8644,#8645));
#3688=EDGE_LOOP('',(#8646,#8647,#8648,#8649));
#3689=EDGE_LOOP('',(#8650,#8651,#8652,#8653));
#3690=EDGE_LOOP('',(#8654,#8655,#8656,#8657));
#3691=EDGE_LOOP('',(#8658,#8659,#8660,#8661));
#3692=EDGE_LOOP('',(#8662,#8663,#8664,#8665));
#3693=EDGE_LOOP('',(#8666,#8667,#8668,#8669));
#3694=EDGE_LOOP('',(#8670,#8671,#8672,#8673));
#3695=EDGE_LOOP('',(#8674,#8675,#8676,#8677));
#3696=EDGE_LOOP('',(#8678,#8679,#8680,#8681));
#3697=EDGE_LOOP('',(#8682,#8683,#8684,#8685));
#3698=EDGE_LOOP('',(#8686,#8687,#8688,#8689));
#3699=EDGE_LOOP('',(#8690,#8691,#8692,#8693));
#3700=EDGE_LOOP('',(#8694,#8695,#8696,#8697));
#3701=EDGE_LOOP('',(#8698,#8699,#8700,#8701));
#3702=EDGE_LOOP('',(#8702,#8703,#8704,#8705));
#3703=EDGE_LOOP('',(#8706,#8707,#8708,#8709));
#3704=EDGE_LOOP('',(#8710,#8711,#8712,#8713));
#3705=EDGE_LOOP('',(#8714,#8715,#8716,#8717));
#3706=EDGE_LOOP('',(#8718,#8719,#8720,#8721));
#3707=EDGE_LOOP('',(#8722,#8723,#8724,#8725));
#3708=EDGE_LOOP('',(#8726,#8727,#8728,#8729));
#3709=EDGE_LOOP('',(#8730,#8731,#8732,#8733));
#3710=EDGE_LOOP('',(#8734,#8735,#8736,#8737));
#3711=EDGE_LOOP('',(#8738,#8739,#8740,#8741));
#3712=EDGE_LOOP('',(#8742,#8743,#8744,#8745));
#3713=EDGE_LOOP('',(#8746,#8747,#8748,#8749));
#3714=EDGE_LOOP('',(#8750,#8751,#8752,#8753));
#3715=EDGE_LOOP('',(#8754,#8755,#8756,#8757));
#3716=EDGE_LOOP('',(#8758,#8759,#8760,#8761));
#3717=EDGE_LOOP('',(#8762,#8763,#8764,#8765));
#3718=EDGE_LOOP('',(#8766,#8767,#8768,#8769));
#3719=EDGE_LOOP('',(#8770,#8771,#8772,#8773));
#3720=EDGE_LOOP('',(#8774,#8775,#8776,#8777));
#3721=EDGE_LOOP('',(#8778,#8779,#8780,#8781));
#3722=EDGE_LOOP('',(#8782,#8783,#8784,#8785));
#3723=EDGE_LOOP('',(#8786,#8787,#8788,#8789));
#3724=EDGE_LOOP('',(#8790,#8791,#8792,#8793));
#3725=EDGE_LOOP('',(#8794,#8795,#8796,#8797));
#3726=EDGE_LOOP('',(#8798,#8799,#8800,#8801));
#3727=EDGE_LOOP('',(#8802,#8803,#8804,#8805));
#3728=EDGE_LOOP('',(#8806,#8807,#8808,#8809));
#3729=EDGE_LOOP('',(#8810,#8811,#8812,#8813));
#3730=EDGE_LOOP('',(#8814,#8815,#8816,#8817));
#3731=EDGE_LOOP('',(#8818,#8819,#8820,#8821));
#3732=EDGE_LOOP('',(#8822,#8823,#8824,#8825));
#3733=EDGE_LOOP('',(#8826,#8827,#8828,#8829));
#3734=EDGE_LOOP('',(#8830,#8831,#8832,#8833));
#3735=EDGE_LOOP('',(#8834,#8835,#8836,#8837));
#3736=EDGE_LOOP('',(#8838,#8839,#8840,#8841));
#3737=EDGE_LOOP('',(#8842,#8843,#8844,#8845));
#3738=EDGE_LOOP('',(#8846,#8847,#8848,#8849));
#3739=EDGE_LOOP('',(#8850,#8851,#8852,#8853));
#3740=EDGE_LOOP('',(#8854,#8855,#8856,#8857));
#3741=EDGE_LOOP('',(#8858,#8859,#8860,#8861));
#3742=EDGE_LOOP('',(#8862,#8863,#8864,#8865));
#3743=EDGE_LOOP('',(#8866,#8867,#8868,#8869));
#3744=EDGE_LOOP('',(#8870,#8871,#8872,#8873));
#3745=EDGE_LOOP('',(#8874,#8875,#8876,#8877));
#3746=EDGE_LOOP('',(#8878,#8879,#8880,#8881));
#3747=EDGE_LOOP('',(#8882,#8883,#8884,#8885));
#3748=EDGE_LOOP('',(#8886,#8887,#8888,#8889));
#3749=EDGE_LOOP('',(#8890,#8891,#8892,#8893));
#3750=EDGE_LOOP('',(#8894,#8895,#8896,#8897));
#3751=EDGE_LOOP('',(#8898,#8899,#8900,#8901));
#3752=EDGE_LOOP('',(#8902,#8903,#8904,#8905,#8906));
#3753=EDGE_LOOP('',(#8907,#8908,#8909,#8910));
#3754=EDGE_LOOP('',(#8911,#8912,#8913,#8914,#8915));
#3755=EDGE_LOOP('',(#8916,#8917,#8918,#8919));
#3756=EDGE_LOOP('',(#8920,#8921,#8922,#8923));
#3757=EDGE_LOOP('',(#8924,#8925,#8926,#8927));
#3758=EDGE_LOOP('',(#8928,#8929,#8930,#8931));
#3759=EDGE_LOOP('',(#8932,#8933,#8934,#8935,#8936));
#3760=EDGE_LOOP('',(#8937,#8938,#8939,#8940));
#3761=EDGE_LOOP('',(#8941,#8942,#8943,#8944));
#3762=EDGE_LOOP('',(#8945,#8946,#8947,#8948));
#3763=EDGE_LOOP('',(#8949,#8950,#8951,#8952,#8953));
#3764=EDGE_LOOP('',(#8954,#8955,#8956,#8957));
#3765=EDGE_LOOP('',(#8958,#8959,#8960,#8961));
#3766=EDGE_LOOP('',(#8962,#8963,#8964,#8965));
#3767=EDGE_LOOP('',(#8966,#8967,#8968,#8969));
#3768=EDGE_LOOP('',(#8970,#8971,#8972,#8973,#8974,#8975,#8976,#8977));
#3769=EDGE_LOOP('',(#8978));
#3770=EDGE_LOOP('',(#8979,#8980,#8981,#8982));
#3771=EDGE_LOOP('',(#8983,#8984,#8985,#8986,#8987,#8988,#8989,#8990));
#3772=EDGE_LOOP('',(#8991));
#3773=EDGE_LOOP('',(#8992,#8993,#8994,#8995));
#3774=EDGE_LOOP('',(#8996,#8997,#8998,#8999));
#3775=EDGE_LOOP('',(#9000,#9001,#9002,#9003));
#3776=EDGE_LOOP('',(#9004,#9005,#9006,#9007));
#3777=EDGE_LOOP('',(#9008,#9009,#9010,#9011));
#3778=EDGE_LOOP('',(#9012,#9013,#9014,#9015));
#3779=EDGE_LOOP('',(#9016,#9017,#9018,#9019));
#3780=EDGE_LOOP('',(#9020,#9021,#9022,#9023));
#3781=EDGE_LOOP('',(#9024,#9025,#9026,#9027));
#3782=EDGE_LOOP('',(#9028,#9029,#9030,#9031,#9032,#9033));
#3783=EDGE_LOOP('',(#9034,#9035,#9036,#9037));
#3784=EDGE_LOOP('',(#9038,#9039,#9040,#9041));
#3785=EDGE_LOOP('',(#9042,#9043,#9044,#9045));
#3786=EDGE_LOOP('',(#9046,#9047,#9048,#9049));
#3787=EDGE_LOOP('',(#9050,#9051,#9052,#9053));
#3788=EDGE_LOOP('',(#9054,#9055,#9056,#9057));
#3789=EDGE_LOOP('',(#9058,#9059,#9060,#9061));
#3790=EDGE_LOOP('',(#9062,#9063,#9064,#9065,#9066,#9067,#9068,#9069,#9070,
#9071,#9072,#9073,#9074,#9075));
#3791=EDGE_LOOP('',(#9076));
#3792=EDGE_LOOP('',(#9077,#9078,#9079,#9080,#9081,#9082));
#3793=EDGE_LOOP('',(#9083,#9084,#9085,#9086));
#3794=EDGE_LOOP('',(#9087,#9088,#9089,#9090));
#3795=EDGE_LOOP('',(#9091,#9092,#9093,#9094));
#3796=EDGE_LOOP('',(#9095,#9096,#9097,#9098));
#3797=EDGE_LOOP('',(#9099,#9100,#9101,#9102));
#3798=EDGE_LOOP('',(#9103,#9104,#9105,#9106));
#3799=EDGE_LOOP('',(#9107,#9108,#9109,#9110));
#3800=EDGE_LOOP('',(#9111,#9112,#9113,#9114));
#3801=EDGE_LOOP('',(#9115,#9116,#9117,#9118));
#3802=EDGE_LOOP('',(#9119,#9120,#9121,#9122));
#3803=EDGE_LOOP('',(#9123,#9124,#9125,#9126));
#3804=EDGE_LOOP('',(#9127,#9128,#9129,#9130));
#3805=EDGE_LOOP('',(#9131,#9132,#9133,#9134));
#3806=EDGE_LOOP('',(#9135,#9136,#9137,#9138));
#3807=EDGE_LOOP('',(#9139,#9140,#9141,#9142,#9143));
#3808=EDGE_LOOP('',(#9144,#9145,#9146,#9147,#9148));
#3809=EDGE_LOOP('',(#9149,#9150,#9151,#9152));
#3810=EDGE_LOOP('',(#9153,#9154,#9155,#9156));
#3811=EDGE_LOOP('',(#9157,#9158,#9159,#9160));
#3812=EDGE_LOOP('',(#9161,#9162,#9163,#9164,#9165));
#3813=EDGE_LOOP('',(#9166,#9167,#9168,#9169));
#3814=EDGE_LOOP('',(#9170,#9171,#9172,#9173,#9174));
#3815=EDGE_LOOP('',(#9175,#9176,#9177,#9178));
#3816=EDGE_LOOP('',(#9179,#9180,#9181,#9182,#9183));
#3817=EDGE_LOOP('',(#9184,#9185,#9186,#9187));
#3818=EDGE_LOOP('',(#9188,#9189,#9190,#9191));
#3819=EDGE_LOOP('',(#9192,#9193,#9194,#9195,#9196));
#3820=EDGE_LOOP('',(#9197,#9198,#9199,#9200,#9201));
#3821=EDGE_LOOP('',(#9202,#9203,#9204,#9205,#9206));
#3822=EDGE_LOOP('',(#9207,#9208,#9209,#9210,#9211));
#3823=EDGE_LOOP('',(#9212,#9213,#9214,#9215,#9216));
#3824=EDGE_LOOP('',(#9217,#9218,#9219,#9220));
#3825=EDGE_LOOP('',(#9221,#9222,#9223,#9224));
#3826=EDGE_LOOP('',(#9225,#9226,#9227,#9228,#9229));
#3827=EDGE_LOOP('',(#9230,#9231,#9232,#9233));
#3828=EDGE_LOOP('',(#9234,#9235,#9236,#9237));
#3829=EDGE_LOOP('',(#9238,#9239,#9240,#9241));
#3830=EDGE_LOOP('',(#9242,#9243,#9244,#9245));
#3831=EDGE_LOOP('',(#9246,#9247,#9248,#9249));
#3832=EDGE_LOOP('',(#9250,#9251,#9252,#9253));
#3833=EDGE_LOOP('',(#9254,#9255,#9256,#9257));
#3834=EDGE_LOOP('',(#9258,#9259,#9260,#9261));
#3835=EDGE_LOOP('',(#9262,#9263,#9264,#9265));
#3836=EDGE_LOOP('',(#9266,#9267,#9268,#9269));
#3837=EDGE_LOOP('',(#9270,#9271,#9272,#9273,#9274));
#3838=EDGE_LOOP('',(#9275,#9276,#9277,#9278,#9279));
#3839=EDGE_LOOP('',(#9280,#9281,#9282,#9283));
#3840=EDGE_LOOP('',(#9284,#9285,#9286,#9287));
#3841=EDGE_LOOP('',(#9288,#9289,#9290,#9291));
#3842=EDGE_LOOP('',(#9292,#9293,#9294,#9295));
#3843=EDGE_LOOP('',(#9296,#9297,#9298,#9299));
#3844=EDGE_LOOP('',(#9300,#9301,#9302,#9303));
#3845=EDGE_LOOP('',(#9304,#9305,#9306,#9307));
#3846=EDGE_LOOP('',(#9308,#9309,#9310,#9311));
#3847=EDGE_LOOP('',(#9312,#9313,#9314,#9315));
#3848=EDGE_LOOP('',(#9316,#9317,#9318,#9319));
#3849=EDGE_LOOP('',(#9320,#9321,#9322,#9323));
#3850=EDGE_LOOP('',(#9324,#9325,#9326,#9327));
#3851=EDGE_LOOP('',(#9328,#9329,#9330,#9331));
#3852=EDGE_LOOP('',(#9332,#9333,#9334,#9335,#9336));
#3853=EDGE_LOOP('',(#9337,#9338,#9339,#9340,#9341,#9342,#9343,#9344));
#3854=EDGE_LOOP('',(#9345));
#3855=EDGE_LOOP('',(#9346,#9347,#9348,#9349,#9350));
#3856=EDGE_LOOP('',(#9351,#9352,#9353,#9354));
#3857=EDGE_LOOP('',(#9355,#9356,#9357,#9358,#9359,#9360));
#3858=EDGE_LOOP('',(#9361,#9362,#9363,#9364,#9365));
#3859=EDGE_LOOP('',(#9366,#9367,#9368,#9369));
#3860=EDGE_LOOP('',(#9370,#9371,#9372,#9373));
#3861=EDGE_LOOP('',(#9374,#9375,#9376,#9377,#9378));
#3862=EDGE_LOOP('',(#9379,#9380,#9381,#9382,#9383,#9384));
#3863=EDGE_LOOP('',(#9385,#9386,#9387,#9388,#9389,#9390,#9391,#9392,#9393,
#9394));
#3864=EDGE_LOOP('',(#9395,#9396,#9397,#9398));
#3865=EDGE_LOOP('',(#9399,#9400,#9401,#9402,#9403));
#3866=EDGE_LOOP('',(#9404,#9405,#9406,#9407));
#3867=EDGE_LOOP('',(#9408,#9409,#9410,#9411,#9412,#9413,#9414,#9415));
#3868=EDGE_LOOP('',(#9416));
#3869=EDGE_LOOP('',(#9417,#9418,#9419,#9420,#9421));
#3870=EDGE_LOOP('',(#9422,#9423,#9424,#9425));
#3871=EDGE_LOOP('',(#9426,#9427,#9428,#9429,#9430,#9431,#9432,#9433,#9434,
#9435,#9436,#9437,#9438,#9439));
#3872=EDGE_LOOP('',(#9440));
#3873=EDGE_LOOP('',(#9441,#9442,#9443,#9444,#9445,#9446,#9447,#9448,#9449,
#9450));
#3874=EDGE_LOOP('',(#9451,#9452,#9453,#9454,#9455));
#3875=EDGE_LOOP('',(#9456,#9457,#9458,#9459));
#3876=EDGE_LOOP('',(#9460,#9461,#9462,#9463,#9464,#9465));
#3877=EDGE_LOOP('',(#9466,#9467,#9468,#9469,#9470));
#3878=EDGE_LOOP('',(#9471,#9472,#9473,#9474));
#3879=EDGE_LOOP('',(#9475,#9476,#9477,#9478));
#3880=EDGE_LOOP('',(#9479,#9480,#9481,#9482,#9483));
#3881=EDGE_LOOP('',(#9484,#9485,#9486,#9487));
#3882=EDGE_LOOP('',(#9488,#9489,#9490,#9491,#9492));
#3883=EDGE_LOOP('',(#9493,#9494,#9495,#9496,#9497));
#3884=EDGE_LOOP('',(#9498,#9499,#9500,#9501,#9502,#9503));
#3885=EDGE_LOOP('',(#9504,#9505,#9506,#9507,#9508,#9509));
#3886=EDGE_LOOP('',(#9510,#9511,#9512,#9513));
#3887=EDGE_LOOP('',(#9514,#9515,#9516,#9517));
#3888=EDGE_LOOP('',(#9518,#9519,#9520,#9521,#9522));
#3889=EDGE_LOOP('',(#9523,#9524,#9525,#9526));
#3890=EDGE_LOOP('',(#9527,#9528,#9529));
#3891=EDGE_LOOP('',(#9530,#9531,#9532,#9533));
#3892=EDGE_LOOP('',(#9534,#9535,#9536,#9537));
#3893=EDGE_LOOP('',(#9538,#9539,#9540,#9541));
#3894=EDGE_LOOP('',(#9542,#9543,#9544,#9545));
#3895=EDGE_LOOP('',(#9546,#9547,#9548,#9549,#9550));
#3896=EDGE_LOOP('',(#9551,#9552,#9553,#9554,#9555));
#3897=EDGE_LOOP('',(#9556,#9557,#9558,#9559,#9560,#9561,#9562,#9563,#9564,
#9565));
#3898=EDGE_LOOP('',(#9566,#9567,#9568));
#3899=EDGE_LOOP('',(#9569,#9570,#9571,#9572,#9573,#9574,#9575,#9576,#9577,
#9578,#9579,#9580,#9581,#9582,#9583,#9584));
#3900=EDGE_LOOP('',(#9585,#9586,#9587,#9588));
#3901=EDGE_LOOP('',(#9589,#9590,#9591,#9592,#9593));
#3902=EDGE_LOOP('',(#9594,#9595,#9596,#9597,#9598));
#3903=EDGE_LOOP('',(#9599,#9600,#9601,#9602));
#3904=EDGE_LOOP('',(#9603,#9604,#9605,#9606));
#3905=EDGE_LOOP('',(#9607,#9608,#9609,#9610));
#3906=EDGE_LOOP('',(#9611,#9612,#9613,#9614));
#3907=EDGE_LOOP('',(#9615,#9616,#9617,#9618));
#3908=EDGE_LOOP('',(#9619,#9620,#9621,#9622));
#3909=EDGE_LOOP('',(#9623,#9624,#9625,#9626));
#3910=EDGE_LOOP('',(#9627,#9628,#9629,#9630));
#3911=EDGE_LOOP('',(#9631,#9632,#9633,#9634));
#3912=EDGE_LOOP('',(#9635,#9636,#9637,#9638));
#3913=EDGE_LOOP('',(#9639,#9640,#9641,#9642));
#3914=EDGE_LOOP('',(#9643,#9644,#9645,#9646));
#3915=EDGE_LOOP('',(#9647,#9648,#9649,#9650));
#3916=EDGE_LOOP('',(#9651,#9652,#9653,#9654));
#3917=EDGE_LOOP('',(#9655,#9656,#9657,#9658,#9659));
#3918=EDGE_LOOP('',(#9660,#9661,#9662,#9663));
#3919=EDGE_LOOP('',(#9664,#9665,#9666,#9667));
#3920=EDGE_LOOP('',(#9668,#9669,#9670,#9671));
#3921=EDGE_LOOP('',(#9672,#9673,#9674,#9675));
#3922=EDGE_LOOP('',(#9676,#9677,#9678,#9679));
#3923=EDGE_LOOP('',(#9680,#9681,#9682,#9683,#9684,#9685,#9686,#9687,#9688,
#9689));
#3924=EDGE_LOOP('',(#9690));
#3925=EDGE_LOOP('',(#9691));
#3926=EDGE_LOOP('',(#9692,#9693,#9694,#9695,#9696,#9697));
#3927=EDGE_LOOP('',(#9698,#9699,#9700,#9701));
#3928=EDGE_LOOP('',(#9702,#9703,#9704,#9705));
#3929=EDGE_LOOP('',(#9706,#9707,#9708,#9709,#9710,#9711));
#3930=EDGE_LOOP('',(#9712,#9713,#9714,#9715,#9716,#9717));
#3931=B_SPLINE_CURVE_WITH_KNOTS('',3,(#14165,#14166,#14167,#14168,#14169,
#14170,#14171,#14172,#14173,#14174,#14175,#14176,#14177,#14178,#14179,#14180,
#14181,#14182,#14183,#14184,#14185,#14186,#14187,#14188),.UNSPECIFIED.,
 .F.,.F.,(4,1,1,1,1,1,1,1,1,1,1,1,1,1,1,1,1,1,1,2,4),(-0.473992688049262,
-0.37919415043941,-0.331794881634483,-0.284395612829557,-0.272545795628326,
-0.26662088702771,-0.260695978427094,-0.236996344024631,-0.213296709622168,
-0.189597075219705,-0.165897440817242,-0.142197806414779,-0.130347989213547,
-0.118498172012315,-0.1125732634117,-0.109610809111392,-0.106648354811084,
-0.0947985376098524,-0.0473992688049262,0.,0.000864544069774827),
 .UNSPECIFIED.);
#3932=B_SPLINE_CURVE_WITH_KNOTS('',3,(#14189,#14190,#14191,#14192,#14193,
#14194,#14195,#14196,#14197,#14198,#14199,#14200,#14201,#14202,#14203,#14204,
#14205,#14206,#14207,#14208,#14209,#14210,#14211,#14212),.UNSPECIFIED.,
 .F.,.F.,(4,2,1,1,1,1,1,1,1,1,1,1,1,1,1,1,1,1,1,1,4),(-0.000864544069774827,
0.,0.0473992688049262,0.0947985376098524,0.106648354811084,0.109610809111392,
0.1125732634117,0.118498172012315,0.130347989213547,0.142197806414779,0.165897440817242,
0.189597075219705,0.213296709622168,0.236996344024631,0.260695978427094,
0.26662088702771,0.272545795628326,0.284395612829557,0.331794881634483,
0.37919415043941,0.473992688049262),.UNSPECIFIED.);
#3933=B_SPLINE_CURVE_WITH_KNOTS('',3,(#14243,#14244,#14245,#14246),
 .UNSPECIFIED.,.F.,.F.,(4,4),(-0.0480623456224963,0.),.UNSPECIFIED.);
#3934=B_SPLINE_CURVE_WITH_KNOTS('',3,(#14249,#14250,#14251,#14252),
 .UNSPECIFIED.,.F.,.F.,(4,4),(0.,0.0480623456224963),.UNSPECIFIED.);
#3935=B_SPLINE_CURVE_WITH_KNOTS('',3,(#14275,#14276,#14277,#14278,#14279,
#14280,#14281,#14282),.UNSPECIFIED.,.F.,.F.,(4,2,2,4),(-0.000648938738537474,
0.,0.1164668464414,0.20883611020812),.UNSPECIFIED.);
#3936=B_SPLINE_CURVE_WITH_KNOTS('',3,(#14283,#14284,#14285,#14286),
 .UNSPECIFIED.,.F.,.F.,(4,4),(-0.214620618386787,0.),.UNSPECIFIED.);
#3937=B_SPLINE_CURVE_WITH_KNOTS('',3,(#14287,#14288,#14289,#14290),
 .UNSPECIFIED.,.F.,.F.,(4,4),(0.,0.0144732641695303),.UNSPECIFIED.);
#3938=B_SPLINE_CURVE_WITH_KNOTS('',3,(#14311,#14312,#14313,#14314),
 .UNSPECIFIED.,.F.,.F.,(4,4),(-0.203692824306115,0.),.UNSPECIFIED.);
#3939=B_SPLINE_CURVE_WITH_KNOTS('',3,(#14315,#14316,#14317,#14318),
 .UNSPECIFIED.,.F.,.F.,(4,4),(0.,0.203692824306115),.UNSPECIFIED.);
#3940=B_SPLINE_CURVE_WITH_KNOTS('',3,(#14338,#14339,#14340,#14341),
 .UNSPECIFIED.,.F.,.F.,(4,4),(-0.0325553293505652,-2.86670219365615E-12),
 .UNSPECIFIED.);
#3941=B_SPLINE_CURVE_WITH_KNOTS('',3,(#14359,#14360,#14361,#14362),
 .UNSPECIFIED.,.F.,.F.,(4,4),(-3.71687672537236E-5,0.),.UNSPECIFIED.);
#3942=B_SPLINE_CURVE_WITH_KNOTS('',3,(#14394,#14395,#14396,#14397),
 .UNSPECIFIED.,.F.,.F.,(4,4),(1.96246500399996,1.962565003999),
 .UNSPECIFIED.);
#3943=B_SPLINE_CURVE_WITH_KNOTS('',3,(#14400,#14401,#14402,#14403,#14404,
#14405,#14406,#14407,#14408,#14409,#14410,#14411,#14412,#14413,#14414,#14415,
#14416,#14417,#14418,#14419,#14420,#14421,#14422,#14423,#14424,#14425,#14426,
#14427,#14428,#14429,#14430),.UNSPECIFIED.,.F.,.F.,(4,3,3,3,3,3,3,3,3,3,
4),(-1.96256500399899,-1.89499841995185,-1.85285717087554,-1.82291915484735,
-1.76395222599413,-1.74002069432777,-1.68325047044822,-1.6197523213388,
-1.55490927835217,-1.49022483194331,-1.47374575392462),.UNSPECIFIED.);
#3944=B_SPLINE_CURVE_WITH_KNOTS('',3,(#14465,#14466,#14467,#14468,#14469,
#14470,#14471),.UNSPECIFIED.,.F.,.F.,(4,3,4),(-0.000162346149107718,-6.9576921046165E-5,
0.),.UNSPECIFIED.);
#3945=B_SPLINE_CURVE_WITH_KNOTS('',3,(#14472,#14473,#14474,#14475,#14476),
 .UNSPECIFIED.,.F.,.F.,(4,1,4),(0.,6.9576921046165E-5,0.000162346149107718),
 .UNSPECIFIED.);
#3946=B_SPLINE_CURVE_WITH_KNOTS('',3,(#14506,#14507,#14508,#14509),
 .UNSPECIFIED.,.F.,.F.,(4,4),(-8.22453834425739E-5,0.),.UNSPECIFIED.);
#3947=B_SPLINE_CURVE_WITH_KNOTS('',3,(#14510,#14511,#14512,#14513),
 .UNSPECIFIED.,.F.,.F.,(4,4),(0.,8.22453834425739E-5),.UNSPECIFIED.);
#3948=B_SPLINE_CURVE_WITH_KNOTS('',3,(#14534,#14535,#14536,#14537),
 .UNSPECIFIED.,.F.,.F.,(4,4),(-0.318010147696128,-5.52963739125683E-13),
 .UNSPECIFIED.);
#3949=B_SPLINE_CURVE_WITH_KNOTS('',3,(#14538,#14539,#14540,#14541),
 .UNSPECIFIED.,.F.,.F.,(4,4),(5.52963739125683E-13,0.172165384075211),
 .UNSPECIFIED.);
#3950=B_SPLINE_CURVE_WITH_KNOTS('',3,(#14575,#14576,#14577,#14578,#14579,
#14580,#14581,#14582),.UNSPECIFIED.,.F.,.F.,(4,2,2,4),(0.,0.0834380650173331,
0.188657330625931,0.189243605051074),.UNSPECIFIED.);
#3951=B_SPLINE_CURVE_WITH_KNOTS('',3,(#14584,#14585,#14586,#14587),
 .UNSPECIFIED.,.F.,.F.,(4,4),(0.200147354213489,0.214620618071198),
 .UNSPECIFIED.);
#3952=B_SPLINE_CURVE_WITH_KNOTS('',3,(#14590,#14591,#14592,#14593),
 .UNSPECIFIED.,.F.,.F.,(4,4),(-0.214620618071198,1.0350054147068E-12),
 .UNSPECIFIED.);
#3953=B_SPLINE_CURVE_WITH_KNOTS('',3,(#14617,#14618,#14619,#14620),
 .UNSPECIFIED.,.F.,.F.,(4,4),(-0.0480623456741942,0.),.UNSPECIFIED.);
#3954=B_SPLINE_CURVE_WITH_KNOTS('',3,(#14621,#14622,#14623,#14624),
 .UNSPECIFIED.,.F.,.F.,(4,4),(0.,0.0480623456741942),.UNSPECIFIED.);
#3955=B_SPLINE_CURVE_WITH_KNOTS('',3,(#14755,#14756,#14757,#14758,#14759,
#14760,#14761,#14762,#14763,#14764,#14765,#14766,#14767,#14768,#14769,#14770,
#14771,#14772,#14773,#14774,#14775,#14776,#14777,#14778),.UNSPECIFIED.,
 .F.,.F.,(4,1,1,1,1,1,1,1,1,1,1,1,1,1,1,1,1,1,1,2,4),(2.24403660555246E-15,
0.0947985376098528,0.142197806414778,0.189597075219703,0.201446892420935,
0.213296709622166,0.225146526823397,0.236996344024629,0.260695978427091,
0.284395612829554,0.308095247232017,0.331794881634479,0.343644698835711,
0.355494516036942,0.361419424637558,0.364381878937865,0.367344333238173,
0.379194150439405,0.42659341924433,0.473992688049255,0.474857232119031),
 .UNSPECIFIED.);
#3956=B_SPLINE_CURVE_WITH_KNOTS('',3,(#14779,#14780,#14781,#14782,#14783,
#14784,#14785,#14786,#14787,#14788,#14789,#14790,#14791,#14792,#14793,#14794,
#14795,#14796,#14797,#14798,#14799,#14800,#14801,#14802),.UNSPECIFIED.,
 .F.,.F.,(4,2,1,1,1,1,1,1,1,1,1,1,1,1,1,1,1,1,1,1,4),(-0.474857232119031,
-0.473992688049255,-0.42659341924433,-0.379194150439405,-0.367344333238173,
-0.364381878937865,-0.361419424637558,-0.355494516036942,-0.343644698835711,
-0.331794881634479,-0.308095247232017,-0.284395612829554,-0.260695978427091,
-0.236996344024629,-0.225146526823397,-0.213296709622166,-0.201446892420935,
-0.189597075219703,-0.142197806414778,-0.0947985376098528,-2.24403660555246E-15),
 .UNSPECIFIED.);
#3957=B_SPLINE_CURVE_WITH_KNOTS('',3,(#14823,#14824,#14825,#14826),
 .UNSPECIFIED.,.F.,.F.,(4,4),(-0.203692824300704,0.),.UNSPECIFIED.);
#3958=B_SPLINE_CURVE_WITH_KNOTS('',3,(#14827,#14828,#14829,#14830),
 .UNSPECIFIED.,.F.,.F.,(4,4),(0.,0.203692824300704),.UNSPECIFIED.);
#3959=B_SPLINE_CURVE_WITH_KNOTS('',3,(#14850,#14851,#14852,#14853),
 .UNSPECIFIED.,.F.,.F.,(4,4),(-0.293290549653422,-0.260735220232826),
 .UNSPECIFIED.);
#3960=B_SPLINE_CURVE_WITH_KNOTS('',3,(#14876,#14877,#14878,#14879),
 .UNSPECIFIED.,.F.,.F.,(4,4),(0.145844763617186,0.318010147692398),
 .UNSPECIFIED.);
#3961=B_SPLINE_CURVE_WITH_KNOTS('',3,(#14882,#14883,#14884,#14885),
 .UNSPECIFIED.,.F.,.F.,(4,4),(-0.318010147692398,0.),.UNSPECIFIED.);
#3962=B_SPLINE_CURVE_WITH_KNOTS('',3,(#14888,#14889,#14890,#14891),
 .UNSPECIFIED.,.F.,.F.,(4,4),(3.92513000799798,3.9252300079975),
 .UNSPECIFIED.);
#3963=B_SPLINE_CURVE_WITH_KNOTS('',3,(#14895,#14896,#14897,#14898,#14899,
#14900),.UNSPECIFIED.,.F.,.F.,(4,1,1,4),(0.,6.9576009218112E-5,0.00011596001536352,
0.000162344021508928),.UNSPECIFIED.);
#3964=B_SPLINE_CURVE_WITH_KNOTS('',3,(#14903,#14904,#14905,#14906),
 .UNSPECIFIED.,.F.,.F.,(4,4),(0.,8.22453976110992E-5),.UNSPECIFIED.);
#3965=B_SPLINE_CURVE_WITH_KNOTS('',3,(#14938,#14939,#14940,#14941,#14942,
#14943),.UNSPECIFIED.,.F.,.F.,(4,1,1,4),(-4.41394925812524,-4.20445529378499,
-4.06479265089149,-3.92513000799798),.UNSPECIFIED.);
#3966=B_SPLINE_CURVE_WITH_KNOTS('',3,(#14967,#14968,#14969,#14970),
 .UNSPECIFIED.,.F.,.F.,(4,4),(-8.22453976110992E-5,0.),.UNSPECIFIED.);
#3967=B_SPLINE_CURVE_WITH_KNOTS('',3,(#15007,#15008,#15009,#15010,#15011,
#15012),.UNSPECIFIED.,.F.,.F.,(4,1,1,4),(-0.000162344021508928,-0.00011596001536352,
-6.9576009218112E-5,0.),.UNSPECIFIED.);
#3968=B_SPLINE_CURVE_WITH_KNOTS('',3,(#15031,#15032,#15033,#15034),
 .UNSPECIFIED.,.F.,.F.,(4,4),(-0.000238478844839321,-0.000201310077588173),
 .UNSPECIFIED.);
#3969=B_SPLINE_CURVE_WITH_KNOTS('',3,(#15066,#15067,#15068,#15069,#15070,
#15071,#15072,#15073,#15074,#15075,#15076,#15077),.UNSPECIFIED.,.F.,.F.,
(4,2,2,2,2,4),(1.84802379960641,1.97135309309326,2.09890688746548,2.19585282088705,
2.22779070998213,2.25424135374102),.UNSPECIFIED.);
#3970=B_SPLINE_CURVE_WITH_KNOTS('',3,(#15085,#15086,#15087,#15088,#15089,
#15090,#15091,#15092,#15093,#15094,#15095,#15096),.UNSPECIFIED.,.F.,.F.,
(4,2,2,2,2,4),(0.75141378458034,0.777864428339233,0.809802317434313,0.90674825085588,
1.03430204522811,1.15763133871495),.UNSPECIFIED.);
#3971=B_SPLINE_CURVE_WITH_KNOTS('',3,(#15763,#15764,#15765,#15766),
 .UNSPECIFIED.,.F.,.F.,(4,4),(-2.90450866577928,-2.80450866577928),
 .UNSPECIFIED.);
#3972=B_SPLINE_CURVE_WITH_KNOTS('',3,(#15768,#15769,#15770,#15771,#15772,
#15773),.UNSPECIFIED.,.F.,.F.,(4,1,1,4),(-1.73472347597681E-14,0.448798950512813,
0.673198425769229,1.57079632679489),.UNSPECIFIED.);
#3973=B_SPLINE_CURVE_WITH_KNOTS('',3,(#15781,#15782,#15783,#15784,#15785),
 .UNSPECIFIED.,.F.,.F.,(4,1,4),(-0.785398163397449,-0.44879895051282,1.82653316486848E-14),
 .UNSPECIFIED.);
#3974=B_SPLINE_CURVE_WITH_KNOTS('',3,(#15787,#15788,#15789,#15790),
 .UNSPECIFIED.,.F.,.F.,(4,4),(-1.19983484414567,-1.12912416602701),
 .UNSPECIFIED.);
#3975=B_SPLINE_CURVE_WITH_KNOTS('',3,(#15794,#15795,#15796,#15797),
 .UNSPECIFIED.,.F.,.F.,(4,4),(-1.12459496095195,-0.78539816339745),
 .UNSPECIFIED.);
#3976=B_SPLINE_CURVE_WITH_KNOTS('',3,(#15799,#15800,#15801,#15802),
 .UNSPECIFIED.,.F.,.F.,(4,4),(-1.5707963267949,-1.12459496095195),
 .UNSPECIFIED.);
#3977=B_SPLINE_CURVE_WITH_KNOTS('',3,(#15804,#15805,#15806,#15807),
 .UNSPECIFIED.,.F.,.F.,(4,4),(-2.88843271378633,-2.78843271378633),
 .UNSPECIFIED.);
#3978=B_SPLINE_CURVE_WITH_KNOTS('',3,(#15811,#15812,#15813,#15814),
 .UNSPECIFIED.,.F.,.F.,(4,4),(-14.0264632098128,-13.9264632098128),
 .UNSPECIFIED.);
#3979=B_SPLINE_CURVE_WITH_KNOTS('',3,(#15816,#15817,#15818,#15819,#15820,
#15821),.UNSPECIFIED.,.F.,.F.,(4,1,1,4),(-3.90153645468095E-16,0.448798950512826,
0.673198425769238,1.57079632679489),.UNSPECIFIED.);
#3980=B_SPLINE_CURVE_WITH_KNOTS('',3,(#15833,#15834,#15835,#15836,#15837,
#15838),.UNSPECIFIED.,.F.,.F.,(4,1,1,4),(-1.57079632679489,-0.897597901025656,
-0.448798950512832,-9.08995101411762E-15),.UNSPECIFIED.);
#3981=B_SPLINE_CURVE_WITH_KNOTS('',3,(#15840,#15841,#15842,#15843),
 .UNSPECIFIED.,.F.,.F.,(4,4),(13.9264632098128,14.0264632098128),
 .UNSPECIFIED.);
#3982=B_SPLINE_CURVE_WITH_KNOTS('',3,(#15847,#15848,#15849,#15850),
 .UNSPECIFIED.,.F.,.F.,(4,4),(2.78843271378633,2.88843271378633),
 .UNSPECIFIED.);
#3983=B_SPLINE_CURVE_WITH_KNOTS('',3,(#15852,#15853,#15854,#15855),
 .UNSPECIFIED.,.F.,.F.,(4,4),(1.12459496095194,1.5707963267949),
 .UNSPECIFIED.);
#3984=B_SPLINE_CURVE_WITH_KNOTS('',3,(#15857,#15858,#15859,#15860),
 .UNSPECIFIED.,.F.,.F.,(4,4),(0.78539816339745,1.12459496095195),
 .UNSPECIFIED.);
#3985=B_SPLINE_CURVE_WITH_KNOTS('',3,(#15864,#15865,#15866,#15867),
 .UNSPECIFIED.,.F.,.F.,(4,4),(1.12912416602701,1.19983484414567),
 .UNSPECIFIED.);
#3986=B_SPLINE_CURVE_WITH_KNOTS('',3,(#15869,#15870,#15871,#15872,#15873),
 .UNSPECIFIED.,.F.,.F.,(4,1,4),(-1.77635683940024E-14,0.44879895051282,
0.785398163397449),.UNSPECIFIED.);
#3987=B_SPLINE_CURVE_WITH_KNOTS('',3,(#15881,#15882,#15883,#15884,#15885,
#15886),.UNSPECIFIED.,.F.,.F.,(4,1,1,4),(-1.57079632679489,-0.673198425769229,
-0.448798950512813,1.76462738196604E-14),.UNSPECIFIED.);
#3988=B_SPLINE_CURVE_WITH_KNOTS('',3,(#15888,#15889,#15890,#15891),
 .UNSPECIFIED.,.F.,.F.,(4,4),(2.80450866577928,2.90450866577928),
 .UNSPECIFIED.);
#3989=B_SPLINE_CURVE_WITH_KNOTS('',3,(#16460,#16461,#16462,#16463,#16464,
#16465,#16466,#16467,#16468,#16469,#16470,#16471,#16472,#16473),
 .UNSPECIFIED.,.F.,.F.,(4,2,2,2,2,2,4),(0.0304699800800442,0.212803799701122,
0.425607599402243,0.541964879205138,0.658322159008033,0.763100124090591,
0.847759177401796),.UNSPECIFIED.);
#3990=B_SPLINE_CURVE_WITH_KNOTS('',3,(#16475,#16476,#16477,#16478),
 .UNSPECIFIED.,.F.,.F.,(4,4),(-0.0305837913094154,0.),.UNSPECIFIED.);
#3991=B_SPLINE_CURVE_WITH_KNOTS('',3,(#16482,#16483,#16484,#16485),
 .UNSPECIFIED.,.F.,.F.,(4,4),(0.,0.0305837932469435),.UNSPECIFIED.);
#3992=B_SPLINE_CURVE_WITH_KNOTS('',3,(#16486,#16487,#16488,#16489,#16490,
#16491,#16492,#16493,#16494,#16495,#16496,#16497,#16498,#16499),
 .UNSPECIFIED.,.F.,.F.,(4,2,2,2,2,2,4),(-0.847759177392819,-0.763100124082666,
-0.658322159001154,-0.541964879199588,-0.425607599398023,-0.212803799699012,
-0.0304699799679879),.UNSPECIFIED.);
#3993=B_SPLINE_CURVE_WITH_KNOTS('',3,(#16501,#16502,#16503,#16504,#16505,
#16506,#16507,#16508,#16509,#16510,#16511,#16512,#16513,#16514),
 .UNSPECIFIED.,.F.,.F.,(4,2,2,2,2,2,4),(0.0304699799598595,0.212803799698859,
0.425607599397718,0.541964879199186,0.658322159000654,0.763100124082091,
0.847759177392169),.UNSPECIFIED.);
#3994=B_SPLINE_CURVE_WITH_KNOTS('',3,(#16516,#16517,#16518,#16519),
 .UNSPECIFIED.,.F.,.F.,(4,4),(-0.0305837911883044,0.),.UNSPECIFIED.);
#3995=B_SPLINE_CURVE_WITH_KNOTS('',3,(#16523,#16524,#16525,#16526),
 .UNSPECIFIED.,.F.,.F.,(4,4),(0.,0.0305771469483448),.UNSPECIFIED.);
#3996=B_SPLINE_CURVE_WITH_KNOTS('',3,(#16527,#16528,#16529,#16530,#16531,
#16532,#16533,#16534,#16535,#16536,#16537,#16538,#16539,#16540),
 .UNSPECIFIED.,.F.,.F.,(4,2,2,2,2,2,4),(-0.847759177397036,-0.763100124079569,
-0.658322158998053,-0.541964879196577,-0.425607599395101,-0.21280379969755,
-0.03046998007953),.UNSPECIFIED.);
#3997=B_SPLINE_CURVE_WITH_KNOTS('',3,(#17504,#17505,#17506,#17507,#17508,
#17509,#17510,#17511,#17512,#17513,#17514,#17515),.UNSPECIFIED.,.F.,.F.,
(4,2,2,2,2,4),(0.345196230445731,0.468525523932575,0.596079318304802,0.693025251726369,
0.724963140821449,0.751413784580342),.UNSPECIFIED.);
#3998=B_SPLINE_CURVE_WITH_KNOTS('',3,(#17523,#17524,#17525,#17526,#17527,
#17528,#17529,#17530,#17531,#17532,#17533,#17534),.UNSPECIFIED.,.F.,.F.,
(4,2,2,2,2,4),(0.751413784580341,0.777864428339233,0.809802317434314,0.906748250855881,
1.03430204522811,1.15763133871495),.UNSPECIFIED.);
#3999=B_SPLINE_CURVE_WITH_KNOTS('',3,(#17603,#17604,#17605,#17606),
 .UNSPECIFIED.,.F.,.F.,(4,4),(0.78539816339745,1.12459496095195),
 .UNSPECIFIED.);
#4000=B_SPLINE_CURVE_WITH_KNOTS('',3,(#17630,#17631,#17632,#17633),
 .UNSPECIFIED.,.F.,.F.,(4,4),(2.80450866577928,2.90450866577928),
 .UNSPECIFIED.);
#4001=B_SPLINE_CURVE_WITH_KNOTS('',3,(#17637,#17638,#17639,#17640,#17641,
#17642),.UNSPECIFIED.,.F.,.F.,(4,1,1,4),(-1.57079632679489,-0.673198425769229,
-0.448798950512813,1.73472347597681E-14),.UNSPECIFIED.);
#4002=B_SPLINE_CURVE_WITH_KNOTS('',3,(#17648,#17649,#17650,#17651,#17652,
#17653),.UNSPECIFIED.,.F.,.F.,(4,1,1,4),(9.08995101411762E-15,0.448798950512832,
0.897597901025656,1.57079632679489),.UNSPECIFIED.);
#4003=B_SPLINE_CURVE_WITH_KNOTS('',3,(#17655,#17656,#17657,#17658),
 .UNSPECIFIED.,.F.,.F.,(4,4),(-14.0264632098128,-13.9264632098128),
 .UNSPECIFIED.);
#4004=B_SPLINE_CURVE_WITH_KNOTS('',3,(#17665,#17666,#17667,#17668),
 .UNSPECIFIED.,.F.,.F.,(4,4),(13.9264632098128,14.0264632098128),
 .UNSPECIFIED.);
#4005=B_SPLINE_CURVE_WITH_KNOTS('',3,(#17671,#17672,#17673,#17674,#17675,
#17676),.UNSPECIFIED.,.F.,.F.,(4,1,1,4),(-1.57079632679489,-0.673198425769238,
-0.448798950512826,3.90153645468095E-16),.UNSPECIFIED.);
#4006=B_SPLINE_CURVE_WITH_KNOTS('',3,(#17689,#17690,#17691,#17692,#17693),
 .UNSPECIFIED.,.F.,.F.,(4,1,4),(-1.82653316486848E-14,0.44879895051282,
0.785398163397449),.UNSPECIFIED.);
#4007=B_SPLINE_CURVE_WITH_KNOTS('',3,(#17694,#17695,#17696,#17697),
 .UNSPECIFIED.,.F.,.F.,(4,4),(1.12912416602701,1.19983484414567),
 .UNSPECIFIED.);
#4008=B_SPLINE_CURVE_WITH_KNOTS('',3,(#17700,#17701,#17702,#17703),
 .UNSPECIFIED.,.F.,.F.,(4,4),(1.12459496095195,1.5707963267949),
 .UNSPECIFIED.);
#4009=B_SPLINE_CURVE_WITH_KNOTS('',3,(#17704,#17705,#17706,#17707),
 .UNSPECIFIED.,.F.,.F.,(4,4),(2.78843271378633,2.88843271378633),
 .UNSPECIFIED.);
#4010=B_SPLINE_CURVE_WITH_KNOTS('',3,(#17711,#17712,#17713,#17714),
 .UNSPECIFIED.,.F.,.F.,(4,4),(-1.5707963267949,-1.12459496095194),
 .UNSPECIFIED.);
#4011=B_SPLINE_CURVE_WITH_KNOTS('',3,(#17715,#17716,#17717,#17718),
 .UNSPECIFIED.,.F.,.F.,(4,4),(-2.88843271378633,-2.78843271378633),
 .UNSPECIFIED.);
#4012=B_SPLINE_CURVE_WITH_KNOTS('',3,(#17724,#17725,#17726,#17727),
 .UNSPECIFIED.,.F.,.F.,(4,4),(-1.12459496095195,-0.78539816339745),
 .UNSPECIFIED.);
#4013=B_SPLINE_CURVE_WITH_KNOTS('',3,(#17732,#17733,#17734,#17735,#17736),
 .UNSPECIFIED.,.F.,.F.,(4,1,4),(-0.785398163397449,-0.44879895051282,1.77635683940024E-14),
 .UNSPECIFIED.);
#4014=B_SPLINE_CURVE_WITH_KNOTS('',3,(#17737,#17738,#17739,#17740),
 .UNSPECIFIED.,.F.,.F.,(4,4),(-1.19983484414567,-1.12912416602701),
 .UNSPECIFIED.);
#4015=B_SPLINE_CURVE_WITH_KNOTS('',3,(#17756,#17757,#17758,#17759),
 .UNSPECIFIED.,.F.,.F.,(4,4),(-2.90450866577928,-2.80450866577928),
 .UNSPECIFIED.);
#4016=B_SPLINE_CURVE_WITH_KNOTS('',3,(#17760,#17761,#17762,#17763,#17764,
#17765),.UNSPECIFIED.,.F.,.F.,(4,1,1,4),(-1.76462738196604E-14,0.448798950512813,
0.673198425769229,1.57079632679489),.UNSPECIFIED.);
#4017=B_SPLINE_CURVE_WITH_KNOTS('',3,(#18283,#18284,#18285,#18286,#18287,
#18288),.UNSPECIFIED.,.F.,.F.,(4,2,4),(1.00522120073653,1.15312348790499,
1.21220523879907),.UNSPECIFIED.);
#4018=B_SPLINE_CURVE_WITH_KNOTS('',3,(#18290,#18291,#18292,#18293,#18294,
#18295),.UNSPECIFIED.,.F.,.F.,(4,2,4),(0.798237162676865,0.857318913575384,
1.00522120075564),.UNSPECIFIED.);
#4019=B_SPLINE_CURVE_WITH_KNOTS('',3,(#18310,#18311,#18312,#18313,#18314,
#18315),.UNSPECIFIED.,.F.,.F.,(4,2,4),(0.798237162673997,0.857318913568077,
1.00522120073653),.UNSPECIFIED.);
#4020=B_SPLINE_CURVE_WITH_KNOTS('',3,(#18318,#18319,#18320,#18321,#18322,
#18323),.UNSPECIFIED.,.F.,.F.,(4,2,4),(1.00522120075564,1.1531234879359,
1.21220523883442),.UNSPECIFIED.);
#4021=CIRCLE('',#10297,0.998999999999999);
#4022=CIRCLE('',#10299,0.998999999999999);
#4023=CIRCLE('',#10300,0.999000000000003);
#4024=CIRCLE('',#10301,0.999000000000001);
#4025=CIRCLE('',#10302,1.999);
#4026=CIRCLE('',#10303,1.999);
#4027=CIRCLE('',#10304,1.999);
#4028=CIRCLE('',#10306,1.999);
#4029=CIRCLE('',#10307,1.999);
#4030=CIRCLE('',#10309,1.999);
#4031=CIRCLE('',#10310,1.99899999999999);
#4032=CIRCLE('',#10312,32.5125191019965);
#4033=CIRCLE('',#10313,2.);
#4034=CIRCLE('',#10314,32.5);
#4035=CIRCLE('',#10315,2.);
#4036=CIRCLE('',#10316,33.0857864376269);
#4037=CIRCLE('',#10318,0.999000000024819);
#4038=CIRCLE('',#10319,0.998999999999994);
#4039=CIRCLE('',#10321,0.999);
#4040=CIRCLE('',#10322,0.998999999999999);
#4041=CIRCLE('',#10323,1.99899999999999);
#4042=CIRCLE('',#10324,1.99899999079044);
#4043=CIRCLE('',#10325,1.999);
#4044=CIRCLE('',#10327,1.999);
#4045=CIRCLE('',#10328,1.999);
#4046=CIRCLE('',#10330,1.999);
#4047=CIRCLE('',#10331,1.999);
#4048=CIRCLE('',#10334,32.5125191019997);
#4049=CIRCLE('',#10335,33.0857864376269);
#4050=CIRCLE('',#10336,2.);
#4051=CIRCLE('',#10337,32.5);
#4052=CIRCLE('',#10338,2.);
#4053=CIRCLE('',#10340,35.4892135623731);
#4054=CIRCLE('',#10342,30.18);
#4055=CIRCLE('',#10343,19.5);
#4056=CIRCLE('',#10344,30.18);
#4057=CIRCLE('',#10345,1.35000000000002);
#4058=CIRCLE('',#10347,31.5);
#4059=CIRCLE('',#10348,31.5);
#4060=CIRCLE('',#10349,19.5);
#4061=CIRCLE('',#10350,1.35000000000002);
#4062=CIRCLE('',#10352,32.5);
#4063=CIRCLE('',#10353,1.);
#4064=CIRCLE('',#10355,32.5);
#4065=CIRCLE('',#10357,34.5);
#4066=CIRCLE('',#10358,2.);
#4067=CIRCLE('',#10360,36.9034271247462);
#4068=CIRCLE('',#10362,35.4892135623731);
#4069=CIRCLE('',#10363,2.);
#4070=CIRCLE('',#10365,1.);
#4071=CIRCLE('',#10366,1.);
#4072=CIRCLE('',#10368,36.9034271247462);
#4073=CIRCLE('',#10369,2.);
#4074=CIRCLE('',#10371,34.5);
#4075=CIRCLE('',#10373,32.5);
#4076=CIRCLE('',#10374,2.);
#4077=CIRCLE('',#10377,9.00000000001353);
#4078=CIRCLE('',#10378,8.99999999994134);
#4079=CIRCLE('',#10379,8.99999999994134);
#4080=CIRCLE('',#10380,9.00000000001353);
#4081=CIRCLE('',#10381,2.5);
#4082=CIRCLE('',#10382,2.5);
#4083=CIRCLE('',#10383,2.5);
#4084=CIRCLE('',#10384,2.5);
#4085=CIRCLE('',#10385,2.5);
#4086=CIRCLE('',#10386,2.5);
#4087=CIRCLE('',#10387,2.5);
#4088=CIRCLE('',#10388,2.5);
#4089=CIRCLE('',#10389,2.5);
#4090=CIRCLE('',#10390,2.5);
#4091=CIRCLE('',#10391,2.5);
#4092=CIRCLE('',#10392,2.5);
#4093=CIRCLE('',#10393,2.5);
#4094=CIRCLE('',#10394,2.5);
#4095=CIRCLE('',#10395,2.5);
#4096=CIRCLE('',#10396,2.5);
#4097=CIRCLE('',#10397,2.5);
#4098=CIRCLE('',#10398,2.5);
#4099=CIRCLE('',#10399,2.5);
#4100=CIRCLE('',#10400,2.5);
#4101=CIRCLE('',#10401,2.5);
#4102=CIRCLE('',#10402,2.5);
#4103=CIRCLE('',#10403,2.5);
#4104=CIRCLE('',#10404,2.5);
#4105=CIRCLE('',#10405,2.5);
#4106=CIRCLE('',#10406,2.5);
#4107=CIRCLE('',#10407,2.5);
#4108=CIRCLE('',#10408,2.5);
#4109=CIRCLE('',#10409,2.5);
#4110=CIRCLE('',#10410,2.5);
#4111=CIRCLE('',#10411,2.5);
#4112=CIRCLE('',#10412,2.5);
#4113=CIRCLE('',#10413,2.5);
#4114=CIRCLE('',#10414,2.5);
#4115=CIRCLE('',#10415,2.5);
#4116=CIRCLE('',#10416,2.5);
#4117=CIRCLE('',#10417,2.5);
#4118=CIRCLE('',#10418,2.5);
#4119=CIRCLE('',#10419,2.5);
#4120=CIRCLE('',#10420,2.5);
#4121=CIRCLE('',#10421,2.5);
#4122=CIRCLE('',#10422,2.5);
#4123=CIRCLE('',#10423,2.5);
#4124=CIRCLE('',#10424,2.5);
#4125=CIRCLE('',#10425,2.5);
#4126=CIRCLE('',#10426,2.5);
#4127=CIRCLE('',#10427,2.5);
#4128=CIRCLE('',#10428,2.5);
#4129=CIRCLE('',#10429,2.5);
#4130=CIRCLE('',#10430,2.5);
#4131=CIRCLE('',#10431,2.5);
#4132=CIRCLE('',#10432,2.5);
#4133=CIRCLE('',#10433,2.5);
#4134=CIRCLE('',#10434,2.5);
#4135=CIRCLE('',#10435,2.5);
#4136=CIRCLE('',#10436,2.5);
#4137=CIRCLE('',#10437,2.5);
#4138=CIRCLE('',#10438,2.5);
#4139=CIRCLE('',#10439,2.5);
#4140=CIRCLE('',#10440,2.5);
#4141=CIRCLE('',#10441,2.5);
#4142=CIRCLE('',#10442,2.5);
#4143=CIRCLE('',#10443,2.5);
#4144=CIRCLE('',#10444,2.5);
#4145=CIRCLE('',#10445,2.5);
#4146=CIRCLE('',#10446,2.5);
#4147=CIRCLE('',#10447,2.5);
#4148=CIRCLE('',#10448,2.5);
#4149=CIRCLE('',#10449,2.5);
#4150=CIRCLE('',#10450,2.5);
#4151=CIRCLE('',#10451,2.5);
#4152=CIRCLE('',#10452,2.5);
#4153=CIRCLE('',#10453,2.5);
#4154=CIRCLE('',#10454,2.5);
#4155=CIRCLE('',#10455,2.5);
#4156=CIRCLE('',#10456,2.5);
#4157=CIRCLE('',#10457,2.5);
#4158=CIRCLE('',#10458,2.5);
#4159=CIRCLE('',#10459,2.5);
#4160=CIRCLE('',#10460,2.5);
#4161=CIRCLE('',#10461,2.5);
#4162=CIRCLE('',#10462,2.5);
#4163=CIRCLE('',#10463,2.5);
#4164=CIRCLE('',#10464,2.5);
#4165=CIRCLE('',#10465,2.5);
#4166=CIRCLE('',#10466,2.5);
#4167=CIRCLE('',#10467,2.5);
#4168=CIRCLE('',#10468,2.5);
#4169=CIRCLE('',#10469,2.5);
#4170=CIRCLE('',#10470,2.5);
#4171=CIRCLE('',#10471,2.5);
#4172=CIRCLE('',#10472,2.5);
#4173=CIRCLE('',#10473,2.5);
#4174=CIRCLE('',#10474,2.5);
#4175=CIRCLE('',#10475,2.5);
#4176=CIRCLE('',#10476,2.5);
#4177=CIRCLE('',#10477,2.5);
#4178=CIRCLE('',#10478,2.5);
#4179=CIRCLE('',#10479,2.5);
#4180=CIRCLE('',#10480,2.5);
#4181=CIRCLE('',#10481,2.5);
#4182=CIRCLE('',#10482,2.5);
#4183=CIRCLE('',#10483,2.5);
#4184=CIRCLE('',#10484,2.5);
#4185=CIRCLE('',#10485,2.5);
#4186=CIRCLE('',#10486,2.5);
#4187=CIRCLE('',#10487,2.5);
#4188=CIRCLE('',#10488,2.5);
#4189=CIRCLE('',#10489,2.5);
#4190=CIRCLE('',#10490,2.5);
#4191=CIRCLE('',#10491,2.5);
#4192=CIRCLE('',#10492,2.5);
#4193=CIRCLE('',#10493,2.5);
#4194=CIRCLE('',#10494,2.5);
#4195=CIRCLE('',#10495,2.5);
#4196=CIRCLE('',#10496,2.5);
#4197=CIRCLE('',#10497,2.5);
#4198=CIRCLE('',#10498,2.5);
#4199=CIRCLE('',#10499,2.5);
#4200=CIRCLE('',#10500,2.5);
#4201=CIRCLE('',#10502,30.18);
#4202=CIRCLE('',#10505,8.);
#4203=CIRCLE('',#10506,8.);
#4204=CIRCLE('',#10508,6.4999999999385);
#4205=CIRCLE('',#10509,6.4999999999361);
#4206=CIRCLE('',#10510,6.49999999994134);
#4207=CIRCLE('',#10511,6.50000000001353);
#4208=CIRCLE('',#10512,6.49999999993876);
#4209=CIRCLE('',#10513,6.49999999993871);
#4210=CIRCLE('',#10514,2.5);
#4211=CIRCLE('',#10515,2.5);
#4212=CIRCLE('',#10516,2.5);
#4213=CIRCLE('',#10517,2.5);
#4214=CIRCLE('',#10518,2.5);
#4215=CIRCLE('',#10519,2.5);
#4216=CIRCLE('',#10520,2.5);
#4217=CIRCLE('',#10521,2.5);
#4218=CIRCLE('',#10522,2.5);
#4219=CIRCLE('',#10523,2.5);
#4220=CIRCLE('',#10524,2.5);
#4221=CIRCLE('',#10525,2.5);
#4222=CIRCLE('',#10526,2.5);
#4223=CIRCLE('',#10527,2.5);
#4224=CIRCLE('',#10528,2.5);
#4225=CIRCLE('',#10529,2.5);
#4226=CIRCLE('',#10530,2.5);
#4227=CIRCLE('',#10531,2.5);
#4228=CIRCLE('',#10532,2.5);
#4229=CIRCLE('',#10533,2.5);
#4230=CIRCLE('',#10534,2.5);
#4231=CIRCLE('',#10535,2.5);
#4232=CIRCLE('',#10536,2.5);
#4233=CIRCLE('',#10537,2.5);
#4234=CIRCLE('',#10538,2.5);
#4235=CIRCLE('',#10539,2.5);
#4236=CIRCLE('',#10540,2.5);
#4237=CIRCLE('',#10541,2.5);
#4238=CIRCLE('',#10542,2.5);
#4239=CIRCLE('',#10543,2.5);
#4240=CIRCLE('',#10544,2.5);
#4241=CIRCLE('',#10545,2.5);
#4242=CIRCLE('',#10546,2.5);
#4243=CIRCLE('',#10547,2.5);
#4244=CIRCLE('',#10548,2.5);
#4245=CIRCLE('',#10549,2.5);
#4246=CIRCLE('',#10550,2.5);
#4247=CIRCLE('',#10551,2.5);
#4248=CIRCLE('',#10552,2.5);
#4249=CIRCLE('',#10553,2.5);
#4250=CIRCLE('',#10554,2.5);
#4251=CIRCLE('',#10555,2.5);
#4252=CIRCLE('',#10556,2.5);
#4253=CIRCLE('',#10557,2.5);
#4254=CIRCLE('',#10558,2.5);
#4255=CIRCLE('',#10559,2.5);
#4256=CIRCLE('',#10560,2.5);
#4257=CIRCLE('',#10561,2.5);
#4258=CIRCLE('',#10562,2.5);
#4259=CIRCLE('',#10563,2.5);
#4260=CIRCLE('',#10564,2.5);
#4261=CIRCLE('',#10565,2.5);
#4262=CIRCLE('',#10566,2.5);
#4263=CIRCLE('',#10567,2.5);
#4264=CIRCLE('',#10568,2.5);
#4265=CIRCLE('',#10569,2.5);
#4266=CIRCLE('',#10570,2.5);
#4267=CIRCLE('',#10571,2.5);
#4268=CIRCLE('',#10572,2.5);
#4269=CIRCLE('',#10573,2.5);
#4270=CIRCLE('',#10574,2.5);
#4271=CIRCLE('',#10575,2.5);
#4272=CIRCLE('',#10576,2.5);
#4273=CIRCLE('',#10577,2.5);
#4274=CIRCLE('',#10578,2.5);
#4275=CIRCLE('',#10579,2.5);
#4276=CIRCLE('',#10580,2.5);
#4277=CIRCLE('',#10581,2.5);
#4278=CIRCLE('',#10582,2.5);
#4279=CIRCLE('',#10583,2.5);
#4280=CIRCLE('',#10584,2.5);
#4281=CIRCLE('',#10585,2.5);
#4282=CIRCLE('',#10586,2.5);
#4283=CIRCLE('',#10587,2.5);
#4284=CIRCLE('',#10588,2.5);
#4285=CIRCLE('',#10589,2.5);
#4286=CIRCLE('',#10590,2.5);
#4287=CIRCLE('',#10591,2.5);
#4288=CIRCLE('',#10592,2.5);
#4289=CIRCLE('',#10593,2.5);
#4290=CIRCLE('',#10594,2.5);
#4291=CIRCLE('',#10595,2.5);
#4292=CIRCLE('',#10596,2.5);
#4293=CIRCLE('',#10597,2.5);
#4294=CIRCLE('',#10598,2.5);
#4295=CIRCLE('',#10599,2.5);
#4296=CIRCLE('',#10600,2.5);
#4297=CIRCLE('',#10601,2.5);
#4298=CIRCLE('',#10602,2.5);
#4299=CIRCLE('',#10603,2.5);
#4300=CIRCLE('',#10604,2.5);
#4301=CIRCLE('',#10605,2.5);
#4302=CIRCLE('',#10606,2.5);
#4303=CIRCLE('',#10607,2.5);
#4304=CIRCLE('',#10608,2.5);
#4305=CIRCLE('',#10609,2.5);
#4306=CIRCLE('',#10610,2.5);
#4307=CIRCLE('',#10611,2.5);
#4308=CIRCLE('',#10612,2.5);
#4309=CIRCLE('',#10613,2.5);
#4310=CIRCLE('',#10614,2.5);
#4311=CIRCLE('',#10615,2.5);
#4312=CIRCLE('',#10616,2.5);
#4313=CIRCLE('',#10617,2.5);
#4314=CIRCLE('',#10618,2.5);
#4315=CIRCLE('',#10619,2.5);
#4316=CIRCLE('',#10620,2.5);
#4317=CIRCLE('',#10621,2.5);
#4318=CIRCLE('',#10622,2.5);
#4319=CIRCLE('',#10623,2.5);
#4320=CIRCLE('',#10624,2.5);
#4321=CIRCLE('',#10625,2.5);
#4322=CIRCLE('',#10626,2.5);
#4323=CIRCLE('',#10627,2.5);
#4324=CIRCLE('',#10628,2.5);
#4325=CIRCLE('',#10629,2.5);
#4326=CIRCLE('',#10630,6.49999999993852);
#4327=CIRCLE('',#10631,6.49999999993872);
#4328=CIRCLE('',#10632,2.5);
#4329=CIRCLE('',#10633,2.5);
#4330=CIRCLE('',#10634,2.5);
#4331=CIRCLE('',#10635,2.5);
#4332=CIRCLE('',#10638,34.5);
#4333=CIRCLE('',#10639,6.);
#4334=CIRCLE('',#10641,8.);
#4335=CIRCLE('',#10642,8.);
#4336=CIRCLE('',#10646,34.5);
#4337=CIRCLE('',#10647,6.);
#4338=CIRCLE('',#10649,8.);
#4339=CIRCLE('',#10650,8.);
#4340=CIRCLE('',#10655,4.86926638581462);
#4341=CIRCLE('',#10656,4.56255668230649);
#4342=CIRCLE('',#10659,4.86926638581986);
#4343=CIRCLE('',#10661,4.56255668231173);
#4344=CIRCLE('',#10665,4.86926638589205);
#4345=CIRCLE('',#10666,4.56255668238392);
#4346=CIRCLE('',#10669,30.18);
#4347=CIRCLE('',#10671,1.35000000000003);
#4348=CIRCLE('',#10672,1.35000000000003);
#4349=CIRCLE('',#10674,1.35000000000003);
#4350=CIRCLE('',#10675,1.35000000000003);
#4351=CIRCLE('',#10678,1.35000000000002);
#4352=CIRCLE('',#10679,1.35000000000002);
#4353=CIRCLE('',#10682,2.);
#4354=CIRCLE('',#10688,30.18);
#4355=CIRCLE('',#10689,1.45);
#4356=CIRCLE('',#10690,2.00000000000001);
#4357=CIRCLE('',#10698,1.99999999999999);
#4358=CIRCLE('',#10702,2.);
#4359=CIRCLE('',#10703,7.00000000001353);
#4360=CIRCLE('',#10704,6.99999999994134);
#4361=CIRCLE('',#10705,2.);
#4362=CIRCLE('',#10706,2.);
#4363=CIRCLE('',#10707,6.99999999994134);
#4364=CIRCLE('',#10708,7.00000000001353);
#4365=CIRCLE('',#10709,2.);
#4366=CIRCLE('',#10710,4.56255668230889);
#4367=CIRCLE('',#10713,30.18);
#4368=CIRCLE('',#10714,1.45);
#4369=CIRCLE('',#10716,2.00000000000001);
#4370=CIRCLE('',#10717,1.99999999999999);
#4371=CIRCLE('',#10718,2.00000000000001);
#4372=CIRCLE('',#10722,2.);
#4373=CIRCLE('',#10723,2.);
#4374=CIRCLE('',#10724,1.99999999999999);
#4375=CIRCLE('',#10726,2.00000000000001);
#4376=CIRCLE('',#10727,6.99999999994134);
#4377=CIRCLE('',#10729,1.99999999999999);
#4378=CIRCLE('',#10731,7.00000000001353);
#4379=CIRCLE('',#10733,1.99999999999999);
#4380=CIRCLE('',#10734,2.00000000000001);
#4381=CIRCLE('',#10735,2.);
#4382=CIRCLE('',#10738,2.);
#4383=CIRCLE('',#10739,2.);
#4384=CIRCLE('',#10741,1.99999999999999);
#4385=CIRCLE('',#10742,7.00000000001353);
#4386=CIRCLE('',#10744,1.99999999999999);
#4387=CIRCLE('',#10746,6.99999999994134);
#4388=CIRCLE('',#10757,3.5);
#4389=CIRCLE('',#10759,2.5);
#4390=CIRCLE('',#10760,2.5);
#4391=CIRCLE('',#10769,1.45);
#4392=CIRCLE('',#10772,3.5);
#4393=CIRCLE('',#10774,1.45);
#4394=CIRCLE('',#10776,2.5);
#4395=CIRCLE('',#10777,2.5);
#4396=CIRCLE('',#11016,30.18);
#4397=CIRCLE('',#11020,19.5);
#4398=CIRCLE('',#11021,19.5);
#4399=CIRCLE('',#11023,30.18);
#4400=CIRCLE('',#11026,19.5);
#4401=CIRCLE('',#11027,19.5);
#4402=CIRCLE('',#11029,30.18);
#4403=CIRCLE('',#11031,30.18);
#4404=CIRCLE('',#11034,19.5);
#4405=CIRCLE('',#11035,19.5);
#4406=CIRCLE('',#11037,30.18);
#4407=CIRCLE('',#11038,30.18);
#4408=CIRCLE('',#11042,30.18);
#4409=CIRCLE('',#11045,30.18);
#4410=CIRCLE('',#11051,6.99999999993872);
#4411=CIRCLE('',#11052,6.99999999993851);
#4412=CIRCLE('',#11053,6.99999999993872);
#4413=CIRCLE('',#11054,4.56255668230913);
#4414=CIRCLE('',#11055,4.56255668230909);
#4415=CIRCLE('',#11057,6.99999999993872);
#4416=CIRCLE('',#11062,6.99999999993851);
#4417=CIRCLE('',#11064,4.86926638581723);
#4418=CIRCLE('',#11067,6.99999999993872);
#4419=CIRCLE('',#11068,6.99999999993851);
#4420=CIRCLE('',#11069,6.99999999993872);
#4421=CIRCLE('',#11070,4.5625566823091);
#4422=CIRCLE('',#11071,4.56255668230889);
#4423=CIRCLE('',#11073,4.86926638581724);
#4424=CIRCLE('',#11076,6.99999999993851);
#4425=CIRCLE('',#11078,6.99999999993872);
#4426=CIRCLE('',#11080,6.99999999993872);
#4427=CIRCLE('',#11092,32.5);
#4428=CIRCLE('',#11093,32.5);
#4429=CIRCLE('',#11095,2.);
#4430=CIRCLE('',#11096,2.);
#4431=CIRCLE('',#11098,32.5);
#4432=CIRCLE('',#11099,32.5);
#4433=CIRCLE('',#11101,1.99999999999999);
#4434=CIRCLE('',#11103,2.);
#4435=CIRCLE('',#11106,32.5);
#4436=CIRCLE('',#11110,32.5);
#4437=CIRCLE('',#11131,31.5);
#4438=CIRCLE('',#11132,31.5);
#4439=CIRCLE('',#11135,1.);
#4440=CIRCLE('',#11143,1.);
#4441=CIRCLE('',#11144,1.);
#4442=CIRCLE('',#11150,1.);
#4443=CIRCLE('',#11152,0.999999999999996);
#4444=CIRCLE('',#11153,31.5);
#4445=CIRCLE('',#11156,32.5);
#4446=CIRCLE('',#11158,31.5);
#4447=CIRCLE('',#11160,0.999999999999996);
#4448=CIRCLE('',#11163,31.5);
#4449=CIRCLE('',#11164,31.5);
#4450=CIRCLE('',#11166,1.);
#4451=CIRCLE('',#11167,1.);
#4452=CIRCLE('',#11170,1.00000000000002);
#4453=CIRCLE('',#11173,32.5);
#4454=CIRCLE('',#11180,1.);
#4455=CIRCLE('',#11193,32.5);
#4456=CIRCLE('',#11195,1.);
#4457=CIRCLE('',#11198,8.99999999993872);
#4458=CIRCLE('',#11200,6.99999999993872);
#4459=CIRCLE('',#11202,2.);
#4460=CIRCLE('',#11203,1.99999999999994);
#4461=CIRCLE('',#11205,8.99999999993872);
#4462=CIRCLE('',#11206,2.00000000000001);
#4463=CIRCLE('',#11208,2.00000000000001);
#4464=CIRCLE('',#11210,8.99999999993851);
#4465=CIRCLE('',#11213,8.99999999993872);
#4466=CIRCLE('',#11214,8.99999999993851);
#4467=CIRCLE('',#11216,8.99999999993872);
#4468=CIRCLE('',#11219,2.);
#4469=CIRCLE('',#11220,1.99999999999994);
#4470=CIRCLE('',#11223,1.99999999999999);
#4471=CIRCLE('',#11225,2.00000000000001);
#4472=CIRCLE('',#11228,4.86926638581703);
#4473=CIRCLE('',#11235,4.86926638581727);
#4474=CIRCLE('',#11242,4.86926638581702);
#4475=VERTEX_POINT('',#14161);
#4476=VERTEX_POINT('',#14162);
#4477=VERTEX_POINT('',#14164);
#4478=VERTEX_POINT('',#14214);
#4479=VERTEX_POINT('',#14215);
#4480=VERTEX_POINT('',#14239);
#4481=VERTEX_POINT('',#14240);
#4482=VERTEX_POINT('',#14242);
#4483=VERTEX_POINT('',#14247);
#4484=VERTEX_POINT('',#14273);
#4485=VERTEX_POINT('',#14274);
#4486=VERTEX_POINT('',#14335);
#4487=VERTEX_POINT('',#14337);
#4488=VERTEX_POINT('',#14393);
#4489=VERTEX_POINT('',#14398);
#4490=VERTEX_POINT('',#14432);
#4491=VERTEX_POINT('',#14433);
#4492=VERTEX_POINT('',#14462);
#4493=VERTEX_POINT('',#14463);
#4494=VERTEX_POINT('',#14478);
#4495=VERTEX_POINT('',#14479);
#4496=VERTEX_POINT('',#14503);
#4497=VERTEX_POINT('',#14504);
#4498=VERTEX_POINT('',#14543);
#4499=VERTEX_POINT('',#14545);
#4500=VERTEX_POINT('',#14547);
#4501=VERTEX_POINT('',#14549);
#4502=VERTEX_POINT('',#14573);
#4503=VERTEX_POINT('',#14574);
#4504=VERTEX_POINT('',#14583);
#4505=VERTEX_POINT('',#14588);
#4506=VERTEX_POINT('',#14614);
#4507=VERTEX_POINT('',#14615);
#4508=VERTEX_POINT('',#14626);
#4509=VERTEX_POINT('',#14627);
#4510=VERTEX_POINT('',#14629);
#4511=VERTEX_POINT('',#14631);
#4512=VERTEX_POINT('',#14754);
#4513=VERTEX_POINT('',#14847);
#4514=VERTEX_POINT('',#14849);
#4515=VERTEX_POINT('',#14875);
#4516=VERTEX_POINT('',#14880);
#4517=VERTEX_POINT('',#14887);
#4518=VERTEX_POINT('',#14892);
#4519=VERTEX_POINT('',#14894);
#4520=VERTEX_POINT('',#14901);
#4521=VERTEX_POINT('',#14937);
#4522=VERTEX_POINT('',#14965);
#4523=VERTEX_POINT('',#14972);
#4524=VERTEX_POINT('',#15005);
#4525=VERTEX_POINT('',#15036);
#4526=VERTEX_POINT('',#15038);
#4527=VERTEX_POINT('',#15040);
#4528=VERTEX_POINT('',#15042);
#4529=VERTEX_POINT('',#15046);
#4530=VERTEX_POINT('',#15050);
#4531=VERTEX_POINT('',#15051);
#4532=VERTEX_POINT('',#15053);
#4533=VERTEX_POINT('',#15055);
#4534=VERTEX_POINT('',#15057);
#4535=VERTEX_POINT('',#15059);
#4536=VERTEX_POINT('',#15061);
#4537=VERTEX_POINT('',#15063);
#4538=VERTEX_POINT('',#15065);
#4539=VERTEX_POINT('',#15078);
#4540=VERTEX_POINT('',#15080);
#4541=VERTEX_POINT('',#15082);
#4542=VERTEX_POINT('',#15084);
#4543=VERTEX_POINT('',#15097);
#4544=VERTEX_POINT('',#15100);
#4545=VERTEX_POINT('',#15103);
#4546=VERTEX_POINT('',#15105);
#4547=VERTEX_POINT('',#15107);
#4548=VERTEX_POINT('',#15109);
#4549=VERTEX_POINT('',#15111);
#4550=VERTEX_POINT('',#15113);
#4551=VERTEX_POINT('',#15115);
#4552=VERTEX_POINT('',#15118);
#4553=VERTEX_POINT('',#15121);
#4554=VERTEX_POINT('',#15125);
#4555=VERTEX_POINT('',#15129);
#4556=VERTEX_POINT('',#15133);
#4557=VERTEX_POINT('',#15135);
#4558=VERTEX_POINT('',#15137);
#4559=VERTEX_POINT('',#15141);
#4560=VERTEX_POINT('',#15146);
#4561=VERTEX_POINT('',#15148);
#4562=VERTEX_POINT('',#15150);
#4563=VERTEX_POINT('',#15152);
#4564=VERTEX_POINT('',#15154);
#4565=VERTEX_POINT('',#15156);
#4566=VERTEX_POINT('',#15158);
#4567=VERTEX_POINT('',#15161);
#4568=VERTEX_POINT('',#15163);
#4569=VERTEX_POINT('',#15165);
#4570=VERTEX_POINT('',#15167);
#4571=VERTEX_POINT('',#15169);
#4572=VERTEX_POINT('',#15171);
#4573=VERTEX_POINT('',#15173);
#4574=VERTEX_POINT('',#15175);
#4575=VERTEX_POINT('',#15177);
#4576=VERTEX_POINT('',#15179);
#4577=VERTEX_POINT('',#15181);
#4578=VERTEX_POINT('',#15183);
#4579=VERTEX_POINT('',#15185);
#4580=VERTEX_POINT('',#15187);
#4581=VERTEX_POINT('',#15191);
#4582=VERTEX_POINT('',#15195);
#4583=VERTEX_POINT('',#15197);
#4584=VERTEX_POINT('',#15199);
#4585=VERTEX_POINT('',#15203);
#4586=VERTEX_POINT('',#15207);
#4587=VERTEX_POINT('',#15208);
#4588=VERTEX_POINT('',#15210);
#4589=VERTEX_POINT('',#15212);
#4590=VERTEX_POINT('',#15216);
#4591=VERTEX_POINT('',#15218);
#4592=VERTEX_POINT('',#15220);
#4593=VERTEX_POINT('',#15222);
#4594=VERTEX_POINT('',#15224);
#4595=VERTEX_POINT('',#15226);
#4596=VERTEX_POINT('',#15228);
#4597=VERTEX_POINT('',#15230);
#4598=VERTEX_POINT('',#15232);
#4599=VERTEX_POINT('',#15234);
#4600=VERTEX_POINT('',#15236);
#4601=VERTEX_POINT('',#15238);
#4602=VERTEX_POINT('',#15240);
#4603=VERTEX_POINT('',#15242);
#4604=VERTEX_POINT('',#15244);
#4605=VERTEX_POINT('',#15246);
#4606=VERTEX_POINT('',#15248);
#4607=VERTEX_POINT('',#15250);
#4608=VERTEX_POINT('',#15253);
#4609=VERTEX_POINT('',#15254);
#4610=VERTEX_POINT('',#15256);
#4611=VERTEX_POINT('',#15258);
#4612=VERTEX_POINT('',#15260);
#4613=VERTEX_POINT('',#15262);
#4614=VERTEX_POINT('',#15264);
#4615=VERTEX_POINT('',#15266);
#4616=VERTEX_POINT('',#15269);
#4617=VERTEX_POINT('',#15270);
#4618=VERTEX_POINT('',#15272);
#4619=VERTEX_POINT('',#15274);
#4620=VERTEX_POINT('',#15276);
#4621=VERTEX_POINT('',#15278);
#4622=VERTEX_POINT('',#15280);
#4623=VERTEX_POINT('',#15282);
#4624=VERTEX_POINT('',#15285);
#4625=VERTEX_POINT('',#15286);
#4626=VERTEX_POINT('',#15288);
#4627=VERTEX_POINT('',#15290);
#4628=VERTEX_POINT('',#15292);
#4629=VERTEX_POINT('',#15294);
#4630=VERTEX_POINT('',#15296);
#4631=VERTEX_POINT('',#15298);
#4632=VERTEX_POINT('',#15301);
#4633=VERTEX_POINT('',#15302);
#4634=VERTEX_POINT('',#15304);
#4635=VERTEX_POINT('',#15306);
#4636=VERTEX_POINT('',#15308);
#4637=VERTEX_POINT('',#15310);
#4638=VERTEX_POINT('',#15312);
#4639=VERTEX_POINT('',#15314);
#4640=VERTEX_POINT('',#15317);
#4641=VERTEX_POINT('',#15318);
#4642=VERTEX_POINT('',#15320);
#4643=VERTEX_POINT('',#15322);
#4644=VERTEX_POINT('',#15324);
#4645=VERTEX_POINT('',#15326);
#4646=VERTEX_POINT('',#15328);
#4647=VERTEX_POINT('',#15330);
#4648=VERTEX_POINT('',#15333);
#4649=VERTEX_POINT('',#15334);
#4650=VERTEX_POINT('',#15336);
#4651=VERTEX_POINT('',#15338);
#4652=VERTEX_POINT('',#15340);
#4653=VERTEX_POINT('',#15342);
#4654=VERTEX_POINT('',#15344);
#4655=VERTEX_POINT('',#15346);
#4656=VERTEX_POINT('',#15349);
#4657=VERTEX_POINT('',#15350);
#4658=VERTEX_POINT('',#15352);
#4659=VERTEX_POINT('',#15354);
#4660=VERTEX_POINT('',#15356);
#4661=VERTEX_POINT('',#15358);
#4662=VERTEX_POINT('',#15360);
#4663=VERTEX_POINT('',#15362);
#4664=VERTEX_POINT('',#15365);
#4665=VERTEX_POINT('',#15366);
#4666=VERTEX_POINT('',#15368);
#4667=VERTEX_POINT('',#15370);
#4668=VERTEX_POINT('',#15372);
#4669=VERTEX_POINT('',#15374);
#4670=VERTEX_POINT('',#15376);
#4671=VERTEX_POINT('',#15378);
#4672=VERTEX_POINT('',#15381);
#4673=VERTEX_POINT('',#15382);
#4674=VERTEX_POINT('',#15384);
#4675=VERTEX_POINT('',#15386);
#4676=VERTEX_POINT('',#15388);
#4677=VERTEX_POINT('',#15390);
#4678=VERTEX_POINT('',#15392);
#4679=VERTEX_POINT('',#15394);
#4680=VERTEX_POINT('',#15397);
#4681=VERTEX_POINT('',#15398);
#4682=VERTEX_POINT('',#15400);
#4683=VERTEX_POINT('',#15402);
#4684=VERTEX_POINT('',#15404);
#4685=VERTEX_POINT('',#15406);
#4686=VERTEX_POINT('',#15408);
#4687=VERTEX_POINT('',#15410);
#4688=VERTEX_POINT('',#15413);
#4689=VERTEX_POINT('',#15414);
#4690=VERTEX_POINT('',#15416);
#4691=VERTEX_POINT('',#15418);
#4692=VERTEX_POINT('',#15420);
#4693=VERTEX_POINT('',#15422);
#4694=VERTEX_POINT('',#15424);
#4695=VERTEX_POINT('',#15426);
#4696=VERTEX_POINT('',#15429);
#4697=VERTEX_POINT('',#15430);
#4698=VERTEX_POINT('',#15432);
#4699=VERTEX_POINT('',#15434);
#4700=VERTEX_POINT('',#15436);
#4701=VERTEX_POINT('',#15438);
#4702=VERTEX_POINT('',#15440);
#4703=VERTEX_POINT('',#15442);
#4704=VERTEX_POINT('',#15445);
#4705=VERTEX_POINT('',#15446);
#4706=VERTEX_POINT('',#15448);
#4707=VERTEX_POINT('',#15450);
#4708=VERTEX_POINT('',#15452);
#4709=VERTEX_POINT('',#15454);
#4710=VERTEX_POINT('',#15456);
#4711=VERTEX_POINT('',#15458);
#4712=VERTEX_POINT('',#15461);
#4713=VERTEX_POINT('',#15462);
#4714=VERTEX_POINT('',#15464);
#4715=VERTEX_POINT('',#15466);
#4716=VERTEX_POINT('',#15468);
#4717=VERTEX_POINT('',#15470);
#4718=VERTEX_POINT('',#15472);
#4719=VERTEX_POINT('',#15474);
#4720=VERTEX_POINT('',#15477);
#4721=VERTEX_POINT('',#15478);
#4722=VERTEX_POINT('',#15480);
#4723=VERTEX_POINT('',#15482);
#4724=VERTEX_POINT('',#15484);
#4725=VERTEX_POINT('',#15486);
#4726=VERTEX_POINT('',#15488);
#4727=VERTEX_POINT('',#15490);
#4728=VERTEX_POINT('',#15493);
#4729=VERTEX_POINT('',#15494);
#4730=VERTEX_POINT('',#15496);
#4731=VERTEX_POINT('',#15498);
#4732=VERTEX_POINT('',#15500);
#4733=VERTEX_POINT('',#15502);
#4734=VERTEX_POINT('',#15504);
#4735=VERTEX_POINT('',#15506);
#4736=VERTEX_POINT('',#15509);
#4737=VERTEX_POINT('',#15510);
#4738=VERTEX_POINT('',#15512);
#4739=VERTEX_POINT('',#15514);
#4740=VERTEX_POINT('',#15516);
#4741=VERTEX_POINT('',#15518);
#4742=VERTEX_POINT('',#15520);
#4743=VERTEX_POINT('',#15522);
#4744=VERTEX_POINT('',#15525);
#4745=VERTEX_POINT('',#15526);
#4746=VERTEX_POINT('',#15528);
#4747=VERTEX_POINT('',#15530);
#4748=VERTEX_POINT('',#15532);
#4749=VERTEX_POINT('',#15534);
#4750=VERTEX_POINT('',#15536);
#4751=VERTEX_POINT('',#15538);
#4752=VERTEX_POINT('',#15541);
#4753=VERTEX_POINT('',#15542);
#4754=VERTEX_POINT('',#15544);
#4755=VERTEX_POINT('',#15546);
#4756=VERTEX_POINT('',#15548);
#4757=VERTEX_POINT('',#15550);
#4758=VERTEX_POINT('',#15552);
#4759=VERTEX_POINT('',#15554);
#4760=VERTEX_POINT('',#15557);
#4761=VERTEX_POINT('',#15558);
#4762=VERTEX_POINT('',#15560);
#4763=VERTEX_POINT('',#15562);
#4764=VERTEX_POINT('',#15564);
#4765=VERTEX_POINT('',#15566);
#4766=VERTEX_POINT('',#15568);
#4767=VERTEX_POINT('',#15570);
#4768=VERTEX_POINT('',#15573);
#4769=VERTEX_POINT('',#15574);
#4770=VERTEX_POINT('',#15576);
#4771=VERTEX_POINT('',#15578);
#4772=VERTEX_POINT('',#15580);
#4773=VERTEX_POINT('',#15582);
#4774=VERTEX_POINT('',#15584);
#4775=VERTEX_POINT('',#15586);
#4776=VERTEX_POINT('',#15589);
#4777=VERTEX_POINT('',#15590);
#4778=VERTEX_POINT('',#15592);
#4779=VERTEX_POINT('',#15594);
#4780=VERTEX_POINT('',#15596);
#4781=VERTEX_POINT('',#15598);
#4782=VERTEX_POINT('',#15600);
#4783=VERTEX_POINT('',#15602);
#4784=VERTEX_POINT('',#15605);
#4785=VERTEX_POINT('',#15606);
#4786=VERTEX_POINT('',#15608);
#4787=VERTEX_POINT('',#15610);
#4788=VERTEX_POINT('',#15612);
#4789=VERTEX_POINT('',#15614);
#4790=VERTEX_POINT('',#15616);
#4791=VERTEX_POINT('',#15618);
#4792=VERTEX_POINT('',#15621);
#4793=VERTEX_POINT('',#15622);
#4794=VERTEX_POINT('',#15624);
#4795=VERTEX_POINT('',#15626);
#4796=VERTEX_POINT('',#15628);
#4797=VERTEX_POINT('',#15630);
#4798=VERTEX_POINT('',#15632);
#4799=VERTEX_POINT('',#15634);
#4800=VERTEX_POINT('',#15637);
#4801=VERTEX_POINT('',#15638);
#4802=VERTEX_POINT('',#15640);
#4803=VERTEX_POINT('',#15642);
#4804=VERTEX_POINT('',#15644);
#4805=VERTEX_POINT('',#15646);
#4806=VERTEX_POINT('',#15648);
#4807=VERTEX_POINT('',#15650);
#4808=VERTEX_POINT('',#15653);
#4809=VERTEX_POINT('',#15654);
#4810=VERTEX_POINT('',#15656);
#4811=VERTEX_POINT('',#15658);
#4812=VERTEX_POINT('',#15660);
#4813=VERTEX_POINT('',#15662);
#4814=VERTEX_POINT('',#15664);
#4815=VERTEX_POINT('',#15666);
#4816=VERTEX_POINT('',#15669);
#4817=VERTEX_POINT('',#15670);
#4818=VERTEX_POINT('',#15672);
#4819=VERTEX_POINT('',#15674);
#4820=VERTEX_POINT('',#15676);
#4821=VERTEX_POINT('',#15678);
#4822=VERTEX_POINT('',#15680);
#4823=VERTEX_POINT('',#15682);
#4824=VERTEX_POINT('',#15685);
#4825=VERTEX_POINT('',#15686);
#4826=VERTEX_POINT('',#15688);
#4827=VERTEX_POINT('',#15690);
#4828=VERTEX_POINT('',#15692);
#4829=VERTEX_POINT('',#15694);
#4830=VERTEX_POINT('',#15696);
#4831=VERTEX_POINT('',#15698);
#4832=VERTEX_POINT('',#15701);
#4833=VERTEX_POINT('',#15702);
#4834=VERTEX_POINT('',#15704);
#4835=VERTEX_POINT('',#15706);
#4836=VERTEX_POINT('',#15708);
#4837=VERTEX_POINT('',#15710);
#4838=VERTEX_POINT('',#15712);
#4839=VERTEX_POINT('',#15714);
#4840=VERTEX_POINT('',#15717);
#4841=VERTEX_POINT('',#15718);
#4842=VERTEX_POINT('',#15720);
#4843=VERTEX_POINT('',#15722);
#4844=VERTEX_POINT('',#15724);
#4845=VERTEX_POINT('',#15726);
#4846=VERTEX_POINT('',#15728);
#4847=VERTEX_POINT('',#15730);
#4848=VERTEX_POINT('',#15734);
#4849=VERTEX_POINT('',#15736);
#4850=VERTEX_POINT('',#15738);
#4851=VERTEX_POINT('',#15740);
#4852=VERTEX_POINT('',#15743);
#4853=VERTEX_POINT('',#15747);
#4854=VERTEX_POINT('',#15748);
#4855=VERTEX_POINT('',#15750);
#4856=VERTEX_POINT('',#15752);
#4857=VERTEX_POINT('',#15754);
#4858=VERTEX_POINT('',#15758);
#4859=VERTEX_POINT('',#15760);
#4860=VERTEX_POINT('',#15762);
#4861=VERTEX_POINT('',#15767);
#4862=VERTEX_POINT('',#15774);
#4863=VERTEX_POINT('',#15776);
#4864=VERTEX_POINT('',#15778);
#4865=VERTEX_POINT('',#15780);
#4866=VERTEX_POINT('',#15786);
#4867=VERTEX_POINT('',#15791);
#4868=VERTEX_POINT('',#15793);
#4869=VERTEX_POINT('',#15798);
#4870=VERTEX_POINT('',#15803);
#4871=VERTEX_POINT('',#15808);
#4872=VERTEX_POINT('',#15810);
#4873=VERTEX_POINT('',#15815);
#4874=VERTEX_POINT('',#15822);
#4875=VERTEX_POINT('',#15824);
#4876=VERTEX_POINT('',#15826);
#4877=VERTEX_POINT('',#15828);
#4878=VERTEX_POINT('',#15830);
#4879=VERTEX_POINT('',#15832);
#4880=VERTEX_POINT('',#15839);
#4881=VERTEX_POINT('',#15844);
#4882=VERTEX_POINT('',#15846);
#4883=VERTEX_POINT('',#15851);
#4884=VERTEX_POINT('',#15856);
#4885=VERTEX_POINT('',#15861);
#4886=VERTEX_POINT('',#15863);
#4887=VERTEX_POINT('',#15868);
#4888=VERTEX_POINT('',#15874);
#4889=VERTEX_POINT('',#15876);
#4890=VERTEX_POINT('',#15878);
#4891=VERTEX_POINT('',#15880);
#4892=VERTEX_POINT('',#15887);
#4893=VERTEX_POINT('',#15892);
#4894=VERTEX_POINT('',#15894);
#4895=VERTEX_POINT('',#15896);
#4896=VERTEX_POINT('',#15898);
#4897=VERTEX_POINT('',#15900);
#4898=VERTEX_POINT('',#15902);
#4899=VERTEX_POINT('',#15904);
#4900=VERTEX_POINT('',#15906);
#4901=VERTEX_POINT('',#15908);
#4902=VERTEX_POINT('',#15910);
#4903=VERTEX_POINT('',#15912);
#4904=VERTEX_POINT('',#15915);
#4905=VERTEX_POINT('',#15918);
#4906=VERTEX_POINT('',#15919);
#4907=VERTEX_POINT('',#15921);
#4908=VERTEX_POINT('',#15923);
#4909=VERTEX_POINT('',#15926);
#4910=VERTEX_POINT('',#15927);
#4911=VERTEX_POINT('',#15929);
#4912=VERTEX_POINT('',#15931);
#4913=VERTEX_POINT('',#15933);
#4914=VERTEX_POINT('',#15935);
#4915=VERTEX_POINT('',#15937);
#4916=VERTEX_POINT('',#15939);
#4917=VERTEX_POINT('',#15942);
#4918=VERTEX_POINT('',#15943);
#4919=VERTEX_POINT('',#15945);
#4920=VERTEX_POINT('',#15947);
#4921=VERTEX_POINT('',#15949);
#4922=VERTEX_POINT('',#15951);
#4923=VERTEX_POINT('',#15953);
#4924=VERTEX_POINT('',#15955);
#4925=VERTEX_POINT('',#15958);
#4926=VERTEX_POINT('',#15959);
#4927=VERTEX_POINT('',#15961);
#4928=VERTEX_POINT('',#15963);
#4929=VERTEX_POINT('',#15965);
#4930=VERTEX_POINT('',#15967);
#4931=VERTEX_POINT('',#15969);
#4932=VERTEX_POINT('',#15971);
#4933=VERTEX_POINT('',#15974);
#4934=VERTEX_POINT('',#15975);
#4935=VERTEX_POINT('',#15977);
#4936=VERTEX_POINT('',#15979);
#4937=VERTEX_POINT('',#15981);
#4938=VERTEX_POINT('',#15983);
#4939=VERTEX_POINT('',#15985);
#4940=VERTEX_POINT('',#15987);
#4941=VERTEX_POINT('',#15990);
#4942=VERTEX_POINT('',#15991);
#4943=VERTEX_POINT('',#15993);
#4944=VERTEX_POINT('',#15995);
#4945=VERTEX_POINT('',#15997);
#4946=VERTEX_POINT('',#15999);
#4947=VERTEX_POINT('',#16001);
#4948=VERTEX_POINT('',#16003);
#4949=VERTEX_POINT('',#16006);
#4950=VERTEX_POINT('',#16007);
#4951=VERTEX_POINT('',#16009);
#4952=VERTEX_POINT('',#16011);
#4953=VERTEX_POINT('',#16013);
#4954=VERTEX_POINT('',#16015);
#4955=VERTEX_POINT('',#16017);
#4956=VERTEX_POINT('',#16019);
#4957=VERTEX_POINT('',#16022);
#4958=VERTEX_POINT('',#16023);
#4959=VERTEX_POINT('',#16025);
#4960=VERTEX_POINT('',#16027);
#4961=VERTEX_POINT('',#16029);
#4962=VERTEX_POINT('',#16031);
#4963=VERTEX_POINT('',#16033);
#4964=VERTEX_POINT('',#16035);
#4965=VERTEX_POINT('',#16038);
#4966=VERTEX_POINT('',#16039);
#4967=VERTEX_POINT('',#16041);
#4968=VERTEX_POINT('',#16043);
#4969=VERTEX_POINT('',#16045);
#4970=VERTEX_POINT('',#16047);
#4971=VERTEX_POINT('',#16049);
#4972=VERTEX_POINT('',#16051);
#4973=VERTEX_POINT('',#16054);
#4974=VERTEX_POINT('',#16055);
#4975=VERTEX_POINT('',#16057);
#4976=VERTEX_POINT('',#16059);
#4977=VERTEX_POINT('',#16061);
#4978=VERTEX_POINT('',#16063);
#4979=VERTEX_POINT('',#16065);
#4980=VERTEX_POINT('',#16067);
#4981=VERTEX_POINT('',#16070);
#4982=VERTEX_POINT('',#16071);
#4983=VERTEX_POINT('',#16073);
#4984=VERTEX_POINT('',#16075);
#4985=VERTEX_POINT('',#16077);
#4986=VERTEX_POINT('',#16079);
#4987=VERTEX_POINT('',#16081);
#4988=VERTEX_POINT('',#16083);
#4989=VERTEX_POINT('',#16086);
#4990=VERTEX_POINT('',#16087);
#4991=VERTEX_POINT('',#16089);
#4992=VERTEX_POINT('',#16091);
#4993=VERTEX_POINT('',#16093);
#4994=VERTEX_POINT('',#16095);
#4995=VERTEX_POINT('',#16097);
#4996=VERTEX_POINT('',#16099);
#4997=VERTEX_POINT('',#16102);
#4998=VERTEX_POINT('',#16103);
#4999=VERTEX_POINT('',#16105);
#5000=VERTEX_POINT('',#16107);
#5001=VERTEX_POINT('',#16109);
#5002=VERTEX_POINT('',#16111);
#5003=VERTEX_POINT('',#16113);
#5004=VERTEX_POINT('',#16115);
#5005=VERTEX_POINT('',#16118);
#5006=VERTEX_POINT('',#16119);
#5007=VERTEX_POINT('',#16121);
#5008=VERTEX_POINT('',#16123);
#5009=VERTEX_POINT('',#16125);
#5010=VERTEX_POINT('',#16127);
#5011=VERTEX_POINT('',#16129);
#5012=VERTEX_POINT('',#16131);
#5013=VERTEX_POINT('',#16134);
#5014=VERTEX_POINT('',#16135);
#5015=VERTEX_POINT('',#16137);
#5016=VERTEX_POINT('',#16139);
#5017=VERTEX_POINT('',#16141);
#5018=VERTEX_POINT('',#16143);
#5019=VERTEX_POINT('',#16145);
#5020=VERTEX_POINT('',#16147);
#5021=VERTEX_POINT('',#16150);
#5022=VERTEX_POINT('',#16151);
#5023=VERTEX_POINT('',#16153);
#5024=VERTEX_POINT('',#16155);
#5025=VERTEX_POINT('',#16157);
#5026=VERTEX_POINT('',#16159);
#5027=VERTEX_POINT('',#16161);
#5028=VERTEX_POINT('',#16163);
#5029=VERTEX_POINT('',#16166);
#5030=VERTEX_POINT('',#16167);
#5031=VERTEX_POINT('',#16169);
#5032=VERTEX_POINT('',#16171);
#5033=VERTEX_POINT('',#16173);
#5034=VERTEX_POINT('',#16175);
#5035=VERTEX_POINT('',#16177);
#5036=VERTEX_POINT('',#16179);
#5037=VERTEX_POINT('',#16182);
#5038=VERTEX_POINT('',#16183);
#5039=VERTEX_POINT('',#16185);
#5040=VERTEX_POINT('',#16187);
#5041=VERTEX_POINT('',#16189);
#5042=VERTEX_POINT('',#16191);
#5043=VERTEX_POINT('',#16193);
#5044=VERTEX_POINT('',#16195);
#5045=VERTEX_POINT('',#16198);
#5046=VERTEX_POINT('',#16199);
#5047=VERTEX_POINT('',#16201);
#5048=VERTEX_POINT('',#16203);
#5049=VERTEX_POINT('',#16205);
#5050=VERTEX_POINT('',#16207);
#5051=VERTEX_POINT('',#16209);
#5052=VERTEX_POINT('',#16211);
#5053=VERTEX_POINT('',#16214);
#5054=VERTEX_POINT('',#16215);
#5055=VERTEX_POINT('',#16217);
#5056=VERTEX_POINT('',#16219);
#5057=VERTEX_POINT('',#16221);
#5058=VERTEX_POINT('',#16223);
#5059=VERTEX_POINT('',#16225);
#5060=VERTEX_POINT('',#16227);
#5061=VERTEX_POINT('',#16230);
#5062=VERTEX_POINT('',#16231);
#5063=VERTEX_POINT('',#16233);
#5064=VERTEX_POINT('',#16235);
#5065=VERTEX_POINT('',#16237);
#5066=VERTEX_POINT('',#16239);
#5067=VERTEX_POINT('',#16241);
#5068=VERTEX_POINT('',#16243);
#5069=VERTEX_POINT('',#16246);
#5070=VERTEX_POINT('',#16247);
#5071=VERTEX_POINT('',#16249);
#5072=VERTEX_POINT('',#16251);
#5073=VERTEX_POINT('',#16253);
#5074=VERTEX_POINT('',#16255);
#5075=VERTEX_POINT('',#16257);
#5076=VERTEX_POINT('',#16259);
#5077=VERTEX_POINT('',#16262);
#5078=VERTEX_POINT('',#16263);
#5079=VERTEX_POINT('',#16265);
#5080=VERTEX_POINT('',#16267);
#5081=VERTEX_POINT('',#16269);
#5082=VERTEX_POINT('',#16271);
#5083=VERTEX_POINT('',#16273);
#5084=VERTEX_POINT('',#16275);
#5085=VERTEX_POINT('',#16278);
#5086=VERTEX_POINT('',#16279);
#5087=VERTEX_POINT('',#16281);
#5088=VERTEX_POINT('',#16283);
#5089=VERTEX_POINT('',#16285);
#5090=VERTEX_POINT('',#16287);
#5091=VERTEX_POINT('',#16289);
#5092=VERTEX_POINT('',#16291);
#5093=VERTEX_POINT('',#16294);
#5094=VERTEX_POINT('',#16295);
#5095=VERTEX_POINT('',#16297);
#5096=VERTEX_POINT('',#16299);
#5097=VERTEX_POINT('',#16301);
#5098=VERTEX_POINT('',#16303);
#5099=VERTEX_POINT('',#16305);
#5100=VERTEX_POINT('',#16307);
#5101=VERTEX_POINT('',#16310);
#5102=VERTEX_POINT('',#16311);
#5103=VERTEX_POINT('',#16313);
#5104=VERTEX_POINT('',#16315);
#5105=VERTEX_POINT('',#16317);
#5106=VERTEX_POINT('',#16319);
#5107=VERTEX_POINT('',#16321);
#5108=VERTEX_POINT('',#16323);
#5109=VERTEX_POINT('',#16326);
#5110=VERTEX_POINT('',#16327);
#5111=VERTEX_POINT('',#16329);
#5112=VERTEX_POINT('',#16331);
#5113=VERTEX_POINT('',#16333);
#5114=VERTEX_POINT('',#16335);
#5115=VERTEX_POINT('',#16337);
#5116=VERTEX_POINT('',#16339);
#5117=VERTEX_POINT('',#16342);
#5118=VERTEX_POINT('',#16343);
#5119=VERTEX_POINT('',#16345);
#5120=VERTEX_POINT('',#16347);
#5121=VERTEX_POINT('',#16349);
#5122=VERTEX_POINT('',#16351);
#5123=VERTEX_POINT('',#16353);
#5124=VERTEX_POINT('',#16355);
#5125=VERTEX_POINT('',#16358);
#5126=VERTEX_POINT('',#16359);
#5127=VERTEX_POINT('',#16361);
#5128=VERTEX_POINT('',#16363);
#5129=VERTEX_POINT('',#16365);
#5130=VERTEX_POINT('',#16367);
#5131=VERTEX_POINT('',#16369);
#5132=VERTEX_POINT('',#16371);
#5133=VERTEX_POINT('',#16374);
#5134=VERTEX_POINT('',#16375);
#5135=VERTEX_POINT('',#16377);
#5136=VERTEX_POINT('',#16379);
#5137=VERTEX_POINT('',#16381);
#5138=VERTEX_POINT('',#16383);
#5139=VERTEX_POINT('',#16385);
#5140=VERTEX_POINT('',#16387);
#5141=VERTEX_POINT('',#16390);
#5142=VERTEX_POINT('',#16391);
#5143=VERTEX_POINT('',#16393);
#5144=VERTEX_POINT('',#16395);
#5145=VERTEX_POINT('',#16398);
#5146=VERTEX_POINT('',#16399);
#5147=VERTEX_POINT('',#16401);
#5148=VERTEX_POINT('',#16403);
#5149=VERTEX_POINT('',#16405);
#5150=VERTEX_POINT('',#16407);
#5151=VERTEX_POINT('',#16409);
#5152=VERTEX_POINT('',#16411);
#5153=VERTEX_POINT('',#16415);
#5154=VERTEX_POINT('',#16419);
#5155=VERTEX_POINT('',#16421);
#5156=VERTEX_POINT('',#16423);
#5157=VERTEX_POINT('',#16426);
#5158=VERTEX_POINT('',#16429);
#5159=VERTEX_POINT('',#16430);
#5160=VERTEX_POINT('',#16432);
#5161=VERTEX_POINT('',#16437);
#5162=VERTEX_POINT('',#16439);
#5163=VERTEX_POINT('',#16441);
#5164=VERTEX_POINT('',#16443);
#5165=VERTEX_POINT('',#16447);
#5166=VERTEX_POINT('',#16449);
#5167=VERTEX_POINT('',#16451);
#5168=VERTEX_POINT('',#16454);
#5169=VERTEX_POINT('',#16457);
#5170=VERTEX_POINT('',#16459);
#5171=VERTEX_POINT('',#16474);
#5172=VERTEX_POINT('',#16479);
#5173=VERTEX_POINT('',#16481);
#5174=VERTEX_POINT('',#16500);
#5175=VERTEX_POINT('',#16515);
#5176=VERTEX_POINT('',#16520);
#5177=VERTEX_POINT('',#16522);
#5178=VERTEX_POINT('',#16541);
#5179=VERTEX_POINT('',#16543);
#5180=VERTEX_POINT('',#16545);
#5181=VERTEX_POINT('',#16547);
#5182=VERTEX_POINT('',#16549);
#5183=VERTEX_POINT('',#16553);
#5184=VERTEX_POINT('',#16555);
#5185=VERTEX_POINT('',#16559);
#5186=VERTEX_POINT('',#16561);
#5187=VERTEX_POINT('',#16567);
#5188=VERTEX_POINT('',#16571);
#5189=VERTEX_POINT('',#16573);
#5190=VERTEX_POINT('',#16577);
#5191=VERTEX_POINT('',#16581);
#5192=VERTEX_POINT('',#16585);
#5193=VERTEX_POINT('',#16587);
#5194=VERTEX_POINT('',#16593);
#5195=VERTEX_POINT('',#16596);
#5196=VERTEX_POINT('',#16598);
#5197=VERTEX_POINT('',#16600);
#5198=VERTEX_POINT('',#16604);
#5199=VERTEX_POINT('',#16606);
#5200=VERTEX_POINT('',#16610);
#5201=VERTEX_POINT('',#16612);
#5202=VERTEX_POINT('',#16618);
#5203=VERTEX_POINT('',#16620);
#5204=VERTEX_POINT('',#16653);
#5205=VERTEX_POINT('',#16654);
#5206=VERTEX_POINT('',#16659);
#5207=VERTEX_POINT('',#16663);
#5208=VERTEX_POINT('',#16665);
#5209=VERTEX_POINT('',#16670);
#5210=VERTEX_POINT('',#16672);
#5211=VERTEX_POINT('',#16675);
#5212=VERTEX_POINT('',#16707);
#5213=VERTEX_POINT('',#16709);
#5214=VERTEX_POINT('',#16713);
#5215=VERTEX_POINT('',#16717);
#5216=VERTEX_POINT('',#16719);
#5217=VERTEX_POINT('',#16723);
#5218=VERTEX_POINT('',#16727);
#5219=VERTEX_POINT('',#16729);
#5220=VERTEX_POINT('',#16733);
#5221=VERTEX_POINT('',#16736);
#5222=VERTEX_POINT('',#16738);
#5223=VERTEX_POINT('',#16742);
#5224=VERTEX_POINT('',#16744);
#5225=VERTEX_POINT('',#16746);
#5226=VERTEX_POINT('',#16748);
#5227=VERTEX_POINT('',#16750);
#5228=VERTEX_POINT('',#16752);
#5229=VERTEX_POINT('',#16754);
#5230=VERTEX_POINT('',#16756);
#5231=VERTEX_POINT('',#16758);
#5232=VERTEX_POINT('',#16760);
#5233=VERTEX_POINT('',#16762);
#5234=VERTEX_POINT('',#16767);
#5235=VERTEX_POINT('',#16771);
#5236=VERTEX_POINT('',#16772);
#5237=VERTEX_POINT('',#16775);
#5238=VERTEX_POINT('',#16779);
#5239=VERTEX_POINT('',#16781);
#5240=VERTEX_POINT('',#16783);
#5241=VERTEX_POINT('',#16786);
#5242=VERTEX_POINT('',#16789);
#5243=VERTEX_POINT('',#16791);
#5244=VERTEX_POINT('',#16800);
#5245=VERTEX_POINT('',#16801);
#5246=VERTEX_POINT('',#16806);
#5247=VERTEX_POINT('',#16810);
#5248=VERTEX_POINT('',#16816);
#5249=VERTEX_POINT('',#16817);
#5250=VERTEX_POINT('',#16824);
#5251=VERTEX_POINT('',#16828);
#5252=VERTEX_POINT('',#16832);
#5253=VERTEX_POINT('',#16855);
#5254=VERTEX_POINT('',#16859);
#5255=VERTEX_POINT('',#16861);
#5256=VERTEX_POINT('',#16881);
#5257=VERTEX_POINT('',#16886);
#5258=VERTEX_POINT('',#16890);
#5259=VERTEX_POINT('',#16894);
#5260=VERTEX_POINT('',#16896);
#5261=VERTEX_POINT('',#17357);
#5262=VERTEX_POINT('',#17361);
#5263=VERTEX_POINT('',#17365);
#5264=VERTEX_POINT('',#17369);
#5265=VERTEX_POINT('',#17373);
#5266=VERTEX_POINT('',#17375);
#5267=VERTEX_POINT('',#17379);
#5268=VERTEX_POINT('',#17381);
#5269=VERTEX_POINT('',#17388);
#5270=VERTEX_POINT('',#17395);
#5271=VERTEX_POINT('',#17396);
#5272=VERTEX_POINT('',#17401);
#5273=VERTEX_POINT('',#17405);
#5274=VERTEX_POINT('',#17407);
#5275=VERTEX_POINT('',#17411);
#5276=VERTEX_POINT('',#17413);
#5277=VERTEX_POINT('',#17419);
#5278=VERTEX_POINT('',#17425);
#5279=VERTEX_POINT('',#17427);
#5280=VERTEX_POINT('',#17432);
#5281=VERTEX_POINT('',#17439);
#5282=VERTEX_POINT('',#17445);
#5283=VERTEX_POINT('',#17455);
#5284=VERTEX_POINT('',#17457);
#5285=VERTEX_POINT('',#17459);
#5286=VERTEX_POINT('',#17461);
#5287=VERTEX_POINT('',#17464);
#5288=VERTEX_POINT('',#17465);
#5289=VERTEX_POINT('',#17467);
#5290=VERTEX_POINT('',#17469);
#5291=VERTEX_POINT('',#17473);
#5292=VERTEX_POINT('',#17477);
#5293=VERTEX_POINT('',#17481);
#5294=VERTEX_POINT('',#17482);
#5295=VERTEX_POINT('',#17487);
#5296=VERTEX_POINT('',#17488);
#5297=VERTEX_POINT('',#17495);
#5298=VERTEX_POINT('',#17499);
#5299=VERTEX_POINT('',#17501);
#5300=VERTEX_POINT('',#17503);
#5301=VERTEX_POINT('',#17516);
#5302=VERTEX_POINT('',#17518);
#5303=VERTEX_POINT('',#17520);
#5304=VERTEX_POINT('',#17522);
#5305=VERTEX_POINT('',#17538);
#5306=VERTEX_POINT('',#17540);
#5307=VERTEX_POINT('',#17542);
#5308=VERTEX_POINT('',#17544);
#5309=VERTEX_POINT('',#17547);
#5310=VERTEX_POINT('',#17548);
#5311=VERTEX_POINT('',#17550);
#5312=VERTEX_POINT('',#17552);
#5313=VERTEX_POINT('',#17556);
#5314=VERTEX_POINT('',#17557);
#5315=VERTEX_POINT('',#17562);
#5316=VERTEX_POINT('',#17563);
#5317=VERTEX_POINT('',#17568);
#5318=VERTEX_POINT('',#17572);
#5319=VERTEX_POINT('',#17580);
#5320=VERTEX_POINT('',#17597);
#5321=VERTEX_POINT('',#17598);
#5322=VERTEX_POINT('',#17601);
#5323=VERTEX_POINT('',#17608);
#5324=VERTEX_POINT('',#17609);
#5325=VERTEX_POINT('',#17611);
#5326=VERTEX_POINT('',#17613);
#5327=VERTEX_POINT('',#17620);
#5328=VERTEX_POINT('',#17621);
#5329=VERTEX_POINT('',#17623);
#5330=VERTEX_POINT('',#17625);
#5331=VERTEX_POINT('',#17629);
#5332=VERTEX_POINT('',#17635);
#5333=VERTEX_POINT('',#17646);
#5334=VERTEX_POINT('',#17647);
#5335=VERTEX_POINT('',#17660);
#5336=VERTEX_POINT('',#17664);
#5337=VERTEX_POINT('',#17669);
#5338=VERTEX_POINT('',#17678);
#5339=VERTEX_POINT('',#17679);
#5340=VERTEX_POINT('',#17682);
#5341=VERTEX_POINT('',#17688);
#5342=VERTEX_POINT('',#17699);
#5343=VERTEX_POINT('',#17709);
#5344=VERTEX_POINT('',#17710);
#5345=VERTEX_POINT('',#17721);
#5346=VERTEX_POINT('',#17722);
#5347=VERTEX_POINT('',#17730);
#5348=VERTEX_POINT('',#17731);
#5349=VERTEX_POINT('',#17743);
#5350=VERTEX_POINT('',#17744);
#5351=VERTEX_POINT('',#17749);
#5352=VERTEX_POINT('',#17751);
#5353=VERTEX_POINT('',#17755);
#5354=VERTEX_POINT('',#17914);
#5355=VERTEX_POINT('',#17918);
#5356=VERTEX_POINT('',#18133);
#5357=VERTEX_POINT('',#18137);
#5358=VERTEX_POINT('',#18138);
#5359=VERTEX_POINT('',#18141);
#5360=VERTEX_POINT('',#18143);
#5361=VERTEX_POINT('',#18145);
#5362=VERTEX_POINT('',#18153);
#5363=VERTEX_POINT('',#18157);
#5364=VERTEX_POINT('',#18167);
#5365=VERTEX_POINT('',#18169);
#5366=VERTEX_POINT('',#18173);
#5367=VERTEX_POINT('',#18177);
#5368=VERTEX_POINT('',#18185);
#5369=VERTEX_POINT('',#18192);
#5370=VERTEX_POINT('',#18194);
#5371=VERTEX_POINT('',#18196);
#5372=VERTEX_POINT('',#18198);
#5373=VERTEX_POINT('',#18200);
#5374=VERTEX_POINT('',#18204);
#5375=VERTEX_POINT('',#18206);
#5376=VERTEX_POINT('',#18210);
#5377=VERTEX_POINT('',#18212);
#5378=VERTEX_POINT('',#18214);
#5379=VERTEX_POINT('',#18220);
#5380=VERTEX_POINT('',#18225);
#5381=VERTEX_POINT('',#18234);
#5382=VERTEX_POINT('',#18238);
#5383=VERTEX_POINT('',#18244);
#5384=VERTEX_POINT('',#18248);
#5385=VERTEX_POINT('',#18252);
#5386=VERTEX_POINT('',#18261);
#5387=VERTEX_POINT('',#18267);
#5388=VERTEX_POINT('',#18268);
#5389=VERTEX_POINT('',#18273);
#5390=VERTEX_POINT('',#18277);
#5391=VERTEX_POINT('',#18281);
#5392=VERTEX_POINT('',#18297);
#5393=VERTEX_POINT('',#18299);
#5394=VERTEX_POINT('',#18301);
#5395=VERTEX_POINT('',#18305);
#5396=VERTEX_POINT('',#18309);
#5397=VERTEX_POINT('',#18316);
#5398=VERTEX_POINT('',#18334);
#5399=VERTEX_POINT('',#18348);
#5400=VERTEX_POINT('',#18362);
#5401=EDGE_CURVE('',#4475,#4476,#4021,.T.);
#5402=EDGE_CURVE('',#4476,#4477,#3931,.T.);
#5403=EDGE_CURVE('',#4477,#4475,#3932,.T.);
#5404=EDGE_CURVE('',#4478,#4479,#4022,.T.);
#5405=EDGE_CURVE('',#4479,#4476,#884,.T.);
#5406=EDGE_CURVE('',#4475,#4478,#885,.T.);
#5407=EDGE_CURVE('',#4480,#4481,#4023,.T.);
#5408=EDGE_CURVE('',#4481,#4482,#3933,.T.);
#5409=EDGE_CURVE('',#4482,#4483,#4024,.T.);
#5410=EDGE_CURVE('',#4483,#4480,#3934,.T.);
#5411=EDGE_CURVE('',#4484,#4485,#3935,.F.);
#5412=EDGE_CURVE('',#4485,#4481,#3936,.T.);
#5413=EDGE_CURVE('',#4480,#4484,#3937,.T.);
#5414=EDGE_CURVE('',#4482,#4479,#3938,.T.);
#5415=EDGE_CURVE('',#4478,#4483,#3939,.T.);
#5416=EDGE_CURVE('',#4481,#4486,#4025,.T.);
#5417=EDGE_CURVE('',#4486,#4487,#3940,.T.);
#5418=EDGE_CURVE('',#4482,#4487,#4026,.T.);
#5419=EDGE_CURVE('',#4485,#4486,#3941,.T.);
#5420=EDGE_CURVE('',#4476,#4488,#3942,.T.);
#5421=EDGE_CURVE('',#4488,#4489,#4027,.T.);
#5422=EDGE_CURVE('',#4489,#4477,#3943,.T.);
#5423=EDGE_CURVE('',#4490,#4491,#4028,.T.);
#5424=EDGE_CURVE('',#4491,#4489,#886,.T.);
#5425=EDGE_CURVE('',#4488,#4490,#887,.T.);
#5426=EDGE_CURVE('',#4492,#4493,#4029,.T.);
#5427=EDGE_CURVE('',#4493,#4491,#3944,.T.);
#5428=EDGE_CURVE('',#4490,#4492,#3945,.T.);
#5429=EDGE_CURVE('',#4494,#4495,#4030,.T.);
#5430=EDGE_CURVE('',#4495,#4493,#888,.T.);
#5431=EDGE_CURVE('',#4492,#4494,#889,.T.);
#5432=EDGE_CURVE('',#4496,#4497,#4031,.T.);
#5433=EDGE_CURVE('',#4497,#4495,#3946,.T.);
#5434=EDGE_CURVE('',#4494,#4496,#3947,.T.);
#5435=EDGE_CURVE('',#4487,#4497,#3948,.T.);
#5436=EDGE_CURVE('',#4496,#4479,#3949,.T.);
#5437=EDGE_CURVE('',#4484,#4498,#4032,.T.);
#5438=EDGE_CURVE('',#4498,#4499,#4033,.T.);
#5439=EDGE_CURVE('',#4499,#4500,#4034,.T.);
#5440=EDGE_CURVE('',#4500,#4501,#4035,.T.);
#5441=EDGE_CURVE('',#4501,#4486,#4036,.T.);
#5442=EDGE_CURVE('',#4502,#4503,#3950,.F.);
#5443=EDGE_CURVE('',#4503,#4504,#3951,.T.);
#5444=EDGE_CURVE('',#4504,#4505,#4037,.T.);
#5445=EDGE_CURVE('',#4505,#4502,#3952,.T.);
#5446=EDGE_CURVE('',#4506,#4507,#4038,.T.);
#5447=EDGE_CURVE('',#4507,#4505,#3953,.T.);
#5448=EDGE_CURVE('',#4504,#4506,#3954,.T.);
#5449=EDGE_CURVE('',#4508,#4509,#4039,.T.);
#5450=EDGE_CURVE('',#4509,#4510,#890,.T.);
#5451=EDGE_CURVE('',#4510,#4511,#4040,.T.);
#5452=EDGE_CURVE('',#4511,#4508,#891,.T.);
#5453=EDGE_CURVE('',#4510,#4512,#3955,.T.);
#5454=EDGE_CURVE('',#4512,#4511,#3956,.T.);
#5455=EDGE_CURVE('',#4508,#4507,#3957,.T.);
#5456=EDGE_CURVE('',#4506,#4509,#3958,.T.);
#5457=EDGE_CURVE('',#4513,#4507,#4041,.T.);
#5458=EDGE_CURVE('',#4513,#4514,#3959,.T.);
#5459=EDGE_CURVE('',#4514,#4505,#4042,.T.);
#5460=EDGE_CURVE('',#4508,#4515,#3960,.T.);
#5461=EDGE_CURVE('',#4515,#4516,#4043,.T.);
#5462=EDGE_CURVE('',#4516,#4513,#3961,.T.);
#5463=EDGE_CURVE('',#4517,#4511,#3962,.T.);
#5464=EDGE_CURVE('',#4518,#4517,#892,.T.);
#5465=EDGE_CURVE('',#4519,#4518,#3963,.T.);
#5466=EDGE_CURVE('',#4520,#4519,#893,.T.);
#5467=EDGE_CURVE('',#4515,#4520,#3964,.T.);
#5468=EDGE_CURVE('',#4512,#4521,#3965,.T.);
#5469=EDGE_CURVE('',#4517,#4521,#4044,.T.);
#5470=EDGE_CURVE('',#4520,#4522,#4045,.T.);
#5471=EDGE_CURVE('',#4522,#4516,#3966,.T.);
#5472=EDGE_CURVE('',#4519,#4523,#4046,.T.);
#5473=EDGE_CURVE('',#4523,#4522,#894,.T.);
#5474=EDGE_CURVE('',#4518,#4524,#4047,.T.);
#5475=EDGE_CURVE('',#4524,#4523,#3967,.T.);
#5476=EDGE_CURVE('',#4521,#4524,#895,.T.);
#5477=EDGE_CURVE('',#4514,#4502,#3968,.T.);
#5478=EDGE_CURVE('',#4525,#4503,#4048,.T.);
#5479=EDGE_CURVE('',#4514,#4526,#4049,.T.);
#5480=EDGE_CURVE('',#4527,#4526,#4050,.T.);
#5481=EDGE_CURVE('',#4527,#4528,#4051,.T.);
#5482=EDGE_CURVE('',#4528,#4525,#4052,.T.);
#5483=EDGE_CURVE('',#4529,#4516,#4053,.T.);
#5484=EDGE_CURVE('',#4529,#4526,#896,.T.);
#5485=EDGE_CURVE('',#4530,#4531,#4054,.T.);
#5486=EDGE_CURVE('',#4530,#4532,#897,.T.);
#5487=EDGE_CURVE('',#4533,#4532,#4055,.T.);
#5488=EDGE_CURVE('',#4533,#4534,#898,.T.);
#5489=EDGE_CURVE('',#4535,#4534,#4056,.T.);
#5490=EDGE_CURVE('',#4536,#4535,#899,.T.);
#5491=EDGE_CURVE('',#4537,#4536,#900,.T.);
#5492=EDGE_CURVE('',#4537,#4538,#3969,.T.);
#5493=EDGE_CURVE('',#4538,#4539,#901,.T.);
#5494=EDGE_CURVE('',#4539,#4540,#902,.T.);
#5495=EDGE_CURVE('',#4540,#4541,#903,.T.);
#5496=EDGE_CURVE('',#4541,#4542,#3970,.T.);
#5497=EDGE_CURVE('',#4543,#4542,#904,.T.);
#5498=EDGE_CURVE('',#4531,#4543,#905,.T.);
#5499=EDGE_CURVE('',#4544,#4544,#4057,.T.);
#5500=EDGE_CURVE('',#4545,#4477,#4058,.T.);
#5501=EDGE_CURVE('',#4546,#4545,#906,.T.);
#5502=EDGE_CURVE('',#4547,#4546,#907,.T.);
#5503=EDGE_CURVE('',#4548,#4547,#908,.T.);
#5504=EDGE_CURVE('',#4549,#4548,#4059,.T.);
#5505=EDGE_CURVE('',#4549,#4550,#909,.T.);
#5506=EDGE_CURVE('',#4550,#4551,#4060,.T.);
#5507=EDGE_CURVE('',#4551,#4498,#910,.T.);
#5508=EDGE_CURVE('',#4552,#4552,#4061,.T.);
#5509=EDGE_CURVE('',#4489,#4553,#4062,.T.);
#5510=EDGE_CURVE('',#4545,#4553,#4063,.T.);
#5511=EDGE_CURVE('',#4554,#4491,#4064,.T.);
#5512=EDGE_CURVE('',#4553,#4554,#911,.T.);
#5513=EDGE_CURVE('',#4493,#4555,#4065,.T.);
#5514=EDGE_CURVE('',#4554,#4555,#4066,.T.);
#5515=EDGE_CURVE('',#4556,#4495,#4067,.T.);
#5516=EDGE_CURVE('',#4557,#4556,#912,.T.);
#5517=EDGE_CURVE('',#4558,#4557,#913,.T.);
#5518=EDGE_CURVE('',#4555,#4558,#914,.T.);
#5519=EDGE_CURVE('',#4497,#4559,#4068,.T.);
#5520=EDGE_CURVE('',#4556,#4559,#4069,.T.);
#5521=EDGE_CURVE('',#4532,#4551,#915,.T.);
#5522=EDGE_CURVE('',#4560,#4530,#916,.T.);
#5523=EDGE_CURVE('',#4561,#4560,#917,.T.);
#5524=EDGE_CURVE('',#4562,#4561,#918,.T.);
#5525=EDGE_CURVE('',#4563,#4562,#919,.T.);
#5526=EDGE_CURVE('',#4564,#4563,#920,.T.);
#5527=EDGE_CURVE('',#4565,#4564,#921,.T.);
#5528=EDGE_CURVE('',#4566,#4565,#922,.T.);
#5529=EDGE_CURVE('',#4525,#4566,#923,.T.);
#5530=EDGE_CURVE('',#4567,#4528,#924,.T.);
#5531=EDGE_CURVE('',#4568,#4567,#4070,.T.);
#5532=EDGE_CURVE('',#4569,#4568,#925,.T.);
#5533=EDGE_CURVE('',#4570,#4569,#926,.T.);
#5534=EDGE_CURVE('',#4571,#4570,#927,.T.);
#5535=EDGE_CURVE('',#4572,#4571,#928,.T.);
#5536=EDGE_CURVE('',#4573,#4572,#929,.T.);
#5537=EDGE_CURVE('',#4574,#4573,#930,.T.);
#5538=EDGE_CURVE('',#4575,#4574,#931,.T.);
#5539=EDGE_CURVE('',#4576,#4575,#932,.T.);
#5540=EDGE_CURVE('',#4577,#4576,#933,.T.);
#5541=EDGE_CURVE('',#4578,#4577,#934,.T.);
#5542=EDGE_CURVE('',#4579,#4578,#935,.T.);
#5543=EDGE_CURVE('',#4580,#4579,#4071,.T.);
#5544=EDGE_CURVE('',#4499,#4580,#936,.T.);
#5545=EDGE_CURVE('',#4522,#4581,#4072,.T.);
#5546=EDGE_CURVE('',#4581,#4529,#4073,.T.);
#5547=EDGE_CURVE('',#4582,#4523,#4074,.T.);
#5548=EDGE_CURVE('',#4583,#4582,#937,.T.);
#5549=EDGE_CURVE('',#4584,#4583,#938,.T.);
#5550=EDGE_CURVE('',#4581,#4584,#939,.T.);
#5551=EDGE_CURVE('',#4524,#4585,#4075,.T.);
#5552=EDGE_CURVE('',#4585,#4582,#4076,.T.);
#5553=EDGE_CURVE('',#4586,#4587,#940,.T.);
#5554=EDGE_CURVE('',#4588,#4586,#941,.T.);
#5555=EDGE_CURVE('',#4589,#4588,#942,.T.);
#5556=EDGE_CURVE('',#4589,#4587,#943,.T.);
#5557=EDGE_CURVE('',#4587,#4590,#944,.F.);
#5558=EDGE_CURVE('',#4591,#4590,#945,.F.);
#5559=EDGE_CURVE('',#4591,#4592,#946,.F.);
#5560=EDGE_CURVE('',#4592,#4593,#947,.T.);
#5561=EDGE_CURVE('',#4594,#4593,#948,.T.);
#5562=EDGE_CURVE('',#4595,#4594,#949,.T.);
#5563=EDGE_CURVE('',#4596,#4595,#4077,.T.);
#5564=EDGE_CURVE('',#4597,#4596,#950,.T.);
#5565=EDGE_CURVE('',#4598,#4597,#4078,.T.);
#5566=EDGE_CURVE('',#4599,#4598,#951,.T.);
#5567=EDGE_CURVE('',#4600,#4599,#4079,.T.);
#5568=EDGE_CURVE('',#4601,#4600,#952,.T.);
#5569=EDGE_CURVE('',#4602,#4601,#4080,.T.);
#5570=EDGE_CURVE('',#4603,#4602,#953,.T.);
#5571=EDGE_CURVE('',#4604,#4603,#954,.T.);
#5572=EDGE_CURVE('',#4605,#4604,#955,.T.);
#5573=EDGE_CURVE('',#4606,#4605,#956,.T.);
#5574=EDGE_CURVE('',#4606,#4607,#957,.T.);
#5575=EDGE_CURVE('',#4607,#4586,#958,.T.);
#5576=EDGE_CURVE('',#4608,#4609,#4081,.T.);
#5577=EDGE_CURVE('',#4608,#4610,#959,.T.);
#5578=EDGE_CURVE('',#4611,#4610,#4082,.T.);
#5579=EDGE_CURVE('',#4611,#4612,#960,.T.);
#5580=EDGE_CURVE('',#4613,#4612,#4083,.T.);
#5581=EDGE_CURVE('',#4613,#4614,#961,.T.);
#5582=EDGE_CURVE('',#4615,#4614,#4084,.T.);
#5583=EDGE_CURVE('',#4615,#4609,#962,.T.);
#5584=EDGE_CURVE('',#4616,#4617,#4085,.T.);
#5585=EDGE_CURVE('',#4616,#4618,#963,.T.);
#5586=EDGE_CURVE('',#4619,#4618,#4086,.T.);
#5587=EDGE_CURVE('',#4619,#4620,#964,.T.);
#5588=EDGE_CURVE('',#4621,#4620,#4087,.T.);
#5589=EDGE_CURVE('',#4621,#4622,#965,.T.);
#5590=EDGE_CURVE('',#4623,#4622,#4088,.T.);
#5591=EDGE_CURVE('',#4623,#4617,#966,.T.);
#5592=EDGE_CURVE('',#4624,#4625,#4089,.T.);
#5593=EDGE_CURVE('',#4624,#4626,#967,.T.);
#5594=EDGE_CURVE('',#4627,#4626,#4090,.T.);
#5595=EDGE_CURVE('',#4627,#4628,#968,.T.);
#5596=EDGE_CURVE('',#4629,#4628,#4091,.T.);
#5597=EDGE_CURVE('',#4629,#4630,#969,.T.);
#5598=EDGE_CURVE('',#4631,#4630,#4092,.T.);
#5599=EDGE_CURVE('',#4631,#4625,#970,.T.);
#5600=EDGE_CURVE('',#4632,#4633,#4093,.T.);
#5601=EDGE_CURVE('',#4632,#4634,#971,.T.);
#5602=EDGE_CURVE('',#4635,#4634,#4094,.T.);
#5603=EDGE_CURVE('',#4635,#4636,#972,.T.);
#5604=EDGE_CURVE('',#4637,#4636,#4095,.T.);
#5605=EDGE_CURVE('',#4637,#4638,#973,.T.);
#5606=EDGE_CURVE('',#4639,#4638,#4096,.T.);
#5607=EDGE_CURVE('',#4639,#4633,#974,.T.);
#5608=EDGE_CURVE('',#4640,#4641,#4097,.T.);
#5609=EDGE_CURVE('',#4640,#4642,#975,.T.);
#5610=EDGE_CURVE('',#4643,#4642,#4098,.T.);
#5611=EDGE_CURVE('',#4643,#4644,#976,.T.);
#5612=EDGE_CURVE('',#4645,#4644,#4099,.T.);
#5613=EDGE_CURVE('',#4645,#4646,#977,.T.);
#5614=EDGE_CURVE('',#4647,#4646,#4100,.T.);
#5615=EDGE_CURVE('',#4647,#4641,#978,.T.);
#5616=EDGE_CURVE('',#4648,#4649,#4101,.T.);
#5617=EDGE_CURVE('',#4648,#4650,#979,.T.);
#5618=EDGE_CURVE('',#4651,#4650,#4102,.T.);
#5619=EDGE_CURVE('',#4651,#4652,#980,.T.);
#5620=EDGE_CURVE('',#4653,#4652,#4103,.T.);
#5621=EDGE_CURVE('',#4653,#4654,#981,.T.);
#5622=EDGE_CURVE('',#4655,#4654,#4104,.T.);
#5623=EDGE_CURVE('',#4655,#4649,#982,.T.);
#5624=EDGE_CURVE('',#4656,#4657,#4105,.T.);
#5625=EDGE_CURVE('',#4656,#4658,#983,.T.);
#5626=EDGE_CURVE('',#4659,#4658,#4106,.T.);
#5627=EDGE_CURVE('',#4659,#4660,#984,.T.);
#5628=EDGE_CURVE('',#4661,#4660,#4107,.T.);
#5629=EDGE_CURVE('',#4661,#4662,#985,.T.);
#5630=EDGE_CURVE('',#4663,#4662,#4108,.T.);
#5631=EDGE_CURVE('',#4663,#4657,#986,.T.);
#5632=EDGE_CURVE('',#4664,#4665,#4109,.T.);
#5633=EDGE_CURVE('',#4664,#4666,#987,.T.);
#5634=EDGE_CURVE('',#4667,#4666,#4110,.T.);
#5635=EDGE_CURVE('',#4667,#4668,#988,.T.);
#5636=EDGE_CURVE('',#4669,#4668,#4111,.T.);
#5637=EDGE_CURVE('',#4669,#4670,#989,.T.);
#5638=EDGE_CURVE('',#4671,#4670,#4112,.T.);
#5639=EDGE_CURVE('',#4671,#4665,#990,.T.);
#5640=EDGE_CURVE('',#4672,#4673,#4113,.T.);
#5641=EDGE_CURVE('',#4672,#4674,#991,.T.);
#5642=EDGE_CURVE('',#4675,#4674,#4114,.T.);
#5643=EDGE_CURVE('',#4675,#4676,#992,.T.);
#5644=EDGE_CURVE('',#4677,#4676,#4115,.T.);
#5645=EDGE_CURVE('',#4677,#4678,#993,.T.);
#5646=EDGE_CURVE('',#4679,#4678,#4116,.T.);
#5647=EDGE_CURVE('',#4679,#4673,#994,.T.);
#5648=EDGE_CURVE('',#4680,#4681,#4117,.T.);
#5649=EDGE_CURVE('',#4680,#4682,#995,.T.);
#5650=EDGE_CURVE('',#4683,#4682,#4118,.T.);
#5651=EDGE_CURVE('',#4683,#4684,#996,.T.);
#5652=EDGE_CURVE('',#4685,#4684,#4119,.T.);
#5653=EDGE_CURVE('',#4685,#4686,#997,.T.);
#5654=EDGE_CURVE('',#4687,#4686,#4120,.T.);
#5655=EDGE_CURVE('',#4687,#4681,#998,.T.);
#5656=EDGE_CURVE('',#4688,#4689,#4121,.T.);
#5657=EDGE_CURVE('',#4688,#4690,#999,.T.);
#5658=EDGE_CURVE('',#4691,#4690,#4122,.T.);
#5659=EDGE_CURVE('',#4691,#4692,#1000,.T.);
#5660=EDGE_CURVE('',#4693,#4692,#4123,.T.);
#5661=EDGE_CURVE('',#4693,#4694,#1001,.T.);
#5662=EDGE_CURVE('',#4695,#4694,#4124,.T.);
#5663=EDGE_CURVE('',#4695,#4689,#1002,.T.);
#5664=EDGE_CURVE('',#4696,#4697,#4125,.T.);
#5665=EDGE_CURVE('',#4696,#4698,#1003,.T.);
#5666=EDGE_CURVE('',#4699,#4698,#4126,.T.);
#5667=EDGE_CURVE('',#4699,#4700,#1004,.T.);
#5668=EDGE_CURVE('',#4701,#4700,#4127,.T.);
#5669=EDGE_CURVE('',#4701,#4702,#1005,.T.);
#5670=EDGE_CURVE('',#4703,#4702,#4128,.T.);
#5671=EDGE_CURVE('',#4703,#4697,#1006,.T.);
#5672=EDGE_CURVE('',#4704,#4705,#4129,.T.);
#5673=EDGE_CURVE('',#4704,#4706,#1007,.T.);
#5674=EDGE_CURVE('',#4707,#4706,#4130,.T.);
#5675=EDGE_CURVE('',#4707,#4708,#1008,.T.);
#5676=EDGE_CURVE('',#4709,#4708,#4131,.T.);
#5677=EDGE_CURVE('',#4709,#4710,#1009,.T.);
#5678=EDGE_CURVE('',#4711,#4710,#4132,.T.);
#5679=EDGE_CURVE('',#4711,#4705,#1010,.T.);
#5680=EDGE_CURVE('',#4712,#4713,#4133,.T.);
#5681=EDGE_CURVE('',#4712,#4714,#1011,.T.);
#5682=EDGE_CURVE('',#4715,#4714,#4134,.T.);
#5683=EDGE_CURVE('',#4715,#4716,#1012,.T.);
#5684=EDGE_CURVE('',#4717,#4716,#4135,.T.);
#5685=EDGE_CURVE('',#4717,#4718,#1013,.T.);
#5686=EDGE_CURVE('',#4719,#4718,#4136,.T.);
#5687=EDGE_CURVE('',#4719,#4713,#1014,.T.);
#5688=EDGE_CURVE('',#4720,#4721,#4137,.T.);
#5689=EDGE_CURVE('',#4720,#4722,#1015,.T.);
#5690=EDGE_CURVE('',#4723,#4722,#4138,.T.);
#5691=EDGE_CURVE('',#4723,#4724,#1016,.T.);
#5692=EDGE_CURVE('',#4725,#4724,#4139,.T.);
#5693=EDGE_CURVE('',#4725,#4726,#1017,.T.);
#5694=EDGE_CURVE('',#4727,#4726,#4140,.T.);
#5695=EDGE_CURVE('',#4727,#4721,#1018,.T.);
#5696=EDGE_CURVE('',#4728,#4729,#4141,.T.);
#5697=EDGE_CURVE('',#4728,#4730,#1019,.T.);
#5698=EDGE_CURVE('',#4731,#4730,#4142,.T.);
#5699=EDGE_CURVE('',#4731,#4732,#1020,.T.);
#5700=EDGE_CURVE('',#4733,#4732,#4143,.T.);
#5701=EDGE_CURVE('',#4733,#4734,#1021,.T.);
#5702=EDGE_CURVE('',#4735,#4734,#4144,.T.);
#5703=EDGE_CURVE('',#4735,#4729,#1022,.T.);
#5704=EDGE_CURVE('',#4736,#4737,#4145,.T.);
#5705=EDGE_CURVE('',#4736,#4738,#1023,.T.);
#5706=EDGE_CURVE('',#4739,#4738,#4146,.T.);
#5707=EDGE_CURVE('',#4739,#4740,#1024,.T.);
#5708=EDGE_CURVE('',#4741,#4740,#4147,.T.);
#5709=EDGE_CURVE('',#4741,#4742,#1025,.T.);
#5710=EDGE_CURVE('',#4743,#4742,#4148,.T.);
#5711=EDGE_CURVE('',#4743,#4737,#1026,.T.);
#5712=EDGE_CURVE('',#4744,#4745,#4149,.T.);
#5713=EDGE_CURVE('',#4744,#4746,#1027,.T.);
#5714=EDGE_CURVE('',#4747,#4746,#4150,.T.);
#5715=EDGE_CURVE('',#4747,#4748,#1028,.T.);
#5716=EDGE_CURVE('',#4749,#4748,#4151,.T.);
#5717=EDGE_CURVE('',#4749,#4750,#1029,.T.);
#5718=EDGE_CURVE('',#4751,#4750,#4152,.T.);
#5719=EDGE_CURVE('',#4751,#4745,#1030,.T.);
#5720=EDGE_CURVE('',#4752,#4753,#4153,.T.);
#5721=EDGE_CURVE('',#4752,#4754,#1031,.T.);
#5722=EDGE_CURVE('',#4755,#4754,#4154,.T.);
#5723=EDGE_CURVE('',#4755,#4756,#1032,.T.);
#5724=EDGE_CURVE('',#4757,#4756,#4155,.T.);
#5725=EDGE_CURVE('',#4757,#4758,#1033,.T.);
#5726=EDGE_CURVE('',#4759,#4758,#4156,.T.);
#5727=EDGE_CURVE('',#4759,#4753,#1034,.T.);
#5728=EDGE_CURVE('',#4760,#4761,#4157,.T.);
#5729=EDGE_CURVE('',#4760,#4762,#1035,.T.);
#5730=EDGE_CURVE('',#4763,#4762,#4158,.T.);
#5731=EDGE_CURVE('',#4763,#4764,#1036,.T.);
#5732=EDGE_CURVE('',#4765,#4764,#4159,.T.);
#5733=EDGE_CURVE('',#4765,#4766,#1037,.T.);
#5734=EDGE_CURVE('',#4767,#4766,#4160,.T.);
#5735=EDGE_CURVE('',#4767,#4761,#1038,.T.);
#5736=EDGE_CURVE('',#4768,#4769,#4161,.T.);
#5737=EDGE_CURVE('',#4768,#4770,#1039,.T.);
#5738=EDGE_CURVE('',#4771,#4770,#4162,.T.);
#5739=EDGE_CURVE('',#4771,#4772,#1040,.T.);
#5740=EDGE_CURVE('',#4773,#4772,#4163,.T.);
#5741=EDGE_CURVE('',#4773,#4774,#1041,.T.);
#5742=EDGE_CURVE('',#4775,#4774,#4164,.T.);
#5743=EDGE_CURVE('',#4775,#4769,#1042,.T.);
#5744=EDGE_CURVE('',#4776,#4777,#4165,.T.);
#5745=EDGE_CURVE('',#4776,#4778,#1043,.T.);
#5746=EDGE_CURVE('',#4779,#4778,#4166,.T.);
#5747=EDGE_CURVE('',#4779,#4780,#1044,.T.);
#5748=EDGE_CURVE('',#4781,#4780,#4167,.T.);
#5749=EDGE_CURVE('',#4781,#4782,#1045,.T.);
#5750=EDGE_CURVE('',#4783,#4782,#4168,.T.);
#5751=EDGE_CURVE('',#4783,#4777,#1046,.T.);
#5752=EDGE_CURVE('',#4784,#4785,#4169,.T.);
#5753=EDGE_CURVE('',#4784,#4786,#1047,.T.);
#5754=EDGE_CURVE('',#4787,#4786,#4170,.T.);
#5755=EDGE_CURVE('',#4787,#4788,#1048,.T.);
#5756=EDGE_CURVE('',#4789,#4788,#4171,.T.);
#5757=EDGE_CURVE('',#4789,#4790,#1049,.T.);
#5758=EDGE_CURVE('',#4791,#4790,#4172,.T.);
#5759=EDGE_CURVE('',#4791,#4785,#1050,.T.);
#5760=EDGE_CURVE('',#4792,#4793,#4173,.T.);
#5761=EDGE_CURVE('',#4792,#4794,#1051,.T.);
#5762=EDGE_CURVE('',#4795,#4794,#4174,.T.);
#5763=EDGE_CURVE('',#4795,#4796,#1052,.T.);
#5764=EDGE_CURVE('',#4797,#4796,#4175,.T.);
#5765=EDGE_CURVE('',#4797,#4798,#1053,.T.);
#5766=EDGE_CURVE('',#4799,#4798,#4176,.T.);
#5767=EDGE_CURVE('',#4799,#4793,#1054,.T.);
#5768=EDGE_CURVE('',#4800,#4801,#4177,.T.);
#5769=EDGE_CURVE('',#4800,#4802,#1055,.T.);
#5770=EDGE_CURVE('',#4803,#4802,#4178,.T.);
#5771=EDGE_CURVE('',#4803,#4804,#1056,.T.);
#5772=EDGE_CURVE('',#4805,#4804,#4179,.T.);
#5773=EDGE_CURVE('',#4805,#4806,#1057,.T.);
#5774=EDGE_CURVE('',#4807,#4806,#4180,.T.);
#5775=EDGE_CURVE('',#4807,#4801,#1058,.T.);
#5776=EDGE_CURVE('',#4808,#4809,#4181,.T.);
#5777=EDGE_CURVE('',#4808,#4810,#1059,.T.);
#5778=EDGE_CURVE('',#4811,#4810,#4182,.T.);
#5779=EDGE_CURVE('',#4811,#4812,#1060,.T.);
#5780=EDGE_CURVE('',#4813,#4812,#4183,.T.);
#5781=EDGE_CURVE('',#4813,#4814,#1061,.T.);
#5782=EDGE_CURVE('',#4815,#4814,#4184,.T.);
#5783=EDGE_CURVE('',#4815,#4809,#1062,.T.);
#5784=EDGE_CURVE('',#4816,#4817,#4185,.T.);
#5785=EDGE_CURVE('',#4816,#4818,#1063,.T.);
#5786=EDGE_CURVE('',#4819,#4818,#4186,.T.);
#5787=EDGE_CURVE('',#4819,#4820,#1064,.T.);
#5788=EDGE_CURVE('',#4821,#4820,#4187,.T.);
#5789=EDGE_CURVE('',#4821,#4822,#1065,.T.);
#5790=EDGE_CURVE('',#4823,#4822,#4188,.T.);
#5791=EDGE_CURVE('',#4823,#4817,#1066,.T.);
#5792=EDGE_CURVE('',#4824,#4825,#4189,.T.);
#5793=EDGE_CURVE('',#4824,#4826,#1067,.T.);
#5794=EDGE_CURVE('',#4827,#4826,#4190,.T.);
#5795=EDGE_CURVE('',#4827,#4828,#1068,.T.);
#5796=EDGE_CURVE('',#4829,#4828,#4191,.T.);
#5797=EDGE_CURVE('',#4829,#4830,#1069,.T.);
#5798=EDGE_CURVE('',#4831,#4830,#4192,.T.);
#5799=EDGE_CURVE('',#4831,#4825,#1070,.T.);
#5800=EDGE_CURVE('',#4832,#4833,#1071,.T.);
#5801=EDGE_CURVE('',#4834,#4833,#4193,.T.);
#5802=EDGE_CURVE('',#4834,#4835,#1072,.T.);
#5803=EDGE_CURVE('',#4836,#4835,#4194,.T.);
#5804=EDGE_CURVE('',#4836,#4837,#1073,.T.);
#5805=EDGE_CURVE('',#4838,#4837,#4195,.T.);
#5806=EDGE_CURVE('',#4838,#4839,#1074,.T.);
#5807=EDGE_CURVE('',#4832,#4839,#4196,.T.);
#5808=EDGE_CURVE('',#4840,#4841,#4197,.T.);
#5809=EDGE_CURVE('',#4840,#4842,#1075,.T.);
#5810=EDGE_CURVE('',#4843,#4842,#4198,.T.);
#5811=EDGE_CURVE('',#4843,#4844,#1076,.T.);
#5812=EDGE_CURVE('',#4845,#4844,#4199,.T.);
#5813=EDGE_CURVE('',#4845,#4846,#1077,.T.);
#5814=EDGE_CURVE('',#4847,#4846,#4200,.T.);
#5815=EDGE_CURVE('',#4847,#4841,#1078,.T.);
#5816=EDGE_CURVE('',#4848,#4589,#1079,.T.);
#5817=EDGE_CURVE('',#4849,#4848,#1080,.T.);
#5818=EDGE_CURVE('',#4849,#4850,#1081,.T.);
#5819=EDGE_CURVE('',#4850,#4851,#1082,.T.);
#5820=EDGE_CURVE('',#4851,#4573,#1083,.T.);
#5821=EDGE_CURVE('',#4852,#4572,#4201,.F.);
#5822=EDGE_CURVE('',#4852,#4590,#1084,.T.);
#5823=EDGE_CURVE('',#4853,#4854,#18,.T.);
#5824=EDGE_CURVE('',#4854,#4855,#1085,.T.);
#5825=EDGE_CURVE('',#4855,#4856,#4202,.F.);
#5826=EDGE_CURVE('',#4856,#4857,#1086,.T.);
#5827=EDGE_CURVE('',#4857,#4853,#4203,.T.);
#5828=EDGE_CURVE('',#4858,#4855,#1087,.T.);
#5829=EDGE_CURVE('',#4859,#4854,#1088,.T.);
#5830=EDGE_CURVE('',#4860,#4859,#3971,.T.);
#5831=EDGE_CURVE('',#4861,#4860,#3972,.T.);
#5832=EDGE_CURVE('',#4862,#4861,#1089,.T.);
#5833=EDGE_CURVE('',#4863,#4862,#1090,.T.);
#5834=EDGE_CURVE('',#4864,#4863,#1091,.T.);
#5835=EDGE_CURVE('',#4865,#4864,#3973,.T.);
#5836=EDGE_CURVE('',#4866,#4865,#3974,.T.);
#5837=EDGE_CURVE('',#4867,#4866,#1092,.T.);
#5838=EDGE_CURVE('',#4868,#4867,#3975,.T.);
#5839=EDGE_CURVE('',#4869,#4868,#3976,.T.);
#5840=EDGE_CURVE('',#4870,#4869,#3977,.T.);
#5841=EDGE_CURVE('',#4871,#4870,#1093,.T.);
#5842=EDGE_CURVE('',#4872,#4871,#3978,.T.);
#5843=EDGE_CURVE('',#4873,#4872,#3979,.T.);
#5844=EDGE_CURVE('',#4874,#4873,#1094,.T.);
#5845=EDGE_CURVE('',#4875,#4874,#1095,.T.);
#5846=EDGE_CURVE('',#4876,#4875,#1096,.T.);
#5847=EDGE_CURVE('',#4877,#4876,#1097,.T.);
#5848=EDGE_CURVE('',#4878,#4877,#1098,.T.);
#5849=EDGE_CURVE('',#4879,#4878,#3980,.T.);
#5850=EDGE_CURVE('',#4880,#4879,#3981,.T.);
#5851=EDGE_CURVE('',#4881,#4880,#1099,.T.);
#5852=EDGE_CURVE('',#4882,#4881,#3982,.T.);
#5853=EDGE_CURVE('',#4883,#4882,#3983,.T.);
#5854=EDGE_CURVE('',#4884,#4883,#3984,.T.);
#5855=EDGE_CURVE('',#4885,#4884,#1100,.T.);
#5856=EDGE_CURVE('',#4886,#4885,#3985,.T.);
#5857=EDGE_CURVE('',#4887,#4886,#3986,.T.);
#5858=EDGE_CURVE('',#4888,#4887,#1101,.T.);
#5859=EDGE_CURVE('',#4889,#4888,#1102,.T.);
#5860=EDGE_CURVE('',#4890,#4889,#1103,.T.);
#5861=EDGE_CURVE('',#4891,#4890,#3987,.T.);
#5862=EDGE_CURVE('',#4892,#4891,#3988,.T.);
#5863=EDGE_CURVE('',#4893,#4892,#1104,.T.);
#5864=EDGE_CURVE('',#4894,#4893,#1105,.T.);
#5865=EDGE_CURVE('',#4894,#4895,#1106,.F.);
#5866=EDGE_CURVE('',#4896,#4895,#1107,.T.);
#5867=EDGE_CURVE('',#4897,#4896,#4204,.T.);
#5868=EDGE_CURVE('',#4898,#4897,#1108,.T.);
#5869=EDGE_CURVE('',#4899,#4898,#4205,.T.);
#5870=EDGE_CURVE('',#4900,#4899,#1109,.T.);
#5871=EDGE_CURVE('',#4901,#4900,#4206,.T.);
#5872=EDGE_CURVE('',#4902,#4901,#1110,.T.);
#5873=EDGE_CURVE('',#4903,#4902,#4207,.T.);
#5874=EDGE_CURVE('',#4858,#4903,#1111,.T.);
#5875=EDGE_CURVE('',#4588,#4904,#1112,.T.);
#5876=EDGE_CURVE('',#4904,#4848,#1113,.F.);
#5877=EDGE_CURVE('',#4905,#4906,#4208,.T.);
#5878=EDGE_CURVE('',#4907,#4905,#1114,.T.);
#5879=EDGE_CURVE('',#4908,#4907,#4209,.T.);
#5880=EDGE_CURVE('',#4906,#4908,#1115,.T.);
#5881=EDGE_CURVE('',#4909,#4910,#4210,.T.);
#5882=EDGE_CURVE('',#4909,#4911,#1116,.T.);
#5883=EDGE_CURVE('',#4912,#4911,#4211,.T.);
#5884=EDGE_CURVE('',#4912,#4913,#1117,.T.);
#5885=EDGE_CURVE('',#4914,#4913,#4212,.T.);
#5886=EDGE_CURVE('',#4914,#4915,#1118,.T.);
#5887=EDGE_CURVE('',#4916,#4915,#4213,.T.);
#5888=EDGE_CURVE('',#4916,#4910,#1119,.T.);
#5889=EDGE_CURVE('',#4917,#4918,#4214,.T.);
#5890=EDGE_CURVE('',#4917,#4919,#1120,.T.);
#5891=EDGE_CURVE('',#4920,#4919,#4215,.T.);
#5892=EDGE_CURVE('',#4920,#4921,#1121,.T.);
#5893=EDGE_CURVE('',#4922,#4921,#4216,.T.);
#5894=EDGE_CURVE('',#4922,#4923,#1122,.T.);
#5895=EDGE_CURVE('',#4924,#4923,#4217,.T.);
#5896=EDGE_CURVE('',#4924,#4918,#1123,.T.);
#5897=EDGE_CURVE('',#4925,#4926,#4218,.T.);
#5898=EDGE_CURVE('',#4925,#4927,#1124,.T.);
#5899=EDGE_CURVE('',#4928,#4927,#4219,.T.);
#5900=EDGE_CURVE('',#4928,#4929,#1125,.T.);
#5901=EDGE_CURVE('',#4930,#4929,#4220,.T.);
#5902=EDGE_CURVE('',#4930,#4931,#1126,.T.);
#5903=EDGE_CURVE('',#4932,#4931,#4221,.T.);
#5904=EDGE_CURVE('',#4932,#4926,#1127,.T.);
#5905=EDGE_CURVE('',#4933,#4934,#4222,.T.);
#5906=EDGE_CURVE('',#4933,#4935,#1128,.T.);
#5907=EDGE_CURVE('',#4936,#4935,#4223,.T.);
#5908=EDGE_CURVE('',#4936,#4937,#1129,.T.);
#5909=EDGE_CURVE('',#4938,#4937,#4224,.T.);
#5910=EDGE_CURVE('',#4938,#4939,#1130,.T.);
#5911=EDGE_CURVE('',#4940,#4939,#4225,.T.);
#5912=EDGE_CURVE('',#4940,#4934,#1131,.T.);
#5913=EDGE_CURVE('',#4941,#4942,#4226,.T.);
#5914=EDGE_CURVE('',#4941,#4943,#1132,.T.);
#5915=EDGE_CURVE('',#4944,#4943,#4227,.T.);
#5916=EDGE_CURVE('',#4944,#4945,#1133,.T.);
#5917=EDGE_CURVE('',#4946,#4945,#4228,.T.);
#5918=EDGE_CURVE('',#4946,#4947,#1134,.T.);
#5919=EDGE_CURVE('',#4948,#4947,#4229,.T.);
#5920=EDGE_CURVE('',#4948,#4942,#1135,.T.);
#5921=EDGE_CURVE('',#4949,#4950,#4230,.T.);
#5922=EDGE_CURVE('',#4949,#4951,#1136,.T.);
#5923=EDGE_CURVE('',#4952,#4951,#4231,.T.);
#5924=EDGE_CURVE('',#4952,#4953,#1137,.T.);
#5925=EDGE_CURVE('',#4954,#4953,#4232,.T.);
#5926=EDGE_CURVE('',#4954,#4955,#1138,.T.);
#5927=EDGE_CURVE('',#4956,#4955,#4233,.T.);
#5928=EDGE_CURVE('',#4956,#4950,#1139,.T.);
#5929=EDGE_CURVE('',#4957,#4958,#4234,.T.);
#5930=EDGE_CURVE('',#4957,#4959,#1140,.T.);
#5931=EDGE_CURVE('',#4960,#4959,#4235,.T.);
#5932=EDGE_CURVE('',#4960,#4961,#1141,.T.);
#5933=EDGE_CURVE('',#4962,#4961,#4236,.T.);
#5934=EDGE_CURVE('',#4962,#4963,#1142,.T.);
#5935=EDGE_CURVE('',#4964,#4963,#4237,.T.);
#5936=EDGE_CURVE('',#4964,#4958,#1143,.T.);
#5937=EDGE_CURVE('',#4965,#4966,#4238,.T.);
#5938=EDGE_CURVE('',#4965,#4967,#1144,.T.);
#5939=EDGE_CURVE('',#4968,#4967,#4239,.T.);
#5940=EDGE_CURVE('',#4968,#4969,#1145,.T.);
#5941=EDGE_CURVE('',#4970,#4969,#4240,.T.);
#5942=EDGE_CURVE('',#4970,#4971,#1146,.T.);
#5943=EDGE_CURVE('',#4972,#4971,#4241,.T.);
#5944=EDGE_CURVE('',#4972,#4966,#1147,.T.);
#5945=EDGE_CURVE('',#4973,#4974,#4242,.T.);
#5946=EDGE_CURVE('',#4973,#4975,#1148,.T.);
#5947=EDGE_CURVE('',#4976,#4975,#4243,.T.);
#5948=EDGE_CURVE('',#4976,#4977,#1149,.T.);
#5949=EDGE_CURVE('',#4978,#4977,#4244,.T.);
#5950=EDGE_CURVE('',#4978,#4979,#1150,.T.);
#5951=EDGE_CURVE('',#4980,#4979,#4245,.T.);
#5952=EDGE_CURVE('',#4980,#4974,#1151,.T.);
#5953=EDGE_CURVE('',#4981,#4982,#4246,.T.);
#5954=EDGE_CURVE('',#4981,#4983,#1152,.T.);
#5955=EDGE_CURVE('',#4984,#4983,#4247,.T.);
#5956=EDGE_CURVE('',#4984,#4985,#1153,.T.);
#5957=EDGE_CURVE('',#4986,#4985,#4248,.T.);
#5958=EDGE_CURVE('',#4986,#4987,#1154,.T.);
#5959=EDGE_CURVE('',#4988,#4987,#4249,.T.);
#5960=EDGE_CURVE('',#4988,#4982,#1155,.T.);
#5961=EDGE_CURVE('',#4989,#4990,#4250,.T.);
#5962=EDGE_CURVE('',#4989,#4991,#1156,.T.);
#5963=EDGE_CURVE('',#4992,#4991,#4251,.T.);
#5964=EDGE_CURVE('',#4992,#4993,#1157,.T.);
#5965=EDGE_CURVE('',#4994,#4993,#4252,.T.);
#5966=EDGE_CURVE('',#4994,#4995,#1158,.T.);
#5967=EDGE_CURVE('',#4996,#4995,#4253,.T.);
#5968=EDGE_CURVE('',#4996,#4990,#1159,.T.);
#5969=EDGE_CURVE('',#4997,#4998,#4254,.T.);
#5970=EDGE_CURVE('',#4997,#4999,#1160,.T.);
#5971=EDGE_CURVE('',#5000,#4999,#4255,.T.);
#5972=EDGE_CURVE('',#5000,#5001,#1161,.T.);
#5973=EDGE_CURVE('',#5002,#5001,#4256,.T.);
#5974=EDGE_CURVE('',#5002,#5003,#1162,.T.);
#5975=EDGE_CURVE('',#5004,#5003,#4257,.T.);
#5976=EDGE_CURVE('',#5004,#4998,#1163,.T.);
#5977=EDGE_CURVE('',#5005,#5006,#4258,.T.);
#5978=EDGE_CURVE('',#5005,#5007,#1164,.T.);
#5979=EDGE_CURVE('',#5008,#5007,#4259,.T.);
#5980=EDGE_CURVE('',#5008,#5009,#1165,.T.);
#5981=EDGE_CURVE('',#5010,#5009,#4260,.T.);
#5982=EDGE_CURVE('',#5010,#5011,#1166,.T.);
#5983=EDGE_CURVE('',#5012,#5011,#4261,.T.);
#5984=EDGE_CURVE('',#5012,#5006,#1167,.T.);
#5985=EDGE_CURVE('',#5013,#5014,#4262,.T.);
#5986=EDGE_CURVE('',#5013,#5015,#1168,.T.);
#5987=EDGE_CURVE('',#5016,#5015,#4263,.T.);
#5988=EDGE_CURVE('',#5016,#5017,#1169,.T.);
#5989=EDGE_CURVE('',#5018,#5017,#4264,.T.);
#5990=EDGE_CURVE('',#5018,#5019,#1170,.T.);
#5991=EDGE_CURVE('',#5020,#5019,#4265,.T.);
#5992=EDGE_CURVE('',#5020,#5014,#1171,.T.);
#5993=EDGE_CURVE('',#5021,#5022,#4266,.T.);
#5994=EDGE_CURVE('',#5021,#5023,#1172,.T.);
#5995=EDGE_CURVE('',#5024,#5023,#4267,.T.);
#5996=EDGE_CURVE('',#5024,#5025,#1173,.T.);
#5997=EDGE_CURVE('',#5026,#5025,#4268,.T.);
#5998=EDGE_CURVE('',#5026,#5027,#1174,.T.);
#5999=EDGE_CURVE('',#5028,#5027,#4269,.T.);
#6000=EDGE_CURVE('',#5028,#5022,#1175,.T.);
#6001=EDGE_CURVE('',#5029,#5030,#4270,.T.);
#6002=EDGE_CURVE('',#5029,#5031,#1176,.T.);
#6003=EDGE_CURVE('',#5032,#5031,#4271,.T.);
#6004=EDGE_CURVE('',#5032,#5033,#1177,.T.);
#6005=EDGE_CURVE('',#5034,#5033,#4272,.T.);
#6006=EDGE_CURVE('',#5034,#5035,#1178,.T.);
#6007=EDGE_CURVE('',#5036,#5035,#4273,.T.);
#6008=EDGE_CURVE('',#5036,#5030,#1179,.T.);
#6009=EDGE_CURVE('',#5037,#5038,#4274,.T.);
#6010=EDGE_CURVE('',#5037,#5039,#1180,.T.);
#6011=EDGE_CURVE('',#5040,#5039,#4275,.T.);
#6012=EDGE_CURVE('',#5040,#5041,#1181,.T.);
#6013=EDGE_CURVE('',#5042,#5041,#4276,.T.);
#6014=EDGE_CURVE('',#5042,#5043,#1182,.T.);
#6015=EDGE_CURVE('',#5044,#5043,#4277,.T.);
#6016=EDGE_CURVE('',#5044,#5038,#1183,.T.);
#6017=EDGE_CURVE('',#5045,#5046,#4278,.T.);
#6018=EDGE_CURVE('',#5045,#5047,#1184,.T.);
#6019=EDGE_CURVE('',#5048,#5047,#4279,.T.);
#6020=EDGE_CURVE('',#5048,#5049,#1185,.T.);
#6021=EDGE_CURVE('',#5050,#5049,#4280,.T.);
#6022=EDGE_CURVE('',#5050,#5051,#1186,.T.);
#6023=EDGE_CURVE('',#5052,#5051,#4281,.T.);
#6024=EDGE_CURVE('',#5052,#5046,#1187,.T.);
#6025=EDGE_CURVE('',#5053,#5054,#4282,.T.);
#6026=EDGE_CURVE('',#5053,#5055,#1188,.T.);
#6027=EDGE_CURVE('',#5056,#5055,#4283,.T.);
#6028=EDGE_CURVE('',#5056,#5057,#1189,.T.);
#6029=EDGE_CURVE('',#5058,#5057,#4284,.T.);
#6030=EDGE_CURVE('',#5058,#5059,#1190,.T.);
#6031=EDGE_CURVE('',#5060,#5059,#4285,.T.);
#6032=EDGE_CURVE('',#5060,#5054,#1191,.T.);
#6033=EDGE_CURVE('',#5061,#5062,#4286,.T.);
#6034=EDGE_CURVE('',#5061,#5063,#1192,.T.);
#6035=EDGE_CURVE('',#5064,#5063,#4287,.T.);
#6036=EDGE_CURVE('',#5064,#5065,#1193,.T.);
#6037=EDGE_CURVE('',#5066,#5065,#4288,.T.);
#6038=EDGE_CURVE('',#5066,#5067,#1194,.T.);
#6039=EDGE_CURVE('',#5068,#5067,#4289,.T.);
#6040=EDGE_CURVE('',#5068,#5062,#1195,.T.);
#6041=EDGE_CURVE('',#5069,#5070,#4290,.T.);
#6042=EDGE_CURVE('',#5069,#5071,#1196,.T.);
#6043=EDGE_CURVE('',#5072,#5071,#4291,.T.);
#6044=EDGE_CURVE('',#5072,#5073,#1197,.T.);
#6045=EDGE_CURVE('',#5074,#5073,#4292,.T.);
#6046=EDGE_CURVE('',#5074,#5075,#1198,.T.);
#6047=EDGE_CURVE('',#5076,#5075,#4293,.T.);
#6048=EDGE_CURVE('',#5076,#5070,#1199,.T.);
#6049=EDGE_CURVE('',#5077,#5078,#4294,.T.);
#6050=EDGE_CURVE('',#5077,#5079,#1200,.T.);
#6051=EDGE_CURVE('',#5080,#5079,#4295,.T.);
#6052=EDGE_CURVE('',#5080,#5081,#1201,.T.);
#6053=EDGE_CURVE('',#5082,#5081,#4296,.T.);
#6054=EDGE_CURVE('',#5082,#5083,#1202,.T.);
#6055=EDGE_CURVE('',#5084,#5083,#4297,.T.);
#6056=EDGE_CURVE('',#5084,#5078,#1203,.T.);
#6057=EDGE_CURVE('',#5085,#5086,#4298,.T.);
#6058=EDGE_CURVE('',#5085,#5087,#1204,.T.);
#6059=EDGE_CURVE('',#5088,#5087,#4299,.T.);
#6060=EDGE_CURVE('',#5088,#5089,#1205,.T.);
#6061=EDGE_CURVE('',#5090,#5089,#4300,.T.);
#6062=EDGE_CURVE('',#5090,#5091,#1206,.T.);
#6063=EDGE_CURVE('',#5092,#5091,#4301,.T.);
#6064=EDGE_CURVE('',#5092,#5086,#1207,.T.);
#6065=EDGE_CURVE('',#5093,#5094,#4302,.T.);
#6066=EDGE_CURVE('',#5093,#5095,#1208,.T.);
#6067=EDGE_CURVE('',#5096,#5095,#4303,.T.);
#6068=EDGE_CURVE('',#5096,#5097,#1209,.T.);
#6069=EDGE_CURVE('',#5098,#5097,#4304,.T.);
#6070=EDGE_CURVE('',#5098,#5099,#1210,.T.);
#6071=EDGE_CURVE('',#5100,#5099,#4305,.T.);
#6072=EDGE_CURVE('',#5100,#5094,#1211,.T.);
#6073=EDGE_CURVE('',#5101,#5102,#4306,.T.);
#6074=EDGE_CURVE('',#5101,#5103,#1212,.T.);
#6075=EDGE_CURVE('',#5104,#5103,#4307,.T.);
#6076=EDGE_CURVE('',#5104,#5105,#1213,.T.);
#6077=EDGE_CURVE('',#5106,#5105,#4308,.T.);
#6078=EDGE_CURVE('',#5106,#5107,#1214,.T.);
#6079=EDGE_CURVE('',#5108,#5107,#4309,.T.);
#6080=EDGE_CURVE('',#5108,#5102,#1215,.T.);
#6081=EDGE_CURVE('',#5109,#5110,#4310,.T.);
#6082=EDGE_CURVE('',#5109,#5111,#1216,.T.);
#6083=EDGE_CURVE('',#5112,#5111,#4311,.T.);
#6084=EDGE_CURVE('',#5112,#5113,#1217,.T.);
#6085=EDGE_CURVE('',#5114,#5113,#4312,.T.);
#6086=EDGE_CURVE('',#5114,#5115,#1218,.T.);
#6087=EDGE_CURVE('',#5116,#5115,#4313,.T.);
#6088=EDGE_CURVE('',#5116,#5110,#1219,.T.);
#6089=EDGE_CURVE('',#5117,#5118,#4314,.T.);
#6090=EDGE_CURVE('',#5117,#5119,#1220,.T.);
#6091=EDGE_CURVE('',#5120,#5119,#4315,.T.);
#6092=EDGE_CURVE('',#5120,#5121,#1221,.T.);
#6093=EDGE_CURVE('',#5122,#5121,#4316,.T.);
#6094=EDGE_CURVE('',#5122,#5123,#1222,.T.);
#6095=EDGE_CURVE('',#5124,#5123,#4317,.T.);
#6096=EDGE_CURVE('',#5124,#5118,#1223,.T.);
#6097=EDGE_CURVE('',#5125,#5126,#4318,.T.);
#6098=EDGE_CURVE('',#5125,#5127,#1224,.T.);
#6099=EDGE_CURVE('',#5128,#5127,#4319,.T.);
#6100=EDGE_CURVE('',#5128,#5129,#1225,.T.);
#6101=EDGE_CURVE('',#5130,#5129,#4320,.T.);
#6102=EDGE_CURVE('',#5130,#5131,#1226,.T.);
#6103=EDGE_CURVE('',#5132,#5131,#4321,.T.);
#6104=EDGE_CURVE('',#5132,#5126,#1227,.T.);
#6105=EDGE_CURVE('',#5133,#5134,#1228,.T.);
#6106=EDGE_CURVE('',#5135,#5134,#4322,.T.);
#6107=EDGE_CURVE('',#5135,#5136,#1229,.T.);
#6108=EDGE_CURVE('',#5137,#5136,#4323,.T.);
#6109=EDGE_CURVE('',#5137,#5138,#1230,.T.);
#6110=EDGE_CURVE('',#5139,#5138,#4324,.T.);
#6111=EDGE_CURVE('',#5139,#5140,#1231,.T.);
#6112=EDGE_CURVE('',#5133,#5140,#4325,.T.);
#6113=EDGE_CURVE('',#5141,#5142,#4326,.T.);
#6114=EDGE_CURVE('',#5143,#5141,#1232,.T.);
#6115=EDGE_CURVE('',#5144,#5143,#4327,.T.);
#6116=EDGE_CURVE('',#5142,#5144,#1233,.T.);
#6117=EDGE_CURVE('',#5145,#5146,#4328,.T.);
#6118=EDGE_CURVE('',#5145,#5147,#1234,.T.);
#6119=EDGE_CURVE('',#5148,#5147,#4329,.T.);
#6120=EDGE_CURVE('',#5148,#5149,#1235,.T.);
#6121=EDGE_CURVE('',#5150,#5149,#4330,.T.);
#6122=EDGE_CURVE('',#5150,#5151,#1236,.T.);
#6123=EDGE_CURVE('',#5152,#5151,#4331,.T.);
#6124=EDGE_CURVE('',#5152,#5146,#1237,.T.);
#6125=EDGE_CURVE('',#4853,#5153,#1238,.T.);
#6126=EDGE_CURVE('',#5153,#4859,#1239,.T.);
#6127=EDGE_CURVE('',#4857,#5154,#1240,.T.);
#6128=EDGE_CURVE('',#5154,#5155,#1241,.T.);
#6129=EDGE_CURVE('',#5156,#5155,#4332,.T.);
#6130=EDGE_CURVE('',#5153,#5156,#1242,.T.);
#6131=EDGE_CURVE('',#5157,#5157,#4333,.T.);
#6132=EDGE_CURVE('',#5158,#5159,#4334,.T.);
#6133=EDGE_CURVE('',#5159,#5160,#1243,.T.);
#6134=EDGE_CURVE('',#5160,#4894,#4335,.F.);
#6135=EDGE_CURVE('',#4893,#5158,#19,.T.);
#6136=EDGE_CURVE('',#5161,#5159,#1244,.T.);
#6137=EDGE_CURVE('',#5162,#5161,#1245,.F.);
#6138=EDGE_CURVE('',#5163,#5162,#1246,.F.);
#6139=EDGE_CURVE('',#5164,#5163,#1247,.T.);
#6140=EDGE_CURVE('',#5160,#5164,#1248,.T.);
#6141=EDGE_CURVE('',#5165,#5158,#1249,.T.);
#6142=EDGE_CURVE('',#5166,#5165,#1250,.T.);
#6143=EDGE_CURVE('',#5167,#5166,#4336,.T.);
#6144=EDGE_CURVE('',#5167,#5161,#1251,.T.);
#6145=EDGE_CURVE('',#5168,#5168,#4337,.T.);
#6146=EDGE_CURVE('',#5169,#4858,#4338,.T.);
#6147=EDGE_CURVE('',#5170,#4903,#3989,.T.);
#6148=EDGE_CURVE('',#5170,#5171,#3990,.T.);
#6149=EDGE_CURVE('',#5171,#5172,#1252,.T.);
#6150=EDGE_CURVE('',#5172,#5173,#3991,.T.);
#6151=EDGE_CURVE('',#4900,#5173,#3992,.T.);
#6152=EDGE_CURVE('',#5174,#4899,#3993,.T.);
#6153=EDGE_CURVE('',#5174,#5175,#3994,.T.);
#6154=EDGE_CURVE('',#5175,#5176,#1253,.T.);
#6155=EDGE_CURVE('',#5176,#5177,#3995,.T.);
#6156=EDGE_CURVE('',#4896,#5177,#3996,.T.);
#6157=EDGE_CURVE('',#4895,#5178,#4339,.T.);
#6158=EDGE_CURVE('',#5178,#5179,#20,.T.);
#6159=EDGE_CURVE('',#5179,#5180,#1254,.T.);
#6160=EDGE_CURVE('',#5180,#5181,#1255,.T.);
#6161=EDGE_CURVE('',#5181,#5182,#1256,.T.);
#6162=EDGE_CURVE('',#5182,#5169,#21,.T.);
#6163=EDGE_CURVE('',#5175,#5183,#1257,.T.);
#6164=EDGE_CURVE('',#5184,#5183,#1258,.T.);
#6165=EDGE_CURVE('',#5176,#5184,#1259,.T.);
#6166=EDGE_CURVE('',#5185,#5174,#4340,.T.);
#6167=EDGE_CURVE('',#5185,#5186,#1260,.T.);
#6168=EDGE_CURVE('',#5183,#5186,#4341,.T.);
#6169=EDGE_CURVE('',#5185,#4898,#1261,.T.);
#6170=EDGE_CURVE('',#5173,#5187,#4342,.T.);
#6171=EDGE_CURVE('',#5187,#4901,#1262,.T.);
#6172=EDGE_CURVE('',#5172,#5188,#1263,.T.);
#6173=EDGE_CURVE('',#5189,#5188,#4343,.T.);
#6174=EDGE_CURVE('',#5187,#5189,#1264,.T.);
#6175=EDGE_CURVE('',#5171,#5190,#1265,.T.);
#6176=EDGE_CURVE('',#5188,#5190,#1266,.T.);
#6177=EDGE_CURVE('',#5181,#5191,#1267,.F.);
#6178=EDGE_CURVE('',#5182,#5191,#1268,.T.);
#6179=EDGE_CURVE('',#5192,#5170,#4344,.T.);
#6180=EDGE_CURVE('',#5192,#5193,#1269,.T.);
#6181=EDGE_CURVE('',#5190,#5193,#4345,.T.);
#6182=EDGE_CURVE('',#5192,#4902,#1270,.T.);
#6183=EDGE_CURVE('',#5194,#4607,#1271,.T.);
#6184=EDGE_CURVE('',#5194,#4575,#4346,.F.);
#6185=EDGE_CURVE('',#4574,#5195,#1272,.T.);
#6186=EDGE_CURVE('',#5195,#5196,#1273,.T.);
#6187=EDGE_CURVE('',#5197,#5196,#1274,.T.);
#6188=EDGE_CURVE('',#4904,#5197,#1275,.T.);
#6189=EDGE_CURVE('',#5198,#5198,#4347,.T.);
#6190=EDGE_CURVE('',#5198,#5199,#1276,.T.);
#6191=EDGE_CURVE('',#5199,#5199,#4348,.T.);
#6192=EDGE_CURVE('',#5200,#5200,#4349,.T.);
#6193=EDGE_CURVE('',#5200,#5201,#1277,.T.);
#6194=EDGE_CURVE('',#5201,#5201,#4350,.T.);
#6195=EDGE_CURVE('',#4544,#4552,#1278,.T.);
#6196=EDGE_CURVE('',#5202,#5202,#4351,.T.);
#6197=EDGE_CURVE('',#5202,#5203,#1279,.T.);
#6198=EDGE_CURVE('',#5203,#5203,#4352,.T.);
#6199=EDGE_CURVE('',#5204,#5205,#22,.T.);
#6200=EDGE_CURVE('',#5205,#4603,#23,.T.);
#6201=EDGE_CURVE('',#4603,#5204,#4353,.T.);
#6202=EDGE_CURVE('',#5205,#5206,#1280,.T.);
#6203=EDGE_CURVE('',#5206,#4604,#24,.T.);
#6204=EDGE_CURVE('',#5204,#5207,#1281,.T.);
#6205=EDGE_CURVE('',#5207,#5208,#25,.T.);
#6206=EDGE_CURVE('',#5208,#5205,#1282,.T.);
#6207=EDGE_CURVE('',#5163,#5208,#1283,.T.);
#6208=EDGE_CURVE('',#5162,#5209,#1284,.T.);
#6209=EDGE_CURVE('',#5210,#5209,#4354,.T.);
#6210=EDGE_CURVE('',#5206,#5210,#1285,.F.);
#6211=EDGE_CURVE('',#5211,#5211,#4355,.T.);
#6212=EDGE_CURVE('',#5212,#4594,#4356,.T.);
#6213=EDGE_CURVE('',#4594,#5213,#26,.T.);
#6214=EDGE_CURVE('',#5213,#5212,#27,.T.);
#6215=EDGE_CURVE('',#4593,#5214,#28,.T.);
#6216=EDGE_CURVE('',#5214,#5213,#1286,.T.);
#6217=EDGE_CURVE('',#5213,#5215,#1287,.T.);
#6218=EDGE_CURVE('',#5215,#5216,#29,.T.);
#6219=EDGE_CURVE('',#5216,#5212,#1288,.T.);
#6220=EDGE_CURVE('',#5212,#5217,#1289,.T.);
#6221=EDGE_CURVE('',#5217,#4595,#4357,.F.);
#6222=EDGE_CURVE('',#5218,#5216,#1290,.T.);
#6223=EDGE_CURVE('',#5218,#5219,#1291,.T.);
#6224=EDGE_CURVE('',#5217,#5219,#1292,.T.);
#6225=EDGE_CURVE('',#5207,#5220,#1293,.T.);
#6226=EDGE_CURVE('',#5220,#5180,#1294,.T.);
#6227=EDGE_CURVE('',#5180,#5221,#1295,.T.);
#6228=EDGE_CURVE('',#5222,#5221,#1296,.F.);
#6229=EDGE_CURVE('',#5164,#5222,#1297,.F.);
#6230=EDGE_CURVE('',#5223,#5220,#1298,.T.);
#6231=EDGE_CURVE('',#5224,#5223,#4358,.T.);
#6232=EDGE_CURVE('',#5224,#5225,#4359,.T.);
#6233=EDGE_CURVE('',#5225,#5226,#1299,.T.);
#6234=EDGE_CURVE('',#5226,#5227,#4360,.T.);
#6235=EDGE_CURVE('',#5228,#5227,#4361,.T.);
#6236=EDGE_CURVE('',#5229,#5228,#1300,.T.);
#6237=EDGE_CURVE('',#5230,#5229,#4362,.T.);
#6238=EDGE_CURVE('',#5230,#5231,#4363,.T.);
#6239=EDGE_CURVE('',#5231,#5232,#1301,.T.);
#6240=EDGE_CURVE('',#5232,#5233,#4364,.T.);
#6241=EDGE_CURVE('',#5219,#5233,#4365,.T.);
#6242=EDGE_CURVE('',#5181,#5218,#1302,.T.);
#6243=EDGE_CURVE('',#5193,#5189,#1303,.T.);
#6244=EDGE_CURVE('',#5234,#5184,#4366,.T.);
#6245=EDGE_CURVE('',#5186,#5234,#1304,.T.);
#6246=EDGE_CURVE('',#5235,#5236,#1305,.T.);
#6247=EDGE_CURVE('',#5236,#5191,#1306,.T.);
#6248=EDGE_CURVE('',#5215,#5237,#1307,.T.);
#6249=EDGE_CURVE('',#5235,#5237,#1308,.F.);
#6250=EDGE_CURVE('',#5238,#5214,#1309,.F.);
#6251=EDGE_CURVE('',#5239,#5238,#4367,.F.);
#6252=EDGE_CURVE('',#5239,#5240,#1310,.T.);
#6253=EDGE_CURVE('',#5240,#5237,#1311,.F.);
#6254=EDGE_CURVE('',#5241,#5241,#4368,.T.);
#6255=EDGE_CURVE('',#5242,#4602,#4369,.F.);
#6256=EDGE_CURVE('',#5243,#5242,#4370,.F.);
#6257=EDGE_CURVE('',#4602,#5243,#4371,.F.);
#6258=EDGE_CURVE('',#5223,#5243,#1312,.T.);
#6259=EDGE_CURVE('',#5242,#5224,#1313,.T.);
#6260=EDGE_CURVE('',#5243,#5204,#1314,.T.);
#6261=EDGE_CURVE('',#5244,#5245,#4372,.F.);
#6262=EDGE_CURVE('',#4599,#5244,#4373,.F.);
#6263=EDGE_CURVE('',#5245,#4599,#4374,.F.);
#6264=EDGE_CURVE('',#5246,#4600,#4375,.T.);
#6265=EDGE_CURVE('',#5244,#5246,#4376,.T.);
#6266=EDGE_CURVE('',#5247,#4601,#4377,.T.);
#6267=EDGE_CURVE('',#5246,#5247,#1315,.T.);
#6268=EDGE_CURVE('',#5247,#5242,#4378,.T.);
#6269=EDGE_CURVE('',#5248,#5249,#4379,.F.);
#6270=EDGE_CURVE('',#4598,#5248,#4380,.F.);
#6271=EDGE_CURVE('',#5249,#4598,#4381,.F.);
#6272=EDGE_CURVE('',#5248,#5245,#1316,.T.);
#6273=EDGE_CURVE('',#5250,#5217,#4382,.F.);
#6274=EDGE_CURVE('',#4595,#5250,#4383,.F.);
#6275=EDGE_CURVE('',#5251,#4596,#4384,.T.);
#6276=EDGE_CURVE('',#5250,#5251,#4385,.T.);
#6277=EDGE_CURVE('',#5252,#4597,#4386,.T.);
#6278=EDGE_CURVE('',#5251,#5252,#1317,.T.);
#6279=EDGE_CURVE('',#5252,#5249,#4387,.T.);
#6280=EDGE_CURVE('',#5233,#5250,#1318,.T.);
#6281=EDGE_CURVE('',#5229,#5248,#1319,.T.);
#6282=EDGE_CURVE('',#5249,#5230,#1320,.T.);
#6283=EDGE_CURVE('',#5227,#5244,#1321,.T.);
#6284=EDGE_CURVE('',#5245,#5228,#1322,.T.);
#6285=EDGE_CURVE('',#5247,#5225,#1323,.T.);
#6286=EDGE_CURVE('',#5246,#5226,#1324,.T.);
#6287=EDGE_CURVE('',#5252,#5231,#1325,.T.);
#6288=EDGE_CURVE('',#5168,#5253,#1326,.T.);
#6289=EDGE_CURVE('',#5253,#5253,#4388,.T.);
#6290=EDGE_CURVE('',#5254,#5254,#4389,.T.);
#6291=EDGE_CURVE('',#5254,#5255,#1327,.T.);
#6292=EDGE_CURVE('',#5255,#5255,#4390,.T.);
#6293=EDGE_CURVE('',#4844,#5139,#1328,.T.);
#6294=EDGE_CURVE('',#5138,#4845,#1329,.T.);
#6295=EDGE_CURVE('',#5179,#5221,#1330,.T.);
#6296=EDGE_CURVE('',#5134,#4840,#1331,.T.);
#6297=EDGE_CURVE('',#4841,#5135,#1332,.T.);
#6298=EDGE_CURVE('',#4842,#5133,#1333,.T.);
#6299=EDGE_CURVE('',#5147,#4838,#1334,.T.);
#6300=EDGE_CURVE('',#4837,#5148,#1335,.T.);
#6301=EDGE_CURVE('',#4839,#5145,#1336,.T.);
#6302=EDGE_CURVE('',#5256,#5256,#4391,.T.);
#6303=EDGE_CURVE('',#5256,#5211,#1337,.T.);
#6304=EDGE_CURVE('',#5157,#5257,#1338,.T.);
#6305=EDGE_CURVE('',#5257,#5257,#4392,.T.);
#6306=EDGE_CURVE('',#5258,#5258,#4393,.T.);
#6307=EDGE_CURVE('',#5258,#5241,#1339,.T.);
#6308=EDGE_CURVE('',#5259,#5259,#4394,.T.);
#6309=EDGE_CURVE('',#5259,#5260,#1340,.T.);
#6310=EDGE_CURVE('',#5260,#5260,#4395,.T.);
#6311=EDGE_CURVE('',#4609,#4909,#1341,.T.);
#6312=EDGE_CURVE('',#4911,#4615,#1342,.T.);
#6313=EDGE_CURVE('',#4614,#4912,#1343,.T.);
#6314=EDGE_CURVE('',#4913,#4613,#1344,.T.);
#6315=EDGE_CURVE('',#4612,#4914,#1345,.T.);
#6316=EDGE_CURVE('',#4915,#4611,#1346,.T.);
#6317=EDGE_CURVE('',#4610,#4916,#1347,.T.);
#6318=EDGE_CURVE('',#4910,#4608,#1348,.T.);
#6319=EDGE_CURVE('',#4617,#4917,#1349,.T.);
#6320=EDGE_CURVE('',#4919,#4623,#1350,.T.);
#6321=EDGE_CURVE('',#4622,#4920,#1351,.T.);
#6322=EDGE_CURVE('',#4921,#4621,#1352,.T.);
#6323=EDGE_CURVE('',#4620,#4922,#1353,.T.);
#6324=EDGE_CURVE('',#4923,#4619,#1354,.T.);
#6325=EDGE_CURVE('',#4618,#4924,#1355,.T.);
#6326=EDGE_CURVE('',#4918,#4616,#1356,.T.);
#6327=EDGE_CURVE('',#4625,#4925,#1357,.T.);
#6328=EDGE_CURVE('',#4927,#4631,#1358,.T.);
#6329=EDGE_CURVE('',#4630,#4928,#1359,.T.);
#6330=EDGE_CURVE('',#4929,#4629,#1360,.T.);
#6331=EDGE_CURVE('',#4628,#4930,#1361,.T.);
#6332=EDGE_CURVE('',#4931,#4627,#1362,.T.);
#6333=EDGE_CURVE('',#4626,#4932,#1363,.T.);
#6334=EDGE_CURVE('',#4926,#4624,#1364,.T.);
#6335=EDGE_CURVE('',#4633,#4933,#1365,.T.);
#6336=EDGE_CURVE('',#4935,#4639,#1366,.T.);
#6337=EDGE_CURVE('',#4638,#4936,#1367,.T.);
#6338=EDGE_CURVE('',#4937,#4637,#1368,.T.);
#6339=EDGE_CURVE('',#4636,#4938,#1369,.T.);
#6340=EDGE_CURVE('',#4939,#4635,#1370,.T.);
#6341=EDGE_CURVE('',#4634,#4940,#1371,.T.);
#6342=EDGE_CURVE('',#4934,#4632,#1372,.T.);
#6343=EDGE_CURVE('',#4641,#4941,#1373,.T.);
#6344=EDGE_CURVE('',#4943,#4647,#1374,.T.);
#6345=EDGE_CURVE('',#4646,#4944,#1375,.T.);
#6346=EDGE_CURVE('',#4945,#4645,#1376,.T.);
#6347=EDGE_CURVE('',#4644,#4946,#1377,.T.);
#6348=EDGE_CURVE('',#4947,#4643,#1378,.T.);
#6349=EDGE_CURVE('',#4642,#4948,#1379,.T.);
#6350=EDGE_CURVE('',#4942,#4640,#1380,.T.);
#6351=EDGE_CURVE('',#4649,#4949,#1381,.T.);
#6352=EDGE_CURVE('',#4951,#4655,#1382,.T.);
#6353=EDGE_CURVE('',#4654,#4952,#1383,.T.);
#6354=EDGE_CURVE('',#4953,#4653,#1384,.T.);
#6355=EDGE_CURVE('',#4652,#4954,#1385,.T.);
#6356=EDGE_CURVE('',#4955,#4651,#1386,.T.);
#6357=EDGE_CURVE('',#4650,#4956,#1387,.T.);
#6358=EDGE_CURVE('',#4950,#4648,#1388,.T.);
#6359=EDGE_CURVE('',#4657,#4957,#1389,.T.);
#6360=EDGE_CURVE('',#4959,#4663,#1390,.T.);
#6361=EDGE_CURVE('',#4662,#4960,#1391,.T.);
#6362=EDGE_CURVE('',#4961,#4661,#1392,.T.);
#6363=EDGE_CURVE('',#4660,#4962,#1393,.T.);
#6364=EDGE_CURVE('',#4963,#4659,#1394,.T.);
#6365=EDGE_CURVE('',#4658,#4964,#1395,.T.);
#6366=EDGE_CURVE('',#4958,#4656,#1396,.T.);
#6367=EDGE_CURVE('',#4665,#4965,#1397,.T.);
#6368=EDGE_CURVE('',#4967,#4671,#1398,.T.);
#6369=EDGE_CURVE('',#4670,#4968,#1399,.T.);
#6370=EDGE_CURVE('',#4969,#4669,#1400,.T.);
#6371=EDGE_CURVE('',#4668,#4970,#1401,.T.);
#6372=EDGE_CURVE('',#4971,#4667,#1402,.T.);
#6373=EDGE_CURVE('',#4666,#4972,#1403,.T.);
#6374=EDGE_CURVE('',#4966,#4664,#1404,.T.);
#6375=EDGE_CURVE('',#4673,#4973,#1405,.T.);
#6376=EDGE_CURVE('',#4975,#4679,#1406,.T.);
#6377=EDGE_CURVE('',#4678,#4976,#1407,.T.);
#6378=EDGE_CURVE('',#4977,#4677,#1408,.T.);
#6379=EDGE_CURVE('',#4676,#4978,#1409,.T.);
#6380=EDGE_CURVE('',#4979,#4675,#1410,.T.);
#6381=EDGE_CURVE('',#4674,#4980,#1411,.T.);
#6382=EDGE_CURVE('',#4974,#4672,#1412,.T.);
#6383=EDGE_CURVE('',#4681,#4981,#1413,.T.);
#6384=EDGE_CURVE('',#4983,#4687,#1414,.T.);
#6385=EDGE_CURVE('',#4686,#4984,#1415,.T.);
#6386=EDGE_CURVE('',#4985,#4685,#1416,.T.);
#6387=EDGE_CURVE('',#4684,#4986,#1417,.T.);
#6388=EDGE_CURVE('',#4987,#4683,#1418,.T.);
#6389=EDGE_CURVE('',#4682,#4988,#1419,.T.);
#6390=EDGE_CURVE('',#4982,#4680,#1420,.T.);
#6391=EDGE_CURVE('',#4689,#4989,#1421,.T.);
#6392=EDGE_CURVE('',#4991,#4695,#1422,.T.);
#6393=EDGE_CURVE('',#4694,#4992,#1423,.T.);
#6394=EDGE_CURVE('',#4993,#4693,#1424,.T.);
#6395=EDGE_CURVE('',#4692,#4994,#1425,.T.);
#6396=EDGE_CURVE('',#4995,#4691,#1426,.T.);
#6397=EDGE_CURVE('',#4690,#4996,#1427,.T.);
#6398=EDGE_CURVE('',#4990,#4688,#1428,.T.);
#6399=EDGE_CURVE('',#4697,#4997,#1429,.T.);
#6400=EDGE_CURVE('',#4999,#4703,#1430,.T.);
#6401=EDGE_CURVE('',#4702,#5000,#1431,.T.);
#6402=EDGE_CURVE('',#5001,#4701,#1432,.T.);
#6403=EDGE_CURVE('',#4700,#5002,#1433,.T.);
#6404=EDGE_CURVE('',#5003,#4699,#1434,.T.);
#6405=EDGE_CURVE('',#4698,#5004,#1435,.T.);
#6406=EDGE_CURVE('',#4998,#4696,#1436,.T.);
#6407=EDGE_CURVE('',#4705,#5005,#1437,.T.);
#6408=EDGE_CURVE('',#5007,#4711,#1438,.T.);
#6409=EDGE_CURVE('',#4710,#5008,#1439,.T.);
#6410=EDGE_CURVE('',#5009,#4709,#1440,.T.);
#6411=EDGE_CURVE('',#4708,#5010,#1441,.T.);
#6412=EDGE_CURVE('',#5011,#4707,#1442,.T.);
#6413=EDGE_CURVE('',#4706,#5012,#1443,.T.);
#6414=EDGE_CURVE('',#5006,#4704,#1444,.T.);
#6415=EDGE_CURVE('',#4713,#5013,#1445,.T.);
#6416=EDGE_CURVE('',#5015,#4719,#1446,.T.);
#6417=EDGE_CURVE('',#4718,#5016,#1447,.T.);
#6418=EDGE_CURVE('',#5017,#4717,#1448,.T.);
#6419=EDGE_CURVE('',#4716,#5018,#1449,.T.);
#6420=EDGE_CURVE('',#5019,#4715,#1450,.T.);
#6421=EDGE_CURVE('',#4714,#5020,#1451,.T.);
#6422=EDGE_CURVE('',#5014,#4712,#1452,.T.);
#6423=EDGE_CURVE('',#4721,#5021,#1453,.T.);
#6424=EDGE_CURVE('',#5023,#4727,#1454,.T.);
#6425=EDGE_CURVE('',#4726,#5024,#1455,.T.);
#6426=EDGE_CURVE('',#5025,#4725,#1456,.T.);
#6427=EDGE_CURVE('',#4724,#5026,#1457,.T.);
#6428=EDGE_CURVE('',#5027,#4723,#1458,.T.);
#6429=EDGE_CURVE('',#4722,#5028,#1459,.T.);
#6430=EDGE_CURVE('',#5022,#4720,#1460,.T.);
#6431=EDGE_CURVE('',#4729,#5029,#1461,.T.);
#6432=EDGE_CURVE('',#5031,#4735,#1462,.T.);
#6433=EDGE_CURVE('',#4734,#5032,#1463,.T.);
#6434=EDGE_CURVE('',#5033,#4733,#1464,.T.);
#6435=EDGE_CURVE('',#4732,#5034,#1465,.T.);
#6436=EDGE_CURVE('',#5035,#4731,#1466,.T.);
#6437=EDGE_CURVE('',#4730,#5036,#1467,.T.);
#6438=EDGE_CURVE('',#5030,#4728,#1468,.T.);
#6439=EDGE_CURVE('',#4737,#5037,#1469,.T.);
#6440=EDGE_CURVE('',#5039,#4743,#1470,.T.);
#6441=EDGE_CURVE('',#4742,#5040,#1471,.T.);
#6442=EDGE_CURVE('',#5041,#4741,#1472,.T.);
#6443=EDGE_CURVE('',#4740,#5042,#1473,.T.);
#6444=EDGE_CURVE('',#5043,#4739,#1474,.T.);
#6445=EDGE_CURVE('',#4738,#5044,#1475,.T.);
#6446=EDGE_CURVE('',#5038,#4736,#1476,.T.);
#6447=EDGE_CURVE('',#4745,#5045,#1477,.T.);
#6448=EDGE_CURVE('',#5047,#4751,#1478,.T.);
#6449=EDGE_CURVE('',#4750,#5048,#1479,.T.);
#6450=EDGE_CURVE('',#5049,#4749,#1480,.T.);
#6451=EDGE_CURVE('',#4748,#5050,#1481,.T.);
#6452=EDGE_CURVE('',#5051,#4747,#1482,.T.);
#6453=EDGE_CURVE('',#4746,#5052,#1483,.T.);
#6454=EDGE_CURVE('',#5046,#4744,#1484,.T.);
#6455=EDGE_CURVE('',#4753,#5053,#1485,.T.);
#6456=EDGE_CURVE('',#5055,#4759,#1486,.T.);
#6457=EDGE_CURVE('',#4758,#5056,#1487,.T.);
#6458=EDGE_CURVE('',#5057,#4757,#1488,.T.);
#6459=EDGE_CURVE('',#4756,#5058,#1489,.T.);
#6460=EDGE_CURVE('',#5059,#4755,#1490,.T.);
#6461=EDGE_CURVE('',#4754,#5060,#1491,.T.);
#6462=EDGE_CURVE('',#5054,#4752,#1492,.T.);
#6463=EDGE_CURVE('',#4761,#5061,#1493,.T.);
#6464=EDGE_CURVE('',#5063,#4767,#1494,.T.);
#6465=EDGE_CURVE('',#4766,#5064,#1495,.T.);
#6466=EDGE_CURVE('',#5065,#4765,#1496,.T.);
#6467=EDGE_CURVE('',#4764,#5066,#1497,.T.);
#6468=EDGE_CURVE('',#5067,#4763,#1498,.T.);
#6469=EDGE_CURVE('',#4762,#5068,#1499,.T.);
#6470=EDGE_CURVE('',#5062,#4760,#1500,.T.);
#6471=EDGE_CURVE('',#4769,#5069,#1501,.T.);
#6472=EDGE_CURVE('',#5071,#4775,#1502,.T.);
#6473=EDGE_CURVE('',#4774,#5072,#1503,.T.);
#6474=EDGE_CURVE('',#5073,#4773,#1504,.T.);
#6475=EDGE_CURVE('',#4772,#5074,#1505,.T.);
#6476=EDGE_CURVE('',#5075,#4771,#1506,.T.);
#6477=EDGE_CURVE('',#4770,#5076,#1507,.T.);
#6478=EDGE_CURVE('',#5070,#4768,#1508,.T.);
#6479=EDGE_CURVE('',#4777,#5077,#1509,.T.);
#6480=EDGE_CURVE('',#5079,#4783,#1510,.T.);
#6481=EDGE_CURVE('',#4782,#5080,#1511,.T.);
#6482=EDGE_CURVE('',#5081,#4781,#1512,.T.);
#6483=EDGE_CURVE('',#4780,#5082,#1513,.T.);
#6484=EDGE_CURVE('',#5083,#4779,#1514,.T.);
#6485=EDGE_CURVE('',#4778,#5084,#1515,.T.);
#6486=EDGE_CURVE('',#5078,#4776,#1516,.T.);
#6487=EDGE_CURVE('',#4785,#5085,#1517,.T.);
#6488=EDGE_CURVE('',#5087,#4791,#1518,.T.);
#6489=EDGE_CURVE('',#4790,#5088,#1519,.T.);
#6490=EDGE_CURVE('',#5089,#4789,#1520,.T.);
#6491=EDGE_CURVE('',#4788,#5090,#1521,.T.);
#6492=EDGE_CURVE('',#5091,#4787,#1522,.T.);
#6493=EDGE_CURVE('',#4786,#5092,#1523,.T.);
#6494=EDGE_CURVE('',#5086,#4784,#1524,.T.);
#6495=EDGE_CURVE('',#4793,#5093,#1525,.T.);
#6496=EDGE_CURVE('',#5095,#4799,#1526,.T.);
#6497=EDGE_CURVE('',#4798,#5096,#1527,.T.);
#6498=EDGE_CURVE('',#5097,#4797,#1528,.T.);
#6499=EDGE_CURVE('',#4796,#5098,#1529,.T.);
#6500=EDGE_CURVE('',#5099,#4795,#1530,.T.);
#6501=EDGE_CURVE('',#4794,#5100,#1531,.T.);
#6502=EDGE_CURVE('',#5094,#4792,#1532,.T.);
#6503=EDGE_CURVE('',#5136,#4847,#1533,.T.);
#6504=EDGE_CURVE('',#4846,#5137,#1534,.T.);
#6505=EDGE_CURVE('',#5140,#4843,#1535,.T.);
#6506=EDGE_CURVE('',#4801,#5101,#1536,.T.);
#6507=EDGE_CURVE('',#5103,#4807,#1537,.T.);
#6508=EDGE_CURVE('',#4806,#5104,#1538,.T.);
#6509=EDGE_CURVE('',#5105,#4805,#1539,.T.);
#6510=EDGE_CURVE('',#4804,#5106,#1540,.T.);
#6511=EDGE_CURVE('',#5107,#4803,#1541,.T.);
#6512=EDGE_CURVE('',#4802,#5108,#1542,.T.);
#6513=EDGE_CURVE('',#5102,#4800,#1543,.T.);
#6514=EDGE_CURVE('',#4809,#5109,#1544,.T.);
#6515=EDGE_CURVE('',#5111,#4815,#1545,.T.);
#6516=EDGE_CURVE('',#4814,#5112,#1546,.T.);
#6517=EDGE_CURVE('',#5113,#4813,#1547,.T.);
#6518=EDGE_CURVE('',#4812,#5114,#1548,.T.);
#6519=EDGE_CURVE('',#5115,#4811,#1549,.T.);
#6520=EDGE_CURVE('',#4810,#5116,#1550,.T.);
#6521=EDGE_CURVE('',#5110,#4808,#1551,.T.);
#6522=EDGE_CURVE('',#4817,#5117,#1552,.T.);
#6523=EDGE_CURVE('',#5119,#4823,#1553,.T.);
#6524=EDGE_CURVE('',#4822,#5120,#1554,.T.);
#6525=EDGE_CURVE('',#5121,#4821,#1555,.T.);
#6526=EDGE_CURVE('',#4820,#5122,#1556,.T.);
#6527=EDGE_CURVE('',#5123,#4819,#1557,.T.);
#6528=EDGE_CURVE('',#4818,#5124,#1558,.T.);
#6529=EDGE_CURVE('',#5118,#4816,#1559,.T.);
#6530=EDGE_CURVE('',#4825,#5125,#1560,.T.);
#6531=EDGE_CURVE('',#5127,#4831,#1561,.T.);
#6532=EDGE_CURVE('',#4830,#5128,#1562,.T.);
#6533=EDGE_CURVE('',#5129,#4829,#1563,.T.);
#6534=EDGE_CURVE('',#4828,#5130,#1564,.T.);
#6535=EDGE_CURVE('',#5131,#4827,#1565,.T.);
#6536=EDGE_CURVE('',#4826,#5132,#1566,.T.);
#6537=EDGE_CURVE('',#5126,#4824,#1567,.T.);
#6538=EDGE_CURVE('',#4592,#5261,#1568,.F.);
#6539=EDGE_CURVE('',#5261,#5238,#1569,.T.);
#6540=EDGE_CURVE('',#5262,#4852,#1570,.T.);
#6541=EDGE_CURVE('',#5262,#4591,#1571,.F.);
#6542=EDGE_CURVE('',#5263,#5210,#1572,.T.);
#6543=EDGE_CURVE('',#4605,#5263,#1573,.T.);
#6544=EDGE_CURVE('',#5264,#4606,#1574,.T.);
#6545=EDGE_CURVE('',#5264,#5194,#1575,.T.);
#6546=EDGE_CURVE('',#5265,#4561,#1576,.T.);
#6547=EDGE_CURVE('',#5266,#5265,#1577,.T.);
#6548=EDGE_CURVE('',#4562,#5266,#1578,.T.);
#6549=EDGE_CURVE('',#5266,#5267,#1579,.T.);
#6550=EDGE_CURVE('',#5268,#5265,#1580,.T.);
#6551=EDGE_CURVE('',#5267,#5268,#1581,.T.);
#6552=EDGE_CURVE('',#5196,#4850,#1582,.T.);
#6553=EDGE_CURVE('',#4851,#5195,#1583,.T.);
#6554=EDGE_CURVE('',#5267,#5269,#1584,.T.);
#6555=EDGE_CURVE('',#4563,#5269,#4396,.T.);
#6556=EDGE_CURVE('',#4849,#5197,#1585,.T.);
#6557=EDGE_CURVE('',#5270,#5271,#1586,.T.);
#6558=EDGE_CURVE('',#4566,#5271,#4397,.T.);
#6559=EDGE_CURVE('',#5270,#4565,#4398,.T.);
#6560=EDGE_CURVE('',#5272,#4560,#4399,.F.);
#6561=EDGE_CURVE('',#5272,#5268,#1587,.T.);
#6562=EDGE_CURVE('',#5273,#4535,#1588,.T.);
#6563=EDGE_CURVE('',#5273,#5274,#1589,.T.);
#6564=EDGE_CURVE('',#5274,#4536,#1590,.T.);
#6565=EDGE_CURVE('',#5275,#4569,#4400,.T.);
#6566=EDGE_CURVE('',#5275,#5276,#1591,.T.);
#6567=EDGE_CURVE('',#4570,#5276,#4401,.F.);
#6568=EDGE_CURVE('',#4571,#5262,#4402,.F.);
#6569=EDGE_CURVE('',#5277,#5239,#1592,.T.);
#6570=EDGE_CURVE('',#5261,#5277,#4403,.F.);
#6571=EDGE_CURVE('',#5276,#5277,#1593,.T.);
#6572=EDGE_CURVE('',#5278,#4577,#4404,.F.);
#6573=EDGE_CURVE('',#5278,#5279,#1594,.T.);
#6574=EDGE_CURVE('',#4578,#5279,#4405,.T.);
#6575=EDGE_CURVE('',#4576,#5264,#4406,.T.);
#6576=EDGE_CURVE('',#5263,#5280,#4407,.T.);
#6577=EDGE_CURVE('',#5280,#5278,#1595,.T.);
#6578=EDGE_CURVE('',#5209,#5280,#1596,.T.);
#6579=EDGE_CURVE('',#4534,#5281,#1597,.T.);
#6580=EDGE_CURVE('',#5281,#5273,#4408,.T.);
#6581=EDGE_CURVE('',#4531,#5272,#1598,.T.);
#6582=EDGE_CURVE('',#5269,#5282,#1599,.T.);
#6583=EDGE_CURVE('',#5282,#4564,#4409,.T.);
#6584=EDGE_CURVE('',#4550,#4533,#1600,.T.);
#6585=EDGE_CURVE('',#5251,#5232,#1601,.T.);
#6586=EDGE_CURVE('',#4539,#5283,#4410,.T.);
#6587=EDGE_CURVE('',#5283,#5284,#1602,.T.);
#6588=EDGE_CURVE('',#5284,#5285,#4411,.T.);
#6589=EDGE_CURVE('',#5285,#5286,#1603,.T.);
#6590=EDGE_CURVE('',#5286,#4540,#4412,.T.);
#6591=EDGE_CURVE('',#5287,#5288,#4413,.T.);
#6592=EDGE_CURVE('',#5288,#5289,#1604,.T.);
#6593=EDGE_CURVE('',#5289,#5290,#4414,.T.);
#6594=EDGE_CURVE('',#5290,#5287,#1605,.T.);
#6595=EDGE_CURVE('',#5291,#4538,#4415,.T.);
#6596=EDGE_CURVE('',#5291,#5283,#1606,.T.);
#6597=EDGE_CURVE('',#5292,#5291,#1607,.T.);
#6598=EDGE_CURVE('',#5292,#5284,#1608,.T.);
#6599=EDGE_CURVE('',#5293,#5294,#1609,.T.);
#6600=EDGE_CURVE('',#5293,#5289,#1610,.T.);
#6601=EDGE_CURVE('',#5294,#5288,#1611,.T.);
#6602=EDGE_CURVE('',#5295,#5296,#1612,.T.);
#6603=EDGE_CURVE('',#5295,#5286,#1613,.T.);
#6604=EDGE_CURVE('',#5296,#5285,#1614,.T.);
#6605=EDGE_CURVE('',#5296,#5292,#4416,.T.);
#6606=EDGE_CURVE('',#5297,#5293,#4417,.T.);
#6607=EDGE_CURVE('',#5297,#5290,#1615,.T.);
#6608=EDGE_CURVE('',#5298,#5282,#1616,.T.);
#6609=EDGE_CURVE('',#5299,#5298,#1617,.T.);
#6610=EDGE_CURVE('',#5299,#5300,#3997,.T.);
#6611=EDGE_CURVE('',#5300,#5301,#1618,.T.);
#6612=EDGE_CURVE('',#5301,#5302,#1619,.T.);
#6613=EDGE_CURVE('',#5302,#5303,#1620,.T.);
#6614=EDGE_CURVE('',#5303,#5304,#3998,.T.);
#6615=EDGE_CURVE('',#5274,#5304,#1621,.T.);
#6616=EDGE_CURVE('',#5281,#5270,#1622,.T.);
#6617=EDGE_CURVE('',#5301,#5305,#4418,.T.);
#6618=EDGE_CURVE('',#5305,#5306,#1623,.T.);
#6619=EDGE_CURVE('',#5306,#5307,#4419,.T.);
#6620=EDGE_CURVE('',#5307,#5308,#1624,.T.);
#6621=EDGE_CURVE('',#5308,#5302,#4420,.T.);
#6622=EDGE_CURVE('',#5309,#5310,#4421,.T.);
#6623=EDGE_CURVE('',#5310,#5311,#1625,.T.);
#6624=EDGE_CURVE('',#5311,#5312,#4422,.T.);
#6625=EDGE_CURVE('',#5312,#5309,#1626,.T.);
#6626=EDGE_CURVE('',#5313,#5314,#4423,.T.);
#6627=EDGE_CURVE('',#5313,#5310,#1627,.T.);
#6628=EDGE_CURVE('',#5314,#5309,#1628,.T.);
#6629=EDGE_CURVE('',#5315,#5316,#1629,.T.);
#6630=EDGE_CURVE('',#5315,#5308,#1630,.T.);
#6631=EDGE_CURVE('',#5316,#5307,#1631,.T.);
#6632=EDGE_CURVE('',#5316,#5317,#4424,.T.);
#6633=EDGE_CURVE('',#5317,#5306,#1632,.T.);
#6634=EDGE_CURVE('',#5318,#5300,#4425,.T.);
#6635=EDGE_CURVE('',#5318,#5305,#1633,.T.);
#6636=EDGE_CURVE('',#5303,#5315,#4426,.T.);
#6637=EDGE_CURVE('',#5317,#5318,#1634,.T.);
#6638=EDGE_CURVE('',#5314,#5319,#1635,.T.);
#6639=EDGE_CURVE('',#5319,#5312,#1636,.T.);
#6640=EDGE_CURVE('',#5149,#4836,#1637,.T.);
#6641=EDGE_CURVE('',#4835,#5150,#1638,.T.);
#6642=EDGE_CURVE('',#5151,#4834,#1639,.T.);
#6643=EDGE_CURVE('',#4833,#5152,#1640,.T.);
#6644=EDGE_CURVE('',#5146,#4832,#1641,.T.);
#6645=EDGE_CURVE('',#4501,#4559,#1642,.T.);
#6646=EDGE_CURVE('',#5320,#5321,#1643,.T.);
#6647=EDGE_CURVE('',#4526,#5320,#1644,.T.);
#6648=EDGE_CURVE('',#5322,#4529,#1645,.T.);
#6649=EDGE_CURVE('',#5321,#5322,#3999,.T.);
#6650=EDGE_CURVE('',#5323,#5324,#4427,.T.);
#6651=EDGE_CURVE('',#5323,#5325,#1646,.T.);
#6652=EDGE_CURVE('',#5326,#5325,#4428,.T.);
#6653=EDGE_CURVE('',#5324,#5326,#1647,.T.);
#6654=EDGE_CURVE('',#5325,#5167,#4429,.T.);
#6655=EDGE_CURVE('',#5326,#5166,#4430,.T.);
#6656=EDGE_CURVE('',#5327,#5328,#4431,.T.);
#6657=EDGE_CURVE('',#5327,#5329,#1648,.T.);
#6658=EDGE_CURVE('',#5330,#5329,#4432,.T.);
#6659=EDGE_CURVE('',#5330,#5328,#1649,.T.);
#6660=EDGE_CURVE('',#5153,#5331,#4000,.T.);
#6661=EDGE_CURVE('',#5329,#5156,#4433,.T.);
#6662=EDGE_CURVE('',#5329,#5332,#1650,.T.);
#6663=EDGE_CURVE('',#5331,#5332,#4001,.T.);
#6664=EDGE_CURVE('',#5155,#5330,#4434,.T.);
#6665=EDGE_CURVE('',#5333,#5334,#4002,.T.);
#6666=EDGE_CURVE('',#5333,#4554,#1651,.T.);
#6667=EDGE_CURVE('',#5334,#4558,#4003,.T.);
#6668=EDGE_CURVE('',#5335,#4521,#4435,.T.);
#6669=EDGE_CURVE('',#5335,#4585,#1652,.T.);
#6670=EDGE_CURVE('',#4583,#5336,#4004,.T.);
#6671=EDGE_CURVE('',#4585,#5337,#1653,.T.);
#6672=EDGE_CURVE('',#5336,#5337,#4005,.T.);
#6673=EDGE_CURVE('',#5338,#5339,#1654,.T.);
#6674=EDGE_CURVE('',#5338,#4527,#1655,.T.);
#6675=EDGE_CURVE('',#5340,#4527,#1656,.T.);
#6676=EDGE_CURVE('',#5339,#5340,#1657,.T.);
#6677=EDGE_CURVE('',#4567,#5338,#4436,.T.);
#6678=EDGE_CURVE('',#5340,#5341,#4006,.T.);
#6679=EDGE_CURVE('',#5341,#5320,#4007,.T.);
#6680=EDGE_CURVE('',#5322,#5342,#4008,.T.);
#6681=EDGE_CURVE('',#5342,#4584,#4009,.T.);
#6682=EDGE_CURVE('',#5343,#5344,#4010,.T.);
#6683=EDGE_CURVE('',#4557,#5343,#4011,.T.);
#6684=EDGE_CURVE('',#4559,#5344,#1658,.T.);
#6685=EDGE_CURVE('',#5345,#5346,#1659,.T.);
#6686=EDGE_CURVE('',#5344,#5345,#4012,.T.);
#6687=EDGE_CURVE('',#5346,#4501,#1660,.T.);
#6688=EDGE_CURVE('',#5347,#5348,#4013,.T.);
#6689=EDGE_CURVE('',#5346,#5347,#4014,.T.);
#6690=EDGE_CURVE('',#4500,#5348,#1661,.T.);
#6691=EDGE_CURVE('',#5349,#5350,#1662,.T.);
#6692=EDGE_CURVE('',#5348,#5349,#1663,.T.);
#6693=EDGE_CURVE('',#5350,#4500,#1664,.T.);
#6694=EDGE_CURVE('',#5324,#5351,#1665,.T.);
#6695=EDGE_CURVE('',#5352,#5326,#1666,.T.);
#6696=EDGE_CURVE('',#5351,#5352,#1667,.T.);
#6697=EDGE_CURVE('',#5353,#5165,#4015,.T.);
#6698=EDGE_CURVE('',#5352,#5353,#4016,.T.);
#6699=EDGE_CURVE('',#5334,#4879,#1668,.T.);
#6700=EDGE_CURVE('',#4880,#4558,#1669,.T.);
#6701=EDGE_CURVE('',#4557,#4881,#1670,.T.);
#6702=EDGE_CURVE('',#4882,#5343,#1671,.T.);
#6703=EDGE_CURVE('',#5344,#4883,#1672,.T.);
#6704=EDGE_CURVE('',#4884,#5345,#1673,.T.);
#6705=EDGE_CURVE('',#5346,#4885,#1674,.T.);
#6706=EDGE_CURVE('',#4886,#5347,#1675,.T.);
#6707=EDGE_CURVE('',#5341,#4865,#1676,.T.);
#6708=EDGE_CURVE('',#4866,#5320,#1677,.T.);
#6709=EDGE_CURVE('',#5353,#4891,#1678,.T.);
#6710=EDGE_CURVE('',#4892,#5165,#1679,.T.);
#6711=EDGE_CURVE('',#4887,#5348,#1680,.T.);
#6712=EDGE_CURVE('',#5354,#5349,#30,.T.);
#6713=EDGE_CURVE('',#4888,#5354,#1681,.T.);
#6714=EDGE_CURVE('',#5351,#5355,#31,.T.);
#6715=EDGE_CURVE('',#4890,#5352,#1682,.T.);
#6716=EDGE_CURVE('',#5355,#4889,#1683,.T.);
#6717=EDGE_CURVE('',#4860,#5331,#1684,.T.);
#6718=EDGE_CURVE('',#4861,#5332,#1685,.T.);
#6719=EDGE_CURVE('',#4864,#5340,#1686,.T.);
#6720=EDGE_CURVE('',#5321,#4867,#1687,.T.);
#6721=EDGE_CURVE('',#4868,#5322,#1688,.T.);
#6722=EDGE_CURVE('',#5342,#4869,#1689,.T.);
#6723=EDGE_CURVE('',#4870,#4584,#1690,.T.);
#6724=EDGE_CURVE('',#4583,#4871,#1691,.T.);
#6725=EDGE_CURVE('',#4872,#5336,#1692,.T.);
#6726=EDGE_CURVE('',#4873,#5337,#1693,.T.);
#6727=EDGE_CURVE('',#4878,#5333,#1694,.T.);
#6728=EDGE_CURVE('',#5339,#5356,#32,.T.);
#6729=EDGE_CURVE('',#4863,#5356,#1695,.T.);
#6730=EDGE_CURVE('',#5357,#5358,#4437,.T.);
#6731=EDGE_CURVE('',#5357,#5275,#1696,.T.);
#6732=EDGE_CURVE('',#5359,#4568,#4438,.T.);
#6733=EDGE_CURVE('',#5360,#5359,#1697,.T.);
#6734=EDGE_CURVE('',#5361,#5360,#1698,.T.);
#6735=EDGE_CURVE('',#5358,#5361,#1699,.T.);
#6736=EDGE_CURVE('',#5356,#5360,#33,.T.);
#6737=EDGE_CURVE('',#5338,#5359,#4439,.T.);
#6738=EDGE_CURVE('',#5361,#5362,#34,.T.);
#6739=EDGE_CURVE('',#4862,#5362,#1700,.T.);
#6740=EDGE_CURVE('',#5362,#5363,#35,.T.);
#6741=EDGE_CURVE('',#5332,#5363,#1701,.T.);
#6742=EDGE_CURVE('',#5363,#5327,#1702,.T.);
#6743=EDGE_CURVE('',#5328,#5357,#4440,.T.);
#6744=EDGE_CURVE('',#5327,#5358,#4441,.T.);
#6745=EDGE_CURVE('',#5364,#5354,#36,.T.);
#6746=EDGE_CURVE('',#5364,#5365,#1703,.T.);
#6747=EDGE_CURVE('',#5355,#5365,#37,.T.);
#6748=EDGE_CURVE('',#5366,#5323,#4442,.T.);
#6749=EDGE_CURVE('',#5279,#5366,#1704,.T.);
#6750=EDGE_CURVE('',#5367,#5324,#4443,.T.);
#6751=EDGE_CURVE('',#5367,#5366,#4444,.T.);
#6752=EDGE_CURVE('',#5365,#5367,#1705,.T.);
#6753=EDGE_CURVE('',#5350,#4580,#4445,.T.);
#6754=EDGE_CURVE('',#5368,#5364,#1706,.T.);
#6755=EDGE_CURVE('',#4579,#5368,#4446,.T.);
#6756=EDGE_CURVE('',#5368,#5350,#4447,.T.);
#6757=EDGE_CURVE('',#5271,#5369,#1707,.T.);
#6758=EDGE_CURVE('',#5370,#5369,#4448,.T.);
#6759=EDGE_CURVE('',#5371,#5370,#1708,.T.);
#6760=EDGE_CURVE('',#5372,#5371,#1709,.T.);
#6761=EDGE_CURVE('',#5373,#5372,#1710,.T.);
#6762=EDGE_CURVE('',#4512,#5373,#4449,.T.);
#6763=EDGE_CURVE('',#5374,#4549,#4450,.T.);
#6764=EDGE_CURVE('',#5375,#5374,#1711,.T.);
#6765=EDGE_CURVE('',#5369,#5375,#4451,.T.);
#6766=EDGE_CURVE('',#5376,#5371,#38,.T.);
#6767=EDGE_CURVE('',#5377,#5370,#4452,.T.);
#6768=EDGE_CURVE('',#5377,#5378,#1712,.T.);
#6769=EDGE_CURVE('',#5378,#5376,#39,.T.);
#6770=EDGE_CURVE('',#5375,#5377,#4453,.T.);
#6771=EDGE_CURVE('',#5372,#5379,#40,.T.);
#6772=EDGE_CURVE('',#5376,#4875,#1713,.T.);
#6773=EDGE_CURVE('',#4874,#5379,#1714,.T.);
#6774=EDGE_CURVE('',#5379,#5380,#41,.T.);
#6775=EDGE_CURVE('',#5337,#5380,#1715,.T.);
#6776=EDGE_CURVE('',#5380,#5335,#1716,.T.);
#6777=EDGE_CURVE('',#5335,#5373,#4454,.T.);
#6778=EDGE_CURVE('',#4553,#5381,#1717,.T.);
#6779=EDGE_CURVE('',#5381,#5333,#1718,.T.);
#6780=EDGE_CURVE('',#5381,#5382,#42,.T.);
#6781=EDGE_CURVE('',#5382,#4877,#1719,.T.);
#6782=EDGE_CURVE('',#5382,#4546,#43,.T.);
#6783=EDGE_CURVE('',#4547,#5383,#44,.T.);
#6784=EDGE_CURVE('',#4876,#5383,#1720,.T.);
#6785=EDGE_CURVE('',#5383,#5384,#45,.T.);
#6786=EDGE_CURVE('',#5378,#5384,#1721,.T.);
#6787=EDGE_CURVE('',#5384,#5385,#1722,.T.);
#6788=EDGE_CURVE('',#5377,#5385,#1723,.T.);
#6789=EDGE_CURVE('',#5385,#5374,#4455,.T.);
#6790=EDGE_CURVE('',#4548,#5385,#4456,.T.);
#6791=EDGE_CURVE('',#5386,#4542,#4457,.T.);
#6792=EDGE_CURVE('',#5386,#4543,#1724,.T.);
#6793=EDGE_CURVE('',#4541,#5295,#4458,.T.);
#6794=EDGE_CURVE('',#5387,#5388,#1725,.T.);
#6795=EDGE_CURVE('',#5295,#5387,#4459,.T.);
#6796=EDGE_CURVE('',#5388,#5296,#4460,.T.);
#6797=EDGE_CURVE('',#4537,#5389,#4461,.T.);
#6798=EDGE_CURVE('',#5291,#5389,#4462,.T.);
#6799=EDGE_CURVE('',#5389,#5390,#1726,.T.);
#6800=EDGE_CURVE('',#5292,#5390,#4463,.T.);
#6801=EDGE_CURVE('',#5390,#5391,#4464,.T.);
#6802=EDGE_CURVE('',#5388,#5391,#4017,.T.);
#6803=EDGE_CURVE('',#5386,#5387,#4018,.T.);
#6804=EDGE_CURVE('',#5392,#5304,#4465,.T.);
#6805=EDGE_CURVE('',#5393,#5392,#1727,.T.);
#6806=EDGE_CURVE('',#5394,#5393,#4466,.T.);
#6807=EDGE_CURVE('',#5394,#5391,#1728,.T.);
#6808=EDGE_CURVE('',#5299,#5395,#4467,.T.);
#6809=EDGE_CURVE('',#5298,#5395,#1729,.T.);
#6810=EDGE_CURVE('',#5394,#5396,#4019,.T.);
#6811=EDGE_CURVE('',#5396,#5397,#1730,.T.);
#6812=EDGE_CURVE('',#5397,#5395,#4020,.T.);
#6813=EDGE_CURVE('',#5317,#5396,#4468,.T.);
#6814=EDGE_CURVE('',#5397,#5318,#4469,.T.);
#6815=EDGE_CURVE('',#5316,#5393,#4470,.T.);
#6816=EDGE_CURVE('',#5315,#5392,#4471,.T.);
#6817=EDGE_CURVE('',#5319,#5398,#4472,.T.);
#6818=EDGE_CURVE('',#5398,#5311,#1731,.T.);
#6819=EDGE_CURVE('',#5398,#5313,#1732,.T.);
#6820=EDGE_CURVE('',#5142,#5319,#1733,.T.);
#6821=EDGE_CURVE('',#5314,#5144,#1734,.T.);
#6822=EDGE_CURVE('',#5313,#5143,#1735,.T.);
#6823=EDGE_CURVE('',#5398,#5141,#1736,.T.);
#6824=EDGE_CURVE('',#5294,#5399,#4473,.T.);
#6825=EDGE_CURVE('',#5399,#5287,#1737,.T.);
#6826=EDGE_CURVE('',#5399,#5297,#1738,.T.);
#6827=EDGE_CURVE('',#4906,#5294,#1739,.T.);
#6828=EDGE_CURVE('',#5293,#4908,#1740,.T.);
#6829=EDGE_CURVE('',#5297,#4907,#1741,.T.);
#6830=EDGE_CURVE('',#5399,#4905,#1742,.T.);
#6831=EDGE_CURVE('',#5400,#5234,#1743,.T.);
#6832=EDGE_CURVE('',#5177,#5400,#4474,.T.);
#6833=EDGE_CURVE('',#5400,#5185,#1744,.T.);
#6834=EDGE_CURVE('',#5400,#4897,#1745,.T.);
#6835=EDGE_CURVE('',#5187,#5192,#1746,.T.);
#6836=EDGE_CURVE('',#5154,#5240,#1747,.F.);
#6837=EDGE_CURVE('',#5178,#5222,#1748,.T.);
#6838=EDGE_CURVE('',#5169,#5236,#1749,.T.);
#6839=EDGE_CURVE('',#4856,#5235,#1750,.T.);
#6840=ORIENTED_EDGE('',*,*,#5401,.T.);
#6841=ORIENTED_EDGE('',*,*,#5402,.T.);
#6842=ORIENTED_EDGE('',*,*,#5403,.T.);
#6843=ORIENTED_EDGE('',*,*,#5404,.T.);
#6844=ORIENTED_EDGE('',*,*,#5405,.T.);
#6845=ORIENTED_EDGE('',*,*,#5401,.F.);
#6846=ORIENTED_EDGE('',*,*,#5406,.T.);
#6847=ORIENTED_EDGE('',*,*,#5407,.T.);
#6848=ORIENTED_EDGE('',*,*,#5408,.T.);
#6849=ORIENTED_EDGE('',*,*,#5409,.T.);
#6850=ORIENTED_EDGE('',*,*,#5410,.T.);
#6851=ORIENTED_EDGE('',*,*,#5411,.T.);
#6852=ORIENTED_EDGE('',*,*,#5412,.T.);
#6853=ORIENTED_EDGE('',*,*,#5407,.F.);
#6854=ORIENTED_EDGE('',*,*,#5413,.T.);
#6855=ORIENTED_EDGE('',*,*,#5409,.F.);
#6856=ORIENTED_EDGE('',*,*,#5414,.T.);
#6857=ORIENTED_EDGE('',*,*,#5404,.F.);
#6858=ORIENTED_EDGE('',*,*,#5415,.T.);
#6859=ORIENTED_EDGE('',*,*,#5408,.F.);
#6860=ORIENTED_EDGE('',*,*,#5416,.T.);
#6861=ORIENTED_EDGE('',*,*,#5417,.T.);
#6862=ORIENTED_EDGE('',*,*,#5418,.F.);
#6863=ORIENTED_EDGE('',*,*,#5412,.F.);
#6864=ORIENTED_EDGE('',*,*,#5419,.T.);
#6865=ORIENTED_EDGE('',*,*,#5416,.F.);
#6866=ORIENTED_EDGE('',*,*,#5402,.F.);
#6867=ORIENTED_EDGE('',*,*,#5420,.T.);
#6868=ORIENTED_EDGE('',*,*,#5421,.T.);
#6869=ORIENTED_EDGE('',*,*,#5422,.T.);
#6870=ORIENTED_EDGE('',*,*,#5423,.T.);
#6871=ORIENTED_EDGE('',*,*,#5424,.T.);
#6872=ORIENTED_EDGE('',*,*,#5421,.F.);
#6873=ORIENTED_EDGE('',*,*,#5425,.T.);
#6874=ORIENTED_EDGE('',*,*,#5426,.T.);
#6875=ORIENTED_EDGE('',*,*,#5427,.T.);
#6876=ORIENTED_EDGE('',*,*,#5423,.F.);
#6877=ORIENTED_EDGE('',*,*,#5428,.T.);
#6878=ORIENTED_EDGE('',*,*,#5429,.T.);
#6879=ORIENTED_EDGE('',*,*,#5430,.T.);
#6880=ORIENTED_EDGE('',*,*,#5426,.F.);
#6881=ORIENTED_EDGE('',*,*,#5431,.T.);
#6882=ORIENTED_EDGE('',*,*,#5432,.T.);
#6883=ORIENTED_EDGE('',*,*,#5433,.T.);
#6884=ORIENTED_EDGE('',*,*,#5429,.F.);
#6885=ORIENTED_EDGE('',*,*,#5434,.T.);
#6886=ORIENTED_EDGE('',*,*,#5414,.F.);
#6887=ORIENTED_EDGE('',*,*,#5418,.T.);
#6888=ORIENTED_EDGE('',*,*,#5435,.T.);
#6889=ORIENTED_EDGE('',*,*,#5432,.F.);
#6890=ORIENTED_EDGE('',*,*,#5436,.T.);
#6891=ORIENTED_EDGE('',*,*,#5411,.F.);
#6892=ORIENTED_EDGE('',*,*,#5437,.T.);
#6893=ORIENTED_EDGE('',*,*,#5438,.T.);
#6894=ORIENTED_EDGE('',*,*,#5439,.T.);
#6895=ORIENTED_EDGE('',*,*,#5440,.T.);
#6896=ORIENTED_EDGE('',*,*,#5441,.T.);
#6897=ORIENTED_EDGE('',*,*,#5419,.F.);
#6898=ORIENTED_EDGE('',*,*,#5405,.F.);
#6899=ORIENTED_EDGE('',*,*,#5436,.F.);
#6900=ORIENTED_EDGE('',*,*,#5434,.F.);
#6901=ORIENTED_EDGE('',*,*,#5431,.F.);
#6902=ORIENTED_EDGE('',*,*,#5428,.F.);
#6903=ORIENTED_EDGE('',*,*,#5425,.F.);
#6904=ORIENTED_EDGE('',*,*,#5420,.F.);
#6905=ORIENTED_EDGE('',*,*,#5442,.T.);
#6906=ORIENTED_EDGE('',*,*,#5443,.T.);
#6907=ORIENTED_EDGE('',*,*,#5444,.T.);
#6908=ORIENTED_EDGE('',*,*,#5445,.T.);
#6909=ORIENTED_EDGE('',*,*,#5446,.T.);
#6910=ORIENTED_EDGE('',*,*,#5447,.T.);
#6911=ORIENTED_EDGE('',*,*,#5444,.F.);
#6912=ORIENTED_EDGE('',*,*,#5448,.T.);
#6913=ORIENTED_EDGE('',*,*,#5449,.T.);
#6914=ORIENTED_EDGE('',*,*,#5450,.T.);
#6915=ORIENTED_EDGE('',*,*,#5451,.T.);
#6916=ORIENTED_EDGE('',*,*,#5452,.T.);
#6917=ORIENTED_EDGE('',*,*,#5453,.T.);
#6918=ORIENTED_EDGE('',*,*,#5454,.T.);
#6919=ORIENTED_EDGE('',*,*,#5451,.F.);
#6920=ORIENTED_EDGE('',*,*,#5449,.F.);
#6921=ORIENTED_EDGE('',*,*,#5455,.T.);
#6922=ORIENTED_EDGE('',*,*,#5446,.F.);
#6923=ORIENTED_EDGE('',*,*,#5456,.T.);
#6924=ORIENTED_EDGE('',*,*,#5447,.F.);
#6925=ORIENTED_EDGE('',*,*,#5457,.F.);
#6926=ORIENTED_EDGE('',*,*,#5458,.T.);
#6927=ORIENTED_EDGE('',*,*,#5459,.T.);
#6928=ORIENTED_EDGE('',*,*,#5455,.F.);
#6929=ORIENTED_EDGE('',*,*,#5460,.T.);
#6930=ORIENTED_EDGE('',*,*,#5461,.T.);
#6931=ORIENTED_EDGE('',*,*,#5462,.T.);
#6932=ORIENTED_EDGE('',*,*,#5457,.T.);
#6933=ORIENTED_EDGE('',*,*,#5452,.F.);
#6934=ORIENTED_EDGE('',*,*,#5463,.F.);
#6935=ORIENTED_EDGE('',*,*,#5464,.F.);
#6936=ORIENTED_EDGE('',*,*,#5465,.F.);
#6937=ORIENTED_EDGE('',*,*,#5466,.F.);
#6938=ORIENTED_EDGE('',*,*,#5467,.F.);
#6939=ORIENTED_EDGE('',*,*,#5460,.F.);
#6940=ORIENTED_EDGE('',*,*,#5454,.F.);
#6941=ORIENTED_EDGE('',*,*,#5468,.T.);
#6942=ORIENTED_EDGE('',*,*,#5469,.F.);
#6943=ORIENTED_EDGE('',*,*,#5463,.T.);
#6944=ORIENTED_EDGE('',*,*,#5470,.T.);
#6945=ORIENTED_EDGE('',*,*,#5471,.T.);
#6946=ORIENTED_EDGE('',*,*,#5461,.F.);
#6947=ORIENTED_EDGE('',*,*,#5467,.T.);
#6948=ORIENTED_EDGE('',*,*,#5472,.T.);
#6949=ORIENTED_EDGE('',*,*,#5473,.T.);
#6950=ORIENTED_EDGE('',*,*,#5470,.F.);
#6951=ORIENTED_EDGE('',*,*,#5466,.T.);
#6952=ORIENTED_EDGE('',*,*,#5474,.T.);
#6953=ORIENTED_EDGE('',*,*,#5475,.T.);
#6954=ORIENTED_EDGE('',*,*,#5472,.F.);
#6955=ORIENTED_EDGE('',*,*,#5465,.T.);
#6956=ORIENTED_EDGE('',*,*,#5469,.T.);
#6957=ORIENTED_EDGE('',*,*,#5476,.T.);
#6958=ORIENTED_EDGE('',*,*,#5474,.F.);
#6959=ORIENTED_EDGE('',*,*,#5464,.T.);
#6960=ORIENTED_EDGE('',*,*,#5445,.F.);
#6961=ORIENTED_EDGE('',*,*,#5459,.F.);
#6962=ORIENTED_EDGE('',*,*,#5477,.T.);
#6963=ORIENTED_EDGE('',*,*,#5478,.T.);
#6964=ORIENTED_EDGE('',*,*,#5442,.F.);
#6965=ORIENTED_EDGE('',*,*,#5477,.F.);
#6966=ORIENTED_EDGE('',*,*,#5479,.T.);
#6967=ORIENTED_EDGE('',*,*,#5480,.F.);
#6968=ORIENTED_EDGE('',*,*,#5481,.T.);
#6969=ORIENTED_EDGE('',*,*,#5482,.T.);
#6970=ORIENTED_EDGE('',*,*,#5458,.F.);
#6971=ORIENTED_EDGE('',*,*,#5462,.F.);
#6972=ORIENTED_EDGE('',*,*,#5483,.F.);
#6973=ORIENTED_EDGE('',*,*,#5484,.T.);
#6974=ORIENTED_EDGE('',*,*,#5479,.F.);
#6975=ORIENTED_EDGE('',*,*,#5485,.F.);
#6976=ORIENTED_EDGE('',*,*,#5486,.T.);
#6977=ORIENTED_EDGE('',*,*,#5487,.F.);
#6978=ORIENTED_EDGE('',*,*,#5488,.T.);
#6979=ORIENTED_EDGE('',*,*,#5489,.F.);
#6980=ORIENTED_EDGE('',*,*,#5490,.F.);
#6981=ORIENTED_EDGE('',*,*,#5491,.F.);
#6982=ORIENTED_EDGE('',*,*,#5492,.T.);
#6983=ORIENTED_EDGE('',*,*,#5493,.T.);
#6984=ORIENTED_EDGE('',*,*,#5494,.T.);
#6985=ORIENTED_EDGE('',*,*,#5495,.T.);
#6986=ORIENTED_EDGE('',*,*,#5496,.T.);
#6987=ORIENTED_EDGE('',*,*,#5497,.F.);
#6988=ORIENTED_EDGE('',*,*,#5498,.F.);
#6989=ORIENTED_EDGE('',*,*,#5499,.T.);
#6990=ORIENTED_EDGE('',*,*,#5403,.F.);
#6991=ORIENTED_EDGE('',*,*,#5500,.F.);
#6992=ORIENTED_EDGE('',*,*,#5501,.F.);
#6993=ORIENTED_EDGE('',*,*,#5502,.F.);
#6994=ORIENTED_EDGE('',*,*,#5503,.F.);
#6995=ORIENTED_EDGE('',*,*,#5504,.F.);
#6996=ORIENTED_EDGE('',*,*,#5505,.T.);
#6997=ORIENTED_EDGE('',*,*,#5506,.T.);
#6998=ORIENTED_EDGE('',*,*,#5507,.T.);
#6999=ORIENTED_EDGE('',*,*,#5437,.F.);
#7000=ORIENTED_EDGE('',*,*,#5413,.F.);
#7001=ORIENTED_EDGE('',*,*,#5410,.F.);
#7002=ORIENTED_EDGE('',*,*,#5415,.F.);
#7003=ORIENTED_EDGE('',*,*,#5406,.F.);
#7004=ORIENTED_EDGE('',*,*,#5508,.T.);
#7005=ORIENTED_EDGE('',*,*,#5422,.F.);
#7006=ORIENTED_EDGE('',*,*,#5509,.T.);
#7007=ORIENTED_EDGE('',*,*,#5510,.F.);
#7008=ORIENTED_EDGE('',*,*,#5500,.T.);
#7009=ORIENTED_EDGE('',*,*,#5424,.F.);
#7010=ORIENTED_EDGE('',*,*,#5511,.F.);
#7011=ORIENTED_EDGE('',*,*,#5512,.F.);
#7012=ORIENTED_EDGE('',*,*,#5509,.F.);
#7013=ORIENTED_EDGE('',*,*,#5427,.F.);
#7014=ORIENTED_EDGE('',*,*,#5513,.T.);
#7015=ORIENTED_EDGE('',*,*,#5514,.F.);
#7016=ORIENTED_EDGE('',*,*,#5511,.T.);
#7017=ORIENTED_EDGE('',*,*,#5430,.F.);
#7018=ORIENTED_EDGE('',*,*,#5515,.F.);
#7019=ORIENTED_EDGE('',*,*,#5516,.F.);
#7020=ORIENTED_EDGE('',*,*,#5517,.F.);
#7021=ORIENTED_EDGE('',*,*,#5518,.F.);
#7022=ORIENTED_EDGE('',*,*,#5513,.F.);
#7023=ORIENTED_EDGE('',*,*,#5433,.F.);
#7024=ORIENTED_EDGE('',*,*,#5519,.T.);
#7025=ORIENTED_EDGE('',*,*,#5520,.F.);
#7026=ORIENTED_EDGE('',*,*,#5515,.T.);
#7027=ORIENTED_EDGE('',*,*,#5507,.F.);
#7028=ORIENTED_EDGE('',*,*,#5521,.F.);
#7029=ORIENTED_EDGE('',*,*,#5486,.F.);
#7030=ORIENTED_EDGE('',*,*,#5522,.F.);
#7031=ORIENTED_EDGE('',*,*,#5523,.F.);
#7032=ORIENTED_EDGE('',*,*,#5524,.F.);
#7033=ORIENTED_EDGE('',*,*,#5525,.F.);
#7034=ORIENTED_EDGE('',*,*,#5526,.F.);
#7035=ORIENTED_EDGE('',*,*,#5527,.F.);
#7036=ORIENTED_EDGE('',*,*,#5528,.F.);
#7037=ORIENTED_EDGE('',*,*,#5529,.F.);
#7038=ORIENTED_EDGE('',*,*,#5482,.F.);
#7039=ORIENTED_EDGE('',*,*,#5530,.F.);
#7040=ORIENTED_EDGE('',*,*,#5531,.F.);
#7041=ORIENTED_EDGE('',*,*,#5532,.F.);
#7042=ORIENTED_EDGE('',*,*,#5533,.F.);
#7043=ORIENTED_EDGE('',*,*,#5534,.F.);
#7044=ORIENTED_EDGE('',*,*,#5535,.F.);
#7045=ORIENTED_EDGE('',*,*,#5536,.F.);
#7046=ORIENTED_EDGE('',*,*,#5537,.F.);
#7047=ORIENTED_EDGE('',*,*,#5538,.F.);
#7048=ORIENTED_EDGE('',*,*,#5539,.F.);
#7049=ORIENTED_EDGE('',*,*,#5540,.F.);
#7050=ORIENTED_EDGE('',*,*,#5541,.F.);
#7051=ORIENTED_EDGE('',*,*,#5542,.F.);
#7052=ORIENTED_EDGE('',*,*,#5543,.F.);
#7053=ORIENTED_EDGE('',*,*,#5544,.F.);
#7054=ORIENTED_EDGE('',*,*,#5438,.F.);
#7055=ORIENTED_EDGE('',*,*,#5471,.F.);
#7056=ORIENTED_EDGE('',*,*,#5545,.T.);
#7057=ORIENTED_EDGE('',*,*,#5546,.T.);
#7058=ORIENTED_EDGE('',*,*,#5483,.T.);
#7059=ORIENTED_EDGE('',*,*,#5473,.F.);
#7060=ORIENTED_EDGE('',*,*,#5547,.F.);
#7061=ORIENTED_EDGE('',*,*,#5548,.F.);
#7062=ORIENTED_EDGE('',*,*,#5549,.F.);
#7063=ORIENTED_EDGE('',*,*,#5550,.F.);
#7064=ORIENTED_EDGE('',*,*,#5545,.F.);
#7065=ORIENTED_EDGE('',*,*,#5475,.F.);
#7066=ORIENTED_EDGE('',*,*,#5551,.T.);
#7067=ORIENTED_EDGE('',*,*,#5552,.T.);
#7068=ORIENTED_EDGE('',*,*,#5547,.T.);
#7069=ORIENTED_EDGE('',*,*,#5553,.F.);
#7070=ORIENTED_EDGE('',*,*,#5554,.F.);
#7071=ORIENTED_EDGE('',*,*,#5555,.F.);
#7072=ORIENTED_EDGE('',*,*,#5556,.T.);
#7073=ORIENTED_EDGE('',*,*,#5553,.T.);
#7074=ORIENTED_EDGE('',*,*,#5557,.T.);
#7075=ORIENTED_EDGE('',*,*,#5558,.F.);
#7076=ORIENTED_EDGE('',*,*,#5559,.T.);
#7077=ORIENTED_EDGE('',*,*,#5560,.T.);
#7078=ORIENTED_EDGE('',*,*,#5561,.F.);
#7079=ORIENTED_EDGE('',*,*,#5562,.F.);
#7080=ORIENTED_EDGE('',*,*,#5563,.F.);
#7081=ORIENTED_EDGE('',*,*,#5564,.F.);
#7082=ORIENTED_EDGE('',*,*,#5565,.F.);
#7083=ORIENTED_EDGE('',*,*,#5566,.F.);
#7084=ORIENTED_EDGE('',*,*,#5567,.F.);
#7085=ORIENTED_EDGE('',*,*,#5568,.F.);
#7086=ORIENTED_EDGE('',*,*,#5569,.F.);
#7087=ORIENTED_EDGE('',*,*,#5570,.F.);
#7088=ORIENTED_EDGE('',*,*,#5571,.F.);
#7089=ORIENTED_EDGE('',*,*,#5572,.F.);
#7090=ORIENTED_EDGE('',*,*,#5573,.F.);
#7091=ORIENTED_EDGE('',*,*,#5574,.T.);
#7092=ORIENTED_EDGE('',*,*,#5575,.T.);
#7093=ORIENTED_EDGE('',*,*,#5576,.F.);
#7094=ORIENTED_EDGE('',*,*,#5577,.T.);
#7095=ORIENTED_EDGE('',*,*,#5578,.F.);
#7096=ORIENTED_EDGE('',*,*,#5579,.T.);
#7097=ORIENTED_EDGE('',*,*,#5580,.F.);
#7098=ORIENTED_EDGE('',*,*,#5581,.T.);
#7099=ORIENTED_EDGE('',*,*,#5582,.F.);
#7100=ORIENTED_EDGE('',*,*,#5583,.T.);
#7101=ORIENTED_EDGE('',*,*,#5584,.F.);
#7102=ORIENTED_EDGE('',*,*,#5585,.T.);
#7103=ORIENTED_EDGE('',*,*,#5586,.F.);
#7104=ORIENTED_EDGE('',*,*,#5587,.T.);
#7105=ORIENTED_EDGE('',*,*,#5588,.F.);
#7106=ORIENTED_EDGE('',*,*,#5589,.T.);
#7107=ORIENTED_EDGE('',*,*,#5590,.F.);
#7108=ORIENTED_EDGE('',*,*,#5591,.T.);
#7109=ORIENTED_EDGE('',*,*,#5592,.F.);
#7110=ORIENTED_EDGE('',*,*,#5593,.T.);
#7111=ORIENTED_EDGE('',*,*,#5594,.F.);
#7112=ORIENTED_EDGE('',*,*,#5595,.T.);
#7113=ORIENTED_EDGE('',*,*,#5596,.F.);
#7114=ORIENTED_EDGE('',*,*,#5597,.T.);
#7115=ORIENTED_EDGE('',*,*,#5598,.F.);
#7116=ORIENTED_EDGE('',*,*,#5599,.T.);
#7117=ORIENTED_EDGE('',*,*,#5600,.F.);
#7118=ORIENTED_EDGE('',*,*,#5601,.T.);
#7119=ORIENTED_EDGE('',*,*,#5602,.F.);
#7120=ORIENTED_EDGE('',*,*,#5603,.T.);
#7121=ORIENTED_EDGE('',*,*,#5604,.F.);
#7122=ORIENTED_EDGE('',*,*,#5605,.T.);
#7123=ORIENTED_EDGE('',*,*,#5606,.F.);
#7124=ORIENTED_EDGE('',*,*,#5607,.T.);
#7125=ORIENTED_EDGE('',*,*,#5608,.F.);
#7126=ORIENTED_EDGE('',*,*,#5609,.T.);
#7127=ORIENTED_EDGE('',*,*,#5610,.F.);
#7128=ORIENTED_EDGE('',*,*,#5611,.T.);
#7129=ORIENTED_EDGE('',*,*,#5612,.F.);
#7130=ORIENTED_EDGE('',*,*,#5613,.T.);
#7131=ORIENTED_EDGE('',*,*,#5614,.F.);
#7132=ORIENTED_EDGE('',*,*,#5615,.T.);
#7133=ORIENTED_EDGE('',*,*,#5616,.F.);
#7134=ORIENTED_EDGE('',*,*,#5617,.T.);
#7135=ORIENTED_EDGE('',*,*,#5618,.F.);
#7136=ORIENTED_EDGE('',*,*,#5619,.T.);
#7137=ORIENTED_EDGE('',*,*,#5620,.F.);
#7138=ORIENTED_EDGE('',*,*,#5621,.T.);
#7139=ORIENTED_EDGE('',*,*,#5622,.F.);
#7140=ORIENTED_EDGE('',*,*,#5623,.T.);
#7141=ORIENTED_EDGE('',*,*,#5624,.F.);
#7142=ORIENTED_EDGE('',*,*,#5625,.T.);
#7143=ORIENTED_EDGE('',*,*,#5626,.F.);
#7144=ORIENTED_EDGE('',*,*,#5627,.T.);
#7145=ORIENTED_EDGE('',*,*,#5628,.F.);
#7146=ORIENTED_EDGE('',*,*,#5629,.T.);
#7147=ORIENTED_EDGE('',*,*,#5630,.F.);
#7148=ORIENTED_EDGE('',*,*,#5631,.T.);
#7149=ORIENTED_EDGE('',*,*,#5632,.F.);
#7150=ORIENTED_EDGE('',*,*,#5633,.T.);
#7151=ORIENTED_EDGE('',*,*,#5634,.F.);
#7152=ORIENTED_EDGE('',*,*,#5635,.T.);
#7153=ORIENTED_EDGE('',*,*,#5636,.F.);
#7154=ORIENTED_EDGE('',*,*,#5637,.T.);
#7155=ORIENTED_EDGE('',*,*,#5638,.F.);
#7156=ORIENTED_EDGE('',*,*,#5639,.T.);
#7157=ORIENTED_EDGE('',*,*,#5640,.F.);
#7158=ORIENTED_EDGE('',*,*,#5641,.T.);
#7159=ORIENTED_EDGE('',*,*,#5642,.F.);
#7160=ORIENTED_EDGE('',*,*,#5643,.T.);
#7161=ORIENTED_EDGE('',*,*,#5644,.F.);
#7162=ORIENTED_EDGE('',*,*,#5645,.T.);
#7163=ORIENTED_EDGE('',*,*,#5646,.F.);
#7164=ORIENTED_EDGE('',*,*,#5647,.T.);
#7165=ORIENTED_EDGE('',*,*,#5648,.F.);
#7166=ORIENTED_EDGE('',*,*,#5649,.T.);
#7167=ORIENTED_EDGE('',*,*,#5650,.F.);
#7168=ORIENTED_EDGE('',*,*,#5651,.T.);
#7169=ORIENTED_EDGE('',*,*,#5652,.F.);
#7170=ORIENTED_EDGE('',*,*,#5653,.T.);
#7171=ORIENTED_EDGE('',*,*,#5654,.F.);
#7172=ORIENTED_EDGE('',*,*,#5655,.T.);
#7173=ORIENTED_EDGE('',*,*,#5656,.F.);
#7174=ORIENTED_EDGE('',*,*,#5657,.T.);
#7175=ORIENTED_EDGE('',*,*,#5658,.F.);
#7176=ORIENTED_EDGE('',*,*,#5659,.T.);
#7177=ORIENTED_EDGE('',*,*,#5660,.F.);
#7178=ORIENTED_EDGE('',*,*,#5661,.T.);
#7179=ORIENTED_EDGE('',*,*,#5662,.F.);
#7180=ORIENTED_EDGE('',*,*,#5663,.T.);
#7181=ORIENTED_EDGE('',*,*,#5664,.F.);
#7182=ORIENTED_EDGE('',*,*,#5665,.T.);
#7183=ORIENTED_EDGE('',*,*,#5666,.F.);
#7184=ORIENTED_EDGE('',*,*,#5667,.T.);
#7185=ORIENTED_EDGE('',*,*,#5668,.F.);
#7186=ORIENTED_EDGE('',*,*,#5669,.T.);
#7187=ORIENTED_EDGE('',*,*,#5670,.F.);
#7188=ORIENTED_EDGE('',*,*,#5671,.T.);
#7189=ORIENTED_EDGE('',*,*,#5672,.F.);
#7190=ORIENTED_EDGE('',*,*,#5673,.T.);
#7191=ORIENTED_EDGE('',*,*,#5674,.F.);
#7192=ORIENTED_EDGE('',*,*,#5675,.T.);
#7193=ORIENTED_EDGE('',*,*,#5676,.F.);
#7194=ORIENTED_EDGE('',*,*,#5677,.T.);
#7195=ORIENTED_EDGE('',*,*,#5678,.F.);
#7196=ORIENTED_EDGE('',*,*,#5679,.T.);
#7197=ORIENTED_EDGE('',*,*,#5680,.F.);
#7198=ORIENTED_EDGE('',*,*,#5681,.T.);
#7199=ORIENTED_EDGE('',*,*,#5682,.F.);
#7200=ORIENTED_EDGE('',*,*,#5683,.T.);
#7201=ORIENTED_EDGE('',*,*,#5684,.F.);
#7202=ORIENTED_EDGE('',*,*,#5685,.T.);
#7203=ORIENTED_EDGE('',*,*,#5686,.F.);
#7204=ORIENTED_EDGE('',*,*,#5687,.T.);
#7205=ORIENTED_EDGE('',*,*,#5688,.F.);
#7206=ORIENTED_EDGE('',*,*,#5689,.T.);
#7207=ORIENTED_EDGE('',*,*,#5690,.F.);
#7208=ORIENTED_EDGE('',*,*,#5691,.T.);
#7209=ORIENTED_EDGE('',*,*,#5692,.F.);
#7210=ORIENTED_EDGE('',*,*,#5693,.T.);
#7211=ORIENTED_EDGE('',*,*,#5694,.F.);
#7212=ORIENTED_EDGE('',*,*,#5695,.T.);
#7213=ORIENTED_EDGE('',*,*,#5696,.F.);
#7214=ORIENTED_EDGE('',*,*,#5697,.T.);
#7215=ORIENTED_EDGE('',*,*,#5698,.F.);
#7216=ORIENTED_EDGE('',*,*,#5699,.T.);
#7217=ORIENTED_EDGE('',*,*,#5700,.F.);
#7218=ORIENTED_EDGE('',*,*,#5701,.T.);
#7219=ORIENTED_EDGE('',*,*,#5702,.F.);
#7220=ORIENTED_EDGE('',*,*,#5703,.T.);
#7221=ORIENTED_EDGE('',*,*,#5704,.F.);
#7222=ORIENTED_EDGE('',*,*,#5705,.T.);
#7223=ORIENTED_EDGE('',*,*,#5706,.F.);
#7224=ORIENTED_EDGE('',*,*,#5707,.T.);
#7225=ORIENTED_EDGE('',*,*,#5708,.F.);
#7226=ORIENTED_EDGE('',*,*,#5709,.T.);
#7227=ORIENTED_EDGE('',*,*,#5710,.F.);
#7228=ORIENTED_EDGE('',*,*,#5711,.T.);
#7229=ORIENTED_EDGE('',*,*,#5712,.F.);
#7230=ORIENTED_EDGE('',*,*,#5713,.T.);
#7231=ORIENTED_EDGE('',*,*,#5714,.F.);
#7232=ORIENTED_EDGE('',*,*,#5715,.T.);
#7233=ORIENTED_EDGE('',*,*,#5716,.F.);
#7234=ORIENTED_EDGE('',*,*,#5717,.T.);
#7235=ORIENTED_EDGE('',*,*,#5718,.F.);
#7236=ORIENTED_EDGE('',*,*,#5719,.T.);
#7237=ORIENTED_EDGE('',*,*,#5720,.F.);
#7238=ORIENTED_EDGE('',*,*,#5721,.T.);
#7239=ORIENTED_EDGE('',*,*,#5722,.F.);
#7240=ORIENTED_EDGE('',*,*,#5723,.T.);
#7241=ORIENTED_EDGE('',*,*,#5724,.F.);
#7242=ORIENTED_EDGE('',*,*,#5725,.T.);
#7243=ORIENTED_EDGE('',*,*,#5726,.F.);
#7244=ORIENTED_EDGE('',*,*,#5727,.T.);
#7245=ORIENTED_EDGE('',*,*,#5728,.F.);
#7246=ORIENTED_EDGE('',*,*,#5729,.T.);
#7247=ORIENTED_EDGE('',*,*,#5730,.F.);
#7248=ORIENTED_EDGE('',*,*,#5731,.T.);
#7249=ORIENTED_EDGE('',*,*,#5732,.F.);
#7250=ORIENTED_EDGE('',*,*,#5733,.T.);
#7251=ORIENTED_EDGE('',*,*,#5734,.F.);
#7252=ORIENTED_EDGE('',*,*,#5735,.T.);
#7253=ORIENTED_EDGE('',*,*,#5736,.F.);
#7254=ORIENTED_EDGE('',*,*,#5737,.T.);
#7255=ORIENTED_EDGE('',*,*,#5738,.F.);
#7256=ORIENTED_EDGE('',*,*,#5739,.T.);
#7257=ORIENTED_EDGE('',*,*,#5740,.F.);
#7258=ORIENTED_EDGE('',*,*,#5741,.T.);
#7259=ORIENTED_EDGE('',*,*,#5742,.F.);
#7260=ORIENTED_EDGE('',*,*,#5743,.T.);
#7261=ORIENTED_EDGE('',*,*,#5744,.F.);
#7262=ORIENTED_EDGE('',*,*,#5745,.T.);
#7263=ORIENTED_EDGE('',*,*,#5746,.F.);
#7264=ORIENTED_EDGE('',*,*,#5747,.T.);
#7265=ORIENTED_EDGE('',*,*,#5748,.F.);
#7266=ORIENTED_EDGE('',*,*,#5749,.T.);
#7267=ORIENTED_EDGE('',*,*,#5750,.F.);
#7268=ORIENTED_EDGE('',*,*,#5751,.T.);
#7269=ORIENTED_EDGE('',*,*,#5752,.F.);
#7270=ORIENTED_EDGE('',*,*,#5753,.T.);
#7271=ORIENTED_EDGE('',*,*,#5754,.F.);
#7272=ORIENTED_EDGE('',*,*,#5755,.T.);
#7273=ORIENTED_EDGE('',*,*,#5756,.F.);
#7274=ORIENTED_EDGE('',*,*,#5757,.T.);
#7275=ORIENTED_EDGE('',*,*,#5758,.F.);
#7276=ORIENTED_EDGE('',*,*,#5759,.T.);
#7277=ORIENTED_EDGE('',*,*,#5760,.F.);
#7278=ORIENTED_EDGE('',*,*,#5761,.T.);
#7279=ORIENTED_EDGE('',*,*,#5762,.F.);
#7280=ORIENTED_EDGE('',*,*,#5763,.T.);
#7281=ORIENTED_EDGE('',*,*,#5764,.F.);
#7282=ORIENTED_EDGE('',*,*,#5765,.T.);
#7283=ORIENTED_EDGE('',*,*,#5766,.F.);
#7284=ORIENTED_EDGE('',*,*,#5767,.T.);
#7285=ORIENTED_EDGE('',*,*,#5768,.F.);
#7286=ORIENTED_EDGE('',*,*,#5769,.T.);
#7287=ORIENTED_EDGE('',*,*,#5770,.F.);
#7288=ORIENTED_EDGE('',*,*,#5771,.T.);
#7289=ORIENTED_EDGE('',*,*,#5772,.F.);
#7290=ORIENTED_EDGE('',*,*,#5773,.T.);
#7291=ORIENTED_EDGE('',*,*,#5774,.F.);
#7292=ORIENTED_EDGE('',*,*,#5775,.T.);
#7293=ORIENTED_EDGE('',*,*,#5776,.F.);
#7294=ORIENTED_EDGE('',*,*,#5777,.T.);
#7295=ORIENTED_EDGE('',*,*,#5778,.F.);
#7296=ORIENTED_EDGE('',*,*,#5779,.T.);
#7297=ORIENTED_EDGE('',*,*,#5780,.F.);
#7298=ORIENTED_EDGE('',*,*,#5781,.T.);
#7299=ORIENTED_EDGE('',*,*,#5782,.F.);
#7300=ORIENTED_EDGE('',*,*,#5783,.T.);
#7301=ORIENTED_EDGE('',*,*,#5784,.F.);
#7302=ORIENTED_EDGE('',*,*,#5785,.T.);
#7303=ORIENTED_EDGE('',*,*,#5786,.F.);
#7304=ORIENTED_EDGE('',*,*,#5787,.T.);
#7305=ORIENTED_EDGE('',*,*,#5788,.F.);
#7306=ORIENTED_EDGE('',*,*,#5789,.T.);
#7307=ORIENTED_EDGE('',*,*,#5790,.F.);
#7308=ORIENTED_EDGE('',*,*,#5791,.T.);
#7309=ORIENTED_EDGE('',*,*,#5792,.F.);
#7310=ORIENTED_EDGE('',*,*,#5793,.T.);
#7311=ORIENTED_EDGE('',*,*,#5794,.F.);
#7312=ORIENTED_EDGE('',*,*,#5795,.T.);
#7313=ORIENTED_EDGE('',*,*,#5796,.F.);
#7314=ORIENTED_EDGE('',*,*,#5797,.T.);
#7315=ORIENTED_EDGE('',*,*,#5798,.F.);
#7316=ORIENTED_EDGE('',*,*,#5799,.T.);
#7317=ORIENTED_EDGE('',*,*,#5800,.T.);
#7318=ORIENTED_EDGE('',*,*,#5801,.F.);
#7319=ORIENTED_EDGE('',*,*,#5802,.T.);
#7320=ORIENTED_EDGE('',*,*,#5803,.F.);
#7321=ORIENTED_EDGE('',*,*,#5804,.T.);
#7322=ORIENTED_EDGE('',*,*,#5805,.F.);
#7323=ORIENTED_EDGE('',*,*,#5806,.T.);
#7324=ORIENTED_EDGE('',*,*,#5807,.F.);
#7325=ORIENTED_EDGE('',*,*,#5808,.F.);
#7326=ORIENTED_EDGE('',*,*,#5809,.T.);
#7327=ORIENTED_EDGE('',*,*,#5810,.F.);
#7328=ORIENTED_EDGE('',*,*,#5811,.T.);
#7329=ORIENTED_EDGE('',*,*,#5812,.F.);
#7330=ORIENTED_EDGE('',*,*,#5813,.T.);
#7331=ORIENTED_EDGE('',*,*,#5814,.F.);
#7332=ORIENTED_EDGE('',*,*,#5815,.T.);
#7333=ORIENTED_EDGE('',*,*,#5556,.F.);
#7334=ORIENTED_EDGE('',*,*,#5816,.F.);
#7335=ORIENTED_EDGE('',*,*,#5817,.F.);
#7336=ORIENTED_EDGE('',*,*,#5818,.T.);
#7337=ORIENTED_EDGE('',*,*,#5819,.T.);
#7338=ORIENTED_EDGE('',*,*,#5820,.T.);
#7339=ORIENTED_EDGE('',*,*,#5536,.T.);
#7340=ORIENTED_EDGE('',*,*,#5821,.F.);
#7341=ORIENTED_EDGE('',*,*,#5822,.T.);
#7342=ORIENTED_EDGE('',*,*,#5557,.F.);
#7343=ORIENTED_EDGE('',*,*,#5823,.T.);
#7344=ORIENTED_EDGE('',*,*,#5824,.T.);
#7345=ORIENTED_EDGE('',*,*,#5825,.T.);
#7346=ORIENTED_EDGE('',*,*,#5826,.T.);
#7347=ORIENTED_EDGE('',*,*,#5827,.T.);
#7348=ORIENTED_EDGE('',*,*,#5828,.T.);
#7349=ORIENTED_EDGE('',*,*,#5824,.F.);
#7350=ORIENTED_EDGE('',*,*,#5829,.F.);
#7351=ORIENTED_EDGE('',*,*,#5830,.F.);
#7352=ORIENTED_EDGE('',*,*,#5831,.F.);
#7353=ORIENTED_EDGE('',*,*,#5832,.F.);
#7354=ORIENTED_EDGE('',*,*,#5833,.F.);
#7355=ORIENTED_EDGE('',*,*,#5834,.F.);
#7356=ORIENTED_EDGE('',*,*,#5835,.F.);
#7357=ORIENTED_EDGE('',*,*,#5836,.F.);
#7358=ORIENTED_EDGE('',*,*,#5837,.F.);
#7359=ORIENTED_EDGE('',*,*,#5838,.F.);
#7360=ORIENTED_EDGE('',*,*,#5839,.F.);
#7361=ORIENTED_EDGE('',*,*,#5840,.F.);
#7362=ORIENTED_EDGE('',*,*,#5841,.F.);
#7363=ORIENTED_EDGE('',*,*,#5842,.F.);
#7364=ORIENTED_EDGE('',*,*,#5843,.F.);
#7365=ORIENTED_EDGE('',*,*,#5844,.F.);
#7366=ORIENTED_EDGE('',*,*,#5845,.F.);
#7367=ORIENTED_EDGE('',*,*,#5846,.F.);
#7368=ORIENTED_EDGE('',*,*,#5847,.F.);
#7369=ORIENTED_EDGE('',*,*,#5848,.F.);
#7370=ORIENTED_EDGE('',*,*,#5849,.F.);
#7371=ORIENTED_EDGE('',*,*,#5850,.F.);
#7372=ORIENTED_EDGE('',*,*,#5851,.F.);
#7373=ORIENTED_EDGE('',*,*,#5852,.F.);
#7374=ORIENTED_EDGE('',*,*,#5853,.F.);
#7375=ORIENTED_EDGE('',*,*,#5854,.F.);
#7376=ORIENTED_EDGE('',*,*,#5855,.F.);
#7377=ORIENTED_EDGE('',*,*,#5856,.F.);
#7378=ORIENTED_EDGE('',*,*,#5857,.F.);
#7379=ORIENTED_EDGE('',*,*,#5858,.F.);
#7380=ORIENTED_EDGE('',*,*,#5859,.F.);
#7381=ORIENTED_EDGE('',*,*,#5860,.F.);
#7382=ORIENTED_EDGE('',*,*,#5861,.F.);
#7383=ORIENTED_EDGE('',*,*,#5862,.F.);
#7384=ORIENTED_EDGE('',*,*,#5863,.F.);
#7385=ORIENTED_EDGE('',*,*,#5864,.F.);
#7386=ORIENTED_EDGE('',*,*,#5865,.T.);
#7387=ORIENTED_EDGE('',*,*,#5866,.F.);
#7388=ORIENTED_EDGE('',*,*,#5867,.F.);
#7389=ORIENTED_EDGE('',*,*,#5868,.F.);
#7390=ORIENTED_EDGE('',*,*,#5869,.F.);
#7391=ORIENTED_EDGE('',*,*,#5870,.F.);
#7392=ORIENTED_EDGE('',*,*,#5871,.F.);
#7393=ORIENTED_EDGE('',*,*,#5872,.F.);
#7394=ORIENTED_EDGE('',*,*,#5873,.F.);
#7395=ORIENTED_EDGE('',*,*,#5874,.F.);
#7396=ORIENTED_EDGE('',*,*,#5875,.T.);
#7397=ORIENTED_EDGE('',*,*,#5876,.T.);
#7398=ORIENTED_EDGE('',*,*,#5816,.T.);
#7399=ORIENTED_EDGE('',*,*,#5555,.T.);
#7400=ORIENTED_EDGE('',*,*,#5877,.F.);
#7401=ORIENTED_EDGE('',*,*,#5878,.F.);
#7402=ORIENTED_EDGE('',*,*,#5879,.F.);
#7403=ORIENTED_EDGE('',*,*,#5880,.F.);
#7404=ORIENTED_EDGE('',*,*,#5881,.F.);
#7405=ORIENTED_EDGE('',*,*,#5882,.T.);
#7406=ORIENTED_EDGE('',*,*,#5883,.F.);
#7407=ORIENTED_EDGE('',*,*,#5884,.T.);
#7408=ORIENTED_EDGE('',*,*,#5885,.F.);
#7409=ORIENTED_EDGE('',*,*,#5886,.T.);
#7410=ORIENTED_EDGE('',*,*,#5887,.F.);
#7411=ORIENTED_EDGE('',*,*,#5888,.T.);
#7412=ORIENTED_EDGE('',*,*,#5889,.F.);
#7413=ORIENTED_EDGE('',*,*,#5890,.T.);
#7414=ORIENTED_EDGE('',*,*,#5891,.F.);
#7415=ORIENTED_EDGE('',*,*,#5892,.T.);
#7416=ORIENTED_EDGE('',*,*,#5893,.F.);
#7417=ORIENTED_EDGE('',*,*,#5894,.T.);
#7418=ORIENTED_EDGE('',*,*,#5895,.F.);
#7419=ORIENTED_EDGE('',*,*,#5896,.T.);
#7420=ORIENTED_EDGE('',*,*,#5897,.F.);
#7421=ORIENTED_EDGE('',*,*,#5898,.T.);
#7422=ORIENTED_EDGE('',*,*,#5899,.F.);
#7423=ORIENTED_EDGE('',*,*,#5900,.T.);
#7424=ORIENTED_EDGE('',*,*,#5901,.F.);
#7425=ORIENTED_EDGE('',*,*,#5902,.T.);
#7426=ORIENTED_EDGE('',*,*,#5903,.F.);
#7427=ORIENTED_EDGE('',*,*,#5904,.T.);
#7428=ORIENTED_EDGE('',*,*,#5905,.F.);
#7429=ORIENTED_EDGE('',*,*,#5906,.T.);
#7430=ORIENTED_EDGE('',*,*,#5907,.F.);
#7431=ORIENTED_EDGE('',*,*,#5908,.T.);
#7432=ORIENTED_EDGE('',*,*,#5909,.F.);
#7433=ORIENTED_EDGE('',*,*,#5910,.T.);
#7434=ORIENTED_EDGE('',*,*,#5911,.F.);
#7435=ORIENTED_EDGE('',*,*,#5912,.T.);
#7436=ORIENTED_EDGE('',*,*,#5913,.F.);
#7437=ORIENTED_EDGE('',*,*,#5914,.T.);
#7438=ORIENTED_EDGE('',*,*,#5915,.F.);
#7439=ORIENTED_EDGE('',*,*,#5916,.T.);
#7440=ORIENTED_EDGE('',*,*,#5917,.F.);
#7441=ORIENTED_EDGE('',*,*,#5918,.T.);
#7442=ORIENTED_EDGE('',*,*,#5919,.F.);
#7443=ORIENTED_EDGE('',*,*,#5920,.T.);
#7444=ORIENTED_EDGE('',*,*,#5921,.F.);
#7445=ORIENTED_EDGE('',*,*,#5922,.T.);
#7446=ORIENTED_EDGE('',*,*,#5923,.F.);
#7447=ORIENTED_EDGE('',*,*,#5924,.T.);
#7448=ORIENTED_EDGE('',*,*,#5925,.F.);
#7449=ORIENTED_EDGE('',*,*,#5926,.T.);
#7450=ORIENTED_EDGE('',*,*,#5927,.F.);
#7451=ORIENTED_EDGE('',*,*,#5928,.T.);
#7452=ORIENTED_EDGE('',*,*,#5929,.F.);
#7453=ORIENTED_EDGE('',*,*,#5930,.T.);
#7454=ORIENTED_EDGE('',*,*,#5931,.F.);
#7455=ORIENTED_EDGE('',*,*,#5932,.T.);
#7456=ORIENTED_EDGE('',*,*,#5933,.F.);
#7457=ORIENTED_EDGE('',*,*,#5934,.T.);
#7458=ORIENTED_EDGE('',*,*,#5935,.F.);
#7459=ORIENTED_EDGE('',*,*,#5936,.T.);
#7460=ORIENTED_EDGE('',*,*,#5937,.F.);
#7461=ORIENTED_EDGE('',*,*,#5938,.T.);
#7462=ORIENTED_EDGE('',*,*,#5939,.F.);
#7463=ORIENTED_EDGE('',*,*,#5940,.T.);
#7464=ORIENTED_EDGE('',*,*,#5941,.F.);
#7465=ORIENTED_EDGE('',*,*,#5942,.T.);
#7466=ORIENTED_EDGE('',*,*,#5943,.F.);
#7467=ORIENTED_EDGE('',*,*,#5944,.T.);
#7468=ORIENTED_EDGE('',*,*,#5945,.F.);
#7469=ORIENTED_EDGE('',*,*,#5946,.T.);
#7470=ORIENTED_EDGE('',*,*,#5947,.F.);
#7471=ORIENTED_EDGE('',*,*,#5948,.T.);
#7472=ORIENTED_EDGE('',*,*,#5949,.F.);
#7473=ORIENTED_EDGE('',*,*,#5950,.T.);
#7474=ORIENTED_EDGE('',*,*,#5951,.F.);
#7475=ORIENTED_EDGE('',*,*,#5952,.T.);
#7476=ORIENTED_EDGE('',*,*,#5953,.F.);
#7477=ORIENTED_EDGE('',*,*,#5954,.T.);
#7478=ORIENTED_EDGE('',*,*,#5955,.F.);
#7479=ORIENTED_EDGE('',*,*,#5956,.T.);
#7480=ORIENTED_EDGE('',*,*,#5957,.F.);
#7481=ORIENTED_EDGE('',*,*,#5958,.T.);
#7482=ORIENTED_EDGE('',*,*,#5959,.F.);
#7483=ORIENTED_EDGE('',*,*,#5960,.T.);
#7484=ORIENTED_EDGE('',*,*,#5961,.F.);
#7485=ORIENTED_EDGE('',*,*,#5962,.T.);
#7486=ORIENTED_EDGE('',*,*,#5963,.F.);
#7487=ORIENTED_EDGE('',*,*,#5964,.T.);
#7488=ORIENTED_EDGE('',*,*,#5965,.F.);
#7489=ORIENTED_EDGE('',*,*,#5966,.T.);
#7490=ORIENTED_EDGE('',*,*,#5967,.F.);
#7491=ORIENTED_EDGE('',*,*,#5968,.T.);
#7492=ORIENTED_EDGE('',*,*,#5969,.F.);
#7493=ORIENTED_EDGE('',*,*,#5970,.T.);
#7494=ORIENTED_EDGE('',*,*,#5971,.F.);
#7495=ORIENTED_EDGE('',*,*,#5972,.T.);
#7496=ORIENTED_EDGE('',*,*,#5973,.F.);
#7497=ORIENTED_EDGE('',*,*,#5974,.T.);
#7498=ORIENTED_EDGE('',*,*,#5975,.F.);
#7499=ORIENTED_EDGE('',*,*,#5976,.T.);
#7500=ORIENTED_EDGE('',*,*,#5977,.F.);
#7501=ORIENTED_EDGE('',*,*,#5978,.T.);
#7502=ORIENTED_EDGE('',*,*,#5979,.F.);
#7503=ORIENTED_EDGE('',*,*,#5980,.T.);
#7504=ORIENTED_EDGE('',*,*,#5981,.F.);
#7505=ORIENTED_EDGE('',*,*,#5982,.T.);
#7506=ORIENTED_EDGE('',*,*,#5983,.F.);
#7507=ORIENTED_EDGE('',*,*,#5984,.T.);
#7508=ORIENTED_EDGE('',*,*,#5985,.F.);
#7509=ORIENTED_EDGE('',*,*,#5986,.T.);
#7510=ORIENTED_EDGE('',*,*,#5987,.F.);
#7511=ORIENTED_EDGE('',*,*,#5988,.T.);
#7512=ORIENTED_EDGE('',*,*,#5989,.F.);
#7513=ORIENTED_EDGE('',*,*,#5990,.T.);
#7514=ORIENTED_EDGE('',*,*,#5991,.F.);
#7515=ORIENTED_EDGE('',*,*,#5992,.T.);
#7516=ORIENTED_EDGE('',*,*,#5993,.F.);
#7517=ORIENTED_EDGE('',*,*,#5994,.T.);
#7518=ORIENTED_EDGE('',*,*,#5995,.F.);
#7519=ORIENTED_EDGE('',*,*,#5996,.T.);
#7520=ORIENTED_EDGE('',*,*,#5997,.F.);
#7521=ORIENTED_EDGE('',*,*,#5998,.T.);
#7522=ORIENTED_EDGE('',*,*,#5999,.F.);
#7523=ORIENTED_EDGE('',*,*,#6000,.T.);
#7524=ORIENTED_EDGE('',*,*,#6001,.F.);
#7525=ORIENTED_EDGE('',*,*,#6002,.T.);
#7526=ORIENTED_EDGE('',*,*,#6003,.F.);
#7527=ORIENTED_EDGE('',*,*,#6004,.T.);
#7528=ORIENTED_EDGE('',*,*,#6005,.F.);
#7529=ORIENTED_EDGE('',*,*,#6006,.T.);
#7530=ORIENTED_EDGE('',*,*,#6007,.F.);
#7531=ORIENTED_EDGE('',*,*,#6008,.T.);
#7532=ORIENTED_EDGE('',*,*,#6009,.F.);
#7533=ORIENTED_EDGE('',*,*,#6010,.T.);
#7534=ORIENTED_EDGE('',*,*,#6011,.F.);
#7535=ORIENTED_EDGE('',*,*,#6012,.T.);
#7536=ORIENTED_EDGE('',*,*,#6013,.F.);
#7537=ORIENTED_EDGE('',*,*,#6014,.T.);
#7538=ORIENTED_EDGE('',*,*,#6015,.F.);
#7539=ORIENTED_EDGE('',*,*,#6016,.T.);
#7540=ORIENTED_EDGE('',*,*,#6017,.F.);
#7541=ORIENTED_EDGE('',*,*,#6018,.T.);
#7542=ORIENTED_EDGE('',*,*,#6019,.F.);
#7543=ORIENTED_EDGE('',*,*,#6020,.T.);
#7544=ORIENTED_EDGE('',*,*,#6021,.F.);
#7545=ORIENTED_EDGE('',*,*,#6022,.T.);
#7546=ORIENTED_EDGE('',*,*,#6023,.F.);
#7547=ORIENTED_EDGE('',*,*,#6024,.T.);
#7548=ORIENTED_EDGE('',*,*,#6025,.F.);
#7549=ORIENTED_EDGE('',*,*,#6026,.T.);
#7550=ORIENTED_EDGE('',*,*,#6027,.F.);
#7551=ORIENTED_EDGE('',*,*,#6028,.T.);
#7552=ORIENTED_EDGE('',*,*,#6029,.F.);
#7553=ORIENTED_EDGE('',*,*,#6030,.T.);
#7554=ORIENTED_EDGE('',*,*,#6031,.F.);
#7555=ORIENTED_EDGE('',*,*,#6032,.T.);
#7556=ORIENTED_EDGE('',*,*,#6033,.F.);
#7557=ORIENTED_EDGE('',*,*,#6034,.T.);
#7558=ORIENTED_EDGE('',*,*,#6035,.F.);
#7559=ORIENTED_EDGE('',*,*,#6036,.T.);
#7560=ORIENTED_EDGE('',*,*,#6037,.F.);
#7561=ORIENTED_EDGE('',*,*,#6038,.T.);
#7562=ORIENTED_EDGE('',*,*,#6039,.F.);
#7563=ORIENTED_EDGE('',*,*,#6040,.T.);
#7564=ORIENTED_EDGE('',*,*,#6041,.F.);
#7565=ORIENTED_EDGE('',*,*,#6042,.T.);
#7566=ORIENTED_EDGE('',*,*,#6043,.F.);
#7567=ORIENTED_EDGE('',*,*,#6044,.T.);
#7568=ORIENTED_EDGE('',*,*,#6045,.F.);
#7569=ORIENTED_EDGE('',*,*,#6046,.T.);
#7570=ORIENTED_EDGE('',*,*,#6047,.F.);
#7571=ORIENTED_EDGE('',*,*,#6048,.T.);
#7572=ORIENTED_EDGE('',*,*,#6049,.F.);
#7573=ORIENTED_EDGE('',*,*,#6050,.T.);
#7574=ORIENTED_EDGE('',*,*,#6051,.F.);
#7575=ORIENTED_EDGE('',*,*,#6052,.T.);
#7576=ORIENTED_EDGE('',*,*,#6053,.F.);
#7577=ORIENTED_EDGE('',*,*,#6054,.T.);
#7578=ORIENTED_EDGE('',*,*,#6055,.F.);
#7579=ORIENTED_EDGE('',*,*,#6056,.T.);
#7580=ORIENTED_EDGE('',*,*,#6057,.F.);
#7581=ORIENTED_EDGE('',*,*,#6058,.T.);
#7582=ORIENTED_EDGE('',*,*,#6059,.F.);
#7583=ORIENTED_EDGE('',*,*,#6060,.T.);
#7584=ORIENTED_EDGE('',*,*,#6061,.F.);
#7585=ORIENTED_EDGE('',*,*,#6062,.T.);
#7586=ORIENTED_EDGE('',*,*,#6063,.F.);
#7587=ORIENTED_EDGE('',*,*,#6064,.T.);
#7588=ORIENTED_EDGE('',*,*,#6065,.F.);
#7589=ORIENTED_EDGE('',*,*,#6066,.T.);
#7590=ORIENTED_EDGE('',*,*,#6067,.F.);
#7591=ORIENTED_EDGE('',*,*,#6068,.T.);
#7592=ORIENTED_EDGE('',*,*,#6069,.F.);
#7593=ORIENTED_EDGE('',*,*,#6070,.T.);
#7594=ORIENTED_EDGE('',*,*,#6071,.F.);
#7595=ORIENTED_EDGE('',*,*,#6072,.T.);
#7596=ORIENTED_EDGE('',*,*,#6073,.F.);
#7597=ORIENTED_EDGE('',*,*,#6074,.T.);
#7598=ORIENTED_EDGE('',*,*,#6075,.F.);
#7599=ORIENTED_EDGE('',*,*,#6076,.T.);
#7600=ORIENTED_EDGE('',*,*,#6077,.F.);
#7601=ORIENTED_EDGE('',*,*,#6078,.T.);
#7602=ORIENTED_EDGE('',*,*,#6079,.F.);
#7603=ORIENTED_EDGE('',*,*,#6080,.T.);
#7604=ORIENTED_EDGE('',*,*,#6081,.F.);
#7605=ORIENTED_EDGE('',*,*,#6082,.T.);
#7606=ORIENTED_EDGE('',*,*,#6083,.F.);
#7607=ORIENTED_EDGE('',*,*,#6084,.T.);
#7608=ORIENTED_EDGE('',*,*,#6085,.F.);
#7609=ORIENTED_EDGE('',*,*,#6086,.T.);
#7610=ORIENTED_EDGE('',*,*,#6087,.F.);
#7611=ORIENTED_EDGE('',*,*,#6088,.T.);
#7612=ORIENTED_EDGE('',*,*,#6089,.F.);
#7613=ORIENTED_EDGE('',*,*,#6090,.T.);
#7614=ORIENTED_EDGE('',*,*,#6091,.F.);
#7615=ORIENTED_EDGE('',*,*,#6092,.T.);
#7616=ORIENTED_EDGE('',*,*,#6093,.F.);
#7617=ORIENTED_EDGE('',*,*,#6094,.T.);
#7618=ORIENTED_EDGE('',*,*,#6095,.F.);
#7619=ORIENTED_EDGE('',*,*,#6096,.T.);
#7620=ORIENTED_EDGE('',*,*,#6097,.F.);
#7621=ORIENTED_EDGE('',*,*,#6098,.T.);
#7622=ORIENTED_EDGE('',*,*,#6099,.F.);
#7623=ORIENTED_EDGE('',*,*,#6100,.T.);
#7624=ORIENTED_EDGE('',*,*,#6101,.F.);
#7625=ORIENTED_EDGE('',*,*,#6102,.T.);
#7626=ORIENTED_EDGE('',*,*,#6103,.F.);
#7627=ORIENTED_EDGE('',*,*,#6104,.T.);
#7628=ORIENTED_EDGE('',*,*,#6105,.T.);
#7629=ORIENTED_EDGE('',*,*,#6106,.F.);
#7630=ORIENTED_EDGE('',*,*,#6107,.T.);
#7631=ORIENTED_EDGE('',*,*,#6108,.F.);
#7632=ORIENTED_EDGE('',*,*,#6109,.T.);
#7633=ORIENTED_EDGE('',*,*,#6110,.F.);
#7634=ORIENTED_EDGE('',*,*,#6111,.T.);
#7635=ORIENTED_EDGE('',*,*,#6112,.F.);
#7636=ORIENTED_EDGE('',*,*,#6113,.F.);
#7637=ORIENTED_EDGE('',*,*,#6114,.F.);
#7638=ORIENTED_EDGE('',*,*,#6115,.F.);
#7639=ORIENTED_EDGE('',*,*,#6116,.F.);
#7640=ORIENTED_EDGE('',*,*,#6117,.F.);
#7641=ORIENTED_EDGE('',*,*,#6118,.T.);
#7642=ORIENTED_EDGE('',*,*,#6119,.F.);
#7643=ORIENTED_EDGE('',*,*,#6120,.T.);
#7644=ORIENTED_EDGE('',*,*,#6121,.F.);
#7645=ORIENTED_EDGE('',*,*,#6122,.T.);
#7646=ORIENTED_EDGE('',*,*,#6123,.F.);
#7647=ORIENTED_EDGE('',*,*,#6124,.T.);
#7648=ORIENTED_EDGE('',*,*,#5823,.F.);
#7649=ORIENTED_EDGE('',*,*,#6125,.T.);
#7650=ORIENTED_EDGE('',*,*,#6126,.T.);
#7651=ORIENTED_EDGE('',*,*,#5829,.T.);
#7652=ORIENTED_EDGE('',*,*,#5827,.F.);
#7653=ORIENTED_EDGE('',*,*,#6127,.T.);
#7654=ORIENTED_EDGE('',*,*,#6128,.T.);
#7655=ORIENTED_EDGE('',*,*,#6129,.F.);
#7656=ORIENTED_EDGE('',*,*,#6130,.F.);
#7657=ORIENTED_EDGE('',*,*,#6125,.F.);
#7658=ORIENTED_EDGE('',*,*,#6131,.F.);
#7659=ORIENTED_EDGE('',*,*,#6132,.T.);
#7660=ORIENTED_EDGE('',*,*,#6133,.T.);
#7661=ORIENTED_EDGE('',*,*,#6134,.T.);
#7662=ORIENTED_EDGE('',*,*,#5864,.T.);
#7663=ORIENTED_EDGE('',*,*,#6135,.T.);
#7664=ORIENTED_EDGE('',*,*,#6133,.F.);
#7665=ORIENTED_EDGE('',*,*,#6136,.F.);
#7666=ORIENTED_EDGE('',*,*,#6137,.F.);
#7667=ORIENTED_EDGE('',*,*,#6138,.F.);
#7668=ORIENTED_EDGE('',*,*,#6139,.F.);
#7669=ORIENTED_EDGE('',*,*,#6140,.F.);
#7670=ORIENTED_EDGE('',*,*,#6132,.F.);
#7671=ORIENTED_EDGE('',*,*,#6141,.F.);
#7672=ORIENTED_EDGE('',*,*,#6142,.F.);
#7673=ORIENTED_EDGE('',*,*,#6143,.F.);
#7674=ORIENTED_EDGE('',*,*,#6144,.T.);
#7675=ORIENTED_EDGE('',*,*,#6136,.T.);
#7676=ORIENTED_EDGE('',*,*,#6145,.T.);
#7677=ORIENTED_EDGE('',*,*,#6146,.T.);
#7678=ORIENTED_EDGE('',*,*,#5874,.T.);
#7679=ORIENTED_EDGE('',*,*,#6147,.F.);
#7680=ORIENTED_EDGE('',*,*,#6148,.T.);
#7681=ORIENTED_EDGE('',*,*,#6149,.T.);
#7682=ORIENTED_EDGE('',*,*,#6150,.T.);
#7683=ORIENTED_EDGE('',*,*,#6151,.F.);
#7684=ORIENTED_EDGE('',*,*,#5870,.T.);
#7685=ORIENTED_EDGE('',*,*,#6152,.F.);
#7686=ORIENTED_EDGE('',*,*,#6153,.T.);
#7687=ORIENTED_EDGE('',*,*,#6154,.T.);
#7688=ORIENTED_EDGE('',*,*,#6155,.T.);
#7689=ORIENTED_EDGE('',*,*,#6156,.F.);
#7690=ORIENTED_EDGE('',*,*,#5866,.T.);
#7691=ORIENTED_EDGE('',*,*,#6157,.T.);
#7692=ORIENTED_EDGE('',*,*,#6158,.T.);
#7693=ORIENTED_EDGE('',*,*,#6159,.T.);
#7694=ORIENTED_EDGE('',*,*,#6160,.T.);
#7695=ORIENTED_EDGE('',*,*,#6161,.T.);
#7696=ORIENTED_EDGE('',*,*,#6162,.T.);
#7697=ORIENTED_EDGE('',*,*,#6154,.F.);
#7698=ORIENTED_EDGE('',*,*,#6163,.T.);
#7699=ORIENTED_EDGE('',*,*,#6164,.F.);
#7700=ORIENTED_EDGE('',*,*,#6165,.F.);
#7701=ORIENTED_EDGE('',*,*,#6153,.F.);
#7702=ORIENTED_EDGE('',*,*,#6166,.F.);
#7703=ORIENTED_EDGE('',*,*,#6167,.T.);
#7704=ORIENTED_EDGE('',*,*,#6168,.F.);
#7705=ORIENTED_EDGE('',*,*,#6163,.F.);
#7706=ORIENTED_EDGE('',*,*,#6152,.T.);
#7707=ORIENTED_EDGE('',*,*,#5869,.T.);
#7708=ORIENTED_EDGE('',*,*,#6169,.F.);
#7709=ORIENTED_EDGE('',*,*,#6166,.T.);
#7710=ORIENTED_EDGE('',*,*,#6151,.T.);
#7711=ORIENTED_EDGE('',*,*,#6170,.T.);
#7712=ORIENTED_EDGE('',*,*,#6171,.T.);
#7713=ORIENTED_EDGE('',*,*,#5871,.T.);
#7714=ORIENTED_EDGE('',*,*,#6150,.F.);
#7715=ORIENTED_EDGE('',*,*,#6172,.T.);
#7716=ORIENTED_EDGE('',*,*,#6173,.F.);
#7717=ORIENTED_EDGE('',*,*,#6174,.F.);
#7718=ORIENTED_EDGE('',*,*,#6170,.F.);
#7719=ORIENTED_EDGE('',*,*,#6149,.F.);
#7720=ORIENTED_EDGE('',*,*,#6175,.T.);
#7721=ORIENTED_EDGE('',*,*,#6176,.F.);
#7722=ORIENTED_EDGE('',*,*,#6172,.F.);
#7723=ORIENTED_EDGE('',*,*,#6161,.F.);
#7724=ORIENTED_EDGE('',*,*,#6177,.T.);
#7725=ORIENTED_EDGE('',*,*,#6178,.F.);
#7726=ORIENTED_EDGE('',*,*,#6148,.F.);
#7727=ORIENTED_EDGE('',*,*,#6179,.F.);
#7728=ORIENTED_EDGE('',*,*,#6180,.T.);
#7729=ORIENTED_EDGE('',*,*,#6181,.F.);
#7730=ORIENTED_EDGE('',*,*,#6175,.F.);
#7731=ORIENTED_EDGE('',*,*,#6147,.T.);
#7732=ORIENTED_EDGE('',*,*,#5873,.T.);
#7733=ORIENTED_EDGE('',*,*,#6182,.F.);
#7734=ORIENTED_EDGE('',*,*,#6179,.T.);
#7735=ORIENTED_EDGE('',*,*,#5575,.F.);
#7736=ORIENTED_EDGE('',*,*,#6183,.F.);
#7737=ORIENTED_EDGE('',*,*,#6184,.T.);
#7738=ORIENTED_EDGE('',*,*,#5538,.T.);
#7739=ORIENTED_EDGE('',*,*,#6185,.T.);
#7740=ORIENTED_EDGE('',*,*,#6186,.T.);
#7741=ORIENTED_EDGE('',*,*,#6187,.F.);
#7742=ORIENTED_EDGE('',*,*,#6188,.F.);
#7743=ORIENTED_EDGE('',*,*,#5875,.F.);
#7744=ORIENTED_EDGE('',*,*,#5554,.T.);
#7745=ORIENTED_EDGE('',*,*,#6189,.F.);
#7746=ORIENTED_EDGE('',*,*,#6190,.T.);
#7747=ORIENTED_EDGE('',*,*,#6191,.F.);
#7748=ORIENTED_EDGE('',*,*,#6190,.F.);
#7749=ORIENTED_EDGE('',*,*,#6192,.F.);
#7750=ORIENTED_EDGE('',*,*,#6193,.T.);
#7751=ORIENTED_EDGE('',*,*,#6194,.F.);
#7752=ORIENTED_EDGE('',*,*,#6193,.F.);
#7753=ORIENTED_EDGE('',*,*,#5499,.F.);
#7754=ORIENTED_EDGE('',*,*,#6195,.T.);
#7755=ORIENTED_EDGE('',*,*,#5508,.F.);
#7756=ORIENTED_EDGE('',*,*,#6195,.F.);
#7757=ORIENTED_EDGE('',*,*,#6196,.F.);
#7758=ORIENTED_EDGE('',*,*,#6197,.T.);
#7759=ORIENTED_EDGE('',*,*,#6198,.F.);
#7760=ORIENTED_EDGE('',*,*,#6197,.F.);
#7761=ORIENTED_EDGE('',*,*,#6199,.T.);
#7762=ORIENTED_EDGE('',*,*,#6200,.T.);
#7763=ORIENTED_EDGE('',*,*,#6201,.T.);
#7764=ORIENTED_EDGE('',*,*,#6200,.F.);
#7765=ORIENTED_EDGE('',*,*,#6202,.T.);
#7766=ORIENTED_EDGE('',*,*,#6203,.T.);
#7767=ORIENTED_EDGE('',*,*,#5571,.T.);
#7768=ORIENTED_EDGE('',*,*,#6199,.F.);
#7769=ORIENTED_EDGE('',*,*,#6204,.T.);
#7770=ORIENTED_EDGE('',*,*,#6205,.T.);
#7771=ORIENTED_EDGE('',*,*,#6206,.T.);
#7772=ORIENTED_EDGE('',*,*,#6202,.F.);
#7773=ORIENTED_EDGE('',*,*,#6206,.F.);
#7774=ORIENTED_EDGE('',*,*,#6207,.F.);
#7775=ORIENTED_EDGE('',*,*,#6138,.T.);
#7776=ORIENTED_EDGE('',*,*,#6208,.T.);
#7777=ORIENTED_EDGE('',*,*,#6209,.F.);
#7778=ORIENTED_EDGE('',*,*,#6210,.F.);
#7779=ORIENTED_EDGE('',*,*,#6211,.F.);
#7780=ORIENTED_EDGE('',*,*,#6212,.T.);
#7781=ORIENTED_EDGE('',*,*,#6213,.T.);
#7782=ORIENTED_EDGE('',*,*,#6214,.T.);
#7783=ORIENTED_EDGE('',*,*,#6213,.F.);
#7784=ORIENTED_EDGE('',*,*,#5561,.T.);
#7785=ORIENTED_EDGE('',*,*,#6215,.T.);
#7786=ORIENTED_EDGE('',*,*,#6216,.T.);
#7787=ORIENTED_EDGE('',*,*,#6214,.F.);
#7788=ORIENTED_EDGE('',*,*,#6217,.T.);
#7789=ORIENTED_EDGE('',*,*,#6218,.T.);
#7790=ORIENTED_EDGE('',*,*,#6219,.T.);
#7791=ORIENTED_EDGE('',*,*,#6212,.F.);
#7792=ORIENTED_EDGE('',*,*,#6220,.T.);
#7793=ORIENTED_EDGE('',*,*,#6221,.T.);
#7794=ORIENTED_EDGE('',*,*,#5562,.T.);
#7795=ORIENTED_EDGE('',*,*,#6219,.F.);
#7796=ORIENTED_EDGE('',*,*,#6222,.F.);
#7797=ORIENTED_EDGE('',*,*,#6223,.T.);
#7798=ORIENTED_EDGE('',*,*,#6224,.F.);
#7799=ORIENTED_EDGE('',*,*,#6220,.F.);
#7800=ORIENTED_EDGE('',*,*,#6139,.T.);
#7801=ORIENTED_EDGE('',*,*,#6207,.T.);
#7802=ORIENTED_EDGE('',*,*,#6205,.F.);
#7803=ORIENTED_EDGE('',*,*,#6225,.T.);
#7804=ORIENTED_EDGE('',*,*,#6226,.T.);
#7805=ORIENTED_EDGE('',*,*,#6227,.T.);
#7806=ORIENTED_EDGE('',*,*,#6228,.F.);
#7807=ORIENTED_EDGE('',*,*,#6229,.F.);
#7808=ORIENTED_EDGE('',*,*,#6226,.F.);
#7809=ORIENTED_EDGE('',*,*,#6230,.F.);
#7810=ORIENTED_EDGE('',*,*,#6231,.F.);
#7811=ORIENTED_EDGE('',*,*,#6232,.T.);
#7812=ORIENTED_EDGE('',*,*,#6233,.T.);
#7813=ORIENTED_EDGE('',*,*,#6234,.T.);
#7814=ORIENTED_EDGE('',*,*,#6235,.F.);
#7815=ORIENTED_EDGE('',*,*,#6236,.F.);
#7816=ORIENTED_EDGE('',*,*,#6237,.F.);
#7817=ORIENTED_EDGE('',*,*,#6238,.T.);
#7818=ORIENTED_EDGE('',*,*,#6239,.T.);
#7819=ORIENTED_EDGE('',*,*,#6240,.T.);
#7820=ORIENTED_EDGE('',*,*,#6241,.F.);
#7821=ORIENTED_EDGE('',*,*,#6223,.F.);
#7822=ORIENTED_EDGE('',*,*,#6242,.F.);
#7823=ORIENTED_EDGE('',*,*,#6160,.F.);
#7824=ORIENTED_EDGE('',*,*,#6181,.T.);
#7825=ORIENTED_EDGE('',*,*,#6243,.T.);
#7826=ORIENTED_EDGE('',*,*,#6173,.T.);
#7827=ORIENTED_EDGE('',*,*,#6176,.T.);
#7828=ORIENTED_EDGE('',*,*,#6244,.T.);
#7829=ORIENTED_EDGE('',*,*,#6164,.T.);
#7830=ORIENTED_EDGE('',*,*,#6168,.T.);
#7831=ORIENTED_EDGE('',*,*,#6245,.T.);
#7832=ORIENTED_EDGE('',*,*,#6246,.T.);
#7833=ORIENTED_EDGE('',*,*,#6247,.T.);
#7834=ORIENTED_EDGE('',*,*,#6177,.F.);
#7835=ORIENTED_EDGE('',*,*,#6242,.T.);
#7836=ORIENTED_EDGE('',*,*,#6222,.T.);
#7837=ORIENTED_EDGE('',*,*,#6218,.F.);
#7838=ORIENTED_EDGE('',*,*,#6248,.T.);
#7839=ORIENTED_EDGE('',*,*,#6249,.F.);
#7840=ORIENTED_EDGE('',*,*,#6216,.F.);
#7841=ORIENTED_EDGE('',*,*,#6250,.F.);
#7842=ORIENTED_EDGE('',*,*,#6251,.F.);
#7843=ORIENTED_EDGE('',*,*,#6252,.T.);
#7844=ORIENTED_EDGE('',*,*,#6253,.T.);
#7845=ORIENTED_EDGE('',*,*,#6248,.F.);
#7846=ORIENTED_EDGE('',*,*,#6217,.F.);
#7847=ORIENTED_EDGE('',*,*,#6254,.T.);
#7848=ORIENTED_EDGE('',*,*,#6255,.F.);
#7849=ORIENTED_EDGE('',*,*,#6256,.F.);
#7850=ORIENTED_EDGE('',*,*,#6257,.F.);
#7851=ORIENTED_EDGE('',*,*,#6231,.T.);
#7852=ORIENTED_EDGE('',*,*,#6258,.T.);
#7853=ORIENTED_EDGE('',*,*,#6256,.T.);
#7854=ORIENTED_EDGE('',*,*,#6259,.T.);
#7855=ORIENTED_EDGE('',*,*,#6201,.F.);
#7856=ORIENTED_EDGE('',*,*,#5570,.T.);
#7857=ORIENTED_EDGE('',*,*,#6257,.T.);
#7858=ORIENTED_EDGE('',*,*,#6260,.T.);
#7859=ORIENTED_EDGE('',*,*,#6261,.F.);
#7860=ORIENTED_EDGE('',*,*,#6262,.F.);
#7861=ORIENTED_EDGE('',*,*,#6263,.F.);
#7862=ORIENTED_EDGE('',*,*,#6264,.T.);
#7863=ORIENTED_EDGE('',*,*,#5567,.T.);
#7864=ORIENTED_EDGE('',*,*,#6262,.T.);
#7865=ORIENTED_EDGE('',*,*,#6265,.T.);
#7866=ORIENTED_EDGE('',*,*,#6266,.T.);
#7867=ORIENTED_EDGE('',*,*,#5568,.T.);
#7868=ORIENTED_EDGE('',*,*,#6264,.F.);
#7869=ORIENTED_EDGE('',*,*,#6267,.T.);
#7870=ORIENTED_EDGE('',*,*,#6255,.T.);
#7871=ORIENTED_EDGE('',*,*,#5569,.T.);
#7872=ORIENTED_EDGE('',*,*,#6266,.F.);
#7873=ORIENTED_EDGE('',*,*,#6268,.T.);
#7874=ORIENTED_EDGE('',*,*,#6269,.F.);
#7875=ORIENTED_EDGE('',*,*,#6270,.F.);
#7876=ORIENTED_EDGE('',*,*,#6271,.F.);
#7877=ORIENTED_EDGE('',*,*,#6263,.T.);
#7878=ORIENTED_EDGE('',*,*,#5566,.T.);
#7879=ORIENTED_EDGE('',*,*,#6270,.T.);
#7880=ORIENTED_EDGE('',*,*,#6272,.T.);
#7881=ORIENTED_EDGE('',*,*,#6273,.F.);
#7882=ORIENTED_EDGE('',*,*,#6274,.F.);
#7883=ORIENTED_EDGE('',*,*,#6221,.F.);
#7884=ORIENTED_EDGE('',*,*,#6275,.T.);
#7885=ORIENTED_EDGE('',*,*,#5563,.T.);
#7886=ORIENTED_EDGE('',*,*,#6274,.T.);
#7887=ORIENTED_EDGE('',*,*,#6276,.T.);
#7888=ORIENTED_EDGE('',*,*,#6277,.T.);
#7889=ORIENTED_EDGE('',*,*,#5564,.T.);
#7890=ORIENTED_EDGE('',*,*,#6275,.F.);
#7891=ORIENTED_EDGE('',*,*,#6278,.T.);
#7892=ORIENTED_EDGE('',*,*,#6271,.T.);
#7893=ORIENTED_EDGE('',*,*,#5565,.T.);
#7894=ORIENTED_EDGE('',*,*,#6277,.F.);
#7895=ORIENTED_EDGE('',*,*,#6279,.T.);
#7896=ORIENTED_EDGE('',*,*,#6241,.T.);
#7897=ORIENTED_EDGE('',*,*,#6280,.T.);
#7898=ORIENTED_EDGE('',*,*,#6273,.T.);
#7899=ORIENTED_EDGE('',*,*,#6224,.T.);
#7900=ORIENTED_EDGE('',*,*,#6237,.T.);
#7901=ORIENTED_EDGE('',*,*,#6281,.T.);
#7902=ORIENTED_EDGE('',*,*,#6269,.T.);
#7903=ORIENTED_EDGE('',*,*,#6282,.T.);
#7904=ORIENTED_EDGE('',*,*,#6235,.T.);
#7905=ORIENTED_EDGE('',*,*,#6283,.T.);
#7906=ORIENTED_EDGE('',*,*,#6261,.T.);
#7907=ORIENTED_EDGE('',*,*,#6284,.T.);
#7908=ORIENTED_EDGE('',*,*,#6204,.F.);
#7909=ORIENTED_EDGE('',*,*,#6260,.F.);
#7910=ORIENTED_EDGE('',*,*,#6258,.F.);
#7911=ORIENTED_EDGE('',*,*,#6230,.T.);
#7912=ORIENTED_EDGE('',*,*,#6225,.F.);
#7913=ORIENTED_EDGE('',*,*,#6259,.F.);
#7914=ORIENTED_EDGE('',*,*,#6268,.F.);
#7915=ORIENTED_EDGE('',*,*,#6285,.T.);
#7916=ORIENTED_EDGE('',*,*,#6232,.F.);
#7917=ORIENTED_EDGE('',*,*,#6267,.F.);
#7918=ORIENTED_EDGE('',*,*,#6286,.T.);
#7919=ORIENTED_EDGE('',*,*,#6233,.F.);
#7920=ORIENTED_EDGE('',*,*,#6285,.F.);
#7921=ORIENTED_EDGE('',*,*,#6265,.F.);
#7922=ORIENTED_EDGE('',*,*,#6283,.F.);
#7923=ORIENTED_EDGE('',*,*,#6234,.F.);
#7924=ORIENTED_EDGE('',*,*,#6286,.F.);
#7925=ORIENTED_EDGE('',*,*,#6281,.F.);
#7926=ORIENTED_EDGE('',*,*,#6236,.T.);
#7927=ORIENTED_EDGE('',*,*,#6284,.F.);
#7928=ORIENTED_EDGE('',*,*,#6272,.F.);
#7929=ORIENTED_EDGE('',*,*,#6279,.F.);
#7930=ORIENTED_EDGE('',*,*,#6287,.T.);
#7931=ORIENTED_EDGE('',*,*,#6238,.F.);
#7932=ORIENTED_EDGE('',*,*,#6282,.F.);
#7933=ORIENTED_EDGE('',*,*,#6145,.F.);
#7934=ORIENTED_EDGE('',*,*,#6288,.T.);
#7935=ORIENTED_EDGE('',*,*,#6289,.T.);
#7936=ORIENTED_EDGE('',*,*,#6288,.F.);
#7937=ORIENTED_EDGE('',*,*,#6290,.T.);
#7938=ORIENTED_EDGE('',*,*,#6291,.T.);
#7939=ORIENTED_EDGE('',*,*,#6292,.F.);
#7940=ORIENTED_EDGE('',*,*,#6291,.F.);
#7941=ORIENTED_EDGE('',*,*,#6289,.F.);
#7942=ORIENTED_EDGE('',*,*,#6290,.F.);
#7943=ORIENTED_EDGE('',*,*,#5812,.T.);
#7944=ORIENTED_EDGE('',*,*,#6293,.T.);
#7945=ORIENTED_EDGE('',*,*,#6110,.T.);
#7946=ORIENTED_EDGE('',*,*,#6294,.T.);
#7947=ORIENTED_EDGE('',*,*,#6159,.F.);
#7948=ORIENTED_EDGE('',*,*,#6295,.T.);
#7949=ORIENTED_EDGE('',*,*,#6227,.F.);
#7950=ORIENTED_EDGE('',*,*,#6296,.T.);
#7951=ORIENTED_EDGE('',*,*,#5808,.T.);
#7952=ORIENTED_EDGE('',*,*,#6297,.T.);
#7953=ORIENTED_EDGE('',*,*,#6106,.T.);
#7954=ORIENTED_EDGE('',*,*,#6105,.F.);
#7955=ORIENTED_EDGE('',*,*,#6298,.F.);
#7956=ORIENTED_EDGE('',*,*,#5809,.F.);
#7957=ORIENTED_EDGE('',*,*,#6296,.F.);
#7958=ORIENTED_EDGE('',*,*,#6299,.T.);
#7959=ORIENTED_EDGE('',*,*,#5805,.T.);
#7960=ORIENTED_EDGE('',*,*,#6300,.T.);
#7961=ORIENTED_EDGE('',*,*,#6119,.T.);
#7962=ORIENTED_EDGE('',*,*,#6301,.F.);
#7963=ORIENTED_EDGE('',*,*,#5806,.F.);
#7964=ORIENTED_EDGE('',*,*,#6299,.F.);
#7965=ORIENTED_EDGE('',*,*,#6118,.F.);
#7966=ORIENTED_EDGE('',*,*,#6302,.T.);
#7967=ORIENTED_EDGE('',*,*,#6303,.T.);
#7968=ORIENTED_EDGE('',*,*,#6211,.T.);
#7969=ORIENTED_EDGE('',*,*,#6303,.F.);
#7970=ORIENTED_EDGE('',*,*,#6292,.T.);
#7971=ORIENTED_EDGE('',*,*,#6302,.F.);
#7972=ORIENTED_EDGE('',*,*,#6131,.T.);
#7973=ORIENTED_EDGE('',*,*,#6304,.T.);
#7974=ORIENTED_EDGE('',*,*,#6305,.F.);
#7975=ORIENTED_EDGE('',*,*,#6304,.F.);
#7976=ORIENTED_EDGE('',*,*,#6306,.F.);
#7977=ORIENTED_EDGE('',*,*,#6307,.T.);
#7978=ORIENTED_EDGE('',*,*,#6254,.F.);
#7979=ORIENTED_EDGE('',*,*,#6307,.F.);
#7980=ORIENTED_EDGE('',*,*,#6308,.F.);
#7981=ORIENTED_EDGE('',*,*,#6309,.T.);
#7982=ORIENTED_EDGE('',*,*,#6310,.F.);
#7983=ORIENTED_EDGE('',*,*,#6309,.F.);
#7984=ORIENTED_EDGE('',*,*,#6305,.T.);
#7985=ORIENTED_EDGE('',*,*,#6308,.T.);
#7986=ORIENTED_EDGE('',*,*,#6311,.F.);
#7987=ORIENTED_EDGE('',*,*,#5583,.F.);
#7988=ORIENTED_EDGE('',*,*,#6312,.F.);
#7989=ORIENTED_EDGE('',*,*,#5882,.F.);
#7990=ORIENTED_EDGE('',*,*,#5883,.T.);
#7991=ORIENTED_EDGE('',*,*,#6312,.T.);
#7992=ORIENTED_EDGE('',*,*,#5582,.T.);
#7993=ORIENTED_EDGE('',*,*,#6313,.T.);
#7994=ORIENTED_EDGE('',*,*,#6314,.F.);
#7995=ORIENTED_EDGE('',*,*,#5884,.F.);
#7996=ORIENTED_EDGE('',*,*,#6313,.F.);
#7997=ORIENTED_EDGE('',*,*,#5581,.F.);
#7998=ORIENTED_EDGE('',*,*,#5885,.T.);
#7999=ORIENTED_EDGE('',*,*,#6314,.T.);
#8000=ORIENTED_EDGE('',*,*,#5580,.T.);
#8001=ORIENTED_EDGE('',*,*,#6315,.T.);
#8002=ORIENTED_EDGE('',*,*,#6316,.F.);
#8003=ORIENTED_EDGE('',*,*,#5886,.F.);
#8004=ORIENTED_EDGE('',*,*,#6315,.F.);
#8005=ORIENTED_EDGE('',*,*,#5579,.F.);
#8006=ORIENTED_EDGE('',*,*,#5887,.T.);
#8007=ORIENTED_EDGE('',*,*,#6316,.T.);
#8008=ORIENTED_EDGE('',*,*,#5578,.T.);
#8009=ORIENTED_EDGE('',*,*,#6317,.T.);
#8010=ORIENTED_EDGE('',*,*,#6318,.F.);
#8011=ORIENTED_EDGE('',*,*,#5888,.F.);
#8012=ORIENTED_EDGE('',*,*,#6317,.F.);
#8013=ORIENTED_EDGE('',*,*,#5577,.F.);
#8014=ORIENTED_EDGE('',*,*,#5881,.T.);
#8015=ORIENTED_EDGE('',*,*,#6318,.T.);
#8016=ORIENTED_EDGE('',*,*,#5576,.T.);
#8017=ORIENTED_EDGE('',*,*,#6311,.T.);
#8018=ORIENTED_EDGE('',*,*,#6319,.F.);
#8019=ORIENTED_EDGE('',*,*,#5591,.F.);
#8020=ORIENTED_EDGE('',*,*,#6320,.F.);
#8021=ORIENTED_EDGE('',*,*,#5890,.F.);
#8022=ORIENTED_EDGE('',*,*,#5891,.T.);
#8023=ORIENTED_EDGE('',*,*,#6320,.T.);
#8024=ORIENTED_EDGE('',*,*,#5590,.T.);
#8025=ORIENTED_EDGE('',*,*,#6321,.T.);
#8026=ORIENTED_EDGE('',*,*,#6322,.F.);
#8027=ORIENTED_EDGE('',*,*,#5892,.F.);
#8028=ORIENTED_EDGE('',*,*,#6321,.F.);
#8029=ORIENTED_EDGE('',*,*,#5589,.F.);
#8030=ORIENTED_EDGE('',*,*,#5893,.T.);
#8031=ORIENTED_EDGE('',*,*,#6322,.T.);
#8032=ORIENTED_EDGE('',*,*,#5588,.T.);
#8033=ORIENTED_EDGE('',*,*,#6323,.T.);
#8034=ORIENTED_EDGE('',*,*,#6324,.F.);
#8035=ORIENTED_EDGE('',*,*,#5894,.F.);
#8036=ORIENTED_EDGE('',*,*,#6323,.F.);
#8037=ORIENTED_EDGE('',*,*,#5587,.F.);
#8038=ORIENTED_EDGE('',*,*,#5895,.T.);
#8039=ORIENTED_EDGE('',*,*,#6324,.T.);
#8040=ORIENTED_EDGE('',*,*,#5586,.T.);
#8041=ORIENTED_EDGE('',*,*,#6325,.T.);
#8042=ORIENTED_EDGE('',*,*,#6326,.F.);
#8043=ORIENTED_EDGE('',*,*,#5896,.F.);
#8044=ORIENTED_EDGE('',*,*,#6325,.F.);
#8045=ORIENTED_EDGE('',*,*,#5585,.F.);
#8046=ORIENTED_EDGE('',*,*,#5889,.T.);
#8047=ORIENTED_EDGE('',*,*,#6326,.T.);
#8048=ORIENTED_EDGE('',*,*,#5584,.T.);
#8049=ORIENTED_EDGE('',*,*,#6319,.T.);
#8050=ORIENTED_EDGE('',*,*,#6327,.F.);
#8051=ORIENTED_EDGE('',*,*,#5599,.F.);
#8052=ORIENTED_EDGE('',*,*,#6328,.F.);
#8053=ORIENTED_EDGE('',*,*,#5898,.F.);
#8054=ORIENTED_EDGE('',*,*,#5899,.T.);
#8055=ORIENTED_EDGE('',*,*,#6328,.T.);
#8056=ORIENTED_EDGE('',*,*,#5598,.T.);
#8057=ORIENTED_EDGE('',*,*,#6329,.T.);
#8058=ORIENTED_EDGE('',*,*,#6330,.F.);
#8059=ORIENTED_EDGE('',*,*,#5900,.F.);
#8060=ORIENTED_EDGE('',*,*,#6329,.F.);
#8061=ORIENTED_EDGE('',*,*,#5597,.F.);
#8062=ORIENTED_EDGE('',*,*,#5901,.T.);
#8063=ORIENTED_EDGE('',*,*,#6330,.T.);
#8064=ORIENTED_EDGE('',*,*,#5596,.T.);
#8065=ORIENTED_EDGE('',*,*,#6331,.T.);
#8066=ORIENTED_EDGE('',*,*,#6332,.F.);
#8067=ORIENTED_EDGE('',*,*,#5902,.F.);
#8068=ORIENTED_EDGE('',*,*,#6331,.F.);
#8069=ORIENTED_EDGE('',*,*,#5595,.F.);
#8070=ORIENTED_EDGE('',*,*,#5903,.T.);
#8071=ORIENTED_EDGE('',*,*,#6332,.T.);
#8072=ORIENTED_EDGE('',*,*,#5594,.T.);
#8073=ORIENTED_EDGE('',*,*,#6333,.T.);
#8074=ORIENTED_EDGE('',*,*,#6334,.F.);
#8075=ORIENTED_EDGE('',*,*,#5904,.F.);
#8076=ORIENTED_EDGE('',*,*,#6333,.F.);
#8077=ORIENTED_EDGE('',*,*,#5593,.F.);
#8078=ORIENTED_EDGE('',*,*,#5897,.T.);
#8079=ORIENTED_EDGE('',*,*,#6334,.T.);
#8080=ORIENTED_EDGE('',*,*,#5592,.T.);
#8081=ORIENTED_EDGE('',*,*,#6327,.T.);
#8082=ORIENTED_EDGE('',*,*,#6335,.F.);
#8083=ORIENTED_EDGE('',*,*,#5607,.F.);
#8084=ORIENTED_EDGE('',*,*,#6336,.F.);
#8085=ORIENTED_EDGE('',*,*,#5906,.F.);
#8086=ORIENTED_EDGE('',*,*,#5907,.T.);
#8087=ORIENTED_EDGE('',*,*,#6336,.T.);
#8088=ORIENTED_EDGE('',*,*,#5606,.T.);
#8089=ORIENTED_EDGE('',*,*,#6337,.T.);
#8090=ORIENTED_EDGE('',*,*,#6338,.F.);
#8091=ORIENTED_EDGE('',*,*,#5908,.F.);
#8092=ORIENTED_EDGE('',*,*,#6337,.F.);
#8093=ORIENTED_EDGE('',*,*,#5605,.F.);
#8094=ORIENTED_EDGE('',*,*,#5909,.T.);
#8095=ORIENTED_EDGE('',*,*,#6338,.T.);
#8096=ORIENTED_EDGE('',*,*,#5604,.T.);
#8097=ORIENTED_EDGE('',*,*,#6339,.T.);
#8098=ORIENTED_EDGE('',*,*,#6340,.F.);
#8099=ORIENTED_EDGE('',*,*,#5910,.F.);
#8100=ORIENTED_EDGE('',*,*,#6339,.F.);
#8101=ORIENTED_EDGE('',*,*,#5603,.F.);
#8102=ORIENTED_EDGE('',*,*,#5911,.T.);
#8103=ORIENTED_EDGE('',*,*,#6340,.T.);
#8104=ORIENTED_EDGE('',*,*,#5602,.T.);
#8105=ORIENTED_EDGE('',*,*,#6341,.T.);
#8106=ORIENTED_EDGE('',*,*,#6342,.F.);
#8107=ORIENTED_EDGE('',*,*,#5912,.F.);
#8108=ORIENTED_EDGE('',*,*,#6341,.F.);
#8109=ORIENTED_EDGE('',*,*,#5601,.F.);
#8110=ORIENTED_EDGE('',*,*,#5905,.T.);
#8111=ORIENTED_EDGE('',*,*,#6342,.T.);
#8112=ORIENTED_EDGE('',*,*,#5600,.T.);
#8113=ORIENTED_EDGE('',*,*,#6335,.T.);
#8114=ORIENTED_EDGE('',*,*,#6343,.F.);
#8115=ORIENTED_EDGE('',*,*,#5615,.F.);
#8116=ORIENTED_EDGE('',*,*,#6344,.F.);
#8117=ORIENTED_EDGE('',*,*,#5914,.F.);
#8118=ORIENTED_EDGE('',*,*,#5915,.T.);
#8119=ORIENTED_EDGE('',*,*,#6344,.T.);
#8120=ORIENTED_EDGE('',*,*,#5614,.T.);
#8121=ORIENTED_EDGE('',*,*,#6345,.T.);
#8122=ORIENTED_EDGE('',*,*,#6346,.F.);
#8123=ORIENTED_EDGE('',*,*,#5916,.F.);
#8124=ORIENTED_EDGE('',*,*,#6345,.F.);
#8125=ORIENTED_EDGE('',*,*,#5613,.F.);
#8126=ORIENTED_EDGE('',*,*,#5917,.T.);
#8127=ORIENTED_EDGE('',*,*,#6346,.T.);
#8128=ORIENTED_EDGE('',*,*,#5612,.T.);
#8129=ORIENTED_EDGE('',*,*,#6347,.T.);
#8130=ORIENTED_EDGE('',*,*,#6348,.F.);
#8131=ORIENTED_EDGE('',*,*,#5918,.F.);
#8132=ORIENTED_EDGE('',*,*,#6347,.F.);
#8133=ORIENTED_EDGE('',*,*,#5611,.F.);
#8134=ORIENTED_EDGE('',*,*,#5919,.T.);
#8135=ORIENTED_EDGE('',*,*,#6348,.T.);
#8136=ORIENTED_EDGE('',*,*,#5610,.T.);
#8137=ORIENTED_EDGE('',*,*,#6349,.T.);
#8138=ORIENTED_EDGE('',*,*,#6350,.F.);
#8139=ORIENTED_EDGE('',*,*,#5920,.F.);
#8140=ORIENTED_EDGE('',*,*,#6349,.F.);
#8141=ORIENTED_EDGE('',*,*,#5609,.F.);
#8142=ORIENTED_EDGE('',*,*,#5913,.T.);
#8143=ORIENTED_EDGE('',*,*,#6350,.T.);
#8144=ORIENTED_EDGE('',*,*,#5608,.T.);
#8145=ORIENTED_EDGE('',*,*,#6343,.T.);
#8146=ORIENTED_EDGE('',*,*,#6351,.F.);
#8147=ORIENTED_EDGE('',*,*,#5623,.F.);
#8148=ORIENTED_EDGE('',*,*,#6352,.F.);
#8149=ORIENTED_EDGE('',*,*,#5922,.F.);
#8150=ORIENTED_EDGE('',*,*,#5923,.T.);
#8151=ORIENTED_EDGE('',*,*,#6352,.T.);
#8152=ORIENTED_EDGE('',*,*,#5622,.T.);
#8153=ORIENTED_EDGE('',*,*,#6353,.T.);
#8154=ORIENTED_EDGE('',*,*,#6354,.F.);
#8155=ORIENTED_EDGE('',*,*,#5924,.F.);
#8156=ORIENTED_EDGE('',*,*,#6353,.F.);
#8157=ORIENTED_EDGE('',*,*,#5621,.F.);
#8158=ORIENTED_EDGE('',*,*,#5925,.T.);
#8159=ORIENTED_EDGE('',*,*,#6354,.T.);
#8160=ORIENTED_EDGE('',*,*,#5620,.T.);
#8161=ORIENTED_EDGE('',*,*,#6355,.T.);
#8162=ORIENTED_EDGE('',*,*,#6356,.F.);
#8163=ORIENTED_EDGE('',*,*,#5926,.F.);
#8164=ORIENTED_EDGE('',*,*,#6355,.F.);
#8165=ORIENTED_EDGE('',*,*,#5619,.F.);
#8166=ORIENTED_EDGE('',*,*,#5927,.T.);
#8167=ORIENTED_EDGE('',*,*,#6356,.T.);
#8168=ORIENTED_EDGE('',*,*,#5618,.T.);
#8169=ORIENTED_EDGE('',*,*,#6357,.T.);
#8170=ORIENTED_EDGE('',*,*,#6358,.F.);
#8171=ORIENTED_EDGE('',*,*,#5928,.F.);
#8172=ORIENTED_EDGE('',*,*,#6357,.F.);
#8173=ORIENTED_EDGE('',*,*,#5617,.F.);
#8174=ORIENTED_EDGE('',*,*,#5921,.T.);
#8175=ORIENTED_EDGE('',*,*,#6358,.T.);
#8176=ORIENTED_EDGE('',*,*,#5616,.T.);
#8177=ORIENTED_EDGE('',*,*,#6351,.T.);
#8178=ORIENTED_EDGE('',*,*,#6359,.F.);
#8179=ORIENTED_EDGE('',*,*,#5631,.F.);
#8180=ORIENTED_EDGE('',*,*,#6360,.F.);
#8181=ORIENTED_EDGE('',*,*,#5930,.F.);
#8182=ORIENTED_EDGE('',*,*,#5931,.T.);
#8183=ORIENTED_EDGE('',*,*,#6360,.T.);
#8184=ORIENTED_EDGE('',*,*,#5630,.T.);
#8185=ORIENTED_EDGE('',*,*,#6361,.T.);
#8186=ORIENTED_EDGE('',*,*,#6362,.F.);
#8187=ORIENTED_EDGE('',*,*,#5932,.F.);
#8188=ORIENTED_EDGE('',*,*,#6361,.F.);
#8189=ORIENTED_EDGE('',*,*,#5629,.F.);
#8190=ORIENTED_EDGE('',*,*,#5933,.T.);
#8191=ORIENTED_EDGE('',*,*,#6362,.T.);
#8192=ORIENTED_EDGE('',*,*,#5628,.T.);
#8193=ORIENTED_EDGE('',*,*,#6363,.T.);
#8194=ORIENTED_EDGE('',*,*,#6364,.F.);
#8195=ORIENTED_EDGE('',*,*,#5934,.F.);
#8196=ORIENTED_EDGE('',*,*,#6363,.F.);
#8197=ORIENTED_EDGE('',*,*,#5627,.F.);
#8198=ORIENTED_EDGE('',*,*,#5935,.T.);
#8199=ORIENTED_EDGE('',*,*,#6364,.T.);
#8200=ORIENTED_EDGE('',*,*,#5626,.T.);
#8201=ORIENTED_EDGE('',*,*,#6365,.T.);
#8202=ORIENTED_EDGE('',*,*,#6366,.F.);
#8203=ORIENTED_EDGE('',*,*,#5936,.F.);
#8204=ORIENTED_EDGE('',*,*,#6365,.F.);
#8205=ORIENTED_EDGE('',*,*,#5625,.F.);
#8206=ORIENTED_EDGE('',*,*,#5929,.T.);
#8207=ORIENTED_EDGE('',*,*,#6366,.T.);
#8208=ORIENTED_EDGE('',*,*,#5624,.T.);
#8209=ORIENTED_EDGE('',*,*,#6359,.T.);
#8210=ORIENTED_EDGE('',*,*,#6367,.F.);
#8211=ORIENTED_EDGE('',*,*,#5639,.F.);
#8212=ORIENTED_EDGE('',*,*,#6368,.F.);
#8213=ORIENTED_EDGE('',*,*,#5938,.F.);
#8214=ORIENTED_EDGE('',*,*,#5939,.T.);
#8215=ORIENTED_EDGE('',*,*,#6368,.T.);
#8216=ORIENTED_EDGE('',*,*,#5638,.T.);
#8217=ORIENTED_EDGE('',*,*,#6369,.T.);
#8218=ORIENTED_EDGE('',*,*,#6370,.F.);
#8219=ORIENTED_EDGE('',*,*,#5940,.F.);
#8220=ORIENTED_EDGE('',*,*,#6369,.F.);
#8221=ORIENTED_EDGE('',*,*,#5637,.F.);
#8222=ORIENTED_EDGE('',*,*,#5941,.T.);
#8223=ORIENTED_EDGE('',*,*,#6370,.T.);
#8224=ORIENTED_EDGE('',*,*,#5636,.T.);
#8225=ORIENTED_EDGE('',*,*,#6371,.T.);
#8226=ORIENTED_EDGE('',*,*,#6372,.F.);
#8227=ORIENTED_EDGE('',*,*,#5942,.F.);
#8228=ORIENTED_EDGE('',*,*,#6371,.F.);
#8229=ORIENTED_EDGE('',*,*,#5635,.F.);
#8230=ORIENTED_EDGE('',*,*,#5943,.T.);
#8231=ORIENTED_EDGE('',*,*,#6372,.T.);
#8232=ORIENTED_EDGE('',*,*,#5634,.T.);
#8233=ORIENTED_EDGE('',*,*,#6373,.T.);
#8234=ORIENTED_EDGE('',*,*,#6374,.F.);
#8235=ORIENTED_EDGE('',*,*,#5944,.F.);
#8236=ORIENTED_EDGE('',*,*,#6373,.F.);
#8237=ORIENTED_EDGE('',*,*,#5633,.F.);
#8238=ORIENTED_EDGE('',*,*,#5937,.T.);
#8239=ORIENTED_EDGE('',*,*,#6374,.T.);
#8240=ORIENTED_EDGE('',*,*,#5632,.T.);
#8241=ORIENTED_EDGE('',*,*,#6367,.T.);
#8242=ORIENTED_EDGE('',*,*,#6375,.F.);
#8243=ORIENTED_EDGE('',*,*,#5647,.F.);
#8244=ORIENTED_EDGE('',*,*,#6376,.F.);
#8245=ORIENTED_EDGE('',*,*,#5946,.F.);
#8246=ORIENTED_EDGE('',*,*,#5947,.T.);
#8247=ORIENTED_EDGE('',*,*,#6376,.T.);
#8248=ORIENTED_EDGE('',*,*,#5646,.T.);
#8249=ORIENTED_EDGE('',*,*,#6377,.T.);
#8250=ORIENTED_EDGE('',*,*,#6378,.F.);
#8251=ORIENTED_EDGE('',*,*,#5948,.F.);
#8252=ORIENTED_EDGE('',*,*,#6377,.F.);
#8253=ORIENTED_EDGE('',*,*,#5645,.F.);
#8254=ORIENTED_EDGE('',*,*,#5949,.T.);
#8255=ORIENTED_EDGE('',*,*,#6378,.T.);
#8256=ORIENTED_EDGE('',*,*,#5644,.T.);
#8257=ORIENTED_EDGE('',*,*,#6379,.T.);
#8258=ORIENTED_EDGE('',*,*,#6380,.F.);
#8259=ORIENTED_EDGE('',*,*,#5950,.F.);
#8260=ORIENTED_EDGE('',*,*,#6379,.F.);
#8261=ORIENTED_EDGE('',*,*,#5643,.F.);
#8262=ORIENTED_EDGE('',*,*,#5951,.T.);
#8263=ORIENTED_EDGE('',*,*,#6380,.T.);
#8264=ORIENTED_EDGE('',*,*,#5642,.T.);
#8265=ORIENTED_EDGE('',*,*,#6381,.T.);
#8266=ORIENTED_EDGE('',*,*,#6382,.F.);
#8267=ORIENTED_EDGE('',*,*,#5952,.F.);
#8268=ORIENTED_EDGE('',*,*,#6381,.F.);
#8269=ORIENTED_EDGE('',*,*,#5641,.F.);
#8270=ORIENTED_EDGE('',*,*,#5945,.T.);
#8271=ORIENTED_EDGE('',*,*,#6382,.T.);
#8272=ORIENTED_EDGE('',*,*,#5640,.T.);
#8273=ORIENTED_EDGE('',*,*,#6375,.T.);
#8274=ORIENTED_EDGE('',*,*,#6383,.F.);
#8275=ORIENTED_EDGE('',*,*,#5655,.F.);
#8276=ORIENTED_EDGE('',*,*,#6384,.F.);
#8277=ORIENTED_EDGE('',*,*,#5954,.F.);
#8278=ORIENTED_EDGE('',*,*,#5955,.T.);
#8279=ORIENTED_EDGE('',*,*,#6384,.T.);
#8280=ORIENTED_EDGE('',*,*,#5654,.T.);
#8281=ORIENTED_EDGE('',*,*,#6385,.T.);
#8282=ORIENTED_EDGE('',*,*,#6386,.F.);
#8283=ORIENTED_EDGE('',*,*,#5956,.F.);
#8284=ORIENTED_EDGE('',*,*,#6385,.F.);
#8285=ORIENTED_EDGE('',*,*,#5653,.F.);
#8286=ORIENTED_EDGE('',*,*,#5957,.T.);
#8287=ORIENTED_EDGE('',*,*,#6386,.T.);
#8288=ORIENTED_EDGE('',*,*,#5652,.T.);
#8289=ORIENTED_EDGE('',*,*,#6387,.T.);
#8290=ORIENTED_EDGE('',*,*,#6388,.F.);
#8291=ORIENTED_EDGE('',*,*,#5958,.F.);
#8292=ORIENTED_EDGE('',*,*,#6387,.F.);
#8293=ORIENTED_EDGE('',*,*,#5651,.F.);
#8294=ORIENTED_EDGE('',*,*,#5959,.T.);
#8295=ORIENTED_EDGE('',*,*,#6388,.T.);
#8296=ORIENTED_EDGE('',*,*,#5650,.T.);
#8297=ORIENTED_EDGE('',*,*,#6389,.T.);
#8298=ORIENTED_EDGE('',*,*,#6390,.F.);
#8299=ORIENTED_EDGE('',*,*,#5960,.F.);
#8300=ORIENTED_EDGE('',*,*,#6389,.F.);
#8301=ORIENTED_EDGE('',*,*,#5649,.F.);
#8302=ORIENTED_EDGE('',*,*,#5953,.T.);
#8303=ORIENTED_EDGE('',*,*,#6390,.T.);
#8304=ORIENTED_EDGE('',*,*,#5648,.T.);
#8305=ORIENTED_EDGE('',*,*,#6383,.T.);
#8306=ORIENTED_EDGE('',*,*,#6391,.F.);
#8307=ORIENTED_EDGE('',*,*,#5663,.F.);
#8308=ORIENTED_EDGE('',*,*,#6392,.F.);
#8309=ORIENTED_EDGE('',*,*,#5962,.F.);
#8310=ORIENTED_EDGE('',*,*,#5963,.T.);
#8311=ORIENTED_EDGE('',*,*,#6392,.T.);
#8312=ORIENTED_EDGE('',*,*,#5662,.T.);
#8313=ORIENTED_EDGE('',*,*,#6393,.T.);
#8314=ORIENTED_EDGE('',*,*,#6394,.F.);
#8315=ORIENTED_EDGE('',*,*,#5964,.F.);
#8316=ORIENTED_EDGE('',*,*,#6393,.F.);
#8317=ORIENTED_EDGE('',*,*,#5661,.F.);
#8318=ORIENTED_EDGE('',*,*,#5965,.T.);
#8319=ORIENTED_EDGE('',*,*,#6394,.T.);
#8320=ORIENTED_EDGE('',*,*,#5660,.T.);
#8321=ORIENTED_EDGE('',*,*,#6395,.T.);
#8322=ORIENTED_EDGE('',*,*,#6396,.F.);
#8323=ORIENTED_EDGE('',*,*,#5966,.F.);
#8324=ORIENTED_EDGE('',*,*,#6395,.F.);
#8325=ORIENTED_EDGE('',*,*,#5659,.F.);
#8326=ORIENTED_EDGE('',*,*,#5967,.T.);
#8327=ORIENTED_EDGE('',*,*,#6396,.T.);
#8328=ORIENTED_EDGE('',*,*,#5658,.T.);
#8329=ORIENTED_EDGE('',*,*,#6397,.T.);
#8330=ORIENTED_EDGE('',*,*,#6398,.F.);
#8331=ORIENTED_EDGE('',*,*,#5968,.F.);
#8332=ORIENTED_EDGE('',*,*,#6397,.F.);
#8333=ORIENTED_EDGE('',*,*,#5657,.F.);
#8334=ORIENTED_EDGE('',*,*,#5961,.T.);
#8335=ORIENTED_EDGE('',*,*,#6398,.T.);
#8336=ORIENTED_EDGE('',*,*,#5656,.T.);
#8337=ORIENTED_EDGE('',*,*,#6391,.T.);
#8338=ORIENTED_EDGE('',*,*,#6399,.F.);
#8339=ORIENTED_EDGE('',*,*,#5671,.F.);
#8340=ORIENTED_EDGE('',*,*,#6400,.F.);
#8341=ORIENTED_EDGE('',*,*,#5970,.F.);
#8342=ORIENTED_EDGE('',*,*,#5971,.T.);
#8343=ORIENTED_EDGE('',*,*,#6400,.T.);
#8344=ORIENTED_EDGE('',*,*,#5670,.T.);
#8345=ORIENTED_EDGE('',*,*,#6401,.T.);
#8346=ORIENTED_EDGE('',*,*,#6402,.F.);
#8347=ORIENTED_EDGE('',*,*,#5972,.F.);
#8348=ORIENTED_EDGE('',*,*,#6401,.F.);
#8349=ORIENTED_EDGE('',*,*,#5669,.F.);
#8350=ORIENTED_EDGE('',*,*,#5973,.T.);
#8351=ORIENTED_EDGE('',*,*,#6402,.T.);
#8352=ORIENTED_EDGE('',*,*,#5668,.T.);
#8353=ORIENTED_EDGE('',*,*,#6403,.T.);
#8354=ORIENTED_EDGE('',*,*,#6404,.F.);
#8355=ORIENTED_EDGE('',*,*,#5974,.F.);
#8356=ORIENTED_EDGE('',*,*,#6403,.F.);
#8357=ORIENTED_EDGE('',*,*,#5667,.F.);
#8358=ORIENTED_EDGE('',*,*,#5975,.T.);
#8359=ORIENTED_EDGE('',*,*,#6404,.T.);
#8360=ORIENTED_EDGE('',*,*,#5666,.T.);
#8361=ORIENTED_EDGE('',*,*,#6405,.T.);
#8362=ORIENTED_EDGE('',*,*,#6406,.F.);
#8363=ORIENTED_EDGE('',*,*,#5976,.F.);
#8364=ORIENTED_EDGE('',*,*,#6405,.F.);
#8365=ORIENTED_EDGE('',*,*,#5665,.F.);
#8366=ORIENTED_EDGE('',*,*,#5969,.T.);
#8367=ORIENTED_EDGE('',*,*,#6406,.T.);
#8368=ORIENTED_EDGE('',*,*,#5664,.T.);
#8369=ORIENTED_EDGE('',*,*,#6399,.T.);
#8370=ORIENTED_EDGE('',*,*,#6407,.F.);
#8371=ORIENTED_EDGE('',*,*,#5679,.F.);
#8372=ORIENTED_EDGE('',*,*,#6408,.F.);
#8373=ORIENTED_EDGE('',*,*,#5978,.F.);
#8374=ORIENTED_EDGE('',*,*,#5979,.T.);
#8375=ORIENTED_EDGE('',*,*,#6408,.T.);
#8376=ORIENTED_EDGE('',*,*,#5678,.T.);
#8377=ORIENTED_EDGE('',*,*,#6409,.T.);
#8378=ORIENTED_EDGE('',*,*,#6410,.F.);
#8379=ORIENTED_EDGE('',*,*,#5980,.F.);
#8380=ORIENTED_EDGE('',*,*,#6409,.F.);
#8381=ORIENTED_EDGE('',*,*,#5677,.F.);
#8382=ORIENTED_EDGE('',*,*,#5981,.T.);
#8383=ORIENTED_EDGE('',*,*,#6410,.T.);
#8384=ORIENTED_EDGE('',*,*,#5676,.T.);
#8385=ORIENTED_EDGE('',*,*,#6411,.T.);
#8386=ORIENTED_EDGE('',*,*,#6412,.F.);
#8387=ORIENTED_EDGE('',*,*,#5982,.F.);
#8388=ORIENTED_EDGE('',*,*,#6411,.F.);
#8389=ORIENTED_EDGE('',*,*,#5675,.F.);
#8390=ORIENTED_EDGE('',*,*,#5983,.T.);
#8391=ORIENTED_EDGE('',*,*,#6412,.T.);
#8392=ORIENTED_EDGE('',*,*,#5674,.T.);
#8393=ORIENTED_EDGE('',*,*,#6413,.T.);
#8394=ORIENTED_EDGE('',*,*,#6414,.F.);
#8395=ORIENTED_EDGE('',*,*,#5984,.F.);
#8396=ORIENTED_EDGE('',*,*,#6413,.F.);
#8397=ORIENTED_EDGE('',*,*,#5673,.F.);
#8398=ORIENTED_EDGE('',*,*,#5977,.T.);
#8399=ORIENTED_EDGE('',*,*,#6414,.T.);
#8400=ORIENTED_EDGE('',*,*,#5672,.T.);
#8401=ORIENTED_EDGE('',*,*,#6407,.T.);
#8402=ORIENTED_EDGE('',*,*,#6415,.F.);
#8403=ORIENTED_EDGE('',*,*,#5687,.F.);
#8404=ORIENTED_EDGE('',*,*,#6416,.F.);
#8405=ORIENTED_EDGE('',*,*,#5986,.F.);
#8406=ORIENTED_EDGE('',*,*,#5987,.T.);
#8407=ORIENTED_EDGE('',*,*,#6416,.T.);
#8408=ORIENTED_EDGE('',*,*,#5686,.T.);
#8409=ORIENTED_EDGE('',*,*,#6417,.T.);
#8410=ORIENTED_EDGE('',*,*,#6418,.F.);
#8411=ORIENTED_EDGE('',*,*,#5988,.F.);
#8412=ORIENTED_EDGE('',*,*,#6417,.F.);
#8413=ORIENTED_EDGE('',*,*,#5685,.F.);
#8414=ORIENTED_EDGE('',*,*,#5989,.T.);
#8415=ORIENTED_EDGE('',*,*,#6418,.T.);
#8416=ORIENTED_EDGE('',*,*,#5684,.T.);
#8417=ORIENTED_EDGE('',*,*,#6419,.T.);
#8418=ORIENTED_EDGE('',*,*,#6420,.F.);
#8419=ORIENTED_EDGE('',*,*,#5990,.F.);
#8420=ORIENTED_EDGE('',*,*,#6419,.F.);
#8421=ORIENTED_EDGE('',*,*,#5683,.F.);
#8422=ORIENTED_EDGE('',*,*,#5991,.T.);
#8423=ORIENTED_EDGE('',*,*,#6420,.T.);
#8424=ORIENTED_EDGE('',*,*,#5682,.T.);
#8425=ORIENTED_EDGE('',*,*,#6421,.T.);
#8426=ORIENTED_EDGE('',*,*,#6422,.F.);
#8427=ORIENTED_EDGE('',*,*,#5992,.F.);
#8428=ORIENTED_EDGE('',*,*,#6421,.F.);
#8429=ORIENTED_EDGE('',*,*,#5681,.F.);
#8430=ORIENTED_EDGE('',*,*,#5985,.T.);
#8431=ORIENTED_EDGE('',*,*,#6422,.T.);
#8432=ORIENTED_EDGE('',*,*,#5680,.T.);
#8433=ORIENTED_EDGE('',*,*,#6415,.T.);
#8434=ORIENTED_EDGE('',*,*,#6423,.F.);
#8435=ORIENTED_EDGE('',*,*,#5695,.F.);
#8436=ORIENTED_EDGE('',*,*,#6424,.F.);
#8437=ORIENTED_EDGE('',*,*,#5994,.F.);
#8438=ORIENTED_EDGE('',*,*,#5995,.T.);
#8439=ORIENTED_EDGE('',*,*,#6424,.T.);
#8440=ORIENTED_EDGE('',*,*,#5694,.T.);
#8441=ORIENTED_EDGE('',*,*,#6425,.T.);
#8442=ORIENTED_EDGE('',*,*,#6426,.F.);
#8443=ORIENTED_EDGE('',*,*,#5996,.F.);
#8444=ORIENTED_EDGE('',*,*,#6425,.F.);
#8445=ORIENTED_EDGE('',*,*,#5693,.F.);
#8446=ORIENTED_EDGE('',*,*,#5997,.T.);
#8447=ORIENTED_EDGE('',*,*,#6426,.T.);
#8448=ORIENTED_EDGE('',*,*,#5692,.T.);
#8449=ORIENTED_EDGE('',*,*,#6427,.T.);
#8450=ORIENTED_EDGE('',*,*,#6428,.F.);
#8451=ORIENTED_EDGE('',*,*,#5998,.F.);
#8452=ORIENTED_EDGE('',*,*,#6427,.F.);
#8453=ORIENTED_EDGE('',*,*,#5691,.F.);
#8454=ORIENTED_EDGE('',*,*,#5999,.T.);
#8455=ORIENTED_EDGE('',*,*,#6428,.T.);
#8456=ORIENTED_EDGE('',*,*,#5690,.T.);
#8457=ORIENTED_EDGE('',*,*,#6429,.T.);
#8458=ORIENTED_EDGE('',*,*,#6430,.F.);
#8459=ORIENTED_EDGE('',*,*,#6000,.F.);
#8460=ORIENTED_EDGE('',*,*,#6429,.F.);
#8461=ORIENTED_EDGE('',*,*,#5689,.F.);
#8462=ORIENTED_EDGE('',*,*,#5993,.T.);
#8463=ORIENTED_EDGE('',*,*,#6430,.T.);
#8464=ORIENTED_EDGE('',*,*,#5688,.T.);
#8465=ORIENTED_EDGE('',*,*,#6423,.T.);
#8466=ORIENTED_EDGE('',*,*,#6431,.F.);
#8467=ORIENTED_EDGE('',*,*,#5703,.F.);
#8468=ORIENTED_EDGE('',*,*,#6432,.F.);
#8469=ORIENTED_EDGE('',*,*,#6002,.F.);
#8470=ORIENTED_EDGE('',*,*,#6003,.T.);
#8471=ORIENTED_EDGE('',*,*,#6432,.T.);
#8472=ORIENTED_EDGE('',*,*,#5702,.T.);
#8473=ORIENTED_EDGE('',*,*,#6433,.T.);
#8474=ORIENTED_EDGE('',*,*,#6434,.F.);
#8475=ORIENTED_EDGE('',*,*,#6004,.F.);
#8476=ORIENTED_EDGE('',*,*,#6433,.F.);
#8477=ORIENTED_EDGE('',*,*,#5701,.F.);
#8478=ORIENTED_EDGE('',*,*,#6005,.T.);
#8479=ORIENTED_EDGE('',*,*,#6434,.T.);
#8480=ORIENTED_EDGE('',*,*,#5700,.T.);
#8481=ORIENTED_EDGE('',*,*,#6435,.T.);
#8482=ORIENTED_EDGE('',*,*,#6436,.F.);
#8483=ORIENTED_EDGE('',*,*,#6006,.F.);
#8484=ORIENTED_EDGE('',*,*,#6435,.F.);
#8485=ORIENTED_EDGE('',*,*,#5699,.F.);
#8486=ORIENTED_EDGE('',*,*,#6007,.T.);
#8487=ORIENTED_EDGE('',*,*,#6436,.T.);
#8488=ORIENTED_EDGE('',*,*,#5698,.T.);
#8489=ORIENTED_EDGE('',*,*,#6437,.T.);
#8490=ORIENTED_EDGE('',*,*,#6438,.F.);
#8491=ORIENTED_EDGE('',*,*,#6008,.F.);
#8492=ORIENTED_EDGE('',*,*,#6437,.F.);
#8493=ORIENTED_EDGE('',*,*,#5697,.F.);
#8494=ORIENTED_EDGE('',*,*,#6001,.T.);
#8495=ORIENTED_EDGE('',*,*,#6438,.T.);
#8496=ORIENTED_EDGE('',*,*,#5696,.T.);
#8497=ORIENTED_EDGE('',*,*,#6431,.T.);
#8498=ORIENTED_EDGE('',*,*,#6439,.F.);
#8499=ORIENTED_EDGE('',*,*,#5711,.F.);
#8500=ORIENTED_EDGE('',*,*,#6440,.F.);
#8501=ORIENTED_EDGE('',*,*,#6010,.F.);
#8502=ORIENTED_EDGE('',*,*,#6011,.T.);
#8503=ORIENTED_EDGE('',*,*,#6440,.T.);
#8504=ORIENTED_EDGE('',*,*,#5710,.T.);
#8505=ORIENTED_EDGE('',*,*,#6441,.T.);
#8506=ORIENTED_EDGE('',*,*,#6442,.F.);
#8507=ORIENTED_EDGE('',*,*,#6012,.F.);
#8508=ORIENTED_EDGE('',*,*,#6441,.F.);
#8509=ORIENTED_EDGE('',*,*,#5709,.F.);
#8510=ORIENTED_EDGE('',*,*,#6013,.T.);
#8511=ORIENTED_EDGE('',*,*,#6442,.T.);
#8512=ORIENTED_EDGE('',*,*,#5708,.T.);
#8513=ORIENTED_EDGE('',*,*,#6443,.T.);
#8514=ORIENTED_EDGE('',*,*,#6444,.F.);
#8515=ORIENTED_EDGE('',*,*,#6014,.F.);
#8516=ORIENTED_EDGE('',*,*,#6443,.F.);
#8517=ORIENTED_EDGE('',*,*,#5707,.F.);
#8518=ORIENTED_EDGE('',*,*,#6015,.T.);
#8519=ORIENTED_EDGE('',*,*,#6444,.T.);
#8520=ORIENTED_EDGE('',*,*,#5706,.T.);
#8521=ORIENTED_EDGE('',*,*,#6445,.T.);
#8522=ORIENTED_EDGE('',*,*,#6446,.F.);
#8523=ORIENTED_EDGE('',*,*,#6016,.F.);
#8524=ORIENTED_EDGE('',*,*,#6445,.F.);
#8525=ORIENTED_EDGE('',*,*,#5705,.F.);
#8526=ORIENTED_EDGE('',*,*,#6009,.T.);
#8527=ORIENTED_EDGE('',*,*,#6446,.T.);
#8528=ORIENTED_EDGE('',*,*,#5704,.T.);
#8529=ORIENTED_EDGE('',*,*,#6439,.T.);
#8530=ORIENTED_EDGE('',*,*,#6447,.F.);
#8531=ORIENTED_EDGE('',*,*,#5719,.F.);
#8532=ORIENTED_EDGE('',*,*,#6448,.F.);
#8533=ORIENTED_EDGE('',*,*,#6018,.F.);
#8534=ORIENTED_EDGE('',*,*,#6019,.T.);
#8535=ORIENTED_EDGE('',*,*,#6448,.T.);
#8536=ORIENTED_EDGE('',*,*,#5718,.T.);
#8537=ORIENTED_EDGE('',*,*,#6449,.T.);
#8538=ORIENTED_EDGE('',*,*,#6450,.F.);
#8539=ORIENTED_EDGE('',*,*,#6020,.F.);
#8540=ORIENTED_EDGE('',*,*,#6449,.F.);
#8541=ORIENTED_EDGE('',*,*,#5717,.F.);
#8542=ORIENTED_EDGE('',*,*,#6021,.T.);
#8543=ORIENTED_EDGE('',*,*,#6450,.T.);
#8544=ORIENTED_EDGE('',*,*,#5716,.T.);
#8545=ORIENTED_EDGE('',*,*,#6451,.T.);
#8546=ORIENTED_EDGE('',*,*,#6452,.F.);
#8547=ORIENTED_EDGE('',*,*,#6022,.F.);
#8548=ORIENTED_EDGE('',*,*,#6451,.F.);
#8549=ORIENTED_EDGE('',*,*,#5715,.F.);
#8550=ORIENTED_EDGE('',*,*,#6023,.T.);
#8551=ORIENTED_EDGE('',*,*,#6452,.T.);
#8552=ORIENTED_EDGE('',*,*,#5714,.T.);
#8553=ORIENTED_EDGE('',*,*,#6453,.T.);
#8554=ORIENTED_EDGE('',*,*,#6454,.F.);
#8555=ORIENTED_EDGE('',*,*,#6024,.F.);
#8556=ORIENTED_EDGE('',*,*,#6453,.F.);
#8557=ORIENTED_EDGE('',*,*,#5713,.F.);
#8558=ORIENTED_EDGE('',*,*,#6017,.T.);
#8559=ORIENTED_EDGE('',*,*,#6454,.T.);
#8560=ORIENTED_EDGE('',*,*,#5712,.T.);
#8561=ORIENTED_EDGE('',*,*,#6447,.T.);
#8562=ORIENTED_EDGE('',*,*,#6455,.F.);
#8563=ORIENTED_EDGE('',*,*,#5727,.F.);
#8564=ORIENTED_EDGE('',*,*,#6456,.F.);
#8565=ORIENTED_EDGE('',*,*,#6026,.F.);
#8566=ORIENTED_EDGE('',*,*,#6027,.T.);
#8567=ORIENTED_EDGE('',*,*,#6456,.T.);
#8568=ORIENTED_EDGE('',*,*,#5726,.T.);
#8569=ORIENTED_EDGE('',*,*,#6457,.T.);
#8570=ORIENTED_EDGE('',*,*,#6458,.F.);
#8571=ORIENTED_EDGE('',*,*,#6028,.F.);
#8572=ORIENTED_EDGE('',*,*,#6457,.F.);
#8573=ORIENTED_EDGE('',*,*,#5725,.F.);
#8574=ORIENTED_EDGE('',*,*,#6029,.T.);
#8575=ORIENTED_EDGE('',*,*,#6458,.T.);
#8576=ORIENTED_EDGE('',*,*,#5724,.T.);
#8577=ORIENTED_EDGE('',*,*,#6459,.T.);
#8578=ORIENTED_EDGE('',*,*,#6460,.F.);
#8579=ORIENTED_EDGE('',*,*,#6030,.F.);
#8580=ORIENTED_EDGE('',*,*,#6459,.F.);
#8581=ORIENTED_EDGE('',*,*,#5723,.F.);
#8582=ORIENTED_EDGE('',*,*,#6031,.T.);
#8583=ORIENTED_EDGE('',*,*,#6460,.T.);
#8584=ORIENTED_EDGE('',*,*,#5722,.T.);
#8585=ORIENTED_EDGE('',*,*,#6461,.T.);
#8586=ORIENTED_EDGE('',*,*,#6462,.F.);
#8587=ORIENTED_EDGE('',*,*,#6032,.F.);
#8588=ORIENTED_EDGE('',*,*,#6461,.F.);
#8589=ORIENTED_EDGE('',*,*,#5721,.F.);
#8590=ORIENTED_EDGE('',*,*,#6025,.T.);
#8591=ORIENTED_EDGE('',*,*,#6462,.T.);
#8592=ORIENTED_EDGE('',*,*,#5720,.T.);
#8593=ORIENTED_EDGE('',*,*,#6455,.T.);
#8594=ORIENTED_EDGE('',*,*,#6463,.F.);
#8595=ORIENTED_EDGE('',*,*,#5735,.F.);
#8596=ORIENTED_EDGE('',*,*,#6464,.F.);
#8597=ORIENTED_EDGE('',*,*,#6034,.F.);
#8598=ORIENTED_EDGE('',*,*,#6035,.T.);
#8599=ORIENTED_EDGE('',*,*,#6464,.T.);
#8600=ORIENTED_EDGE('',*,*,#5734,.T.);
#8601=ORIENTED_EDGE('',*,*,#6465,.T.);
#8602=ORIENTED_EDGE('',*,*,#6466,.F.);
#8603=ORIENTED_EDGE('',*,*,#6036,.F.);
#8604=ORIENTED_EDGE('',*,*,#6465,.F.);
#8605=ORIENTED_EDGE('',*,*,#5733,.F.);
#8606=ORIENTED_EDGE('',*,*,#6037,.T.);
#8607=ORIENTED_EDGE('',*,*,#6466,.T.);
#8608=ORIENTED_EDGE('',*,*,#5732,.T.);
#8609=ORIENTED_EDGE('',*,*,#6467,.T.);
#8610=ORIENTED_EDGE('',*,*,#6468,.F.);
#8611=ORIENTED_EDGE('',*,*,#6038,.F.);
#8612=ORIENTED_EDGE('',*,*,#6467,.F.);
#8613=ORIENTED_EDGE('',*,*,#5731,.F.);
#8614=ORIENTED_EDGE('',*,*,#6039,.T.);
#8615=ORIENTED_EDGE('',*,*,#6468,.T.);
#8616=ORIENTED_EDGE('',*,*,#5730,.T.);
#8617=ORIENTED_EDGE('',*,*,#6469,.T.);
#8618=ORIENTED_EDGE('',*,*,#6470,.F.);
#8619=ORIENTED_EDGE('',*,*,#6040,.F.);
#8620=ORIENTED_EDGE('',*,*,#6469,.F.);
#8621=ORIENTED_EDGE('',*,*,#5729,.F.);
#8622=ORIENTED_EDGE('',*,*,#6033,.T.);
#8623=ORIENTED_EDGE('',*,*,#6470,.T.);
#8624=ORIENTED_EDGE('',*,*,#5728,.T.);
#8625=ORIENTED_EDGE('',*,*,#6463,.T.);
#8626=ORIENTED_EDGE('',*,*,#6471,.F.);
#8627=ORIENTED_EDGE('',*,*,#5743,.F.);
#8628=ORIENTED_EDGE('',*,*,#6472,.F.);
#8629=ORIENTED_EDGE('',*,*,#6042,.F.);
#8630=ORIENTED_EDGE('',*,*,#6043,.T.);
#8631=ORIENTED_EDGE('',*,*,#6472,.T.);
#8632=ORIENTED_EDGE('',*,*,#5742,.T.);
#8633=ORIENTED_EDGE('',*,*,#6473,.T.);
#8634=ORIENTED_EDGE('',*,*,#6474,.F.);
#8635=ORIENTED_EDGE('',*,*,#6044,.F.);
#8636=ORIENTED_EDGE('',*,*,#6473,.F.);
#8637=ORIENTED_EDGE('',*,*,#5741,.F.);
#8638=ORIENTED_EDGE('',*,*,#6045,.T.);
#8639=ORIENTED_EDGE('',*,*,#6474,.T.);
#8640=ORIENTED_EDGE('',*,*,#5740,.T.);
#8641=ORIENTED_EDGE('',*,*,#6475,.T.);
#8642=ORIENTED_EDGE('',*,*,#6476,.F.);
#8643=ORIENTED_EDGE('',*,*,#6046,.F.);
#8644=ORIENTED_EDGE('',*,*,#6475,.F.);
#8645=ORIENTED_EDGE('',*,*,#5739,.F.);
#8646=ORIENTED_EDGE('',*,*,#6047,.T.);
#8647=ORIENTED_EDGE('',*,*,#6476,.T.);
#8648=ORIENTED_EDGE('',*,*,#5738,.T.);
#8649=ORIENTED_EDGE('',*,*,#6477,.T.);
#8650=ORIENTED_EDGE('',*,*,#6478,.F.);
#8651=ORIENTED_EDGE('',*,*,#6048,.F.);
#8652=ORIENTED_EDGE('',*,*,#6477,.F.);
#8653=ORIENTED_EDGE('',*,*,#5737,.F.);
#8654=ORIENTED_EDGE('',*,*,#6041,.T.);
#8655=ORIENTED_EDGE('',*,*,#6478,.T.);
#8656=ORIENTED_EDGE('',*,*,#5736,.T.);
#8657=ORIENTED_EDGE('',*,*,#6471,.T.);
#8658=ORIENTED_EDGE('',*,*,#6479,.F.);
#8659=ORIENTED_EDGE('',*,*,#5751,.F.);
#8660=ORIENTED_EDGE('',*,*,#6480,.F.);
#8661=ORIENTED_EDGE('',*,*,#6050,.F.);
#8662=ORIENTED_EDGE('',*,*,#6051,.T.);
#8663=ORIENTED_EDGE('',*,*,#6480,.T.);
#8664=ORIENTED_EDGE('',*,*,#5750,.T.);
#8665=ORIENTED_EDGE('',*,*,#6481,.T.);
#8666=ORIENTED_EDGE('',*,*,#6482,.F.);
#8667=ORIENTED_EDGE('',*,*,#6052,.F.);
#8668=ORIENTED_EDGE('',*,*,#6481,.F.);
#8669=ORIENTED_EDGE('',*,*,#5749,.F.);
#8670=ORIENTED_EDGE('',*,*,#6053,.T.);
#8671=ORIENTED_EDGE('',*,*,#6482,.T.);
#8672=ORIENTED_EDGE('',*,*,#5748,.T.);
#8673=ORIENTED_EDGE('',*,*,#6483,.T.);
#8674=ORIENTED_EDGE('',*,*,#6484,.F.);
#8675=ORIENTED_EDGE('',*,*,#6054,.F.);
#8676=ORIENTED_EDGE('',*,*,#6483,.F.);
#8677=ORIENTED_EDGE('',*,*,#5747,.F.);
#8678=ORIENTED_EDGE('',*,*,#6055,.T.);
#8679=ORIENTED_EDGE('',*,*,#6484,.T.);
#8680=ORIENTED_EDGE('',*,*,#5746,.T.);
#8681=ORIENTED_EDGE('',*,*,#6485,.T.);
#8682=ORIENTED_EDGE('',*,*,#6486,.F.);
#8683=ORIENTED_EDGE('',*,*,#6056,.F.);
#8684=ORIENTED_EDGE('',*,*,#6485,.F.);
#8685=ORIENTED_EDGE('',*,*,#5745,.F.);
#8686=ORIENTED_EDGE('',*,*,#6049,.T.);
#8687=ORIENTED_EDGE('',*,*,#6486,.T.);
#8688=ORIENTED_EDGE('',*,*,#5744,.T.);
#8689=ORIENTED_EDGE('',*,*,#6479,.T.);
#8690=ORIENTED_EDGE('',*,*,#6487,.F.);
#8691=ORIENTED_EDGE('',*,*,#5759,.F.);
#8692=ORIENTED_EDGE('',*,*,#6488,.F.);
#8693=ORIENTED_EDGE('',*,*,#6058,.F.);
#8694=ORIENTED_EDGE('',*,*,#6059,.T.);
#8695=ORIENTED_EDGE('',*,*,#6488,.T.);
#8696=ORIENTED_EDGE('',*,*,#5758,.T.);
#8697=ORIENTED_EDGE('',*,*,#6489,.T.);
#8698=ORIENTED_EDGE('',*,*,#6490,.F.);
#8699=ORIENTED_EDGE('',*,*,#6060,.F.);
#8700=ORIENTED_EDGE('',*,*,#6489,.F.);
#8701=ORIENTED_EDGE('',*,*,#5757,.F.);
#8702=ORIENTED_EDGE('',*,*,#6061,.T.);
#8703=ORIENTED_EDGE('',*,*,#6490,.T.);
#8704=ORIENTED_EDGE('',*,*,#5756,.T.);
#8705=ORIENTED_EDGE('',*,*,#6491,.T.);
#8706=ORIENTED_EDGE('',*,*,#6492,.F.);
#8707=ORIENTED_EDGE('',*,*,#6062,.F.);
#8708=ORIENTED_EDGE('',*,*,#6491,.F.);
#8709=ORIENTED_EDGE('',*,*,#5755,.F.);
#8710=ORIENTED_EDGE('',*,*,#6063,.T.);
#8711=ORIENTED_EDGE('',*,*,#6492,.T.);
#8712=ORIENTED_EDGE('',*,*,#5754,.T.);
#8713=ORIENTED_EDGE('',*,*,#6493,.T.);
#8714=ORIENTED_EDGE('',*,*,#6494,.F.);
#8715=ORIENTED_EDGE('',*,*,#6064,.F.);
#8716=ORIENTED_EDGE('',*,*,#6493,.F.);
#8717=ORIENTED_EDGE('',*,*,#5753,.F.);
#8718=ORIENTED_EDGE('',*,*,#6057,.T.);
#8719=ORIENTED_EDGE('',*,*,#6494,.T.);
#8720=ORIENTED_EDGE('',*,*,#5752,.T.);
#8721=ORIENTED_EDGE('',*,*,#6487,.T.);
#8722=ORIENTED_EDGE('',*,*,#6495,.F.);
#8723=ORIENTED_EDGE('',*,*,#5767,.F.);
#8724=ORIENTED_EDGE('',*,*,#6496,.F.);
#8725=ORIENTED_EDGE('',*,*,#6066,.F.);
#8726=ORIENTED_EDGE('',*,*,#6067,.T.);
#8727=ORIENTED_EDGE('',*,*,#6496,.T.);
#8728=ORIENTED_EDGE('',*,*,#5766,.T.);
#8729=ORIENTED_EDGE('',*,*,#6497,.T.);
#8730=ORIENTED_EDGE('',*,*,#6498,.F.);
#8731=ORIENTED_EDGE('',*,*,#6068,.F.);
#8732=ORIENTED_EDGE('',*,*,#6497,.F.);
#8733=ORIENTED_EDGE('',*,*,#5765,.F.);
#8734=ORIENTED_EDGE('',*,*,#6069,.T.);
#8735=ORIENTED_EDGE('',*,*,#6498,.T.);
#8736=ORIENTED_EDGE('',*,*,#5764,.T.);
#8737=ORIENTED_EDGE('',*,*,#6499,.T.);
#8738=ORIENTED_EDGE('',*,*,#6500,.F.);
#8739=ORIENTED_EDGE('',*,*,#6070,.F.);
#8740=ORIENTED_EDGE('',*,*,#6499,.F.);
#8741=ORIENTED_EDGE('',*,*,#5763,.F.);
#8742=ORIENTED_EDGE('',*,*,#6071,.T.);
#8743=ORIENTED_EDGE('',*,*,#6500,.T.);
#8744=ORIENTED_EDGE('',*,*,#5762,.T.);
#8745=ORIENTED_EDGE('',*,*,#6501,.T.);
#8746=ORIENTED_EDGE('',*,*,#6502,.F.);
#8747=ORIENTED_EDGE('',*,*,#6072,.F.);
#8748=ORIENTED_EDGE('',*,*,#6501,.F.);
#8749=ORIENTED_EDGE('',*,*,#5761,.F.);
#8750=ORIENTED_EDGE('',*,*,#6065,.T.);
#8751=ORIENTED_EDGE('',*,*,#6502,.T.);
#8752=ORIENTED_EDGE('',*,*,#5760,.T.);
#8753=ORIENTED_EDGE('',*,*,#6495,.T.);
#8754=ORIENTED_EDGE('',*,*,#6297,.F.);
#8755=ORIENTED_EDGE('',*,*,#5815,.F.);
#8756=ORIENTED_EDGE('',*,*,#6503,.F.);
#8757=ORIENTED_EDGE('',*,*,#6107,.F.);
#8758=ORIENTED_EDGE('',*,*,#6108,.T.);
#8759=ORIENTED_EDGE('',*,*,#6503,.T.);
#8760=ORIENTED_EDGE('',*,*,#5814,.T.);
#8761=ORIENTED_EDGE('',*,*,#6504,.T.);
#8762=ORIENTED_EDGE('',*,*,#6294,.F.);
#8763=ORIENTED_EDGE('',*,*,#6109,.F.);
#8764=ORIENTED_EDGE('',*,*,#6504,.F.);
#8765=ORIENTED_EDGE('',*,*,#5813,.F.);
#8766=ORIENTED_EDGE('',*,*,#6505,.F.);
#8767=ORIENTED_EDGE('',*,*,#6111,.F.);
#8768=ORIENTED_EDGE('',*,*,#6293,.F.);
#8769=ORIENTED_EDGE('',*,*,#5811,.F.);
#8770=ORIENTED_EDGE('',*,*,#6112,.T.);
#8771=ORIENTED_EDGE('',*,*,#6505,.T.);
#8772=ORIENTED_EDGE('',*,*,#5810,.T.);
#8773=ORIENTED_EDGE('',*,*,#6298,.T.);
#8774=ORIENTED_EDGE('',*,*,#6506,.F.);
#8775=ORIENTED_EDGE('',*,*,#5775,.F.);
#8776=ORIENTED_EDGE('',*,*,#6507,.F.);
#8777=ORIENTED_EDGE('',*,*,#6074,.F.);
#8778=ORIENTED_EDGE('',*,*,#6075,.T.);
#8779=ORIENTED_EDGE('',*,*,#6507,.T.);
#8780=ORIENTED_EDGE('',*,*,#5774,.T.);
#8781=ORIENTED_EDGE('',*,*,#6508,.T.);
#8782=ORIENTED_EDGE('',*,*,#6509,.F.);
#8783=ORIENTED_EDGE('',*,*,#6076,.F.);
#8784=ORIENTED_EDGE('',*,*,#6508,.F.);
#8785=ORIENTED_EDGE('',*,*,#5773,.F.);
#8786=ORIENTED_EDGE('',*,*,#6077,.T.);
#8787=ORIENTED_EDGE('',*,*,#6509,.T.);
#8788=ORIENTED_EDGE('',*,*,#5772,.T.);
#8789=ORIENTED_EDGE('',*,*,#6510,.T.);
#8790=ORIENTED_EDGE('',*,*,#6511,.F.);
#8791=ORIENTED_EDGE('',*,*,#6078,.F.);
#8792=ORIENTED_EDGE('',*,*,#6510,.F.);
#8793=ORIENTED_EDGE('',*,*,#5771,.F.);
#8794=ORIENTED_EDGE('',*,*,#6079,.T.);
#8795=ORIENTED_EDGE('',*,*,#6511,.T.);
#8796=ORIENTED_EDGE('',*,*,#5770,.T.);
#8797=ORIENTED_EDGE('',*,*,#6512,.T.);
#8798=ORIENTED_EDGE('',*,*,#6513,.F.);
#8799=ORIENTED_EDGE('',*,*,#6080,.F.);
#8800=ORIENTED_EDGE('',*,*,#6512,.F.);
#8801=ORIENTED_EDGE('',*,*,#5769,.F.);
#8802=ORIENTED_EDGE('',*,*,#6073,.T.);
#8803=ORIENTED_EDGE('',*,*,#6513,.T.);
#8804=ORIENTED_EDGE('',*,*,#5768,.T.);
#8805=ORIENTED_EDGE('',*,*,#6506,.T.);
#8806=ORIENTED_EDGE('',*,*,#6514,.F.);
#8807=ORIENTED_EDGE('',*,*,#5783,.F.);
#8808=ORIENTED_EDGE('',*,*,#6515,.F.);
#8809=ORIENTED_EDGE('',*,*,#6082,.F.);
#8810=ORIENTED_EDGE('',*,*,#6083,.T.);
#8811=ORIENTED_EDGE('',*,*,#6515,.T.);
#8812=ORIENTED_EDGE('',*,*,#5782,.T.);
#8813=ORIENTED_EDGE('',*,*,#6516,.T.);
#8814=ORIENTED_EDGE('',*,*,#6517,.F.);
#8815=ORIENTED_EDGE('',*,*,#6084,.F.);
#8816=ORIENTED_EDGE('',*,*,#6516,.F.);
#8817=ORIENTED_EDGE('',*,*,#5781,.F.);
#8818=ORIENTED_EDGE('',*,*,#6085,.T.);
#8819=ORIENTED_EDGE('',*,*,#6517,.T.);
#8820=ORIENTED_EDGE('',*,*,#5780,.T.);
#8821=ORIENTED_EDGE('',*,*,#6518,.T.);
#8822=ORIENTED_EDGE('',*,*,#6519,.F.);
#8823=ORIENTED_EDGE('',*,*,#6086,.F.);
#8824=ORIENTED_EDGE('',*,*,#6518,.F.);
#8825=ORIENTED_EDGE('',*,*,#5779,.F.);
#8826=ORIENTED_EDGE('',*,*,#6087,.T.);
#8827=ORIENTED_EDGE('',*,*,#6519,.T.);
#8828=ORIENTED_EDGE('',*,*,#5778,.T.);
#8829=ORIENTED_EDGE('',*,*,#6520,.T.);
#8830=ORIENTED_EDGE('',*,*,#6521,.F.);
#8831=ORIENTED_EDGE('',*,*,#6088,.F.);
#8832=ORIENTED_EDGE('',*,*,#6520,.F.);
#8833=ORIENTED_EDGE('',*,*,#5777,.F.);
#8834=ORIENTED_EDGE('',*,*,#6081,.T.);
#8835=ORIENTED_EDGE('',*,*,#6521,.T.);
#8836=ORIENTED_EDGE('',*,*,#5776,.T.);
#8837=ORIENTED_EDGE('',*,*,#6514,.T.);
#8838=ORIENTED_EDGE('',*,*,#6522,.F.);
#8839=ORIENTED_EDGE('',*,*,#5791,.F.);
#8840=ORIENTED_EDGE('',*,*,#6523,.F.);
#8841=ORIENTED_EDGE('',*,*,#6090,.F.);
#8842=ORIENTED_EDGE('',*,*,#6091,.T.);
#8843=ORIENTED_EDGE('',*,*,#6523,.T.);
#8844=ORIENTED_EDGE('',*,*,#5790,.T.);
#8845=ORIENTED_EDGE('',*,*,#6524,.T.);
#8846=ORIENTED_EDGE('',*,*,#6525,.F.);
#8847=ORIENTED_EDGE('',*,*,#6092,.F.);
#8848=ORIENTED_EDGE('',*,*,#6524,.F.);
#8849=ORIENTED_EDGE('',*,*,#5789,.F.);
#8850=ORIENTED_EDGE('',*,*,#6093,.T.);
#8851=ORIENTED_EDGE('',*,*,#6525,.T.);
#8852=ORIENTED_EDGE('',*,*,#5788,.T.);
#8853=ORIENTED_EDGE('',*,*,#6526,.T.);
#8854=ORIENTED_EDGE('',*,*,#6527,.F.);
#8855=ORIENTED_EDGE('',*,*,#6094,.F.);
#8856=ORIENTED_EDGE('',*,*,#6526,.F.);
#8857=ORIENTED_EDGE('',*,*,#5787,.F.);
#8858=ORIENTED_EDGE('',*,*,#6095,.T.);
#8859=ORIENTED_EDGE('',*,*,#6527,.T.);
#8860=ORIENTED_EDGE('',*,*,#5786,.T.);
#8861=ORIENTED_EDGE('',*,*,#6528,.T.);
#8862=ORIENTED_EDGE('',*,*,#6529,.F.);
#8863=ORIENTED_EDGE('',*,*,#6096,.F.);
#8864=ORIENTED_EDGE('',*,*,#6528,.F.);
#8865=ORIENTED_EDGE('',*,*,#5785,.F.);
#8866=ORIENTED_EDGE('',*,*,#6089,.T.);
#8867=ORIENTED_EDGE('',*,*,#6529,.T.);
#8868=ORIENTED_EDGE('',*,*,#5784,.T.);
#8869=ORIENTED_EDGE('',*,*,#6522,.T.);
#8870=ORIENTED_EDGE('',*,*,#6530,.F.);
#8871=ORIENTED_EDGE('',*,*,#5799,.F.);
#8872=ORIENTED_EDGE('',*,*,#6531,.F.);
#8873=ORIENTED_EDGE('',*,*,#6098,.F.);
#8874=ORIENTED_EDGE('',*,*,#6099,.T.);
#8875=ORIENTED_EDGE('',*,*,#6531,.T.);
#8876=ORIENTED_EDGE('',*,*,#5798,.T.);
#8877=ORIENTED_EDGE('',*,*,#6532,.T.);
#8878=ORIENTED_EDGE('',*,*,#6533,.F.);
#8879=ORIENTED_EDGE('',*,*,#6100,.F.);
#8880=ORIENTED_EDGE('',*,*,#6532,.F.);
#8881=ORIENTED_EDGE('',*,*,#5797,.F.);
#8882=ORIENTED_EDGE('',*,*,#6101,.T.);
#8883=ORIENTED_EDGE('',*,*,#6533,.T.);
#8884=ORIENTED_EDGE('',*,*,#5796,.T.);
#8885=ORIENTED_EDGE('',*,*,#6534,.T.);
#8886=ORIENTED_EDGE('',*,*,#6535,.F.);
#8887=ORIENTED_EDGE('',*,*,#6102,.F.);
#8888=ORIENTED_EDGE('',*,*,#6534,.F.);
#8889=ORIENTED_EDGE('',*,*,#5795,.F.);
#8890=ORIENTED_EDGE('',*,*,#6103,.T.);
#8891=ORIENTED_EDGE('',*,*,#6535,.T.);
#8892=ORIENTED_EDGE('',*,*,#5794,.T.);
#8893=ORIENTED_EDGE('',*,*,#6536,.T.);
#8894=ORIENTED_EDGE('',*,*,#6537,.F.);
#8895=ORIENTED_EDGE('',*,*,#6104,.F.);
#8896=ORIENTED_EDGE('',*,*,#6536,.F.);
#8897=ORIENTED_EDGE('',*,*,#5793,.F.);
#8898=ORIENTED_EDGE('',*,*,#6097,.T.);
#8899=ORIENTED_EDGE('',*,*,#6537,.T.);
#8900=ORIENTED_EDGE('',*,*,#5792,.T.);
#8901=ORIENTED_EDGE('',*,*,#6530,.T.);
#8902=ORIENTED_EDGE('',*,*,#6250,.T.);
#8903=ORIENTED_EDGE('',*,*,#6215,.F.);
#8904=ORIENTED_EDGE('',*,*,#5560,.F.);
#8905=ORIENTED_EDGE('',*,*,#6538,.T.);
#8906=ORIENTED_EDGE('',*,*,#6539,.T.);
#8907=ORIENTED_EDGE('',*,*,#5558,.T.);
#8908=ORIENTED_EDGE('',*,*,#5822,.F.);
#8909=ORIENTED_EDGE('',*,*,#6540,.F.);
#8910=ORIENTED_EDGE('',*,*,#6541,.T.);
#8911=ORIENTED_EDGE('',*,*,#6210,.T.);
#8912=ORIENTED_EDGE('',*,*,#6542,.F.);
#8913=ORIENTED_EDGE('',*,*,#6543,.F.);
#8914=ORIENTED_EDGE('',*,*,#5572,.T.);
#8915=ORIENTED_EDGE('',*,*,#6203,.F.);
#8916=ORIENTED_EDGE('',*,*,#5574,.F.);
#8917=ORIENTED_EDGE('',*,*,#6544,.F.);
#8918=ORIENTED_EDGE('',*,*,#6545,.T.);
#8919=ORIENTED_EDGE('',*,*,#6183,.T.);
#8920=ORIENTED_EDGE('',*,*,#5524,.T.);
#8921=ORIENTED_EDGE('',*,*,#6546,.F.);
#8922=ORIENTED_EDGE('',*,*,#6547,.F.);
#8923=ORIENTED_EDGE('',*,*,#6548,.F.);
#8924=ORIENTED_EDGE('',*,*,#6549,.F.);
#8925=ORIENTED_EDGE('',*,*,#6547,.T.);
#8926=ORIENTED_EDGE('',*,*,#6550,.F.);
#8927=ORIENTED_EDGE('',*,*,#6551,.F.);
#8928=ORIENTED_EDGE('',*,*,#5819,.F.);
#8929=ORIENTED_EDGE('',*,*,#6552,.F.);
#8930=ORIENTED_EDGE('',*,*,#6186,.F.);
#8931=ORIENTED_EDGE('',*,*,#6553,.F.);
#8932=ORIENTED_EDGE('',*,*,#5525,.T.);
#8933=ORIENTED_EDGE('',*,*,#6548,.T.);
#8934=ORIENTED_EDGE('',*,*,#6549,.T.);
#8935=ORIENTED_EDGE('',*,*,#6554,.T.);
#8936=ORIENTED_EDGE('',*,*,#6555,.F.);
#8937=ORIENTED_EDGE('',*,*,#6556,.F.);
#8938=ORIENTED_EDGE('',*,*,#5817,.T.);
#8939=ORIENTED_EDGE('',*,*,#5876,.F.);
#8940=ORIENTED_EDGE('',*,*,#6188,.T.);
#8941=ORIENTED_EDGE('',*,*,#6187,.T.);
#8942=ORIENTED_EDGE('',*,*,#6552,.T.);
#8943=ORIENTED_EDGE('',*,*,#5818,.F.);
#8944=ORIENTED_EDGE('',*,*,#6556,.T.);
#8945=ORIENTED_EDGE('',*,*,#6557,.T.);
#8946=ORIENTED_EDGE('',*,*,#6558,.F.);
#8947=ORIENTED_EDGE('',*,*,#5528,.T.);
#8948=ORIENTED_EDGE('',*,*,#6559,.F.);
#8949=ORIENTED_EDGE('',*,*,#5523,.T.);
#8950=ORIENTED_EDGE('',*,*,#6560,.F.);
#8951=ORIENTED_EDGE('',*,*,#6561,.T.);
#8952=ORIENTED_EDGE('',*,*,#6550,.T.);
#8953=ORIENTED_EDGE('',*,*,#6546,.T.);
#8954=ORIENTED_EDGE('',*,*,#5490,.T.);
#8955=ORIENTED_EDGE('',*,*,#6562,.F.);
#8956=ORIENTED_EDGE('',*,*,#6563,.T.);
#8957=ORIENTED_EDGE('',*,*,#6564,.T.);
#8958=ORIENTED_EDGE('',*,*,#5533,.T.);
#8959=ORIENTED_EDGE('',*,*,#6565,.F.);
#8960=ORIENTED_EDGE('',*,*,#6566,.T.);
#8961=ORIENTED_EDGE('',*,*,#6567,.F.);
#8962=ORIENTED_EDGE('',*,*,#5535,.T.);
#8963=ORIENTED_EDGE('',*,*,#6568,.T.);
#8964=ORIENTED_EDGE('',*,*,#6540,.T.);
#8965=ORIENTED_EDGE('',*,*,#5821,.T.);
#8966=ORIENTED_EDGE('',*,*,#6569,.T.);
#8967=ORIENTED_EDGE('',*,*,#6251,.T.);
#8968=ORIENTED_EDGE('',*,*,#6539,.F.);
#8969=ORIENTED_EDGE('',*,*,#6570,.T.);
#8970=ORIENTED_EDGE('',*,*,#5534,.T.);
#8971=ORIENTED_EDGE('',*,*,#6567,.T.);
#8972=ORIENTED_EDGE('',*,*,#6571,.T.);
#8973=ORIENTED_EDGE('',*,*,#6570,.F.);
#8974=ORIENTED_EDGE('',*,*,#6538,.F.);
#8975=ORIENTED_EDGE('',*,*,#5559,.F.);
#8976=ORIENTED_EDGE('',*,*,#6541,.F.);
#8977=ORIENTED_EDGE('',*,*,#6568,.F.);
#8978=ORIENTED_EDGE('',*,*,#6194,.T.);
#8979=ORIENTED_EDGE('',*,*,#5541,.T.);
#8980=ORIENTED_EDGE('',*,*,#6572,.F.);
#8981=ORIENTED_EDGE('',*,*,#6573,.T.);
#8982=ORIENTED_EDGE('',*,*,#6574,.F.);
#8983=ORIENTED_EDGE('',*,*,#5540,.T.);
#8984=ORIENTED_EDGE('',*,*,#6575,.T.);
#8985=ORIENTED_EDGE('',*,*,#6544,.T.);
#8986=ORIENTED_EDGE('',*,*,#5573,.T.);
#8987=ORIENTED_EDGE('',*,*,#6543,.T.);
#8988=ORIENTED_EDGE('',*,*,#6576,.T.);
#8989=ORIENTED_EDGE('',*,*,#6577,.T.);
#8990=ORIENTED_EDGE('',*,*,#6572,.T.);
#8991=ORIENTED_EDGE('',*,*,#6189,.T.);
#8992=ORIENTED_EDGE('',*,*,#5539,.T.);
#8993=ORIENTED_EDGE('',*,*,#6184,.F.);
#8994=ORIENTED_EDGE('',*,*,#6545,.F.);
#8995=ORIENTED_EDGE('',*,*,#6575,.F.);
#8996=ORIENTED_EDGE('',*,*,#6578,.T.);
#8997=ORIENTED_EDGE('',*,*,#6576,.F.);
#8998=ORIENTED_EDGE('',*,*,#6542,.T.);
#8999=ORIENTED_EDGE('',*,*,#6209,.T.);
#9000=ORIENTED_EDGE('',*,*,#6579,.T.);
#9001=ORIENTED_EDGE('',*,*,#6580,.T.);
#9002=ORIENTED_EDGE('',*,*,#6562,.T.);
#9003=ORIENTED_EDGE('',*,*,#5489,.T.);
#9004=ORIENTED_EDGE('',*,*,#5522,.T.);
#9005=ORIENTED_EDGE('',*,*,#5485,.T.);
#9006=ORIENTED_EDGE('',*,*,#6581,.T.);
#9007=ORIENTED_EDGE('',*,*,#6560,.T.);
#9008=ORIENTED_EDGE('',*,*,#5526,.T.);
#9009=ORIENTED_EDGE('',*,*,#6555,.T.);
#9010=ORIENTED_EDGE('',*,*,#6582,.T.);
#9011=ORIENTED_EDGE('',*,*,#6583,.T.);
#9012=ORIENTED_EDGE('',*,*,#5537,.T.);
#9013=ORIENTED_EDGE('',*,*,#5820,.F.);
#9014=ORIENTED_EDGE('',*,*,#6553,.T.);
#9015=ORIENTED_EDGE('',*,*,#6185,.F.);
#9016=ORIENTED_EDGE('',*,*,#6584,.T.);
#9017=ORIENTED_EDGE('',*,*,#5487,.T.);
#9018=ORIENTED_EDGE('',*,*,#5521,.T.);
#9019=ORIENTED_EDGE('',*,*,#5506,.F.);
#9020=ORIENTED_EDGE('',*,*,#6280,.F.);
#9021=ORIENTED_EDGE('',*,*,#6240,.F.);
#9022=ORIENTED_EDGE('',*,*,#6585,.F.);
#9023=ORIENTED_EDGE('',*,*,#6276,.F.);
#9024=ORIENTED_EDGE('',*,*,#6278,.F.);
#9025=ORIENTED_EDGE('',*,*,#6585,.T.);
#9026=ORIENTED_EDGE('',*,*,#6239,.F.);
#9027=ORIENTED_EDGE('',*,*,#6287,.F.);
#9028=ORIENTED_EDGE('',*,*,#5494,.F.);
#9029=ORIENTED_EDGE('',*,*,#6586,.T.);
#9030=ORIENTED_EDGE('',*,*,#6587,.T.);
#9031=ORIENTED_EDGE('',*,*,#6588,.T.);
#9032=ORIENTED_EDGE('',*,*,#6589,.T.);
#9033=ORIENTED_EDGE('',*,*,#6590,.T.);
#9034=ORIENTED_EDGE('',*,*,#6591,.T.);
#9035=ORIENTED_EDGE('',*,*,#6592,.T.);
#9036=ORIENTED_EDGE('',*,*,#6593,.T.);
#9037=ORIENTED_EDGE('',*,*,#6594,.T.);
#9038=ORIENTED_EDGE('',*,*,#6595,.F.);
#9039=ORIENTED_EDGE('',*,*,#6596,.T.);
#9040=ORIENTED_EDGE('',*,*,#6586,.F.);
#9041=ORIENTED_EDGE('',*,*,#5493,.F.);
#9042=ORIENTED_EDGE('',*,*,#6597,.F.);
#9043=ORIENTED_EDGE('',*,*,#6598,.T.);
#9044=ORIENTED_EDGE('',*,*,#6587,.F.);
#9045=ORIENTED_EDGE('',*,*,#6596,.F.);
#9046=ORIENTED_EDGE('',*,*,#6599,.F.);
#9047=ORIENTED_EDGE('',*,*,#6600,.T.);
#9048=ORIENTED_EDGE('',*,*,#6592,.F.);
#9049=ORIENTED_EDGE('',*,*,#6601,.F.);
#9050=ORIENTED_EDGE('',*,*,#6602,.F.);
#9051=ORIENTED_EDGE('',*,*,#6603,.T.);
#9052=ORIENTED_EDGE('',*,*,#6589,.F.);
#9053=ORIENTED_EDGE('',*,*,#6604,.F.);
#9054=ORIENTED_EDGE('',*,*,#6605,.F.);
#9055=ORIENTED_EDGE('',*,*,#6604,.T.);
#9056=ORIENTED_EDGE('',*,*,#6588,.F.);
#9057=ORIENTED_EDGE('',*,*,#6598,.F.);
#9058=ORIENTED_EDGE('',*,*,#6606,.F.);
#9059=ORIENTED_EDGE('',*,*,#6607,.T.);
#9060=ORIENTED_EDGE('',*,*,#6593,.F.);
#9061=ORIENTED_EDGE('',*,*,#6600,.F.);
#9062=ORIENTED_EDGE('',*,*,#6583,.F.);
#9063=ORIENTED_EDGE('',*,*,#6608,.F.);
#9064=ORIENTED_EDGE('',*,*,#6609,.F.);
#9065=ORIENTED_EDGE('',*,*,#6610,.T.);
#9066=ORIENTED_EDGE('',*,*,#6611,.T.);
#9067=ORIENTED_EDGE('',*,*,#6612,.T.);
#9068=ORIENTED_EDGE('',*,*,#6613,.T.);
#9069=ORIENTED_EDGE('',*,*,#6614,.T.);
#9070=ORIENTED_EDGE('',*,*,#6615,.F.);
#9071=ORIENTED_EDGE('',*,*,#6563,.F.);
#9072=ORIENTED_EDGE('',*,*,#6580,.F.);
#9073=ORIENTED_EDGE('',*,*,#6616,.T.);
#9074=ORIENTED_EDGE('',*,*,#6559,.T.);
#9075=ORIENTED_EDGE('',*,*,#5527,.T.);
#9076=ORIENTED_EDGE('',*,*,#6198,.T.);
#9077=ORIENTED_EDGE('',*,*,#6612,.F.);
#9078=ORIENTED_EDGE('',*,*,#6617,.T.);
#9079=ORIENTED_EDGE('',*,*,#6618,.T.);
#9080=ORIENTED_EDGE('',*,*,#6619,.T.);
#9081=ORIENTED_EDGE('',*,*,#6620,.T.);
#9082=ORIENTED_EDGE('',*,*,#6621,.T.);
#9083=ORIENTED_EDGE('',*,*,#6622,.T.);
#9084=ORIENTED_EDGE('',*,*,#6623,.T.);
#9085=ORIENTED_EDGE('',*,*,#6624,.T.);
#9086=ORIENTED_EDGE('',*,*,#6625,.T.);
#9087=ORIENTED_EDGE('',*,*,#6626,.F.);
#9088=ORIENTED_EDGE('',*,*,#6627,.T.);
#9089=ORIENTED_EDGE('',*,*,#6622,.F.);
#9090=ORIENTED_EDGE('',*,*,#6628,.F.);
#9091=ORIENTED_EDGE('',*,*,#6629,.F.);
#9092=ORIENTED_EDGE('',*,*,#6630,.T.);
#9093=ORIENTED_EDGE('',*,*,#6620,.F.);
#9094=ORIENTED_EDGE('',*,*,#6631,.F.);
#9095=ORIENTED_EDGE('',*,*,#6632,.F.);
#9096=ORIENTED_EDGE('',*,*,#6631,.T.);
#9097=ORIENTED_EDGE('',*,*,#6619,.F.);
#9098=ORIENTED_EDGE('',*,*,#6633,.F.);
#9099=ORIENTED_EDGE('',*,*,#6634,.F.);
#9100=ORIENTED_EDGE('',*,*,#6635,.T.);
#9101=ORIENTED_EDGE('',*,*,#6617,.F.);
#9102=ORIENTED_EDGE('',*,*,#6611,.F.);
#9103=ORIENTED_EDGE('',*,*,#6636,.F.);
#9104=ORIENTED_EDGE('',*,*,#6613,.F.);
#9105=ORIENTED_EDGE('',*,*,#6621,.F.);
#9106=ORIENTED_EDGE('',*,*,#6630,.F.);
#9107=ORIENTED_EDGE('',*,*,#6637,.F.);
#9108=ORIENTED_EDGE('',*,*,#6633,.T.);
#9109=ORIENTED_EDGE('',*,*,#6618,.F.);
#9110=ORIENTED_EDGE('',*,*,#6635,.F.);
#9111=ORIENTED_EDGE('',*,*,#6638,.F.);
#9112=ORIENTED_EDGE('',*,*,#6628,.T.);
#9113=ORIENTED_EDGE('',*,*,#6625,.F.);
#9114=ORIENTED_EDGE('',*,*,#6639,.F.);
#9115=ORIENTED_EDGE('',*,*,#6640,.F.);
#9116=ORIENTED_EDGE('',*,*,#6120,.F.);
#9117=ORIENTED_EDGE('',*,*,#6300,.F.);
#9118=ORIENTED_EDGE('',*,*,#5804,.F.);
#9119=ORIENTED_EDGE('',*,*,#6121,.T.);
#9120=ORIENTED_EDGE('',*,*,#6640,.T.);
#9121=ORIENTED_EDGE('',*,*,#5803,.T.);
#9122=ORIENTED_EDGE('',*,*,#6641,.T.);
#9123=ORIENTED_EDGE('',*,*,#6642,.F.);
#9124=ORIENTED_EDGE('',*,*,#6122,.F.);
#9125=ORIENTED_EDGE('',*,*,#6641,.F.);
#9126=ORIENTED_EDGE('',*,*,#5802,.F.);
#9127=ORIENTED_EDGE('',*,*,#6123,.T.);
#9128=ORIENTED_EDGE('',*,*,#6642,.T.);
#9129=ORIENTED_EDGE('',*,*,#5801,.T.);
#9130=ORIENTED_EDGE('',*,*,#6643,.T.);
#9131=ORIENTED_EDGE('',*,*,#6644,.F.);
#9132=ORIENTED_EDGE('',*,*,#6124,.F.);
#9133=ORIENTED_EDGE('',*,*,#6643,.F.);
#9134=ORIENTED_EDGE('',*,*,#5800,.F.);
#9135=ORIENTED_EDGE('',*,*,#6117,.T.);
#9136=ORIENTED_EDGE('',*,*,#6644,.T.);
#9137=ORIENTED_EDGE('',*,*,#5807,.T.);
#9138=ORIENTED_EDGE('',*,*,#6301,.T.);
#9139=ORIENTED_EDGE('',*,*,#5417,.F.);
#9140=ORIENTED_EDGE('',*,*,#5441,.F.);
#9141=ORIENTED_EDGE('',*,*,#6645,.T.);
#9142=ORIENTED_EDGE('',*,*,#5519,.F.);
#9143=ORIENTED_EDGE('',*,*,#5435,.F.);
#9144=ORIENTED_EDGE('',*,*,#6646,.F.);
#9145=ORIENTED_EDGE('',*,*,#6647,.F.);
#9146=ORIENTED_EDGE('',*,*,#5484,.F.);
#9147=ORIENTED_EDGE('',*,*,#6648,.F.);
#9148=ORIENTED_EDGE('',*,*,#6649,.F.);
#9149=ORIENTED_EDGE('',*,*,#6650,.F.);
#9150=ORIENTED_EDGE('',*,*,#6651,.T.);
#9151=ORIENTED_EDGE('',*,*,#6652,.F.);
#9152=ORIENTED_EDGE('',*,*,#6653,.F.);
#9153=ORIENTED_EDGE('',*,*,#6654,.T.);
#9154=ORIENTED_EDGE('',*,*,#6143,.T.);
#9155=ORIENTED_EDGE('',*,*,#6655,.F.);
#9156=ORIENTED_EDGE('',*,*,#6652,.T.);
#9157=ORIENTED_EDGE('',*,*,#6656,.F.);
#9158=ORIENTED_EDGE('',*,*,#6657,.T.);
#9159=ORIENTED_EDGE('',*,*,#6658,.F.);
#9160=ORIENTED_EDGE('',*,*,#6659,.T.);
#9161=ORIENTED_EDGE('',*,*,#6660,.F.);
#9162=ORIENTED_EDGE('',*,*,#6130,.T.);
#9163=ORIENTED_EDGE('',*,*,#6661,.F.);
#9164=ORIENTED_EDGE('',*,*,#6662,.T.);
#9165=ORIENTED_EDGE('',*,*,#6663,.F.);
#9166=ORIENTED_EDGE('',*,*,#6661,.T.);
#9167=ORIENTED_EDGE('',*,*,#6129,.T.);
#9168=ORIENTED_EDGE('',*,*,#6664,.T.);
#9169=ORIENTED_EDGE('',*,*,#6658,.T.);
#9170=ORIENTED_EDGE('',*,*,#6665,.F.);
#9171=ORIENTED_EDGE('',*,*,#6666,.T.);
#9172=ORIENTED_EDGE('',*,*,#5514,.T.);
#9173=ORIENTED_EDGE('',*,*,#5518,.T.);
#9174=ORIENTED_EDGE('',*,*,#6667,.F.);
#9175=ORIENTED_EDGE('',*,*,#5476,.F.);
#9176=ORIENTED_EDGE('',*,*,#6668,.F.);
#9177=ORIENTED_EDGE('',*,*,#6669,.T.);
#9178=ORIENTED_EDGE('',*,*,#5551,.F.);
#9179=ORIENTED_EDGE('',*,*,#6670,.F.);
#9180=ORIENTED_EDGE('',*,*,#5548,.T.);
#9181=ORIENTED_EDGE('',*,*,#5552,.F.);
#9182=ORIENTED_EDGE('',*,*,#6671,.T.);
#9183=ORIENTED_EDGE('',*,*,#6672,.F.);
#9184=ORIENTED_EDGE('',*,*,#6673,.F.);
#9185=ORIENTED_EDGE('',*,*,#6674,.T.);
#9186=ORIENTED_EDGE('',*,*,#6675,.F.);
#9187=ORIENTED_EDGE('',*,*,#6676,.F.);
#9188=ORIENTED_EDGE('',*,*,#6677,.F.);
#9189=ORIENTED_EDGE('',*,*,#5530,.T.);
#9190=ORIENTED_EDGE('',*,*,#5481,.F.);
#9191=ORIENTED_EDGE('',*,*,#6674,.F.);
#9192=ORIENTED_EDGE('',*,*,#6678,.F.);
#9193=ORIENTED_EDGE('',*,*,#6675,.T.);
#9194=ORIENTED_EDGE('',*,*,#5480,.T.);
#9195=ORIENTED_EDGE('',*,*,#6647,.T.);
#9196=ORIENTED_EDGE('',*,*,#6679,.F.);
#9197=ORIENTED_EDGE('',*,*,#6680,.F.);
#9198=ORIENTED_EDGE('',*,*,#6648,.T.);
#9199=ORIENTED_EDGE('',*,*,#5546,.F.);
#9200=ORIENTED_EDGE('',*,*,#5550,.T.);
#9201=ORIENTED_EDGE('',*,*,#6681,.F.);
#9202=ORIENTED_EDGE('',*,*,#6682,.F.);
#9203=ORIENTED_EDGE('',*,*,#6683,.F.);
#9204=ORIENTED_EDGE('',*,*,#5516,.T.);
#9205=ORIENTED_EDGE('',*,*,#5520,.T.);
#9206=ORIENTED_EDGE('',*,*,#6684,.T.);
#9207=ORIENTED_EDGE('',*,*,#6685,.F.);
#9208=ORIENTED_EDGE('',*,*,#6686,.F.);
#9209=ORIENTED_EDGE('',*,*,#6684,.F.);
#9210=ORIENTED_EDGE('',*,*,#6645,.F.);
#9211=ORIENTED_EDGE('',*,*,#6687,.F.);
#9212=ORIENTED_EDGE('',*,*,#6688,.F.);
#9213=ORIENTED_EDGE('',*,*,#6689,.F.);
#9214=ORIENTED_EDGE('',*,*,#6687,.T.);
#9215=ORIENTED_EDGE('',*,*,#5440,.F.);
#9216=ORIENTED_EDGE('',*,*,#6690,.T.);
#9217=ORIENTED_EDGE('',*,*,#6691,.F.);
#9218=ORIENTED_EDGE('',*,*,#6692,.F.);
#9219=ORIENTED_EDGE('',*,*,#6690,.F.);
#9220=ORIENTED_EDGE('',*,*,#6693,.F.);
#9221=ORIENTED_EDGE('',*,*,#6694,.F.);
#9222=ORIENTED_EDGE('',*,*,#6653,.T.);
#9223=ORIENTED_EDGE('',*,*,#6695,.F.);
#9224=ORIENTED_EDGE('',*,*,#6696,.F.);
#9225=ORIENTED_EDGE('',*,*,#6697,.F.);
#9226=ORIENTED_EDGE('',*,*,#6698,.F.);
#9227=ORIENTED_EDGE('',*,*,#6695,.T.);
#9228=ORIENTED_EDGE('',*,*,#6655,.T.);
#9229=ORIENTED_EDGE('',*,*,#6142,.T.);
#9230=ORIENTED_EDGE('',*,*,#6699,.F.);
#9231=ORIENTED_EDGE('',*,*,#6667,.T.);
#9232=ORIENTED_EDGE('',*,*,#6700,.F.);
#9233=ORIENTED_EDGE('',*,*,#5850,.T.);
#9234=ORIENTED_EDGE('',*,*,#6701,.F.);
#9235=ORIENTED_EDGE('',*,*,#6683,.T.);
#9236=ORIENTED_EDGE('',*,*,#6702,.F.);
#9237=ORIENTED_EDGE('',*,*,#5852,.T.);
#9238=ORIENTED_EDGE('',*,*,#6701,.T.);
#9239=ORIENTED_EDGE('',*,*,#5851,.T.);
#9240=ORIENTED_EDGE('',*,*,#6700,.T.);
#9241=ORIENTED_EDGE('',*,*,#5517,.T.);
#9242=ORIENTED_EDGE('',*,*,#6703,.F.);
#9243=ORIENTED_EDGE('',*,*,#6686,.T.);
#9244=ORIENTED_EDGE('',*,*,#6704,.F.);
#9245=ORIENTED_EDGE('',*,*,#5854,.T.);
#9246=ORIENTED_EDGE('',*,*,#6703,.T.);
#9247=ORIENTED_EDGE('',*,*,#5853,.T.);
#9248=ORIENTED_EDGE('',*,*,#6702,.T.);
#9249=ORIENTED_EDGE('',*,*,#6682,.T.);
#9250=ORIENTED_EDGE('',*,*,#6705,.F.);
#9251=ORIENTED_EDGE('',*,*,#6689,.T.);
#9252=ORIENTED_EDGE('',*,*,#6706,.F.);
#9253=ORIENTED_EDGE('',*,*,#5856,.T.);
#9254=ORIENTED_EDGE('',*,*,#6705,.T.);
#9255=ORIENTED_EDGE('',*,*,#5855,.T.);
#9256=ORIENTED_EDGE('',*,*,#6704,.T.);
#9257=ORIENTED_EDGE('',*,*,#6685,.T.);
#9258=ORIENTED_EDGE('',*,*,#6707,.F.);
#9259=ORIENTED_EDGE('',*,*,#6679,.T.);
#9260=ORIENTED_EDGE('',*,*,#6708,.F.);
#9261=ORIENTED_EDGE('',*,*,#5836,.T.);
#9262=ORIENTED_EDGE('',*,*,#6709,.F.);
#9263=ORIENTED_EDGE('',*,*,#6697,.T.);
#9264=ORIENTED_EDGE('',*,*,#6710,.F.);
#9265=ORIENTED_EDGE('',*,*,#5862,.T.);
#9266=ORIENTED_EDGE('',*,*,#6706,.T.);
#9267=ORIENTED_EDGE('',*,*,#6688,.T.);
#9268=ORIENTED_EDGE('',*,*,#6711,.F.);
#9269=ORIENTED_EDGE('',*,*,#5857,.T.);
#9270=ORIENTED_EDGE('',*,*,#6712,.F.);
#9271=ORIENTED_EDGE('',*,*,#6713,.F.);
#9272=ORIENTED_EDGE('',*,*,#5858,.T.);
#9273=ORIENTED_EDGE('',*,*,#6711,.T.);
#9274=ORIENTED_EDGE('',*,*,#6692,.T.);
#9275=ORIENTED_EDGE('',*,*,#6714,.F.);
#9276=ORIENTED_EDGE('',*,*,#6696,.T.);
#9277=ORIENTED_EDGE('',*,*,#6715,.F.);
#9278=ORIENTED_EDGE('',*,*,#5860,.T.);
#9279=ORIENTED_EDGE('',*,*,#6716,.F.);
#9280=ORIENTED_EDGE('',*,*,#6715,.T.);
#9281=ORIENTED_EDGE('',*,*,#6698,.T.);
#9282=ORIENTED_EDGE('',*,*,#6709,.T.);
#9283=ORIENTED_EDGE('',*,*,#5861,.T.);
#9284=ORIENTED_EDGE('',*,*,#6135,.F.);
#9285=ORIENTED_EDGE('',*,*,#5863,.T.);
#9286=ORIENTED_EDGE('',*,*,#6710,.T.);
#9287=ORIENTED_EDGE('',*,*,#6141,.T.);
#9288=ORIENTED_EDGE('',*,*,#6126,.F.);
#9289=ORIENTED_EDGE('',*,*,#6660,.T.);
#9290=ORIENTED_EDGE('',*,*,#6717,.F.);
#9291=ORIENTED_EDGE('',*,*,#5830,.T.);
#9292=ORIENTED_EDGE('',*,*,#6717,.T.);
#9293=ORIENTED_EDGE('',*,*,#6663,.T.);
#9294=ORIENTED_EDGE('',*,*,#6718,.F.);
#9295=ORIENTED_EDGE('',*,*,#5831,.T.);
#9296=ORIENTED_EDGE('',*,*,#6719,.T.);
#9297=ORIENTED_EDGE('',*,*,#6678,.T.);
#9298=ORIENTED_EDGE('',*,*,#6707,.T.);
#9299=ORIENTED_EDGE('',*,*,#5835,.T.);
#9300=ORIENTED_EDGE('',*,*,#6720,.F.);
#9301=ORIENTED_EDGE('',*,*,#6649,.T.);
#9302=ORIENTED_EDGE('',*,*,#6721,.F.);
#9303=ORIENTED_EDGE('',*,*,#5838,.T.);
#9304=ORIENTED_EDGE('',*,*,#6708,.T.);
#9305=ORIENTED_EDGE('',*,*,#6646,.T.);
#9306=ORIENTED_EDGE('',*,*,#6720,.T.);
#9307=ORIENTED_EDGE('',*,*,#5837,.T.);
#9308=ORIENTED_EDGE('',*,*,#6722,.F.);
#9309=ORIENTED_EDGE('',*,*,#6681,.T.);
#9310=ORIENTED_EDGE('',*,*,#6723,.F.);
#9311=ORIENTED_EDGE('',*,*,#5840,.T.);
#9312=ORIENTED_EDGE('',*,*,#6721,.T.);
#9313=ORIENTED_EDGE('',*,*,#6680,.T.);
#9314=ORIENTED_EDGE('',*,*,#6722,.T.);
#9315=ORIENTED_EDGE('',*,*,#5839,.T.);
#9316=ORIENTED_EDGE('',*,*,#6724,.F.);
#9317=ORIENTED_EDGE('',*,*,#6670,.T.);
#9318=ORIENTED_EDGE('',*,*,#6725,.F.);
#9319=ORIENTED_EDGE('',*,*,#5842,.T.);
#9320=ORIENTED_EDGE('',*,*,#6724,.T.);
#9321=ORIENTED_EDGE('',*,*,#5841,.T.);
#9322=ORIENTED_EDGE('',*,*,#6723,.T.);
#9323=ORIENTED_EDGE('',*,*,#5549,.T.);
#9324=ORIENTED_EDGE('',*,*,#6725,.T.);
#9325=ORIENTED_EDGE('',*,*,#6672,.T.);
#9326=ORIENTED_EDGE('',*,*,#6726,.F.);
#9327=ORIENTED_EDGE('',*,*,#5843,.T.);
#9328=ORIENTED_EDGE('',*,*,#6727,.T.);
#9329=ORIENTED_EDGE('',*,*,#6665,.T.);
#9330=ORIENTED_EDGE('',*,*,#6699,.T.);
#9331=ORIENTED_EDGE('',*,*,#5849,.T.);
#9332=ORIENTED_EDGE('',*,*,#6728,.F.);
#9333=ORIENTED_EDGE('',*,*,#6676,.T.);
#9334=ORIENTED_EDGE('',*,*,#6719,.F.);
#9335=ORIENTED_EDGE('',*,*,#5834,.T.);
#9336=ORIENTED_EDGE('',*,*,#6729,.T.);
#9337=ORIENTED_EDGE('',*,*,#6730,.F.);
#9338=ORIENTED_EDGE('',*,*,#6731,.T.);
#9339=ORIENTED_EDGE('',*,*,#6565,.T.);
#9340=ORIENTED_EDGE('',*,*,#5532,.T.);
#9341=ORIENTED_EDGE('',*,*,#6732,.F.);
#9342=ORIENTED_EDGE('',*,*,#6733,.F.);
#9343=ORIENTED_EDGE('',*,*,#6734,.F.);
#9344=ORIENTED_EDGE('',*,*,#6735,.F.);
#9345=ORIENTED_EDGE('',*,*,#6192,.T.);
#9346=ORIENTED_EDGE('',*,*,#6736,.T.);
#9347=ORIENTED_EDGE('',*,*,#6733,.T.);
#9348=ORIENTED_EDGE('',*,*,#6737,.F.);
#9349=ORIENTED_EDGE('',*,*,#6673,.T.);
#9350=ORIENTED_EDGE('',*,*,#6728,.T.);
#9351=ORIENTED_EDGE('',*,*,#5531,.T.);
#9352=ORIENTED_EDGE('',*,*,#6677,.T.);
#9353=ORIENTED_EDGE('',*,*,#6737,.T.);
#9354=ORIENTED_EDGE('',*,*,#6732,.T.);
#9355=ORIENTED_EDGE('',*,*,#6738,.F.);
#9356=ORIENTED_EDGE('',*,*,#6734,.T.);
#9357=ORIENTED_EDGE('',*,*,#6736,.F.);
#9358=ORIENTED_EDGE('',*,*,#6729,.F.);
#9359=ORIENTED_EDGE('',*,*,#5833,.T.);
#9360=ORIENTED_EDGE('',*,*,#6739,.T.);
#9361=ORIENTED_EDGE('',*,*,#6740,.F.);
#9362=ORIENTED_EDGE('',*,*,#6739,.F.);
#9363=ORIENTED_EDGE('',*,*,#5832,.T.);
#9364=ORIENTED_EDGE('',*,*,#6718,.T.);
#9365=ORIENTED_EDGE('',*,*,#6741,.T.);
#9366=ORIENTED_EDGE('',*,*,#6742,.F.);
#9367=ORIENTED_EDGE('',*,*,#6741,.F.);
#9368=ORIENTED_EDGE('',*,*,#6662,.F.);
#9369=ORIENTED_EDGE('',*,*,#6657,.F.);
#9370=ORIENTED_EDGE('',*,*,#6743,.T.);
#9371=ORIENTED_EDGE('',*,*,#6730,.T.);
#9372=ORIENTED_EDGE('',*,*,#6744,.F.);
#9373=ORIENTED_EDGE('',*,*,#6656,.T.);
#9374=ORIENTED_EDGE('',*,*,#6740,.T.);
#9375=ORIENTED_EDGE('',*,*,#6742,.T.);
#9376=ORIENTED_EDGE('',*,*,#6744,.T.);
#9377=ORIENTED_EDGE('',*,*,#6735,.T.);
#9378=ORIENTED_EDGE('',*,*,#6738,.T.);
#9379=ORIENTED_EDGE('',*,*,#6745,.F.);
#9380=ORIENTED_EDGE('',*,*,#6746,.T.);
#9381=ORIENTED_EDGE('',*,*,#6747,.F.);
#9382=ORIENTED_EDGE('',*,*,#6716,.T.);
#9383=ORIENTED_EDGE('',*,*,#5859,.T.);
#9384=ORIENTED_EDGE('',*,*,#6713,.T.);
#9385=ORIENTED_EDGE('',*,*,#6137,.T.);
#9386=ORIENTED_EDGE('',*,*,#6144,.F.);
#9387=ORIENTED_EDGE('',*,*,#6654,.F.);
#9388=ORIENTED_EDGE('',*,*,#6651,.F.);
#9389=ORIENTED_EDGE('',*,*,#6748,.F.);
#9390=ORIENTED_EDGE('',*,*,#6749,.F.);
#9391=ORIENTED_EDGE('',*,*,#6573,.F.);
#9392=ORIENTED_EDGE('',*,*,#6577,.F.);
#9393=ORIENTED_EDGE('',*,*,#6578,.F.);
#9394=ORIENTED_EDGE('',*,*,#6208,.F.);
#9395=ORIENTED_EDGE('',*,*,#6748,.T.);
#9396=ORIENTED_EDGE('',*,*,#6650,.T.);
#9397=ORIENTED_EDGE('',*,*,#6750,.F.);
#9398=ORIENTED_EDGE('',*,*,#6751,.T.);
#9399=ORIENTED_EDGE('',*,*,#6747,.T.);
#9400=ORIENTED_EDGE('',*,*,#6752,.T.);
#9401=ORIENTED_EDGE('',*,*,#6750,.T.);
#9402=ORIENTED_EDGE('',*,*,#6694,.T.);
#9403=ORIENTED_EDGE('',*,*,#6714,.T.);
#9404=ORIENTED_EDGE('',*,*,#6753,.F.);
#9405=ORIENTED_EDGE('',*,*,#6693,.T.);
#9406=ORIENTED_EDGE('',*,*,#5439,.F.);
#9407=ORIENTED_EDGE('',*,*,#5544,.T.);
#9408=ORIENTED_EDGE('',*,*,#6754,.F.);
#9409=ORIENTED_EDGE('',*,*,#6755,.F.);
#9410=ORIENTED_EDGE('',*,*,#5542,.T.);
#9411=ORIENTED_EDGE('',*,*,#6574,.T.);
#9412=ORIENTED_EDGE('',*,*,#6749,.T.);
#9413=ORIENTED_EDGE('',*,*,#6751,.F.);
#9414=ORIENTED_EDGE('',*,*,#6752,.F.);
#9415=ORIENTED_EDGE('',*,*,#6746,.F.);
#9416=ORIENTED_EDGE('',*,*,#6191,.T.);
#9417=ORIENTED_EDGE('',*,*,#6712,.T.);
#9418=ORIENTED_EDGE('',*,*,#6691,.T.);
#9419=ORIENTED_EDGE('',*,*,#6756,.F.);
#9420=ORIENTED_EDGE('',*,*,#6754,.T.);
#9421=ORIENTED_EDGE('',*,*,#6745,.T.);
#9422=ORIENTED_EDGE('',*,*,#5543,.T.);
#9423=ORIENTED_EDGE('',*,*,#6755,.T.);
#9424=ORIENTED_EDGE('',*,*,#6756,.T.);
#9425=ORIENTED_EDGE('',*,*,#6753,.T.);
#9426=ORIENTED_EDGE('',*,*,#5443,.F.);
#9427=ORIENTED_EDGE('',*,*,#5478,.F.);
#9428=ORIENTED_EDGE('',*,*,#5529,.T.);
#9429=ORIENTED_EDGE('',*,*,#6558,.T.);
#9430=ORIENTED_EDGE('',*,*,#6757,.T.);
#9431=ORIENTED_EDGE('',*,*,#6758,.F.);
#9432=ORIENTED_EDGE('',*,*,#6759,.F.);
#9433=ORIENTED_EDGE('',*,*,#6760,.F.);
#9434=ORIENTED_EDGE('',*,*,#6761,.F.);
#9435=ORIENTED_EDGE('',*,*,#6762,.F.);
#9436=ORIENTED_EDGE('',*,*,#5453,.F.);
#9437=ORIENTED_EDGE('',*,*,#5450,.F.);
#9438=ORIENTED_EDGE('',*,*,#5456,.F.);
#9439=ORIENTED_EDGE('',*,*,#5448,.F.);
#9440=ORIENTED_EDGE('',*,*,#6196,.T.);
#9441=ORIENTED_EDGE('',*,*,#6763,.F.);
#9442=ORIENTED_EDGE('',*,*,#6764,.F.);
#9443=ORIENTED_EDGE('',*,*,#6765,.F.);
#9444=ORIENTED_EDGE('',*,*,#6757,.F.);
#9445=ORIENTED_EDGE('',*,*,#6557,.F.);
#9446=ORIENTED_EDGE('',*,*,#6616,.F.);
#9447=ORIENTED_EDGE('',*,*,#6579,.F.);
#9448=ORIENTED_EDGE('',*,*,#5488,.F.);
#9449=ORIENTED_EDGE('',*,*,#6584,.F.);
#9450=ORIENTED_EDGE('',*,*,#5505,.F.);
#9451=ORIENTED_EDGE('',*,*,#6766,.T.);
#9452=ORIENTED_EDGE('',*,*,#6759,.T.);
#9453=ORIENTED_EDGE('',*,*,#6767,.F.);
#9454=ORIENTED_EDGE('',*,*,#6768,.T.);
#9455=ORIENTED_EDGE('',*,*,#6769,.T.);
#9456=ORIENTED_EDGE('',*,*,#6765,.T.);
#9457=ORIENTED_EDGE('',*,*,#6770,.T.);
#9458=ORIENTED_EDGE('',*,*,#6767,.T.);
#9459=ORIENTED_EDGE('',*,*,#6758,.T.);
#9460=ORIENTED_EDGE('',*,*,#6771,.F.);
#9461=ORIENTED_EDGE('',*,*,#6760,.T.);
#9462=ORIENTED_EDGE('',*,*,#6766,.F.);
#9463=ORIENTED_EDGE('',*,*,#6772,.T.);
#9464=ORIENTED_EDGE('',*,*,#5845,.T.);
#9465=ORIENTED_EDGE('',*,*,#6773,.T.);
#9466=ORIENTED_EDGE('',*,*,#6774,.F.);
#9467=ORIENTED_EDGE('',*,*,#6773,.F.);
#9468=ORIENTED_EDGE('',*,*,#5844,.T.);
#9469=ORIENTED_EDGE('',*,*,#6726,.T.);
#9470=ORIENTED_EDGE('',*,*,#6775,.T.);
#9471=ORIENTED_EDGE('',*,*,#6776,.F.);
#9472=ORIENTED_EDGE('',*,*,#6775,.F.);
#9473=ORIENTED_EDGE('',*,*,#6671,.F.);
#9474=ORIENTED_EDGE('',*,*,#6669,.F.);
#9475=ORIENTED_EDGE('',*,*,#5468,.F.);
#9476=ORIENTED_EDGE('',*,*,#6762,.T.);
#9477=ORIENTED_EDGE('',*,*,#6777,.F.);
#9478=ORIENTED_EDGE('',*,*,#6668,.T.);
#9479=ORIENTED_EDGE('',*,*,#6774,.T.);
#9480=ORIENTED_EDGE('',*,*,#6776,.T.);
#9481=ORIENTED_EDGE('',*,*,#6777,.T.);
#9482=ORIENTED_EDGE('',*,*,#6761,.T.);
#9483=ORIENTED_EDGE('',*,*,#6771,.T.);
#9484=ORIENTED_EDGE('',*,*,#6778,.F.);
#9485=ORIENTED_EDGE('',*,*,#5512,.T.);
#9486=ORIENTED_EDGE('',*,*,#6666,.F.);
#9487=ORIENTED_EDGE('',*,*,#6779,.F.);
#9488=ORIENTED_EDGE('',*,*,#6780,.F.);
#9489=ORIENTED_EDGE('',*,*,#6779,.T.);
#9490=ORIENTED_EDGE('',*,*,#6727,.F.);
#9491=ORIENTED_EDGE('',*,*,#5848,.T.);
#9492=ORIENTED_EDGE('',*,*,#6781,.F.);
#9493=ORIENTED_EDGE('',*,*,#6782,.T.);
#9494=ORIENTED_EDGE('',*,*,#5501,.T.);
#9495=ORIENTED_EDGE('',*,*,#5510,.T.);
#9496=ORIENTED_EDGE('',*,*,#6778,.T.);
#9497=ORIENTED_EDGE('',*,*,#6780,.T.);
#9498=ORIENTED_EDGE('',*,*,#6783,.F.);
#9499=ORIENTED_EDGE('',*,*,#5502,.T.);
#9500=ORIENTED_EDGE('',*,*,#6782,.F.);
#9501=ORIENTED_EDGE('',*,*,#6781,.T.);
#9502=ORIENTED_EDGE('',*,*,#5847,.T.);
#9503=ORIENTED_EDGE('',*,*,#6784,.T.);
#9504=ORIENTED_EDGE('',*,*,#6785,.F.);
#9505=ORIENTED_EDGE('',*,*,#6784,.F.);
#9506=ORIENTED_EDGE('',*,*,#5846,.T.);
#9507=ORIENTED_EDGE('',*,*,#6772,.F.);
#9508=ORIENTED_EDGE('',*,*,#6769,.F.);
#9509=ORIENTED_EDGE('',*,*,#6786,.T.);
#9510=ORIENTED_EDGE('',*,*,#6787,.F.);
#9511=ORIENTED_EDGE('',*,*,#6786,.F.);
#9512=ORIENTED_EDGE('',*,*,#6768,.F.);
#9513=ORIENTED_EDGE('',*,*,#6788,.T.);
#9514=ORIENTED_EDGE('',*,*,#6789,.F.);
#9515=ORIENTED_EDGE('',*,*,#6788,.F.);
#9516=ORIENTED_EDGE('',*,*,#6770,.F.);
#9517=ORIENTED_EDGE('',*,*,#6764,.T.);
#9518=ORIENTED_EDGE('',*,*,#6785,.T.);
#9519=ORIENTED_EDGE('',*,*,#6787,.T.);
#9520=ORIENTED_EDGE('',*,*,#6790,.F.);
#9521=ORIENTED_EDGE('',*,*,#5503,.T.);
#9522=ORIENTED_EDGE('',*,*,#6783,.T.);
#9523=ORIENTED_EDGE('',*,*,#6763,.T.);
#9524=ORIENTED_EDGE('',*,*,#5504,.T.);
#9525=ORIENTED_EDGE('',*,*,#6790,.T.);
#9526=ORIENTED_EDGE('',*,*,#6789,.T.);
#9527=ORIENTED_EDGE('',*,*,#6791,.F.);
#9528=ORIENTED_EDGE('',*,*,#6792,.T.);
#9529=ORIENTED_EDGE('',*,*,#5497,.T.);
#9530=ORIENTED_EDGE('',*,*,#6793,.F.);
#9531=ORIENTED_EDGE('',*,*,#5495,.F.);
#9532=ORIENTED_EDGE('',*,*,#6590,.F.);
#9533=ORIENTED_EDGE('',*,*,#6603,.F.);
#9534=ORIENTED_EDGE('',*,*,#6794,.F.);
#9535=ORIENTED_EDGE('',*,*,#6795,.F.);
#9536=ORIENTED_EDGE('',*,*,#6602,.T.);
#9537=ORIENTED_EDGE('',*,*,#6796,.F.);
#9538=ORIENTED_EDGE('',*,*,#5492,.F.);
#9539=ORIENTED_EDGE('',*,*,#6797,.T.);
#9540=ORIENTED_EDGE('',*,*,#6798,.F.);
#9541=ORIENTED_EDGE('',*,*,#6595,.T.);
#9542=ORIENTED_EDGE('',*,*,#6798,.T.);
#9543=ORIENTED_EDGE('',*,*,#6799,.T.);
#9544=ORIENTED_EDGE('',*,*,#6800,.F.);
#9545=ORIENTED_EDGE('',*,*,#6597,.T.);
#9546=ORIENTED_EDGE('',*,*,#6605,.T.);
#9547=ORIENTED_EDGE('',*,*,#6800,.T.);
#9548=ORIENTED_EDGE('',*,*,#6801,.T.);
#9549=ORIENTED_EDGE('',*,*,#6802,.F.);
#9550=ORIENTED_EDGE('',*,*,#6796,.T.);
#9551=ORIENTED_EDGE('',*,*,#5496,.F.);
#9552=ORIENTED_EDGE('',*,*,#6793,.T.);
#9553=ORIENTED_EDGE('',*,*,#6795,.T.);
#9554=ORIENTED_EDGE('',*,*,#6803,.F.);
#9555=ORIENTED_EDGE('',*,*,#6791,.T.);
#9556=ORIENTED_EDGE('',*,*,#6804,.F.);
#9557=ORIENTED_EDGE('',*,*,#6805,.F.);
#9558=ORIENTED_EDGE('',*,*,#6806,.F.);
#9559=ORIENTED_EDGE('',*,*,#6807,.T.);
#9560=ORIENTED_EDGE('',*,*,#6801,.F.);
#9561=ORIENTED_EDGE('',*,*,#6799,.F.);
#9562=ORIENTED_EDGE('',*,*,#6797,.F.);
#9563=ORIENTED_EDGE('',*,*,#5491,.T.);
#9564=ORIENTED_EDGE('',*,*,#6564,.F.);
#9565=ORIENTED_EDGE('',*,*,#6615,.T.);
#9566=ORIENTED_EDGE('',*,*,#6808,.F.);
#9567=ORIENTED_EDGE('',*,*,#6609,.T.);
#9568=ORIENTED_EDGE('',*,*,#6809,.T.);
#9569=ORIENTED_EDGE('',*,*,#6810,.T.);
#9570=ORIENTED_EDGE('',*,*,#6811,.T.);
#9571=ORIENTED_EDGE('',*,*,#6812,.T.);
#9572=ORIENTED_EDGE('',*,*,#6809,.F.);
#9573=ORIENTED_EDGE('',*,*,#6608,.T.);
#9574=ORIENTED_EDGE('',*,*,#6582,.F.);
#9575=ORIENTED_EDGE('',*,*,#6554,.F.);
#9576=ORIENTED_EDGE('',*,*,#6551,.T.);
#9577=ORIENTED_EDGE('',*,*,#6561,.F.);
#9578=ORIENTED_EDGE('',*,*,#6581,.F.);
#9579=ORIENTED_EDGE('',*,*,#5498,.T.);
#9580=ORIENTED_EDGE('',*,*,#6792,.F.);
#9581=ORIENTED_EDGE('',*,*,#6803,.T.);
#9582=ORIENTED_EDGE('',*,*,#6794,.T.);
#9583=ORIENTED_EDGE('',*,*,#6802,.T.);
#9584=ORIENTED_EDGE('',*,*,#6807,.F.);
#9585=ORIENTED_EDGE('',*,*,#6811,.F.);
#9586=ORIENTED_EDGE('',*,*,#6813,.F.);
#9587=ORIENTED_EDGE('',*,*,#6637,.T.);
#9588=ORIENTED_EDGE('',*,*,#6814,.F.);
#9589=ORIENTED_EDGE('',*,*,#6610,.F.);
#9590=ORIENTED_EDGE('',*,*,#6808,.T.);
#9591=ORIENTED_EDGE('',*,*,#6812,.F.);
#9592=ORIENTED_EDGE('',*,*,#6814,.T.);
#9593=ORIENTED_EDGE('',*,*,#6634,.T.);
#9594=ORIENTED_EDGE('',*,*,#6806,.T.);
#9595=ORIENTED_EDGE('',*,*,#6815,.F.);
#9596=ORIENTED_EDGE('',*,*,#6632,.T.);
#9597=ORIENTED_EDGE('',*,*,#6813,.T.);
#9598=ORIENTED_EDGE('',*,*,#6810,.F.);
#9599=ORIENTED_EDGE('',*,*,#6815,.T.);
#9600=ORIENTED_EDGE('',*,*,#6805,.T.);
#9601=ORIENTED_EDGE('',*,*,#6816,.F.);
#9602=ORIENTED_EDGE('',*,*,#6629,.T.);
#9603=ORIENTED_EDGE('',*,*,#6614,.F.);
#9604=ORIENTED_EDGE('',*,*,#6636,.T.);
#9605=ORIENTED_EDGE('',*,*,#6816,.T.);
#9606=ORIENTED_EDGE('',*,*,#6804,.T.);
#9607=ORIENTED_EDGE('',*,*,#6817,.F.);
#9608=ORIENTED_EDGE('',*,*,#6639,.T.);
#9609=ORIENTED_EDGE('',*,*,#6624,.F.);
#9610=ORIENTED_EDGE('',*,*,#6818,.F.);
#9611=ORIENTED_EDGE('',*,*,#6819,.F.);
#9612=ORIENTED_EDGE('',*,*,#6818,.T.);
#9613=ORIENTED_EDGE('',*,*,#6623,.F.);
#9614=ORIENTED_EDGE('',*,*,#6627,.F.);
#9615=ORIENTED_EDGE('',*,*,#6820,.F.);
#9616=ORIENTED_EDGE('',*,*,#6116,.T.);
#9617=ORIENTED_EDGE('',*,*,#6821,.F.);
#9618=ORIENTED_EDGE('',*,*,#6638,.T.);
#9619=ORIENTED_EDGE('',*,*,#6821,.T.);
#9620=ORIENTED_EDGE('',*,*,#6115,.T.);
#9621=ORIENTED_EDGE('',*,*,#6822,.F.);
#9622=ORIENTED_EDGE('',*,*,#6626,.T.);
#9623=ORIENTED_EDGE('',*,*,#6822,.T.);
#9624=ORIENTED_EDGE('',*,*,#6114,.T.);
#9625=ORIENTED_EDGE('',*,*,#6823,.F.);
#9626=ORIENTED_EDGE('',*,*,#6819,.T.);
#9627=ORIENTED_EDGE('',*,*,#6823,.T.);
#9628=ORIENTED_EDGE('',*,*,#6113,.T.);
#9629=ORIENTED_EDGE('',*,*,#6820,.T.);
#9630=ORIENTED_EDGE('',*,*,#6817,.T.);
#9631=ORIENTED_EDGE('',*,*,#6824,.F.);
#9632=ORIENTED_EDGE('',*,*,#6601,.T.);
#9633=ORIENTED_EDGE('',*,*,#6591,.F.);
#9634=ORIENTED_EDGE('',*,*,#6825,.F.);
#9635=ORIENTED_EDGE('',*,*,#6826,.F.);
#9636=ORIENTED_EDGE('',*,*,#6825,.T.);
#9637=ORIENTED_EDGE('',*,*,#6594,.F.);
#9638=ORIENTED_EDGE('',*,*,#6607,.F.);
#9639=ORIENTED_EDGE('',*,*,#6827,.F.);
#9640=ORIENTED_EDGE('',*,*,#5880,.T.);
#9641=ORIENTED_EDGE('',*,*,#6828,.F.);
#9642=ORIENTED_EDGE('',*,*,#6599,.T.);
#9643=ORIENTED_EDGE('',*,*,#6828,.T.);
#9644=ORIENTED_EDGE('',*,*,#5879,.T.);
#9645=ORIENTED_EDGE('',*,*,#6829,.F.);
#9646=ORIENTED_EDGE('',*,*,#6606,.T.);
#9647=ORIENTED_EDGE('',*,*,#6829,.T.);
#9648=ORIENTED_EDGE('',*,*,#5878,.T.);
#9649=ORIENTED_EDGE('',*,*,#6830,.F.);
#9650=ORIENTED_EDGE('',*,*,#6826,.T.);
#9651=ORIENTED_EDGE('',*,*,#6830,.T.);
#9652=ORIENTED_EDGE('',*,*,#5877,.T.);
#9653=ORIENTED_EDGE('',*,*,#6827,.T.);
#9654=ORIENTED_EDGE('',*,*,#6824,.T.);
#9655=ORIENTED_EDGE('',*,*,#6155,.F.);
#9656=ORIENTED_EDGE('',*,*,#6165,.T.);
#9657=ORIENTED_EDGE('',*,*,#6244,.F.);
#9658=ORIENTED_EDGE('',*,*,#6831,.F.);
#9659=ORIENTED_EDGE('',*,*,#6832,.F.);
#9660=ORIENTED_EDGE('',*,*,#6831,.T.);
#9661=ORIENTED_EDGE('',*,*,#6245,.F.);
#9662=ORIENTED_EDGE('',*,*,#6167,.F.);
#9663=ORIENTED_EDGE('',*,*,#6833,.F.);
#9664=ORIENTED_EDGE('',*,*,#6833,.T.);
#9665=ORIENTED_EDGE('',*,*,#6169,.T.);
#9666=ORIENTED_EDGE('',*,*,#5868,.T.);
#9667=ORIENTED_EDGE('',*,*,#6834,.F.);
#9668=ORIENTED_EDGE('',*,*,#6156,.T.);
#9669=ORIENTED_EDGE('',*,*,#6832,.T.);
#9670=ORIENTED_EDGE('',*,*,#6834,.T.);
#9671=ORIENTED_EDGE('',*,*,#5867,.T.);
#9672=ORIENTED_EDGE('',*,*,#6835,.F.);
#9673=ORIENTED_EDGE('',*,*,#6174,.T.);
#9674=ORIENTED_EDGE('',*,*,#6243,.F.);
#9675=ORIENTED_EDGE('',*,*,#6180,.F.);
#9676=ORIENTED_EDGE('',*,*,#6182,.T.);
#9677=ORIENTED_EDGE('',*,*,#5872,.T.);
#9678=ORIENTED_EDGE('',*,*,#6171,.F.);
#9679=ORIENTED_EDGE('',*,*,#6835,.T.);
#9680=ORIENTED_EDGE('',*,*,#6836,.T.);
#9681=ORIENTED_EDGE('',*,*,#6252,.F.);
#9682=ORIENTED_EDGE('',*,*,#6569,.F.);
#9683=ORIENTED_EDGE('',*,*,#6571,.F.);
#9684=ORIENTED_EDGE('',*,*,#6566,.F.);
#9685=ORIENTED_EDGE('',*,*,#6731,.F.);
#9686=ORIENTED_EDGE('',*,*,#6743,.F.);
#9687=ORIENTED_EDGE('',*,*,#6659,.F.);
#9688=ORIENTED_EDGE('',*,*,#6664,.F.);
#9689=ORIENTED_EDGE('',*,*,#6128,.F.);
#9690=ORIENTED_EDGE('',*,*,#6310,.T.);
#9691=ORIENTED_EDGE('',*,*,#6306,.T.);
#9692=ORIENTED_EDGE('',*,*,#6157,.F.);
#9693=ORIENTED_EDGE('',*,*,#5865,.F.);
#9694=ORIENTED_EDGE('',*,*,#6134,.F.);
#9695=ORIENTED_EDGE('',*,*,#6140,.T.);
#9696=ORIENTED_EDGE('',*,*,#6229,.T.);
#9697=ORIENTED_EDGE('',*,*,#6837,.F.);
#9698=ORIENTED_EDGE('',*,*,#6158,.F.);
#9699=ORIENTED_EDGE('',*,*,#6837,.T.);
#9700=ORIENTED_EDGE('',*,*,#6228,.T.);
#9701=ORIENTED_EDGE('',*,*,#6295,.F.);
#9702=ORIENTED_EDGE('',*,*,#6162,.F.);
#9703=ORIENTED_EDGE('',*,*,#6178,.T.);
#9704=ORIENTED_EDGE('',*,*,#6247,.F.);
#9705=ORIENTED_EDGE('',*,*,#6838,.F.);
#9706=ORIENTED_EDGE('',*,*,#5826,.F.);
#9707=ORIENTED_EDGE('',*,*,#6839,.T.);
#9708=ORIENTED_EDGE('',*,*,#6249,.T.);
#9709=ORIENTED_EDGE('',*,*,#6253,.F.);
#9710=ORIENTED_EDGE('',*,*,#6836,.F.);
#9711=ORIENTED_EDGE('',*,*,#6127,.F.);
#9712=ORIENTED_EDGE('',*,*,#6146,.F.);
#9713=ORIENTED_EDGE('',*,*,#6838,.T.);
#9714=ORIENTED_EDGE('',*,*,#6246,.F.);
#9715=ORIENTED_EDGE('',*,*,#6839,.F.);
#9716=ORIENTED_EDGE('',*,*,#5825,.F.);
#9717=ORIENTED_EDGE('',*,*,#5828,.F.);
#9718=B_SPLINE_SURFACE_WITH_KNOTS('',3,3,((#14041,#14042,#14043,#14044,
#14045,#14046,#14047,#14048,#14049,#14050,#14051,#14052,#14053,#14054,#14055,
#14056,#14057,#14058,#14059,#14060,#14061,#14062,#14063,#14064),(#14065,
#14066,#14067,#14068,#14069,#14070,#14071,#14072,#14073,#14074,#14075,#14076,
#14077,#14078,#14079,#14080,#14081,#14082,#14083,#14084,#14085,#14086,#14087,
#14088),(#14089,#14090,#14091,#14092,#14093,#14094,#14095,#14096,#14097,
#14098,#14099,#14100,#14101,#14102,#14103,#14104,#14105,#14106,#14107,#14108,
#14109,#14110,#14111,#14112),(#14113,#14114,#14115,#14116,#14117,#14118,
#14119,#14120,#14121,#14122,#14123,#14124,#14125,#14126,#14127,#14128,#14129,
#14130,#14131,#14132,#14133,#14134,#14135,#14136),(#14137,#14138,#14139,
#14140,#14141,#14142,#14143,#14144,#14145,#14146,#14147,#14148,#14149,#14150,
#14151,#14152,#14153,#14154,#14155,#14156,#14157,#14158,#14159,#14160)),
 .UNSPECIFIED.,.F.,.F.,.F.,(4,1,4),(4,2,1,1,1,1,1,1,1,1,1,1,1,1,1,1,1,1,
1,1,4),(0.,0.571428571428571,1.),(-0.000864544069774827,0.,0.0473992688049262,
0.0947985376098524,0.106648354811084,0.109610809111392,0.1125732634117,
0.118498172012315,0.130347989213547,0.142197806414779,0.165897440817242,
0.189597075219705,0.213296709622168,0.236996344024631,0.260695978427094,
0.26662088702771,0.272545795628326,0.284395612829557,0.331794881634483,
0.37919415043941,0.473992688049262),.UNSPECIFIED.);
#9719=B_SPLINE_SURFACE_WITH_KNOTS('',3,3,((#14219,#14220,#14221,#14222),
(#14223,#14224,#14225,#14226),(#14227,#14228,#14229,#14230),(#14231,#14232,
#14233,#14234),(#14235,#14236,#14237,#14238)),.UNSPECIFIED.,.F.,.F.,.F.,
(4,1,4),(4,4),(0.,0.5,1.),(0.,0.0480623456224963),.UNSPECIFIED.);
#9720=B_SPLINE_SURFACE_WITH_KNOTS('',3,3,((#14253,#14254,#14255,#14256),
(#14257,#14258,#14259,#14260),(#14261,#14262,#14263,#14264),(#14265,#14266,
#14267,#14268),(#14269,#14270,#14271,#14272)),.UNSPECIFIED.,.F.,.F.,.F.,
(4,1,4),(4,4),(0.,0.5,1.),(0.,0.214620618386787),.UNSPECIFIED.);
#9721=B_SPLINE_SURFACE_WITH_KNOTS('',3,3,((#14291,#14292,#14293,#14294),
(#14295,#14296,#14297,#14298),(#14299,#14300,#14301,#14302),(#14303,#14304,
#14305,#14306),(#14307,#14308,#14309,#14310)),.UNSPECIFIED.,.F.,.F.,.F.,
(4,1,4),(4,4),(0.,0.571428571428571,1.),(0.,0.203692824306115),
 .UNSPECIFIED.);
#9722=B_SPLINE_SURFACE_WITH_KNOTS('',3,3,((#14319,#14320,#14321,#14322),
(#14323,#14324,#14325,#14326),(#14327,#14328,#14329,#14330),(#14331,#14332,
#14333,#14334)),.UNSPECIFIED.,.F.,.F.,.F.,(4,4),(4,4),(0.,0.641542375482191),
(2.86670219365615E-12,0.0325553293505652),.UNSPECIFIED.);
#9723=B_SPLINE_SURFACE_WITH_KNOTS('',3,3,((#14343,#14344,#14345,#14346),
(#14347,#14348,#14349,#14350),(#14351,#14352,#14353,#14354),(#14355,#14356,
#14357,#14358)),.UNSPECIFIED.,.F.,.F.,.F.,(4,4),(4,4),(0.,0.55176504611215),
(0.,3.71687672537236E-5),.UNSPECIFIED.);
#9724=B_SPLINE_SURFACE_WITH_KNOTS('',3,3,((#14363,#14364,#14365,#14366,
#14367,#14368),(#14369,#14370,#14371,#14372,#14373,#14374),(#14375,#14376,
#14377,#14378,#14379,#14380),(#14381,#14382,#14383,#14384,#14385,#14386),
(#14387,#14388,#14389,#14390,#14391,#14392)),.UNSPECIFIED.,.F.,.F.,.F.,
(4,1,4),(4,1,1,4),(0.,0.571428571428571,1.),(1.47374575387173,1.68323971821199,
1.82290236110549,1.962565003999),.UNSPECIFIED.);
#9725=B_SPLINE_SURFACE_WITH_KNOTS('',3,3,((#14437,#14438,#14439,#14440,
#14441),(#14442,#14443,#14444,#14445,#14446),(#14447,#14448,#14449,#14450,
#14451),(#14452,#14453,#14454,#14455,#14456),(#14457,#14458,#14459,#14460,
#14461)),.UNSPECIFIED.,.F.,.F.,.F.,(4,1,4),(4,1,4),(0.,0.571428571428571,
1.),(0.,6.9576921046165E-5,0.000162346149107718),.UNSPECIFIED.);
#9726=B_SPLINE_SURFACE_WITH_KNOTS('',3,3,((#14483,#14484,#14485,#14486),
(#14487,#14488,#14489,#14490),(#14491,#14492,#14493,#14494),(#14495,#14496,
#14497,#14498),(#14499,#14500,#14501,#14502)),.UNSPECIFIED.,.F.,.F.,.F.,
(4,1,4),(4,4),(0.,0.571428571428571,1.),(0.,8.22453834425739E-5),
 .UNSPECIFIED.);
#9727=B_SPLINE_SURFACE_WITH_KNOTS('',3,3,((#14514,#14515,#14516,#14517),
(#14518,#14519,#14520,#14521),(#14522,#14523,#14524,#14525),(#14526,#14527,
#14528,#14529),(#14530,#14531,#14532,#14533)),.UNSPECIFIED.,.F.,.F.,.F.,
(4,1,4),(4,4),(0.,0.571428571428571,1.),(5.52963739125683E-13,0.318010147696128),
 .UNSPECIFIED.);
#9728=B_SPLINE_SURFACE_WITH_KNOTS('',3,3,((#14553,#14554,#14555,#14556),
(#14557,#14558,#14559,#14560),(#14561,#14562,#14563,#14564),(#14565,#14566,
#14567,#14568),(#14569,#14570,#14571,#14572)),.UNSPECIFIED.,.F.,.F.,.F.,
(4,1,4),(4,4),(0.,0.5,1.),(-1.0350054147068E-12,0.214620618071198),
 .UNSPECIFIED.);
#9729=B_SPLINE_SURFACE_WITH_KNOTS('',3,3,((#14594,#14595,#14596,#14597),
(#14598,#14599,#14600,#14601),(#14602,#14603,#14604,#14605),(#14606,#14607,
#14608,#14609),(#14610,#14611,#14612,#14613)),.UNSPECIFIED.,.F.,.F.,.F.,
(4,1,4),(4,4),(0.,0.5,1.),(0.,0.0480623456741942),.UNSPECIFIED.);
#9730=B_SPLINE_SURFACE_WITH_KNOTS('',3,3,((#14634,#14635,#14636,#14637,
#14638,#14639,#14640,#14641,#14642,#14643,#14644,#14645,#14646,#14647,#14648,
#14649,#14650,#14651,#14652,#14653,#14654,#14655,#14656,#14657),(#14658,
#14659,#14660,#14661,#14662,#14663,#14664,#14665,#14666,#14667,#14668,#14669,
#14670,#14671,#14672,#14673,#14674,#14675,#14676,#14677,#14678,#14679,#14680,
#14681),(#14682,#14683,#14684,#14685,#14686,#14687,#14688,#14689,#14690,
#14691,#14692,#14693,#14694,#14695,#14696,#14697,#14698,#14699,#14700,#14701,
#14702,#14703,#14704,#14705),(#14706,#14707,#14708,#14709,#14710,#14711,
#14712,#14713,#14714,#14715,#14716,#14717,#14718,#14719,#14720,#14721,#14722,
#14723,#14724,#14725,#14726,#14727,#14728,#14729),(#14730,#14731,#14732,
#14733,#14734,#14735,#14736,#14737,#14738,#14739,#14740,#14741,#14742,#14743,
#14744,#14745,#14746,#14747,#14748,#14749,#14750,#14751,#14752,#14753)),
 .UNSPECIFIED.,.F.,.F.,.F.,(4,1,4),(4,1,1,1,1,1,1,1,1,1,1,1,1,1,1,1,1,1,
1,2,4),(0.,0.571428571428571,1.),(2.24403660555246E-15,0.0947985376098528,
0.142197806414778,0.189597075219703,0.201446892420935,0.213296709622166,
0.225146526823397,0.236996344024629,0.260695978427091,0.284395612829554,
0.308095247232017,0.331794881634479,0.343644698835711,0.355494516036942,
0.361419424637558,0.364381878937865,0.367344333238173,0.379194150439405,
0.42659341924433,0.473992688049255,0.474857232119031),.UNSPECIFIED.);
#9731=B_SPLINE_SURFACE_WITH_KNOTS('',3,3,((#14803,#14804,#14805,#14806),
(#14807,#14808,#14809,#14810),(#14811,#14812,#14813,#14814),(#14815,#14816,
#14817,#14818),(#14819,#14820,#14821,#14822)),.UNSPECIFIED.,.F.,.F.,.F.,
(4,1,4),(4,4),(0.,0.571428571428571,1.),(0.,0.203692824300704),
 .UNSPECIFIED.);
#9732=B_SPLINE_SURFACE_WITH_KNOTS('',3,3,((#14831,#14832,#14833,#14834),
(#14835,#14836,#14837,#14838),(#14839,#14840,#14841,#14842),(#14843,#14844,
#14845,#14846)),.UNSPECIFIED.,.F.,.F.,.F.,(4,4),(4,4),(0.,0.641542375492131),
(0.260735220232826,0.293290549653422),.UNSPECIFIED.);
#9733=B_SPLINE_SURFACE_WITH_KNOTS('',3,3,((#14855,#14856,#14857,#14858),
(#14859,#14860,#14861,#14862),(#14863,#14864,#14865,#14866),(#14867,#14868,
#14869,#14870),(#14871,#14872,#14873,#14874)),.UNSPECIFIED.,.F.,.F.,.F.,
(4,1,4),(4,4),(0.,0.571428571428571,1.),(0.,0.318010147692398),
 .UNSPECIFIED.);
#9734=B_SPLINE_SURFACE_WITH_KNOTS('',3,3,((#14907,#14908,#14909,#14910,
#14911,#14912),(#14913,#14914,#14915,#14916,#14917,#14918),(#14919,#14920,
#14921,#14922,#14923,#14924),(#14925,#14926,#14927,#14928,#14929,#14930),
(#14931,#14932,#14933,#14934,#14935,#14936)),.UNSPECIFIED.,.F.,.F.,.F.,
(4,1,4),(4,1,1,4),(0.,0.571428571428571,1.),(3.92513000799798,4.06479265089149,
4.20445529378499,4.41394925812524),.UNSPECIFIED.);
#9735=B_SPLINE_SURFACE_WITH_KNOTS('',3,3,((#14945,#14946,#14947,#14948),
(#14949,#14950,#14951,#14952),(#14953,#14954,#14955,#14956),(#14957,#14958,
#14959,#14960),(#14961,#14962,#14963,#14964)),.UNSPECIFIED.,.F.,.F.,.F.,
(4,1,4),(4,4),(0.,0.571428571428571,1.),(0.,8.22453976110992E-5),
 .UNSPECIFIED.);
#9736=B_SPLINE_SURFACE_WITH_KNOTS('',3,3,((#14975,#14976,#14977,#14978,
#14979,#14980),(#14981,#14982,#14983,#14984,#14985,#14986),(#14987,#14988,
#14989,#14990,#14991,#14992),(#14993,#14994,#14995,#14996,#14997,#14998),
(#14999,#15000,#15001,#15002,#15003,#15004)),.UNSPECIFIED.,.F.,.F.,.F.,
(4,1,4),(4,1,1,4),(0.,0.571428571428571,1.),(0.,6.9576009218112E-5,0.00011596001536352,
0.000162344021508928),.UNSPECIFIED.);
#9737=B_SPLINE_SURFACE_WITH_KNOTS('',3,3,((#15015,#15016,#15017,#15018),
(#15019,#15020,#15021,#15022),(#15023,#15024,#15025,#15026),(#15027,#15028,
#15029,#15030)),.UNSPECIFIED.,.F.,.F.,.F.,(4,4),(4,4),(0.,0.551765041800295),
(0.000201310077588173,0.000238478844839321),.UNSPECIFIED.);
#9738=B_SPLINE_SURFACE_WITH_KNOTS('',3,3,((#16623,#16624,#16625,#16626,
#16627,#16628),(#16629,#16630,#16631,#16632,#16633,#16634),(#16635,#16636,
#16637,#16638,#16639,#16640),(#16641,#16642,#16643,#16644,#16645,#16646),
(#16647,#16648,#16649,#16650,#16651,#16652)),.UNSPECIFIED.,.F.,.F.,.F.,
(4,1,4),(4,1,1,4),(0.,0.571428571428571,1.),(6.93889390390722E-17,0.448798950512828,
0.673198425769241,1.5707963267949),.UNSPECIFIED.);
#9739=B_SPLINE_SURFACE_WITH_KNOTS('',3,3,((#16677,#16678,#16679,#16680,
#16681,#16682),(#16683,#16684,#16685,#16686,#16687,#16688),(#16689,#16690,
#16691,#16692,#16693,#16694),(#16695,#16696,#16697,#16698,#16699,#16700),
(#16701,#16702,#16703,#16704,#16705,#16706)),.UNSPECIFIED.,.F.,.F.,.F.,
(4,1,4),(4,1,1,4),(0.,0.571428571428571,1.),(-1.5707963267949,-0.897597901025655,
-0.448798950512828,-6.93889390390722E-17),.UNSPECIFIED.);
#9740=B_SPLINE_SURFACE_WITH_KNOTS('',3,3,((#17766,#17767,#17768,#17769),
(#17770,#17771,#17772,#17773),(#17774,#17775,#17776,#17777),(#17778,#17779,
#17780,#17781)),.UNSPECIFIED.,.F.,.F.,.F.,(4,4),(4,4),(0.,1.),(13.9264632098128,
14.0264632098128),.UNSPECIFIED.);
#9741=B_SPLINE_SURFACE_WITH_KNOTS('',3,3,((#17784,#17785,#17786,#17787),
(#17788,#17789,#17790,#17791),(#17792,#17793,#17794,#17795),(#17796,#17797,
#17798,#17799)),.UNSPECIFIED.,.F.,.F.,.F.,(4,4),(4,4),(0.,1.),(2.78843271378633,
2.88843271378633),.UNSPECIFIED.);
#9742=B_SPLINE_SURFACE_WITH_KNOTS('',3,3,((#17803,#17804,#17805,#17806),
(#17807,#17808,#17809,#17810),(#17811,#17812,#17813,#17814),(#17815,#17816,
#17817,#17818)),.UNSPECIFIED.,.F.,.F.,.F.,(4,4),(4,4),(0.,1.),(0.78539816339745,
1.12459496095195),.UNSPECIFIED.);
#9743=B_SPLINE_SURFACE_WITH_KNOTS('',3,3,((#17821,#17822,#17823,#17824),
(#17825,#17826,#17827,#17828),(#17829,#17830,#17831,#17832),(#17833,#17834,
#17835,#17836)),.UNSPECIFIED.,.F.,.F.,.F.,(4,4),(4,4),(0.,1.),(1.12459496095194,
1.5707963267949),.UNSPECIFIED.);
#9744=B_SPLINE_SURFACE_WITH_KNOTS('',3,3,((#17837,#17838,#17839,#17840),
(#17841,#17842,#17843,#17844),(#17845,#17846,#17847,#17848),(#17849,#17850,
#17851,#17852)),.UNSPECIFIED.,.F.,.F.,.F.,(4,4),(4,4),(0.,1.),(1.12912416602701,
1.19983484414567),.UNSPECIFIED.);
#9745=B_SPLINE_SURFACE_WITH_KNOTS('',3,3,((#17856,#17857,#17858,#17859),
(#17860,#17861,#17862,#17863),(#17864,#17865,#17866,#17867),(#17868,#17869,
#17870,#17871)),.UNSPECIFIED.,.F.,.F.,.F.,(4,4),(4,4),(0.,1.),(-1.19983484414567,
-1.12912416602701),.UNSPECIFIED.);
#9746=B_SPLINE_SURFACE_WITH_KNOTS('',3,3,((#17874,#17875,#17876,#17877),
(#17878,#17879,#17880,#17881),(#17882,#17883,#17884,#17885),(#17886,#17887,
#17888,#17889)),.UNSPECIFIED.,.F.,.F.,.F.,(4,4),(4,4),(0.,1.),(2.80450866577928,
2.90450866577928),.UNSPECIFIED.);
#9747=B_SPLINE_SURFACE_WITH_KNOTS('',3,3,((#17892,#17893,#17894,#17895,
#17896),(#17897,#17898,#17899,#17900,#17901),(#17902,#17903,#17904,#17905,
#17906),(#17907,#17908,#17909,#17910,#17911)),.UNSPECIFIED.,.F.,.F.,.F.,
(4,4),(4,1,4),(0.,1.),(-1.77635683940024E-14,0.44879895051282,0.785398163397449),
 .UNSPECIFIED.);
#9748=B_SPLINE_SURFACE_WITH_KNOTS('',3,3,((#17922,#17923,#17924,#17925,
#17926,#17927),(#17928,#17929,#17930,#17931,#17932,#17933),(#17934,#17935,
#17936,#17937,#17938,#17939),(#17940,#17941,#17942,#17943,#17944,#17945)),
 .UNSPECIFIED.,.F.,.F.,.F.,(4,4),(4,1,1,4),(0.,1.),(-1.57079632679489,-0.673198425769229,
-0.448798950512813,1.76462738196604E-14),.UNSPECIFIED.);
#9749=B_SPLINE_SURFACE_WITH_KNOTS('',3,3,((#17947,#17948,#17949,#17950),
(#17951,#17952,#17953,#17954),(#17955,#17956,#17957,#17958),(#17959,#17960,
#17961,#17962)),.UNSPECIFIED.,.F.,.F.,.F.,(4,4),(4,4),(0.,1.),(-2.90450866577928,
-2.80450866577928),.UNSPECIFIED.);
#9750=B_SPLINE_SURFACE_WITH_KNOTS('',3,3,((#17964,#17965,#17966,#17967,
#17968,#17969),(#17970,#17971,#17972,#17973,#17974,#17975),(#17976,#17977,
#17978,#17979,#17980,#17981),(#17982,#17983,#17984,#17985,#17986,#17987)),
 .UNSPECIFIED.,.F.,.F.,.F.,(4,4),(4,1,1,4),(0.,1.),(-1.73472347597681E-14,
0.448798950512813,0.673198425769229,1.57079632679489),.UNSPECIFIED.);
#9751=B_SPLINE_SURFACE_WITH_KNOTS('',3,3,((#17989,#17990,#17991,#17992,
#17993),(#17994,#17995,#17996,#17997,#17998),(#17999,#18000,#18001,#18002,
#18003),(#18004,#18005,#18006,#18007,#18008)),.UNSPECIFIED.,.F.,.F.,.F.,
(4,4),(4,1,4),(0.,1.),(-0.785398163397449,-0.44879895051282,1.82653316486848E-14),
 .UNSPECIFIED.);
#9752=B_SPLINE_SURFACE_WITH_KNOTS('',3,3,((#18010,#18011,#18012,#18013),
(#18014,#18015,#18016,#18017),(#18018,#18019,#18020,#18021),(#18022,#18023,
#18024,#18025)),.UNSPECIFIED.,.F.,.F.,.F.,(4,4),(4,4),(0.,1.),(-1.12459496095195,
-0.78539816339745),.UNSPECIFIED.);
#9753=B_SPLINE_SURFACE_WITH_KNOTS('',3,3,((#18029,#18030,#18031,#18032),
(#18033,#18034,#18035,#18036),(#18037,#18038,#18039,#18040),(#18041,#18042,
#18043,#18044)),.UNSPECIFIED.,.F.,.F.,.F.,(4,4),(4,4),(0.,1.),(-2.88843271378633,
-2.78843271378633),.UNSPECIFIED.);
#9754=B_SPLINE_SURFACE_WITH_KNOTS('',3,3,((#18047,#18048,#18049,#18050),
(#18051,#18052,#18053,#18054),(#18055,#18056,#18057,#18058),(#18059,#18060,
#18061,#18062)),.UNSPECIFIED.,.F.,.F.,.F.,(4,4),(4,4),(0.,1.),(-1.5707963267949,
-1.12459496095195),.UNSPECIFIED.);
#9755=B_SPLINE_SURFACE_WITH_KNOTS('',3,3,((#18063,#18064,#18065,#18066),
(#18067,#18068,#18069,#18070),(#18071,#18072,#18073,#18074),(#18075,#18076,
#18077,#18078)),.UNSPECIFIED.,.F.,.F.,.F.,(4,4),(4,4),(0.,1.),(-14.0264632098128,
-13.9264632098128),.UNSPECIFIED.);
#9756=B_SPLINE_SURFACE_WITH_KNOTS('',3,3,((#18082,#18083,#18084,#18085,
#18086,#18087),(#18088,#18089,#18090,#18091,#18092,#18093),(#18094,#18095,
#18096,#18097,#18098,#18099),(#18100,#18101,#18102,#18103,#18104,#18105)),
 .UNSPECIFIED.,.F.,.F.,.F.,(4,4),(4,1,1,4),(0.,1.),(-3.90153645468095E-16,
0.448798950512826,0.673198425769238,1.57079632679489),.UNSPECIFIED.);
#9757=B_SPLINE_SURFACE_WITH_KNOTS('',3,3,((#18107,#18108,#18109,#18110,
#18111,#18112),(#18113,#18114,#18115,#18116,#18117,#18118),(#18119,#18120,
#18121,#18122,#18123,#18124),(#18125,#18126,#18127,#18128,#18129,#18130)),
 .UNSPECIFIED.,.F.,.F.,.F.,(4,4),(4,1,1,4),(0.,1.),(-1.57079632679489,-0.897597901025656,
-0.448798950512832,-9.08995101411762E-15),.UNSPECIFIED.);
#9758=ADVANCED_FACE('',(#2816),#9718,.F.);
#9759=ADVANCED_FACE('',(#2817),#2618,.T.);
#9760=ADVANCED_FACE('',(#2818),#9719,.F.);
#9761=ADVANCED_FACE('',(#2819),#9720,.F.);
#9762=ADVANCED_FACE('',(#2820),#9721,.F.);
#9763=ADVANCED_FACE('',(#2821),#9722,.T.);
#9764=ADVANCED_FACE('',(#2822),#9723,.T.);
#9765=ADVANCED_FACE('',(#2823),#9724,.T.);
#9766=ADVANCED_FACE('',(#2824),#2619,.F.);
#9767=ADVANCED_FACE('',(#2825),#9725,.T.);
#9768=ADVANCED_FACE('',(#2826),#2620,.F.);
#9769=ADVANCED_FACE('',(#2827),#9726,.T.);
#9770=ADVANCED_FACE('',(#2828),#9727,.T.);
#9771=ADVANCED_FACE('',(#2829),#377,.F.);
#9772=ADVANCED_FACE('',(#2830),#149,.T.);
#9773=ADVANCED_FACE('',(#2831),#9728,.F.);
#9774=ADVANCED_FACE('',(#2832),#9729,.F.);
#9775=ADVANCED_FACE('',(#2833),#2621,.T.);
#9776=ADVANCED_FACE('',(#2834),#9730,.F.);
#9777=ADVANCED_FACE('',(#2835),#9731,.F.);
#9778=ADVANCED_FACE('',(#2836),#9732,.T.);
#9779=ADVANCED_FACE('',(#2837),#9733,.T.);
#9780=ADVANCED_FACE('',(#2838),#150,.T.);
#9781=ADVANCED_FACE('',(#2839),#9734,.T.);
#9782=ADVANCED_FACE('',(#2840),#9735,.T.);
#9783=ADVANCED_FACE('',(#2841),#2622,.F.);
#9784=ADVANCED_FACE('',(#2842),#9736,.T.);
#9785=ADVANCED_FACE('',(#2843),#2623,.F.);
#9786=ADVANCED_FACE('',(#2844),#9737,.T.);
#9787=ADVANCED_FACE('',(#2845),#378,.F.);
#9788=ADVANCED_FACE('',(#2846),#129,.T.);
#9789=ADVANCED_FACE('',(#2847,#46),#151,.F.);
#9790=ADVANCED_FACE('',(#2848,#47),#152,.T.);
#9791=ADVANCED_FACE('',(#2849),#379,.T.);
#9792=ADVANCED_FACE('',(#2850),#2624,.T.);
#9793=ADVANCED_FACE('',(#2851),#380,.F.);
#9794=ADVANCED_FACE('',(#2852),#153,.T.);
#9795=ADVANCED_FACE('',(#2853),#381,.F.);
#9796=ADVANCED_FACE('',(#2854),#154,.F.);
#9797=ADVANCED_FACE('',(#2855),#382,.F.);
#9798=ADVANCED_FACE('',(#2856),#155,.F.);
#9799=ADVANCED_FACE('',(#2857),#383,.F.);
#9800=ADVANCED_FACE('',(#2858),#156,.F.);
#9801=ADVANCED_FACE('',(#2859,#48,#49,#50,#51,#52,#53,#54,#55,#56,#57,#58,
#59,#60,#61,#62,#63,#64,#65,#66,#67,#68,#69,#70,#71,#72,#73,#74,#75,#76,
#77),#157,.F.);
#9802=ADVANCED_FACE('',(#2860),#158,.T.);
#9803=ADVANCED_FACE('',(#2861),#2625,.T.);
#9804=ADVANCED_FACE('',(#2862,#78,#79,#80,#81,#82,#83,#84,#85,#86,#87,#88,
#89,#90,#91,#92,#93,#94,#95,#96,#97,#98,#99,#100,#101,#102,#103,#104,#105,
#106,#107,#108,#109,#110),#159,.T.);
#9805=ADVANCED_FACE('',(#2863),#160,.T.);
#9806=ADVANCED_FACE('',(#2864,#111),#161,.T.);
#9807=ADVANCED_FACE('',(#2865),#2626,.T.);
#9808=ADVANCED_FACE('',(#2866),#162,.F.);
#9809=ADVANCED_FACE('',(#2867,#112),#163,.T.);
#9810=ADVANCED_FACE('',(#2868),#2627,.T.);
#9811=ADVANCED_FACE('',(#2869),#164,.T.);
#9812=ADVANCED_FACE('',(#2870),#130,.F.);
#9813=ADVANCED_FACE('',(#2871),#131,.F.);
#9814=ADVANCED_FACE('',(#2872),#132,.F.);
#9815=ADVANCED_FACE('',(#2873),#133,.F.);
#9816=ADVANCED_FACE('',(#2874),#165,.T.);
#9817=ADVANCED_FACE('',(#2875),#166,.T.);
#9818=ADVANCED_FACE('',(#2876),#134,.F.);
#9819=ADVANCED_FACE('',(#2877),#135,.F.);
#9820=ADVANCED_FACE('',(#2878),#167,.F.);
#9821=ADVANCED_FACE('',(#2879),#2628,.F.);
#9822=ADVANCED_FACE('',(#2880),#2629,.F.);
#9823=ADVANCED_FACE('',(#2881),#2630,.F.);
#9824=ADVANCED_FACE('',(#2882),#2631,.F.);
#9825=ADVANCED_FACE('',(#2883),#9738,.T.);
#9826=ADVANCED_FACE('',(#2884),#2632,.F.);
#9827=ADVANCED_FACE('',(#2885),#2633,.F.);
#9828=ADVANCED_FACE('',(#2886,#113),#168,.F.);
#9829=ADVANCED_FACE('',(#2887),#9739,.T.);
#9830=ADVANCED_FACE('',(#2888),#2634,.F.);
#9831=ADVANCED_FACE('',(#2889),#2635,.F.);
#9832=ADVANCED_FACE('',(#2890),#2636,.F.);
#9833=ADVANCED_FACE('',(#2891),#169,.T.);
#9834=ADVANCED_FACE('',(#2892),#170,.T.);
#9835=ADVANCED_FACE('',(#2893,#114,#115),#171,.F.);
#9836=ADVANCED_FACE('',(#2894),#172,.T.);
#9837=ADVANCED_FACE('',(#2895,#116),#173,.F.);
#9838=ADVANCED_FACE('',(#2896),#14,.F.);
#9839=ADVANCED_FACE('',(#2897),#2637,.F.);
#9840=ADVANCED_FACE('',(#2898),#2638,.F.);
#9841=ADVANCED_FACE('',(#2899),#15,.F.);
#9842=ADVANCED_FACE('',(#2900),#384,.F.);
#9843=ADVANCED_FACE('',(#2901),#2639,.F.);
#9844=ADVANCED_FACE('',(#2902),#385,.F.);
#9845=ADVANCED_FACE('',(#2903),#16,.F.);
#9846=ADVANCED_FACE('',(#2904),#2640,.F.);
#9847=ADVANCED_FACE('',(#2905),#17,.F.);
#9848=ADVANCED_FACE('',(#2906),#386,.F.);
#9849=ADVANCED_FACE('',(#2907),#2641,.F.);
#9850=ADVANCED_FACE('',(#2908),#387,.F.);
#9851=ADVANCED_FACE('',(#2909),#2642,.F.);
#9852=ADVANCED_FACE('',(#2910),#2643,.F.);
#9853=ADVANCED_FACE('',(#2911),#2644,.F.);
#9854=ADVANCED_FACE('',(#2912),#174,.T.);
#9855=ADVANCED_FACE('',(#2913),#2645,.T.);
#9856=ADVANCED_FACE('',(#2914),#175,.T.);
#9857=ADVANCED_FACE('',(#2915),#2646,.T.);
#9858=ADVANCED_FACE('',(#2916),#176,.T.);
#9859=ADVANCED_FACE('',(#2917),#2647,.T.);
#9860=ADVANCED_FACE('',(#2918),#136,.T.);
#9861=ADVANCED_FACE('',(#2919),#2648,.F.);
#9862=ADVANCED_FACE('',(#2920,#117),#177,.F.);
#9863=ADVANCED_FACE('',(#2921),#2649,.F.);
#9864=ADVANCED_FACE('',(#2922),#178,.T.);
#9865=ADVANCED_FACE('',(#2923),#2650,.F.);
#9866=ADVANCED_FACE('',(#2924),#179,.F.);
#9867=ADVANCED_FACE('',(#2925),#2651,.F.);
#9868=ADVANCED_FACE('',(#2926),#180,.F.);
#9869=ADVANCED_FACE('',(#2927),#2652,.F.);
#9870=ADVANCED_FACE('',(#2928,#118),#181,.T.);
#9871=ADVANCED_FACE('',(#2929),#137,.T.);
#9872=ADVANCED_FACE('',(#2930),#2653,.F.);
#9873=ADVANCED_FACE('',(#2931),#2654,.F.);
#9874=ADVANCED_FACE('',(#2932,#119),#182,.T.);
#9875=ADVANCED_FACE('',(#2933),#183,.F.);
#9876=ADVANCED_FACE('',(#2934),#2655,.F.);
#9877=ADVANCED_FACE('',(#2935),#184,.F.);
#9878=ADVANCED_FACE('',(#2936),#2656,.F.);
#9879=ADVANCED_FACE('',(#2937),#185,.F.);
#9880=ADVANCED_FACE('',(#2938),#2657,.F.);
#9881=ADVANCED_FACE('',(#2939),#186,.F.);
#9882=ADVANCED_FACE('',(#2940),#2658,.F.);
#9883=ADVANCED_FACE('',(#2941),#187,.F.);
#9884=ADVANCED_FACE('',(#2942),#2659,.F.);
#9885=ADVANCED_FACE('',(#2943),#188,.F.);
#9886=ADVANCED_FACE('',(#2944),#2660,.F.);
#9887=ADVANCED_FACE('',(#2945),#189,.F.);
#9888=ADVANCED_FACE('',(#2946),#2661,.F.);
#9889=ADVANCED_FACE('',(#2947),#190,.F.);
#9890=ADVANCED_FACE('',(#2948),#2662,.F.);
#9891=ADVANCED_FACE('',(#2949),#191,.F.);
#9892=ADVANCED_FACE('',(#2950),#2663,.F.);
#9893=ADVANCED_FACE('',(#2951),#192,.F.);
#9894=ADVANCED_FACE('',(#2952),#2664,.F.);
#9895=ADVANCED_FACE('',(#2953),#193,.F.);
#9896=ADVANCED_FACE('',(#2954),#2665,.F.);
#9897=ADVANCED_FACE('',(#2955),#194,.F.);
#9898=ADVANCED_FACE('',(#2956),#2666,.F.);
#9899=ADVANCED_FACE('',(#2957),#195,.F.);
#9900=ADVANCED_FACE('',(#2958),#2667,.F.);
#9901=ADVANCED_FACE('',(#2959),#196,.F.);
#9902=ADVANCED_FACE('',(#2960),#2668,.F.);
#9903=ADVANCED_FACE('',(#2961),#197,.F.);
#9904=ADVANCED_FACE('',(#2962),#2669,.F.);
#9905=ADVANCED_FACE('',(#2963),#198,.F.);
#9906=ADVANCED_FACE('',(#2964),#2670,.F.);
#9907=ADVANCED_FACE('',(#2965),#199,.F.);
#9908=ADVANCED_FACE('',(#2966),#2671,.F.);
#9909=ADVANCED_FACE('',(#2967),#200,.F.);
#9910=ADVANCED_FACE('',(#2968),#2672,.F.);
#9911=ADVANCED_FACE('',(#2969),#201,.F.);
#9912=ADVANCED_FACE('',(#2970),#2673,.F.);
#9913=ADVANCED_FACE('',(#2971),#202,.F.);
#9914=ADVANCED_FACE('',(#2972),#2674,.F.);
#9915=ADVANCED_FACE('',(#2973),#203,.F.);
#9916=ADVANCED_FACE('',(#2974),#2675,.F.);
#9917=ADVANCED_FACE('',(#2975),#204,.F.);
#9918=ADVANCED_FACE('',(#2976),#2676,.F.);
#9919=ADVANCED_FACE('',(#2977),#205,.F.);
#9920=ADVANCED_FACE('',(#2978),#2677,.F.);
#9921=ADVANCED_FACE('',(#2979),#206,.F.);
#9922=ADVANCED_FACE('',(#2980),#2678,.F.);
#9923=ADVANCED_FACE('',(#2981),#207,.F.);
#9924=ADVANCED_FACE('',(#2982),#2679,.F.);
#9925=ADVANCED_FACE('',(#2983),#208,.F.);
#9926=ADVANCED_FACE('',(#2984),#2680,.F.);
#9927=ADVANCED_FACE('',(#2985),#209,.F.);
#9928=ADVANCED_FACE('',(#2986),#2681,.F.);
#9929=ADVANCED_FACE('',(#2987),#210,.F.);
#9930=ADVANCED_FACE('',(#2988),#2682,.F.);
#9931=ADVANCED_FACE('',(#2989),#211,.F.);
#9932=ADVANCED_FACE('',(#2990),#2683,.F.);
#9933=ADVANCED_FACE('',(#2991),#212,.F.);
#9934=ADVANCED_FACE('',(#2992),#2684,.F.);
#9935=ADVANCED_FACE('',(#2993),#213,.F.);
#9936=ADVANCED_FACE('',(#2994),#2685,.F.);
#9937=ADVANCED_FACE('',(#2995),#214,.F.);
#9938=ADVANCED_FACE('',(#2996),#2686,.F.);
#9939=ADVANCED_FACE('',(#2997),#215,.F.);
#9940=ADVANCED_FACE('',(#2998),#2687,.F.);
#9941=ADVANCED_FACE('',(#2999),#216,.F.);
#9942=ADVANCED_FACE('',(#3000),#2688,.F.);
#9943=ADVANCED_FACE('',(#3001),#217,.F.);
#9944=ADVANCED_FACE('',(#3002),#2689,.F.);
#9945=ADVANCED_FACE('',(#3003),#218,.F.);
#9946=ADVANCED_FACE('',(#3004),#2690,.F.);
#9947=ADVANCED_FACE('',(#3005),#219,.F.);
#9948=ADVANCED_FACE('',(#3006),#2691,.F.);
#9949=ADVANCED_FACE('',(#3007),#220,.F.);
#9950=ADVANCED_FACE('',(#3008),#2692,.F.);
#9951=ADVANCED_FACE('',(#3009),#221,.F.);
#9952=ADVANCED_FACE('',(#3010),#2693,.F.);
#9953=ADVANCED_FACE('',(#3011),#222,.F.);
#9954=ADVANCED_FACE('',(#3012),#2694,.F.);
#9955=ADVANCED_FACE('',(#3013),#223,.F.);
#9956=ADVANCED_FACE('',(#3014),#2695,.F.);
#9957=ADVANCED_FACE('',(#3015),#224,.F.);
#9958=ADVANCED_FACE('',(#3016),#2696,.F.);
#9959=ADVANCED_FACE('',(#3017),#225,.F.);
#9960=ADVANCED_FACE('',(#3018),#2697,.F.);
#9961=ADVANCED_FACE('',(#3019),#226,.F.);
#9962=ADVANCED_FACE('',(#3020),#2698,.F.);
#9963=ADVANCED_FACE('',(#3021),#227,.F.);
#9964=ADVANCED_FACE('',(#3022),#2699,.F.);
#9965=ADVANCED_FACE('',(#3023),#228,.F.);
#9966=ADVANCED_FACE('',(#3024),#2700,.F.);
#9967=ADVANCED_FACE('',(#3025),#229,.F.);
#9968=ADVANCED_FACE('',(#3026),#2701,.F.);
#9969=ADVANCED_FACE('',(#3027),#230,.F.);
#9970=ADVANCED_FACE('',(#3028),#2702,.F.);
#9971=ADVANCED_FACE('',(#3029),#231,.F.);
#9972=ADVANCED_FACE('',(#3030),#2703,.F.);
#9973=ADVANCED_FACE('',(#3031),#232,.F.);
#9974=ADVANCED_FACE('',(#3032),#2704,.F.);
#9975=ADVANCED_FACE('',(#3033),#233,.F.);
#9976=ADVANCED_FACE('',(#3034),#2705,.F.);
#9977=ADVANCED_FACE('',(#3035),#234,.F.);
#9978=ADVANCED_FACE('',(#3036),#2706,.F.);
#9979=ADVANCED_FACE('',(#3037),#235,.F.);
#9980=ADVANCED_FACE('',(#3038),#2707,.F.);
#9981=ADVANCED_FACE('',(#3039),#236,.F.);
#9982=ADVANCED_FACE('',(#3040),#2708,.F.);
#9983=ADVANCED_FACE('',(#3041),#237,.F.);
#9984=ADVANCED_FACE('',(#3042),#2709,.F.);
#9985=ADVANCED_FACE('',(#3043),#238,.F.);
#9986=ADVANCED_FACE('',(#3044),#2710,.F.);
#9987=ADVANCED_FACE('',(#3045),#239,.F.);
#9988=ADVANCED_FACE('',(#3046),#2711,.F.);
#9989=ADVANCED_FACE('',(#3047),#240,.F.);
#9990=ADVANCED_FACE('',(#3048),#2712,.F.);
#9991=ADVANCED_FACE('',(#3049),#241,.F.);
#9992=ADVANCED_FACE('',(#3050),#2713,.F.);
#9993=ADVANCED_FACE('',(#3051),#242,.F.);
#9994=ADVANCED_FACE('',(#3052),#2714,.F.);
#9995=ADVANCED_FACE('',(#3053),#243,.F.);
#9996=ADVANCED_FACE('',(#3054),#2715,.F.);
#9997=ADVANCED_FACE('',(#3055),#244,.F.);
#9998=ADVANCED_FACE('',(#3056),#2716,.F.);
#9999=ADVANCED_FACE('',(#3057),#245,.F.);
#10000=ADVANCED_FACE('',(#3058),#2717,.F.);
#10001=ADVANCED_FACE('',(#3059),#246,.F.);
#10002=ADVANCED_FACE('',(#3060),#2718,.F.);
#10003=ADVANCED_FACE('',(#3061),#247,.F.);
#10004=ADVANCED_FACE('',(#3062),#2719,.F.);
#10005=ADVANCED_FACE('',(#3063),#248,.F.);
#10006=ADVANCED_FACE('',(#3064),#2720,.F.);
#10007=ADVANCED_FACE('',(#3065),#249,.F.);
#10008=ADVANCED_FACE('',(#3066),#2721,.F.);
#10009=ADVANCED_FACE('',(#3067),#250,.F.);
#10010=ADVANCED_FACE('',(#3068),#2722,.F.);
#10011=ADVANCED_FACE('',(#3069),#251,.F.);
#10012=ADVANCED_FACE('',(#3070),#2723,.F.);
#10013=ADVANCED_FACE('',(#3071),#252,.F.);
#10014=ADVANCED_FACE('',(#3072),#2724,.F.);
#10015=ADVANCED_FACE('',(#3073),#253,.F.);
#10016=ADVANCED_FACE('',(#3074),#2725,.F.);
#10017=ADVANCED_FACE('',(#3075),#254,.F.);
#10018=ADVANCED_FACE('',(#3076),#2726,.F.);
#10019=ADVANCED_FACE('',(#3077),#255,.F.);
#10020=ADVANCED_FACE('',(#3078),#2727,.F.);
#10021=ADVANCED_FACE('',(#3079),#256,.F.);
#10022=ADVANCED_FACE('',(#3080),#2728,.F.);
#10023=ADVANCED_FACE('',(#3081),#257,.F.);
#10024=ADVANCED_FACE('',(#3082),#2729,.F.);
#10025=ADVANCED_FACE('',(#3083),#258,.F.);
#10026=ADVANCED_FACE('',(#3084),#2730,.F.);
#10027=ADVANCED_FACE('',(#3085),#259,.F.);
#10028=ADVANCED_FACE('',(#3086),#2731,.F.);
#10029=ADVANCED_FACE('',(#3087),#260,.F.);
#10030=ADVANCED_FACE('',(#3088),#2732,.F.);
#10031=ADVANCED_FACE('',(#3089),#261,.F.);
#10032=ADVANCED_FACE('',(#3090),#2733,.F.);
#10033=ADVANCED_FACE('',(#3091),#262,.F.);
#10034=ADVANCED_FACE('',(#3092),#2734,.F.);
#10035=ADVANCED_FACE('',(#3093),#263,.F.);
#10036=ADVANCED_FACE('',(#3094),#2735,.F.);
#10037=ADVANCED_FACE('',(#3095),#264,.F.);
#10038=ADVANCED_FACE('',(#3096),#2736,.F.);
#10039=ADVANCED_FACE('',(#3097),#265,.F.);
#10040=ADVANCED_FACE('',(#3098),#2737,.F.);
#10041=ADVANCED_FACE('',(#3099),#266,.F.);
#10042=ADVANCED_FACE('',(#3100),#2738,.F.);
#10043=ADVANCED_FACE('',(#3101),#267,.F.);
#10044=ADVANCED_FACE('',(#3102),#2739,.F.);
#10045=ADVANCED_FACE('',(#3103),#268,.F.);
#10046=ADVANCED_FACE('',(#3104),#2740,.F.);
#10047=ADVANCED_FACE('',(#3105),#269,.F.);
#10048=ADVANCED_FACE('',(#3106),#2741,.F.);
#10049=ADVANCED_FACE('',(#3107),#270,.F.);
#10050=ADVANCED_FACE('',(#3108),#2742,.F.);
#10051=ADVANCED_FACE('',(#3109),#271,.F.);
#10052=ADVANCED_FACE('',(#3110),#2743,.F.);
#10053=ADVANCED_FACE('',(#3111),#272,.F.);
#10054=ADVANCED_FACE('',(#3112),#2744,.F.);
#10055=ADVANCED_FACE('',(#3113),#273,.F.);
#10056=ADVANCED_FACE('',(#3114),#2745,.F.);
#10057=ADVANCED_FACE('',(#3115),#274,.F.);
#10058=ADVANCED_FACE('',(#3116),#2746,.F.);
#10059=ADVANCED_FACE('',(#3117),#275,.F.);
#10060=ADVANCED_FACE('',(#3118),#2747,.F.);
#10061=ADVANCED_FACE('',(#3119),#276,.F.);
#10062=ADVANCED_FACE('',(#3120),#2748,.F.);
#10063=ADVANCED_FACE('',(#3121),#277,.F.);
#10064=ADVANCED_FACE('',(#3122),#2749,.F.);
#10065=ADVANCED_FACE('',(#3123),#278,.F.);
#10066=ADVANCED_FACE('',(#3124),#2750,.F.);
#10067=ADVANCED_FACE('',(#3125),#279,.F.);
#10068=ADVANCED_FACE('',(#3126),#2751,.F.);
#10069=ADVANCED_FACE('',(#3127),#280,.F.);
#10070=ADVANCED_FACE('',(#3128),#281,.F.);
#10071=ADVANCED_FACE('',(#3129),#2752,.F.);
#10072=ADVANCED_FACE('',(#3130),#282,.F.);
#10073=ADVANCED_FACE('',(#3131),#2753,.F.);
#10074=ADVANCED_FACE('',(#3132),#283,.F.);
#10075=ADVANCED_FACE('',(#3133),#2754,.F.);
#10076=ADVANCED_FACE('',(#3134),#284,.F.);
#10077=ADVANCED_FACE('',(#3135),#2755,.F.);
#10078=ADVANCED_FACE('',(#3136),#285,.F.);
#10079=ADVANCED_FACE('',(#3137),#2756,.F.);
#10080=ADVANCED_FACE('',(#3138),#286,.F.);
#10081=ADVANCED_FACE('',(#3139),#2757,.F.);
#10082=ADVANCED_FACE('',(#3140),#287,.F.);
#10083=ADVANCED_FACE('',(#3141),#2758,.F.);
#10084=ADVANCED_FACE('',(#3142),#288,.F.);
#10085=ADVANCED_FACE('',(#3143),#2759,.F.);
#10086=ADVANCED_FACE('',(#3144),#289,.F.);
#10087=ADVANCED_FACE('',(#3145),#2760,.F.);
#10088=ADVANCED_FACE('',(#3146),#290,.F.);
#10089=ADVANCED_FACE('',(#3147),#2761,.F.);
#10090=ADVANCED_FACE('',(#3148),#291,.F.);
#10091=ADVANCED_FACE('',(#3149),#2762,.F.);
#10092=ADVANCED_FACE('',(#3150),#292,.F.);
#10093=ADVANCED_FACE('',(#3151),#2763,.F.);
#10094=ADVANCED_FACE('',(#3152),#293,.F.);
#10095=ADVANCED_FACE('',(#3153),#2764,.F.);
#10096=ADVANCED_FACE('',(#3154),#294,.F.);
#10097=ADVANCED_FACE('',(#3155),#2765,.F.);
#10098=ADVANCED_FACE('',(#3156),#295,.F.);
#10099=ADVANCED_FACE('',(#3157),#2766,.F.);
#10100=ADVANCED_FACE('',(#3158),#296,.F.);
#10101=ADVANCED_FACE('',(#3159),#2767,.F.);
#10102=ADVANCED_FACE('',(#3160),#297,.F.);
#10103=ADVANCED_FACE('',(#3161),#2768,.F.);
#10104=ADVANCED_FACE('',(#3162),#298,.F.);
#10105=ADVANCED_FACE('',(#3163),#299,.F.);
#10106=ADVANCED_FACE('',(#3164),#300,.T.);
#10107=ADVANCED_FACE('',(#3165),#301,.T.);
#10108=ADVANCED_FACE('',(#3166),#302,.T.);
#10109=ADVANCED_FACE('',(#3167),#303,.T.);
#10110=ADVANCED_FACE('',(#3168),#304,.T.);
#10111=ADVANCED_FACE('',(#3169),#305,.T.);
#10112=ADVANCED_FACE('',(#3170),#306,.F.);
#10113=ADVANCED_FACE('',(#3171),#307,.T.);
#10114=ADVANCED_FACE('',(#3172),#2769,.F.);
#10115=ADVANCED_FACE('',(#3173),#308,.F.);
#10116=ADVANCED_FACE('',(#3174),#309,.F.);
#10117=ADVANCED_FACE('',(#3175),#2770,.F.);
#10118=ADVANCED_FACE('',(#3176),#2771,.F.);
#10119=ADVANCED_FACE('',(#3177),#2772,.F.);
#10120=ADVANCED_FACE('',(#3178,#120),#310,.T.);
#10121=ADVANCED_FACE('',(#3179),#2773,.F.);
#10122=ADVANCED_FACE('',(#3180,#121),#311,.F.);
#10123=ADVANCED_FACE('',(#3181),#2774,.F.);
#10124=ADVANCED_FACE('',(#3182),#2775,.F.);
#10125=ADVANCED_FACE('',(#3183),#2776,.F.);
#10126=ADVANCED_FACE('',(#3184),#2777,.F.);
#10127=ADVANCED_FACE('',(#3185),#2778,.F.);
#10128=ADVANCED_FACE('',(#3186),#312,.T.);
#10129=ADVANCED_FACE('',(#3187),#2779,.F.);
#10130=ADVANCED_FACE('',(#3188),#2780,.T.);
#10131=ADVANCED_FACE('',(#3189),#313,.T.);
#10132=ADVANCED_FACE('',(#3190,#122),#314,.F.);
#10133=ADVANCED_FACE('',(#3191),#2781,.T.);
#10134=ADVANCED_FACE('',(#3192),#315,.T.);
#10135=ADVANCED_FACE('',(#3193),#316,.T.);
#10136=ADVANCED_FACE('',(#3194),#317,.T.);
#10137=ADVANCED_FACE('',(#3195),#2782,.T.);
#10138=ADVANCED_FACE('',(#3196),#138,.F.);
#10139=ADVANCED_FACE('',(#3197,#123),#318,.T.);
#10140=ADVANCED_FACE('',(#3198,#124),#319,.F.);
#10141=ADVANCED_FACE('',(#3199),#139,.F.);
#10142=ADVANCED_FACE('',(#3200),#320,.T.);
#10143=ADVANCED_FACE('',(#3201),#2783,.T.);
#10144=ADVANCED_FACE('',(#3202),#2784,.T.);
#10145=ADVANCED_FACE('',(#3203),#2785,.T.);
#10146=ADVANCED_FACE('',(#3204),#321,.T.);
#10147=ADVANCED_FACE('',(#3205),#322,.T.);
#10148=ADVANCED_FACE('',(#3206),#323,.F.);
#10149=ADVANCED_FACE('',(#3207),#2786,.F.);
#10150=ADVANCED_FACE('',(#3208),#324,.F.);
#10151=ADVANCED_FACE('',(#3209),#2787,.F.);
#10152=ADVANCED_FACE('',(#3210),#325,.F.);
#10153=ADVANCED_FACE('',(#3211),#2788,.F.);
#10154=ADVANCED_FACE('',(#3212),#140,.T.);
#10155=ADVANCED_FACE('',(#3213),#326,.T.);
#10156=ADVANCED_FACE('',(#3214),#2789,.T.);
#10157=ADVANCED_FACE('',(#3215),#388,.F.);
#10158=ADVANCED_FACE('',(#3216),#2790,.T.);
#10159=ADVANCED_FACE('',(#3217),#2791,.F.);
#10160=ADVANCED_FACE('',(#3218),#389,.F.);
#10161=ADVANCED_FACE('',(#3219),#2792,.F.);
#10162=ADVANCED_FACE('',(#3220),#2793,.T.);
#10163=ADVANCED_FACE('',(#3221),#2794,.F.);
#10164=ADVANCED_FACE('',(#3222),#327,.T.);
#10165=ADVANCED_FACE('',(#3223),#2795,.T.);
#10166=ADVANCED_FACE('',(#3224),#2796,.F.);
#10167=ADVANCED_FACE('',(#3225),#2797,.F.);
#10168=ADVANCED_FACE('',(#3226),#2798,.F.);
#10169=ADVANCED_FACE('',(#3227),#328,.T.);
#10170=ADVANCED_FACE('',(#3228),#2799,.F.);
#10171=ADVANCED_FACE('',(#3229),#329,.F.);
#10172=ADVANCED_FACE('',(#3230),#330,.F.);
#10173=ADVANCED_FACE('',(#3231),#2800,.F.);
#10174=ADVANCED_FACE('',(#3232),#9740,.T.);
#10175=ADVANCED_FACE('',(#3233),#9741,.T.);
#10176=ADVANCED_FACE('',(#3234),#331,.T.);
#10177=ADVANCED_FACE('',(#3235),#9742,.T.);
#10178=ADVANCED_FACE('',(#3236),#9743,.T.);
#10179=ADVANCED_FACE('',(#3237),#9744,.T.);
#10180=ADVANCED_FACE('',(#3238),#332,.T.);
#10181=ADVANCED_FACE('',(#3239),#9745,.T.);
#10182=ADVANCED_FACE('',(#3240),#9746,.T.);
#10183=ADVANCED_FACE('',(#3241),#9747,.T.);
#10184=ADVANCED_FACE('',(#3242),#333,.T.);
#10185=ADVANCED_FACE('',(#3243),#334,.T.);
#10186=ADVANCED_FACE('',(#3244),#9748,.T.);
#10187=ADVANCED_FACE('',(#3245),#335,.T.);
#10188=ADVANCED_FACE('',(#3246),#9749,.T.);
#10189=ADVANCED_FACE('',(#3247),#9750,.T.);
#10190=ADVANCED_FACE('',(#3248),#9751,.T.);
#10191=ADVANCED_FACE('',(#3249),#9752,.T.);
#10192=ADVANCED_FACE('',(#3250),#336,.T.);
#10193=ADVANCED_FACE('',(#3251),#9753,.T.);
#10194=ADVANCED_FACE('',(#3252),#9754,.T.);
#10195=ADVANCED_FACE('',(#3253),#9755,.T.);
#10196=ADVANCED_FACE('',(#3254),#337,.T.);
#10197=ADVANCED_FACE('',(#3255),#9756,.T.);
#10198=ADVANCED_FACE('',(#3256),#9757,.T.);
#10199=ADVANCED_FACE('',(#3257),#338,.T.);
#10200=ADVANCED_FACE('',(#3258,#125),#339,.F.);
#10201=ADVANCED_FACE('',(#3259),#2801,.T.);
#10202=ADVANCED_FACE('',(#3260),#390,.T.);
#10203=ADVANCED_FACE('',(#3261),#340,.T.);
#10204=ADVANCED_FACE('',(#3262),#341,.T.);
#10205=ADVANCED_FACE('',(#3263),#342,.T.);
#10206=ADVANCED_FACE('',(#3264),#391,.T.);
#10207=ADVANCED_FACE('',(#3265),#2802,.T.);
#10208=ADVANCED_FACE('',(#3266),#343,.T.);
#10209=ADVANCED_FACE('',(#3267),#344,.F.);
#10210=ADVANCED_FACE('',(#3268),#392,.T.);
#10211=ADVANCED_FACE('',(#3269),#2803,.T.);
#10212=ADVANCED_FACE('',(#3270),#2804,.T.);
#10213=ADVANCED_FACE('',(#3271,#126),#345,.T.);
#10214=ADVANCED_FACE('',(#3272),#2805,.T.);
#10215=ADVANCED_FACE('',(#3273),#393,.T.);
#10216=ADVANCED_FACE('',(#3274,#127),#346,.F.);
#10217=ADVANCED_FACE('',(#3275),#347,.F.);
#10218=ADVANCED_FACE('',(#3276),#2806,.T.);
#10219=ADVANCED_FACE('',(#3277),#394,.T.);
#10220=ADVANCED_FACE('',(#3278),#348,.T.);
#10221=ADVANCED_FACE('',(#3279),#349,.T.);
#10222=ADVANCED_FACE('',(#3280),#350,.T.);
#10223=ADVANCED_FACE('',(#3281),#395,.T.);
#10224=ADVANCED_FACE('',(#3282),#2807,.T.);
#10225=ADVANCED_FACE('',(#3283),#351,.F.);
#10226=ADVANCED_FACE('',(#3284),#352,.T.);
#10227=ADVANCED_FACE('',(#3285),#2808,.T.);
#10228=ADVANCED_FACE('',(#3286),#353,.T.);
#10229=ADVANCED_FACE('',(#3287),#354,.T.);
#10230=ADVANCED_FACE('',(#3288),#355,.T.);
#10231=ADVANCED_FACE('',(#3289),#2809,.T.);
#10232=ADVANCED_FACE('',(#3290),#2810,.T.);
#10233=ADVANCED_FACE('',(#3291),#396,.T.);
#10234=ADVANCED_FACE('',(#3292),#356,.F.);
#10235=ADVANCED_FACE('',(#3293),#2811,.T.);
#10236=ADVANCED_FACE('',(#3294),#2812,.F.);
#10237=ADVANCED_FACE('',(#3295),#397,.F.);
#10238=ADVANCED_FACE('',(#3296),#2813,.F.);
#10239=ADVANCED_FACE('',(#3297),#398,.F.);
#10240=ADVANCED_FACE('',(#3298),#399,.F.);
#10241=ADVANCED_FACE('',(#3299),#357,.F.);
#10242=ADVANCED_FACE('',(#3300),#358,.F.);
#10243=ADVANCED_FACE('',(#3301),#359,.T.);
#10244=ADVANCED_FACE('',(#3302),#2814,.F.);
#10245=ADVANCED_FACE('',(#3303),#400,.F.);
#10246=ADVANCED_FACE('',(#3304),#401,.F.);
#10247=ADVANCED_FACE('',(#3305),#2815,.F.);
#10248=ADVANCED_FACE('',(#3306),#402,.F.);
#10249=ADVANCED_FACE('',(#3307),#141,.F.);
#10250=ADVANCED_FACE('',(#3308),#360,.T.);
#10251=ADVANCED_FACE('',(#3309),#361,.T.);
#10252=ADVANCED_FACE('',(#3310),#142,.F.);
#10253=ADVANCED_FACE('',(#3311),#362,.T.);
#10254=ADVANCED_FACE('',(#3312),#143,.F.);
#10255=ADVANCED_FACE('',(#3313),#144,.F.);
#10256=ADVANCED_FACE('',(#3314),#363,.T.);
#10257=ADVANCED_FACE('',(#3315),#364,.T.);
#10258=ADVANCED_FACE('',(#3316),#145,.F.);
#10259=ADVANCED_FACE('',(#3317),#365,.T.);
#10260=ADVANCED_FACE('',(#3318),#146,.F.);
#10261=ADVANCED_FACE('',(#3319),#147,.F.);
#10262=ADVANCED_FACE('',(#3320),#366,.T.);
#10263=ADVANCED_FACE('',(#3321),#367,.T.);
#10264=ADVANCED_FACE('',(#3322),#148,.F.);
#10265=ADVANCED_FACE('',(#3323),#368,.T.);
#10266=ADVANCED_FACE('',(#3324),#369,.T.);
#10267=ADVANCED_FACE('',(#3325),#370,.F.);
#10268=ADVANCED_FACE('',(#3326,#128),#371,.T.);
#10269=ADVANCED_FACE('',(#3327),#372,.T.);
#10270=ADVANCED_FACE('',(#3328),#373,.T.);
#10271=ADVANCED_FACE('',(#3329),#374,.T.);
#10272=ADVANCED_FACE('',(#3330),#375,.F.);
#10273=ADVANCED_FACE('',(#3331),#376,.T.);
#10274=CLOSED_SHELL('',(#9758,#9759,#9760,#9761,#9762,#9763,#9764,#9765,
#9766,#9767,#9768,#9769,#9770,#9771,#9772,#9773,#9774,#9775,#9776,#9777,
#9778,#9779,#9780,#9781,#9782,#9783,#9784,#9785,#9786,#9787,#9788,#9789,
#9790,#9791,#9792,#9793,#9794,#9795,#9796,#9797,#9798,#9799,#9800,#9801,
#9802,#9803,#9804,#9805,#9806,#9807,#9808,#9809,#9810,#9811,#9812,#9813,
#9814,#9815,#9816,#9817,#9818,#9819,#9820,#9821,#9822,#9823,#9824,#9825,
#9826,#9827,#9828,#9829,#9830,#9831,#9832,#9833,#9834,#9835,#9836,#9837,
#9838,#9839,#9840,#9841,#9842,#9843,#9844,#9845,#9846,#9847,#9848,#9849,
#9850,#9851,#9852,#9853,#9854,#9855,#9856,#9857,#9858,#9859,#9860,#9861,
#9862,#9863,#9864,#9865,#9866,#9867,#9868,#9869,#9870,#9871,#9872,#9873,
#9874,#9875,#9876,#9877,#9878,#9879,#9880,#9881,#9882,#9883,#9884,#9885,
#9886,#9887,#9888,#9889,#9890,#9891,#9892,#9893,#9894,#9895,#9896,#9897,
#9898,#9899,#9900,#9901,#9902,#9903,#9904,#9905,#9906,#9907,#9908,#9909,
#9910,#9911,#9912,#9913,#9914,#9915,#9916,#9917,#9918,#9919,#9920,#9921,
#9922,#9923,#9924,#9925,#9926,#9927,#9928,#9929,#9930,#9931,#9932,#9933,
#9934,#9935,#9936,#9937,#9938,#9939,#9940,#9941,#9942,#9943,#9944,#9945,
#9946,#9947,#9948,#9949,#9950,#9951,#9952,#9953,#9954,#9955,#9956,#9957,
#9958,#9959,#9960,#9961,#9962,#9963,#9964,#9965,#9966,#9967,#9968,#9969,
#9970,#9971,#9972,#9973,#9974,#9975,#9976,#9977,#9978,#9979,#9980,#9981,
#9982,#9983,#9984,#9985,#9986,#9987,#9988,#9989,#9990,#9991,#9992,#9993,
#9994,#9995,#9996,#9997,#9998,#9999,#10000,#10001,#10002,#10003,#10004,
#10005,#10006,#10007,#10008,#10009,#10010,#10011,#10012,#10013,#10014,#10015,
#10016,#10017,#10018,#10019,#10020,#10021,#10022,#10023,#10024,#10025,#10026,
#10027,#10028,#10029,#10030,#10031,#10032,#10033,#10034,#10035,#10036,#10037,
#10038,#10039,#10040,#10041,#10042,#10043,#10044,#10045,#10046,#10047,#10048,
#10049,#10050,#10051,#10052,#10053,#10054,#10055,#10056,#10057,#10058,#10059,
#10060,#10061,#10062,#10063,#10064,#10065,#10066,#10067,#10068,#10069,#10070,
#10071,#10072,#10073,#10074,#10075,#10076,#10077,#10078,#10079,#10080,#10081,
#10082,#10083,#10084,#10085,#10086,#10087,#10088,#10089,#10090,#10091,#10092,
#10093,#10094,#10095,#10096,#10097,#10098,#10099,#10100,#10101,#10102,#10103,
#10104,#10105,#10106,#10107,#10108,#10109,#10110,#10111,#10112,#10113,#10114,
#10115,#10116,#10117,#10118,#10119,#10120,#10121,#10122,#10123,#10124,#10125,
#10126,#10127,#10128,#10129,#10130,#10131,#10132,#10133,#10134,#10135,#10136,
#10137,#10138,#10139,#10140,#10141,#10142,#10143,#10144,#10145,#10146,#10147,
#10148,#10149,#10150,#10151,#10152,#10153,#10154,#10155,#10156,#10157,#10158,
#10159,#10160,#10161,#10162,#10163,#10164,#10165,#10166,#10167,#10168,#10169,
#10170,#10171,#10172,#10173,#10174,#10175,#10176,#10177,#10178,#10179,#10180,
#10181,#10182,#10183,#10184,#10185,#10186,#10187,#10188,#10189,#10190,#10191,
#10192,#10193,#10194,#10195,#10196,#10197,#10198,#10199,#10200,#10201,#10202,
#10203,#10204,#10205,#10206,#10207,#10208,#10209,#10210,#10211,#10212,#10213,
#10214,#10215,#10216,#10217,#10218,#10219,#10220,#10221,#10222,#10223,#10224,
#10225,#10226,#10227,#10228,#10229,#10230,#10231,#10232,#10233,#10234,#10235,
#10236,#10237,#10238,#10239,#10240,#10241,#10242,#10243,#10244,#10245,#10246,
#10247,#10248,#10249,#10250,#10251,#10252,#10253,#10254,#10255,#10256,#10257,
#10258,#10259,#10260,#10261,#10262,#10263,#10264,#10265,#10266,#10267,#10268,
#10269,#10270,#10271,#10272,#10273));
#10275=DERIVED_UNIT_ELEMENT(#10278,1.);
#10276=DERIVED_UNIT_ELEMENT(#18389,-3.);
#10277=DIMENSIONAL_EXPONENTS(0.,1.,0.,0.,0.,0.,0.);
#10278=(
CONVERSION_BASED_UNIT('gram',#10280)
MASS_UNIT()
NAMED_UNIT(#10277)
);
#10279=(
MASS_UNIT()
NAMED_UNIT(*)
SI_UNIT(.KILO.,.GRAM.)
);
#10280=MASS_MEASURE_WITH_UNIT(MASS_MEASURE(0.001),#10279);
#10281=DERIVED_UNIT((#10275,#10276));
#10282=MEASURE_REPRESENTATION_ITEM('density measure',
POSITIVE_RATIO_MEASURE(1.),#10281);
#10283=PROPERTY_DEFINITION_REPRESENTATION(#10288,#10285);
#10284=PROPERTY_DEFINITION_REPRESENTATION(#10289,#10286);
#10285=REPRESENTATION('material name',(#10287),#18386);
#10286=REPRESENTATION('density',(#10282),#18386);
#10287=DESCRIPTIVE_REPRESENTATION_ITEM('\X2\04220438043F043E0432044B0435\X0\',
'\X2\04220438043F043E0432044B0435\X0\');
#10288=PROPERTY_DEFINITION('material property','material name',#18396);
#10289=PROPERTY_DEFINITION('material property','density of part',#18396);
#10290=DATE_TIME_ROLE('creation_date');
#10291=APPLIED_DATE_AND_TIME_ASSIGNMENT(#10292,#10290,(#18396));
#10292=DATE_AND_TIME(#10293,#10294);
#10293=CALENDAR_DATE(2025,19,9);
#10294=LOCAL_TIME(0,0,0.,#10295);
#10295=COORDINATED_UNIVERSAL_TIME_OFFSET(0,0,.BEHIND.);
#10296=AXIS2_PLACEMENT_3D('',#14040,#11255,#11256);
#10297=AXIS2_PLACEMENT_3D('',#14163,#11257,#11258);
#10298=AXIS2_PLACEMENT_3D('',#14213,#11259,#11260);
#10299=AXIS2_PLACEMENT_3D('',#14216,#11261,#11262);
#10300=AXIS2_PLACEMENT_3D('',#14241,#11265,#11266);
#10301=AXIS2_PLACEMENT_3D('',#14248,#11267,#11268);
#10302=AXIS2_PLACEMENT_3D('',#14336,#11269,#11270);
#10303=AXIS2_PLACEMENT_3D('',#14342,#11271,#11272);
#10304=AXIS2_PLACEMENT_3D('',#14399,#11273,#11274);
#10305=AXIS2_PLACEMENT_3D('',#14431,#11275,#11276);
#10306=AXIS2_PLACEMENT_3D('',#14434,#11277,#11278);
#10307=AXIS2_PLACEMENT_3D('',#14464,#11281,#11282);
#10308=AXIS2_PLACEMENT_3D('',#14477,#11283,#11284);
#10309=AXIS2_PLACEMENT_3D('',#14480,#11285,#11286);
#10310=AXIS2_PLACEMENT_3D('',#14505,#11289,#11290);
#10311=AXIS2_PLACEMENT_3D('',#14542,#11291,#11292);
#10312=AXIS2_PLACEMENT_3D('',#14544,#11293,#11294);
#10313=AXIS2_PLACEMENT_3D('',#14546,#11295,#11296);
#10314=AXIS2_PLACEMENT_3D('',#14548,#11297,#11298);
#10315=AXIS2_PLACEMENT_3D('',#14550,#11299,#11300);
#10316=AXIS2_PLACEMENT_3D('',#14551,#11301,#11302);
#10317=AXIS2_PLACEMENT_3D('',#14552,#11303,#11304);
#10318=AXIS2_PLACEMENT_3D('',#14589,#11305,#11306);
#10319=AXIS2_PLACEMENT_3D('',#14616,#11307,#11308);
#10320=AXIS2_PLACEMENT_3D('',#14625,#11309,#11310);
#10321=AXIS2_PLACEMENT_3D('',#14628,#11311,#11312);
#10322=AXIS2_PLACEMENT_3D('',#14632,#11314,#11315);
#10323=AXIS2_PLACEMENT_3D('',#14848,#11317,#11318);
#10324=AXIS2_PLACEMENT_3D('',#14854,#11319,#11320);
#10325=AXIS2_PLACEMENT_3D('',#14881,#11321,#11322);
#10326=AXIS2_PLACEMENT_3D('',#14886,#11323,#11324);
#10327=AXIS2_PLACEMENT_3D('',#14944,#11327,#11328);
#10328=AXIS2_PLACEMENT_3D('',#14966,#11329,#11330);
#10329=AXIS2_PLACEMENT_3D('',#14971,#11331,#11332);
#10330=AXIS2_PLACEMENT_3D('',#14973,#11333,#11334);
#10331=AXIS2_PLACEMENT_3D('',#15006,#11336,#11337);
#10332=AXIS2_PLACEMENT_3D('',#15013,#11338,#11339);
#10333=AXIS2_PLACEMENT_3D('',#15035,#11341,#11342);
#10334=AXIS2_PLACEMENT_3D('',#15037,#11343,#11344);
#10335=AXIS2_PLACEMENT_3D('',#15039,#11345,#11346);
#10336=AXIS2_PLACEMENT_3D('',#15041,#11347,#11348);
#10337=AXIS2_PLACEMENT_3D('',#15043,#11349,#11350);
#10338=AXIS2_PLACEMENT_3D('',#15044,#11351,#11352);
#10339=AXIS2_PLACEMENT_3D('',#15045,#11353,#11354);
#10340=AXIS2_PLACEMENT_3D('',#15047,#11355,#11356);
#10341=AXIS2_PLACEMENT_3D('',#15049,#11358,#11359);
#10342=AXIS2_PLACEMENT_3D('',#15052,#11360,#11361);
#10343=AXIS2_PLACEMENT_3D('',#15056,#11363,#11364);
#10344=AXIS2_PLACEMENT_3D('',#15060,#11366,#11367);
#10345=AXIS2_PLACEMENT_3D('',#15101,#11375,#11376);
#10346=AXIS2_PLACEMENT_3D('',#15102,#11377,#11378);
#10347=AXIS2_PLACEMENT_3D('',#15104,#11379,#11380);
#10348=AXIS2_PLACEMENT_3D('',#15112,#11384,#11385);
#10349=AXIS2_PLACEMENT_3D('',#15116,#11387,#11388);
#10350=AXIS2_PLACEMENT_3D('',#15119,#11390,#11391);
#10351=AXIS2_PLACEMENT_3D('',#15120,#11392,#11393);
#10352=AXIS2_PLACEMENT_3D('',#15122,#11394,#11395);
#10353=AXIS2_PLACEMENT_3D('',#15123,#11396,#11397);
#10354=AXIS2_PLACEMENT_3D('',#15124,#11398,#11399);
#10355=AXIS2_PLACEMENT_3D('',#15126,#11400,#11401);
#10356=AXIS2_PLACEMENT_3D('',#15128,#11403,#11404);
#10357=AXIS2_PLACEMENT_3D('',#15130,#11405,#11406);
#10358=AXIS2_PLACEMENT_3D('',#15131,#11407,#11408);
#10359=AXIS2_PLACEMENT_3D('',#15132,#11409,#11410);
#10360=AXIS2_PLACEMENT_3D('',#15134,#11411,#11412);
#10361=AXIS2_PLACEMENT_3D('',#15140,#11416,#11417);
#10362=AXIS2_PLACEMENT_3D('',#15142,#11418,#11419);
#10363=AXIS2_PLACEMENT_3D('',#15143,#11420,#11421);
#10364=AXIS2_PLACEMENT_3D('',#15144,#11422,#11423);
#10365=AXIS2_PLACEMENT_3D('',#15164,#11434,#11435);
#10366=AXIS2_PLACEMENT_3D('',#15188,#11447,#11448);
#10367=AXIS2_PLACEMENT_3D('',#15190,#11450,#11451);
#10368=AXIS2_PLACEMENT_3D('',#15192,#11452,#11453);
#10369=AXIS2_PLACEMENT_3D('',#15193,#11454,#11455);
#10370=AXIS2_PLACEMENT_3D('',#15194,#11456,#11457);
#10371=AXIS2_PLACEMENT_3D('',#15196,#11458,#11459);
#10372=AXIS2_PLACEMENT_3D('',#15202,#11463,#11464);
#10373=AXIS2_PLACEMENT_3D('',#15204,#11465,#11466);
#10374=AXIS2_PLACEMENT_3D('',#15205,#11467,#11468);
#10375=AXIS2_PLACEMENT_3D('',#15206,#11469,#11470);
#10376=AXIS2_PLACEMENT_3D('',#15215,#11475,#11476);
#10377=AXIS2_PLACEMENT_3D('',#15229,#11483,#11484);
#10378=AXIS2_PLACEMENT_3D('',#15233,#11486,#11487);
#10379=AXIS2_PLACEMENT_3D('',#15237,#11489,#11490);
#10380=AXIS2_PLACEMENT_3D('',#15241,#11492,#11493);
#10381=AXIS2_PLACEMENT_3D('',#15255,#11500,#11501);
#10382=AXIS2_PLACEMENT_3D('',#15259,#11503,#11504);
#10383=AXIS2_PLACEMENT_3D('',#15263,#11506,#11507);
#10384=AXIS2_PLACEMENT_3D('',#15267,#11509,#11510);
#10385=AXIS2_PLACEMENT_3D('',#15271,#11512,#11513);
#10386=AXIS2_PLACEMENT_3D('',#15275,#11515,#11516);
#10387=AXIS2_PLACEMENT_3D('',#15279,#11518,#11519);
#10388=AXIS2_PLACEMENT_3D('',#15283,#11521,#11522);
#10389=AXIS2_PLACEMENT_3D('',#15287,#11524,#11525);
#10390=AXIS2_PLACEMENT_3D('',#15291,#11527,#11528);
#10391=AXIS2_PLACEMENT_3D('',#15295,#11530,#11531);
#10392=AXIS2_PLACEMENT_3D('',#15299,#11533,#11534);
#10393=AXIS2_PLACEMENT_3D('',#15303,#11536,#11537);
#10394=AXIS2_PLACEMENT_3D('',#15307,#11539,#11540);
#10395=AXIS2_PLACEMENT_3D('',#15311,#11542,#11543);
#10396=AXIS2_PLACEMENT_3D('',#15315,#11545,#11546);
#10397=AXIS2_PLACEMENT_3D('',#15319,#11548,#11549);
#10398=AXIS2_PLACEMENT_3D('',#15323,#11551,#11552);
#10399=AXIS2_PLACEMENT_3D('',#15327,#11554,#11555);
#10400=AXIS2_PLACEMENT_3D('',#15331,#11557,#11558);
#10401=AXIS2_PLACEMENT_3D('',#15335,#11560,#11561);
#10402=AXIS2_PLACEMENT_3D('',#15339,#11563,#11564);
#10403=AXIS2_PLACEMENT_3D('',#15343,#11566,#11567);
#10404=AXIS2_PLACEMENT_3D('',#15347,#11569,#11570);
#10405=AXIS2_PLACEMENT_3D('',#15351,#11572,#11573);
#10406=AXIS2_PLACEMENT_3D('',#15355,#11575,#11576);
#10407=AXIS2_PLACEMENT_3D('',#15359,#11578,#11579);
#10408=AXIS2_PLACEMENT_3D('',#15363,#11581,#11582);
#10409=AXIS2_PLACEMENT_3D('',#15367,#11584,#11585);
#10410=AXIS2_PLACEMENT_3D('',#15371,#11587,#11588);
#10411=AXIS2_PLACEMENT_3D('',#15375,#11590,#11591);
#10412=AXIS2_PLACEMENT_3D('',#15379,#11593,#11594);
#10413=AXIS2_PLACEMENT_3D('',#15383,#11596,#11597);
#10414=AXIS2_PLACEMENT_3D('',#15387,#11599,#11600);
#10415=AXIS2_PLACEMENT_3D('',#15391,#11602,#11603);
#10416=AXIS2_PLACEMENT_3D('',#15395,#11605,#11606);
#10417=AXIS2_PLACEMENT_3D('',#15399,#11608,#11609);
#10418=AXIS2_PLACEMENT_3D('',#15403,#11611,#11612);
#10419=AXIS2_PLACEMENT_3D('',#15407,#11614,#11615);
#10420=AXIS2_PLACEMENT_3D('',#15411,#11617,#11618);
#10421=AXIS2_PLACEMENT_3D('',#15415,#11620,#11621);
#10422=AXIS2_PLACEMENT_3D('',#15419,#11623,#11624);
#10423=AXIS2_PLACEMENT_3D('',#15423,#11626,#11627);
#10424=AXIS2_PLACEMENT_3D('',#15427,#11629,#11630);
#10425=AXIS2_PLACEMENT_3D('',#15431,#11632,#11633);
#10426=AXIS2_PLACEMENT_3D('',#15435,#11635,#11636);
#10427=AXIS2_PLACEMENT_3D('',#15439,#11638,#11639);
#10428=AXIS2_PLACEMENT_3D('',#15443,#11641,#11642);
#10429=AXIS2_PLACEMENT_3D('',#15447,#11644,#11645);
#10430=AXIS2_PLACEMENT_3D('',#15451,#11647,#11648);
#10431=AXIS2_PLACEMENT_3D('',#15455,#11650,#11651);
#10432=AXIS2_PLACEMENT_3D('',#15459,#11653,#11654);
#10433=AXIS2_PLACEMENT_3D('',#15463,#11656,#11657);
#10434=AXIS2_PLACEMENT_3D('',#15467,#11659,#11660);
#10435=AXIS2_PLACEMENT_3D('',#15471,#11662,#11663);
#10436=AXIS2_PLACEMENT_3D('',#15475,#11665,#11666);
#10437=AXIS2_PLACEMENT_3D('',#15479,#11668,#11669);
#10438=AXIS2_PLACEMENT_3D('',#15483,#11671,#11672);
#10439=AXIS2_PLACEMENT_3D('',#15487,#11674,#11675);
#10440=AXIS2_PLACEMENT_3D('',#15491,#11677,#11678);
#10441=AXIS2_PLACEMENT_3D('',#15495,#11680,#11681);
#10442=AXIS2_PLACEMENT_3D('',#15499,#11683,#11684);
#10443=AXIS2_PLACEMENT_3D('',#15503,#11686,#11687);
#10444=AXIS2_PLACEMENT_3D('',#15507,#11689,#11690);
#10445=AXIS2_PLACEMENT_3D('',#15511,#11692,#11693);
#10446=AXIS2_PLACEMENT_3D('',#15515,#11695,#11696);
#10447=AXIS2_PLACEMENT_3D('',#15519,#11698,#11699);
#10448=AXIS2_PLACEMENT_3D('',#15523,#11701,#11702);
#10449=AXIS2_PLACEMENT_3D('',#15527,#11704,#11705);
#10450=AXIS2_PLACEMENT_3D('',#15531,#11707,#11708);
#10451=AXIS2_PLACEMENT_3D('',#15535,#11710,#11711);
#10452=AXIS2_PLACEMENT_3D('',#15539,#11713,#11714);
#10453=AXIS2_PLACEMENT_3D('',#15543,#11716,#11717);
#10454=AXIS2_PLACEMENT_3D('',#15547,#11719,#11720);
#10455=AXIS2_PLACEMENT_3D('',#15551,#11722,#11723);
#10456=AXIS2_PLACEMENT_3D('',#15555,#11725,#11726);
#10457=AXIS2_PLACEMENT_3D('',#15559,#11728,#11729);
#10458=AXIS2_PLACEMENT_3D('',#15563,#11731,#11732);
#10459=AXIS2_PLACEMENT_3D('',#15567,#11734,#11735);
#10460=AXIS2_PLACEMENT_3D('',#15571,#11737,#11738);
#10461=AXIS2_PLACEMENT_3D('',#15575,#11740,#11741);
#10462=AXIS2_PLACEMENT_3D('',#15579,#11743,#11744);
#10463=AXIS2_PLACEMENT_3D('',#15583,#11746,#11747);
#10464=AXIS2_PLACEMENT_3D('',#15587,#11749,#11750);
#10465=AXIS2_PLACEMENT_3D('',#15591,#11752,#11753);
#10466=AXIS2_PLACEMENT_3D('',#15595,#11755,#11756);
#10467=AXIS2_PLACEMENT_3D('',#15599,#11758,#11759);
#10468=AXIS2_PLACEMENT_3D('',#15603,#11761,#11762);
#10469=AXIS2_PLACEMENT_3D('',#15607,#11764,#11765);
#10470=AXIS2_PLACEMENT_3D('',#15611,#11767,#11768);
#10471=AXIS2_PLACEMENT_3D('',#15615,#11770,#11771);
#10472=AXIS2_PLACEMENT_3D('',#15619,#11773,#11774);
#10473=AXIS2_PLACEMENT_3D('',#15623,#11776,#11777);
#10474=AXIS2_PLACEMENT_3D('',#15627,#11779,#11780);
#10475=AXIS2_PLACEMENT_3D('',#15631,#11782,#11783);
#10476=AXIS2_PLACEMENT_3D('',#15635,#11785,#11786);
#10477=AXIS2_PLACEMENT_3D('',#15639,#11788,#11789);
#10478=AXIS2_PLACEMENT_3D('',#15643,#11791,#11792);
#10479=AXIS2_PLACEMENT_3D('',#15647,#11794,#11795);
#10480=AXIS2_PLACEMENT_3D('',#15651,#11797,#11798);
#10481=AXIS2_PLACEMENT_3D('',#15655,#11800,#11801);
#10482=AXIS2_PLACEMENT_3D('',#15659,#11803,#11804);
#10483=AXIS2_PLACEMENT_3D('',#15663,#11806,#11807);
#10484=AXIS2_PLACEMENT_3D('',#15667,#11809,#11810);
#10485=AXIS2_PLACEMENT_3D('',#15671,#11812,#11813);
#10486=AXIS2_PLACEMENT_3D('',#15675,#11815,#11816);
#10487=AXIS2_PLACEMENT_3D('',#15679,#11818,#11819);
#10488=AXIS2_PLACEMENT_3D('',#15683,#11821,#11822);
#10489=AXIS2_PLACEMENT_3D('',#15687,#11824,#11825);
#10490=AXIS2_PLACEMENT_3D('',#15691,#11827,#11828);
#10491=AXIS2_PLACEMENT_3D('',#15695,#11830,#11831);
#10492=AXIS2_PLACEMENT_3D('',#15699,#11833,#11834);
#10493=AXIS2_PLACEMENT_3D('',#15705,#11837,#11838);
#10494=AXIS2_PLACEMENT_3D('',#15709,#11840,#11841);
#10495=AXIS2_PLACEMENT_3D('',#15713,#11843,#11844);
#10496=AXIS2_PLACEMENT_3D('',#15716,#11846,#11847);
#10497=AXIS2_PLACEMENT_3D('',#15719,#11848,#11849);
#10498=AXIS2_PLACEMENT_3D('',#15723,#11851,#11852);
#10499=AXIS2_PLACEMENT_3D('',#15727,#11854,#11855);
#10500=AXIS2_PLACEMENT_3D('',#15731,#11857,#11858);
#10501=AXIS2_PLACEMENT_3D('',#15733,#11860,#11861);
#10502=AXIS2_PLACEMENT_3D('',#15744,#11867,#11868);
#10503=AXIS2_PLACEMENT_3D('',#15746,#11870,#11871);
#10504=AXIS2_PLACEMENT_3D('',#15749,#11872,#11873);
#10505=AXIS2_PLACEMENT_3D('',#15753,#11875,#11876);
#10506=AXIS2_PLACEMENT_3D('',#15756,#11878,#11879);
#10507=AXIS2_PLACEMENT_3D('',#15757,#11880,#11881);
#10508=AXIS2_PLACEMENT_3D('',#15901,#11903,#11904);
#10509=AXIS2_PLACEMENT_3D('',#15905,#11906,#11907);
#10510=AXIS2_PLACEMENT_3D('',#15909,#11909,#11910);
#10511=AXIS2_PLACEMENT_3D('',#15913,#11912,#11913);
#10512=AXIS2_PLACEMENT_3D('',#15920,#11917,#11918);
#10513=AXIS2_PLACEMENT_3D('',#15924,#11920,#11921);
#10514=AXIS2_PLACEMENT_3D('',#15928,#11923,#11924);
#10515=AXIS2_PLACEMENT_3D('',#15932,#11926,#11927);
#10516=AXIS2_PLACEMENT_3D('',#15936,#11929,#11930);
#10517=AXIS2_PLACEMENT_3D('',#15940,#11932,#11933);
#10518=AXIS2_PLACEMENT_3D('',#15944,#11935,#11936);
#10519=AXIS2_PLACEMENT_3D('',#15948,#11938,#11939);
#10520=AXIS2_PLACEMENT_3D('',#15952,#11941,#11942);
#10521=AXIS2_PLACEMENT_3D('',#15956,#11944,#11945);
#10522=AXIS2_PLACEMENT_3D('',#15960,#11947,#11948);
#10523=AXIS2_PLACEMENT_3D('',#15964,#11950,#11951);
#10524=AXIS2_PLACEMENT_3D('',#15968,#11953,#11954);
#10525=AXIS2_PLACEMENT_3D('',#15972,#11956,#11957);
#10526=AXIS2_PLACEMENT_3D('',#15976,#11959,#11960);
#10527=AXIS2_PLACEMENT_3D('',#15980,#11962,#11963);
#10528=AXIS2_PLACEMENT_3D('',#15984,#11965,#11966);
#10529=AXIS2_PLACEMENT_3D('',#15988,#11968,#11969);
#10530=AXIS2_PLACEMENT_3D('',#15992,#11971,#11972);
#10531=AXIS2_PLACEMENT_3D('',#15996,#11974,#11975);
#10532=AXIS2_PLACEMENT_3D('',#16000,#11977,#11978);
#10533=AXIS2_PLACEMENT_3D('',#16004,#11980,#11981);
#10534=AXIS2_PLACEMENT_3D('',#16008,#11983,#11984);
#10535=AXIS2_PLACEMENT_3D('',#16012,#11986,#11987);
#10536=AXIS2_PLACEMENT_3D('',#16016,#11989,#11990);
#10537=AXIS2_PLACEMENT_3D('',#16020,#11992,#11993);
#10538=AXIS2_PLACEMENT_3D('',#16024,#11995,#11996);
#10539=AXIS2_PLACEMENT_3D('',#16028,#11998,#11999);
#10540=AXIS2_PLACEMENT_3D('',#16032,#12001,#12002);
#10541=AXIS2_PLACEMENT_3D('',#16036,#12004,#12005);
#10542=AXIS2_PLACEMENT_3D('',#16040,#12007,#12008);
#10543=AXIS2_PLACEMENT_3D('',#16044,#12010,#12011);
#10544=AXIS2_PLACEMENT_3D('',#16048,#12013,#12014);
#10545=AXIS2_PLACEMENT_3D('',#16052,#12016,#12017);
#10546=AXIS2_PLACEMENT_3D('',#16056,#12019,#12020);
#10547=AXIS2_PLACEMENT_3D('',#16060,#12022,#12023);
#10548=AXIS2_PLACEMENT_3D('',#16064,#12025,#12026);
#10549=AXIS2_PLACEMENT_3D('',#16068,#12028,#12029);
#10550=AXIS2_PLACEMENT_3D('',#16072,#12031,#12032);
#10551=AXIS2_PLACEMENT_3D('',#16076,#12034,#12035);
#10552=AXIS2_PLACEMENT_3D('',#16080,#12037,#12038);
#10553=AXIS2_PLACEMENT_3D('',#16084,#12040,#12041);
#10554=AXIS2_PLACEMENT_3D('',#16088,#12043,#12044);
#10555=AXIS2_PLACEMENT_3D('',#16092,#12046,#12047);
#10556=AXIS2_PLACEMENT_3D('',#16096,#12049,#12050);
#10557=AXIS2_PLACEMENT_3D('',#16100,#12052,#12053);
#10558=AXIS2_PLACEMENT_3D('',#16104,#12055,#12056);
#10559=AXIS2_PLACEMENT_3D('',#16108,#12058,#12059);
#10560=AXIS2_PLACEMENT_3D('',#16112,#12061,#12062);
#10561=AXIS2_PLACEMENT_3D('',#16116,#12064,#12065);
#10562=AXIS2_PLACEMENT_3D('',#16120,#12067,#12068);
#10563=AXIS2_PLACEMENT_3D('',#16124,#12070,#12071);
#10564=AXIS2_PLACEMENT_3D('',#16128,#12073,#12074);
#10565=AXIS2_PLACEMENT_3D('',#16132,#12076,#12077);
#10566=AXIS2_PLACEMENT_3D('',#16136,#12079,#12080);
#10567=AXIS2_PLACEMENT_3D('',#16140,#12082,#12083);
#10568=AXIS2_PLACEMENT_3D('',#16144,#12085,#12086);
#10569=AXIS2_PLACEMENT_3D('',#16148,#12088,#12089);
#10570=AXIS2_PLACEMENT_3D('',#16152,#12091,#12092);
#10571=AXIS2_PLACEMENT_3D('',#16156,#12094,#12095);
#10572=AXIS2_PLACEMENT_3D('',#16160,#12097,#12098);
#10573=AXIS2_PLACEMENT_3D('',#16164,#12100,#12101);
#10574=AXIS2_PLACEMENT_3D('',#16168,#12103,#12104);
#10575=AXIS2_PLACEMENT_3D('',#16172,#12106,#12107);
#10576=AXIS2_PLACEMENT_3D('',#16176,#12109,#12110);
#10577=AXIS2_PLACEMENT_3D('',#16180,#12112,#12113);
#10578=AXIS2_PLACEMENT_3D('',#16184,#12115,#12116);
#10579=AXIS2_PLACEMENT_3D('',#16188,#12118,#12119);
#10580=AXIS2_PLACEMENT_3D('',#16192,#12121,#12122);
#10581=AXIS2_PLACEMENT_3D('',#16196,#12124,#12125);
#10582=AXIS2_PLACEMENT_3D('',#16200,#12127,#12128);
#10583=AXIS2_PLACEMENT_3D('',#16204,#12130,#12131);
#10584=AXIS2_PLACEMENT_3D('',#16208,#12133,#12134);
#10585=AXIS2_PLACEMENT_3D('',#16212,#12136,#12137);
#10586=AXIS2_PLACEMENT_3D('',#16216,#12139,#12140);
#10587=AXIS2_PLACEMENT_3D('',#16220,#12142,#12143);
#10588=AXIS2_PLACEMENT_3D('',#16224,#12145,#12146);
#10589=AXIS2_PLACEMENT_3D('',#16228,#12148,#12149);
#10590=AXIS2_PLACEMENT_3D('',#16232,#12151,#12152);
#10591=AXIS2_PLACEMENT_3D('',#16236,#12154,#12155);
#10592=AXIS2_PLACEMENT_3D('',#16240,#12157,#12158);
#10593=AXIS2_PLACEMENT_3D('',#16244,#12160,#12161);
#10594=AXIS2_PLACEMENT_3D('',#16248,#12163,#12164);
#10595=AXIS2_PLACEMENT_3D('',#16252,#12166,#12167);
#10596=AXIS2_PLACEMENT_3D('',#16256,#12169,#12170);
#10597=AXIS2_PLACEMENT_3D('',#16260,#12172,#12173);
#10598=AXIS2_PLACEMENT_3D('',#16264,#12175,#12176);
#10599=AXIS2_PLACEMENT_3D('',#16268,#12178,#12179);
#10600=AXIS2_PLACEMENT_3D('',#16272,#12181,#12182);
#10601=AXIS2_PLACEMENT_3D('',#16276,#12184,#12185);
#10602=AXIS2_PLACEMENT_3D('',#16280,#12187,#12188);
#10603=AXIS2_PLACEMENT_3D('',#16284,#12190,#12191);
#10604=AXIS2_PLACEMENT_3D('',#16288,#12193,#12194);
#10605=AXIS2_PLACEMENT_3D('',#16292,#12196,#12197);
#10606=AXIS2_PLACEMENT_3D('',#16296,#12199,#12200);
#10607=AXIS2_PLACEMENT_3D('',#16300,#12202,#12203);
#10608=AXIS2_PLACEMENT_3D('',#16304,#12205,#12206);
#10609=AXIS2_PLACEMENT_3D('',#16308,#12208,#12209);
#10610=AXIS2_PLACEMENT_3D('',#16312,#12211,#12212);
#10611=AXIS2_PLACEMENT_3D('',#16316,#12214,#12215);
#10612=AXIS2_PLACEMENT_3D('',#16320,#12217,#12218);
#10613=AXIS2_PLACEMENT_3D('',#16324,#12220,#12221);
#10614=AXIS2_PLACEMENT_3D('',#16328,#12223,#12224);
#10615=AXIS2_PLACEMENT_3D('',#16332,#12226,#12227);
#10616=AXIS2_PLACEMENT_3D('',#16336,#12229,#12230);
#10617=AXIS2_PLACEMENT_3D('',#16340,#12232,#12233);
#10618=AXIS2_PLACEMENT_3D('',#16344,#12235,#12236);
#10619=AXIS2_PLACEMENT_3D('',#16348,#12238,#12239);
#10620=AXIS2_PLACEMENT_3D('',#16352,#12241,#12242);
#10621=AXIS2_PLACEMENT_3D('',#16356,#12244,#12245);
#10622=AXIS2_PLACEMENT_3D('',#16360,#12247,#12248);
#10623=AXIS2_PLACEMENT_3D('',#16364,#12250,#12251);
#10624=AXIS2_PLACEMENT_3D('',#16368,#12253,#12254);
#10625=AXIS2_PLACEMENT_3D('',#16372,#12256,#12257);
#10626=AXIS2_PLACEMENT_3D('',#16378,#12260,#12261);
#10627=AXIS2_PLACEMENT_3D('',#16382,#12263,#12264);
#10628=AXIS2_PLACEMENT_3D('',#16386,#12266,#12267);
#10629=AXIS2_PLACEMENT_3D('',#16389,#12269,#12270);
#10630=AXIS2_PLACEMENT_3D('',#16392,#12271,#12272);
#10631=AXIS2_PLACEMENT_3D('',#16396,#12274,#12275);
#10632=AXIS2_PLACEMENT_3D('',#16400,#12277,#12278);
#10633=AXIS2_PLACEMENT_3D('',#16404,#12280,#12281);
#10634=AXIS2_PLACEMENT_3D('',#16408,#12283,#12284);
#10635=AXIS2_PLACEMENT_3D('',#16412,#12286,#12287);
#10636=AXIS2_PLACEMENT_3D('',#16414,#12289,#12290);
#10637=AXIS2_PLACEMENT_3D('',#16418,#12293,#12294);
#10638=AXIS2_PLACEMENT_3D('',#16424,#12297,#12298);
#10639=AXIS2_PLACEMENT_3D('',#16427,#12300,#12301);
#10640=AXIS2_PLACEMENT_3D('',#16428,#12302,#12303);
#10641=AXIS2_PLACEMENT_3D('',#16431,#12304,#12305);
#10642=AXIS2_PLACEMENT_3D('',#16434,#12307,#12308);
#10643=AXIS2_PLACEMENT_3D('',#16435,#12309,#12310);
#10644=AXIS2_PLACEMENT_3D('',#16436,#12311,#12312);
#10645=AXIS2_PLACEMENT_3D('',#16446,#12318,#12319);
#10646=AXIS2_PLACEMENT_3D('',#16452,#12322,#12323);
#10647=AXIS2_PLACEMENT_3D('',#16455,#12325,#12326);
#10648=AXIS2_PLACEMENT_3D('',#16456,#12327,#12328);
#10649=AXIS2_PLACEMENT_3D('',#16458,#12329,#12330);
#10650=AXIS2_PLACEMENT_3D('',#16542,#12333,#12334);
#10651=AXIS2_PLACEMENT_3D('',#16544,#12335,#12336);
#10652=AXIS2_PLACEMENT_3D('',#16551,#12340,#12341);
#10653=AXIS2_PLACEMENT_3D('',#16552,#12342,#12343);
#10654=AXIS2_PLACEMENT_3D('',#16558,#12347,#12348);
#10655=AXIS2_PLACEMENT_3D('',#16560,#12349,#12350);
#10656=AXIS2_PLACEMENT_3D('',#16563,#12352,#12353);
#10657=AXIS2_PLACEMENT_3D('',#16564,#12354,#12355);
#10658=AXIS2_PLACEMENT_3D('',#16566,#12357,#12358);
#10659=AXIS2_PLACEMENT_3D('',#16568,#12359,#12360);
#10660=AXIS2_PLACEMENT_3D('',#16570,#12362,#12363);
#10661=AXIS2_PLACEMENT_3D('',#16574,#12365,#12366);
#10662=AXIS2_PLACEMENT_3D('',#16576,#12368,#12369);
#10663=AXIS2_PLACEMENT_3D('',#16580,#12372,#12373);
#10664=AXIS2_PLACEMENT_3D('',#16584,#12376,#12377);
#10665=AXIS2_PLACEMENT_3D('',#16586,#12378,#12379);
#10666=AXIS2_PLACEMENT_3D('',#16589,#12381,#12382);
#10667=AXIS2_PLACEMENT_3D('',#16590,#12383,#12384);
#10668=AXIS2_PLACEMENT_3D('',#16592,#12386,#12387);
#10669=AXIS2_PLACEMENT_3D('',#16595,#12389,#12390);
#10670=AXIS2_PLACEMENT_3D('',#16603,#12395,#12396);
#10671=AXIS2_PLACEMENT_3D('',#16605,#12397,#12398);
#10672=AXIS2_PLACEMENT_3D('',#16608,#12400,#12401);
#10673=AXIS2_PLACEMENT_3D('',#16609,#12402,#12403);
#10674=AXIS2_PLACEMENT_3D('',#16611,#12404,#12405);
#10675=AXIS2_PLACEMENT_3D('',#16614,#12407,#12408);
#10676=AXIS2_PLACEMENT_3D('',#16615,#12409,#12410);
#10677=AXIS2_PLACEMENT_3D('',#16617,#12412,#12413);
#10678=AXIS2_PLACEMENT_3D('',#16619,#12414,#12415);
#10679=AXIS2_PLACEMENT_3D('',#16622,#12417,#12418);
#10680=AXIS2_PLACEMENT_3D('',#16655,#12419,#12420);
#10681=AXIS2_PLACEMENT_3D('',#16656,#12421,#12422);
#10682=AXIS2_PLACEMENT_3D('',#16657,#12423,#12424);
#10683=AXIS2_PLACEMENT_3D('',#16658,#12425,#12426);
#10684=AXIS2_PLACEMENT_3D('',#16661,#12428,#12429);
#10685=AXIS2_PLACEMENT_3D('',#16662,#12430,#12431);
#10686=AXIS2_PLACEMENT_3D('',#16666,#12433,#12434);
#10687=AXIS2_PLACEMENT_3D('',#16668,#12436,#12437);
#10688=AXIS2_PLACEMENT_3D('',#16673,#12440,#12441);
#10689=AXIS2_PLACEMENT_3D('',#16676,#12443,#12444);
#10690=AXIS2_PLACEMENT_3D('',#16708,#12445,#12446);
#10691=AXIS2_PLACEMENT_3D('',#16710,#12447,#12448);
#10692=AXIS2_PLACEMENT_3D('',#16711,#12449,#12450);
#10693=AXIS2_PLACEMENT_3D('',#16712,#12451,#12452);
#10694=AXIS2_PLACEMENT_3D('',#16714,#12453,#12454);
#10695=AXIS2_PLACEMENT_3D('',#16716,#12456,#12457);
#10696=AXIS2_PLACEMENT_3D('',#16720,#12459,#12460);
#10697=AXIS2_PLACEMENT_3D('',#16722,#12462,#12463);
#10698=AXIS2_PLACEMENT_3D('',#16725,#12465,#12466);
#10699=AXIS2_PLACEMENT_3D('',#16726,#12467,#12468);
#10700=AXIS2_PLACEMENT_3D('',#16732,#12472,#12473);
#10701=AXIS2_PLACEMENT_3D('',#16741,#12479,#12480);
#10702=AXIS2_PLACEMENT_3D('',#16745,#12482,#12483);
#10703=AXIS2_PLACEMENT_3D('',#16747,#12484,#12485);
#10704=AXIS2_PLACEMENT_3D('',#16751,#12487,#12488);
#10705=AXIS2_PLACEMENT_3D('',#16753,#12489,#12490);
#10706=AXIS2_PLACEMENT_3D('',#16757,#12492,#12493);
#10707=AXIS2_PLACEMENT_3D('',#16759,#12494,#12495);
#10708=AXIS2_PLACEMENT_3D('',#16763,#12497,#12498);
#10709=AXIS2_PLACEMENT_3D('',#16764,#12499,#12500);
#10710=AXIS2_PLACEMENT_3D('',#16768,#12503,#12504);
#10711=AXIS2_PLACEMENT_3D('',#16770,#12506,#12507);
#10712=AXIS2_PLACEMENT_3D('',#16778,#12512,#12513);
#10713=AXIS2_PLACEMENT_3D('',#16782,#12515,#12516);
#10714=AXIS2_PLACEMENT_3D('',#16787,#12519,#12520);
#10715=AXIS2_PLACEMENT_3D('',#16788,#12521,#12522);
#10716=AXIS2_PLACEMENT_3D('',#16790,#12523,#12524);
#10717=AXIS2_PLACEMENT_3D('',#16792,#12525,#12526);
#10718=AXIS2_PLACEMENT_3D('',#16793,#12527,#12528);
#10719=AXIS2_PLACEMENT_3D('',#16794,#12529,#12530);
#10720=AXIS2_PLACEMENT_3D('',#16797,#12533,#12534);
#10721=AXIS2_PLACEMENT_3D('',#16799,#12536,#12537);
#10722=AXIS2_PLACEMENT_3D('',#16802,#12538,#12539);
#10723=AXIS2_PLACEMENT_3D('',#16803,#12540,#12541);
#10724=AXIS2_PLACEMENT_3D('',#16804,#12542,#12543);
#10725=AXIS2_PLACEMENT_3D('',#16805,#12544,#12545);
#10726=AXIS2_PLACEMENT_3D('',#16807,#12546,#12547);
#10727=AXIS2_PLACEMENT_3D('',#16808,#12548,#12549);
#10728=AXIS2_PLACEMENT_3D('',#16809,#12550,#12551);
#10729=AXIS2_PLACEMENT_3D('',#16811,#12552,#12553);
#10730=AXIS2_PLACEMENT_3D('',#16813,#12555,#12556);
#10731=AXIS2_PLACEMENT_3D('',#16814,#12557,#12558);
#10732=AXIS2_PLACEMENT_3D('',#16815,#12559,#12560);
#10733=AXIS2_PLACEMENT_3D('',#16818,#12561,#12562);
#10734=AXIS2_PLACEMENT_3D('',#16819,#12563,#12564);
#10735=AXIS2_PLACEMENT_3D('',#16820,#12565,#12566);
#10736=AXIS2_PLACEMENT_3D('',#16821,#12567,#12568);
#10737=AXIS2_PLACEMENT_3D('',#16823,#12570,#12571);
#10738=AXIS2_PLACEMENT_3D('',#16825,#12572,#12573);
#10739=AXIS2_PLACEMENT_3D('',#16826,#12574,#12575);
#10740=AXIS2_PLACEMENT_3D('',#16827,#12576,#12577);
#10741=AXIS2_PLACEMENT_3D('',#16829,#12578,#12579);
#10742=AXIS2_PLACEMENT_3D('',#16830,#12580,#12581);
#10743=AXIS2_PLACEMENT_3D('',#16831,#12582,#12583);
#10744=AXIS2_PLACEMENT_3D('',#16833,#12584,#12585);
#10745=AXIS2_PLACEMENT_3D('',#16835,#12587,#12588);
#10746=AXIS2_PLACEMENT_3D('',#16836,#12589,#12590);
#10747=AXIS2_PLACEMENT_3D('',#16837,#12591,#12592);
#10748=AXIS2_PLACEMENT_3D('',#16839,#12594,#12595);
#10749=AXIS2_PLACEMENT_3D('',#16842,#12598,#12599);
#10750=AXIS2_PLACEMENT_3D('',#16845,#12602,#12603);
#10751=AXIS2_PLACEMENT_3D('',#16846,#12604,#12605);
#10752=AXIS2_PLACEMENT_3D('',#16848,#12607,#12608);
#10753=AXIS2_PLACEMENT_3D('',#16850,#12610,#12611);
#10754=AXIS2_PLACEMENT_3D('',#16851,#12612,#12613);
#10755=AXIS2_PLACEMENT_3D('',#16852,#12614,#12615);
#10756=AXIS2_PLACEMENT_3D('',#16854,#12617,#12618);
#10757=AXIS2_PLACEMENT_3D('',#16857,#12620,#12621);
#10758=AXIS2_PLACEMENT_3D('',#16858,#12622,#12623);
#10759=AXIS2_PLACEMENT_3D('',#16860,#12624,#12625);
#10760=AXIS2_PLACEMENT_3D('',#16863,#12627,#12628);
#10761=AXIS2_PLACEMENT_3D('',#16864,#12629,#12630);
#10762=AXIS2_PLACEMENT_3D('',#16865,#12631,#12632);
#10763=AXIS2_PLACEMENT_3D('',#16868,#12635,#12636);
#10764=AXIS2_PLACEMENT_3D('',#16870,#12638,#12639);
#10765=AXIS2_PLACEMENT_3D('',#16873,#12642,#12643);
#10766=AXIS2_PLACEMENT_3D('',#16875,#12645,#12646);
#10767=AXIS2_PLACEMENT_3D('',#16878,#12649,#12650);
#10768=AXIS2_PLACEMENT_3D('',#16880,#12652,#12653);
#10769=AXIS2_PLACEMENT_3D('',#16882,#12654,#12655);
#10770=AXIS2_PLACEMENT_3D('',#16884,#12657,#12658);
#10771=AXIS2_PLACEMENT_3D('',#16885,#12659,#12660);
#10772=AXIS2_PLACEMENT_3D('',#16888,#12662,#12663);
#10773=AXIS2_PLACEMENT_3D('',#16889,#12664,#12665);
#10774=AXIS2_PLACEMENT_3D('',#16891,#12666,#12667);
#10775=AXIS2_PLACEMENT_3D('',#16893,#12669,#12670);
#10776=AXIS2_PLACEMENT_3D('',#16895,#12671,#12672);
#10777=AXIS2_PLACEMENT_3D('',#16898,#12674,#12675);
#10778=AXIS2_PLACEMENT_3D('',#16899,#12676,#12677);
#10779=AXIS2_PLACEMENT_3D('',#16900,#12678,#12679);
#10780=AXIS2_PLACEMENT_3D('',#16903,#12682,#12683);
#10781=AXIS2_PLACEMENT_3D('',#16905,#12685,#12686);
#10782=AXIS2_PLACEMENT_3D('',#16907,#12688,#12689);
#10783=AXIS2_PLACEMENT_3D('',#16909,#12691,#12692);
#10784=AXIS2_PLACEMENT_3D('',#16911,#12694,#12695);
#10785=AXIS2_PLACEMENT_3D('',#16913,#12697,#12698);
#10786=AXIS2_PLACEMENT_3D('',#16915,#12700,#12701);
#10787=AXIS2_PLACEMENT_3D('',#16916,#12702,#12703);
#10788=AXIS2_PLACEMENT_3D('',#16919,#12706,#12707);
#10789=AXIS2_PLACEMENT_3D('',#16921,#12709,#12710);
#10790=AXIS2_PLACEMENT_3D('',#16923,#12712,#12713);
#10791=AXIS2_PLACEMENT_3D('',#16925,#12715,#12716);
#10792=AXIS2_PLACEMENT_3D('',#16927,#12718,#12719);
#10793=AXIS2_PLACEMENT_3D('',#16929,#12721,#12722);
#10794=AXIS2_PLACEMENT_3D('',#16931,#12724,#12725);
#10795=AXIS2_PLACEMENT_3D('',#16932,#12726,#12727);
#10796=AXIS2_PLACEMENT_3D('',#16935,#12730,#12731);
#10797=AXIS2_PLACEMENT_3D('',#16937,#12733,#12734);
#10798=AXIS2_PLACEMENT_3D('',#16939,#12736,#12737);
#10799=AXIS2_PLACEMENT_3D('',#16941,#12739,#12740);
#10800=AXIS2_PLACEMENT_3D('',#16943,#12742,#12743);
#10801=AXIS2_PLACEMENT_3D('',#16945,#12745,#12746);
#10802=AXIS2_PLACEMENT_3D('',#16947,#12748,#12749);
#10803=AXIS2_PLACEMENT_3D('',#16948,#12750,#12751);
#10804=AXIS2_PLACEMENT_3D('',#16951,#12754,#12755);
#10805=AXIS2_PLACEMENT_3D('',#16953,#12757,#12758);
#10806=AXIS2_PLACEMENT_3D('',#16955,#12760,#12761);
#10807=AXIS2_PLACEMENT_3D('',#16957,#12763,#12764);
#10808=AXIS2_PLACEMENT_3D('',#16959,#12766,#12767);
#10809=AXIS2_PLACEMENT_3D('',#16961,#12769,#12770);
#10810=AXIS2_PLACEMENT_3D('',#16963,#12772,#12773);
#10811=AXIS2_PLACEMENT_3D('',#16964,#12774,#12775);
#10812=AXIS2_PLACEMENT_3D('',#16967,#12778,#12779);
#10813=AXIS2_PLACEMENT_3D('',#16969,#12781,#12782);
#10814=AXIS2_PLACEMENT_3D('',#16971,#12784,#12785);
#10815=AXIS2_PLACEMENT_3D('',#16973,#12787,#12788);
#10816=AXIS2_PLACEMENT_3D('',#16975,#12790,#12791);
#10817=AXIS2_PLACEMENT_3D('',#16977,#12793,#12794);
#10818=AXIS2_PLACEMENT_3D('',#16979,#12796,#12797);
#10819=AXIS2_PLACEMENT_3D('',#16980,#12798,#12799);
#10820=AXIS2_PLACEMENT_3D('',#16983,#12802,#12803);
#10821=AXIS2_PLACEMENT_3D('',#16985,#12805,#12806);
#10822=AXIS2_PLACEMENT_3D('',#16987,#12808,#12809);
#10823=AXIS2_PLACEMENT_3D('',#16989,#12811,#12812);
#10824=AXIS2_PLACEMENT_3D('',#16991,#12814,#12815);
#10825=AXIS2_PLACEMENT_3D('',#16993,#12817,#12818);
#10826=AXIS2_PLACEMENT_3D('',#16995,#12820,#12821);
#10827=AXIS2_PLACEMENT_3D('',#16996,#12822,#12823);
#10828=AXIS2_PLACEMENT_3D('',#16999,#12826,#12827);
#10829=AXIS2_PLACEMENT_3D('',#17001,#12829,#12830);
#10830=AXIS2_PLACEMENT_3D('',#17003,#12832,#12833);
#10831=AXIS2_PLACEMENT_3D('',#17005,#12835,#12836);
#10832=AXIS2_PLACEMENT_3D('',#17007,#12838,#12839);
#10833=AXIS2_PLACEMENT_3D('',#17009,#12841,#12842);
#10834=AXIS2_PLACEMENT_3D('',#17011,#12844,#12845);
#10835=AXIS2_PLACEMENT_3D('',#17012,#12846,#12847);
#10836=AXIS2_PLACEMENT_3D('',#17015,#12850,#12851);
#10837=AXIS2_PLACEMENT_3D('',#17017,#12853,#12854);
#10838=AXIS2_PLACEMENT_3D('',#17019,#12856,#12857);
#10839=AXIS2_PLACEMENT_3D('',#17021,#12859,#12860);
#10840=AXIS2_PLACEMENT_3D('',#17023,#12862,#12863);
#10841=AXIS2_PLACEMENT_3D('',#17025,#12865,#12866);
#10842=AXIS2_PLACEMENT_3D('',#17027,#12868,#12869);
#10843=AXIS2_PLACEMENT_3D('',#17028,#12870,#12871);
#10844=AXIS2_PLACEMENT_3D('',#17031,#12874,#12875);
#10845=AXIS2_PLACEMENT_3D('',#17033,#12877,#12878);
#10846=AXIS2_PLACEMENT_3D('',#17035,#12880,#12881);
#10847=AXIS2_PLACEMENT_3D('',#17037,#12883,#12884);
#10848=AXIS2_PLACEMENT_3D('',#17039,#12886,#12887);
#10849=AXIS2_PLACEMENT_3D('',#17041,#12889,#12890);
#10850=AXIS2_PLACEMENT_3D('',#17043,#12892,#12893);
#10851=AXIS2_PLACEMENT_3D('',#17044,#12894,#12895);
#10852=AXIS2_PLACEMENT_3D('',#17047,#12898,#12899);
#10853=AXIS2_PLACEMENT_3D('',#17049,#12901,#12902);
#10854=AXIS2_PLACEMENT_3D('',#17051,#12904,#12905);
#10855=AXIS2_PLACEMENT_3D('',#17053,#12907,#12908);
#10856=AXIS2_PLACEMENT_3D('',#17055,#12910,#12911);
#10857=AXIS2_PLACEMENT_3D('',#17057,#12913,#12914);
#10858=AXIS2_PLACEMENT_3D('',#17059,#12916,#12917);
#10859=AXIS2_PLACEMENT_3D('',#17060,#12918,#12919);
#10860=AXIS2_PLACEMENT_3D('',#17063,#12922,#12923);
#10861=AXIS2_PLACEMENT_3D('',#17065,#12925,#12926);
#10862=AXIS2_PLACEMENT_3D('',#17067,#12928,#12929);
#10863=AXIS2_PLACEMENT_3D('',#17069,#12931,#12932);
#10864=AXIS2_PLACEMENT_3D('',#17071,#12934,#12935);
#10865=AXIS2_PLACEMENT_3D('',#17073,#12937,#12938);
#10866=AXIS2_PLACEMENT_3D('',#17075,#12940,#12941);
#10867=AXIS2_PLACEMENT_3D('',#17076,#12942,#12943);
#10868=AXIS2_PLACEMENT_3D('',#17079,#12946,#12947);
#10869=AXIS2_PLACEMENT_3D('',#17081,#12949,#12950);
#10870=AXIS2_PLACEMENT_3D('',#17083,#12952,#12953);
#10871=AXIS2_PLACEMENT_3D('',#17085,#12955,#12956);
#10872=AXIS2_PLACEMENT_3D('',#17087,#12958,#12959);
#10873=AXIS2_PLACEMENT_3D('',#17089,#12961,#12962);
#10874=AXIS2_PLACEMENT_3D('',#17091,#12964,#12965);
#10875=AXIS2_PLACEMENT_3D('',#17092,#12966,#12967);
#10876=AXIS2_PLACEMENT_3D('',#17095,#12970,#12971);
#10877=AXIS2_PLACEMENT_3D('',#17097,#12973,#12974);
#10878=AXIS2_PLACEMENT_3D('',#17099,#12976,#12977);
#10879=AXIS2_PLACEMENT_3D('',#17101,#12979,#12980);
#10880=AXIS2_PLACEMENT_3D('',#17103,#12982,#12983);
#10881=AXIS2_PLACEMENT_3D('',#17105,#12985,#12986);
#10882=AXIS2_PLACEMENT_3D('',#17107,#12988,#12989);
#10883=AXIS2_PLACEMENT_3D('',#17108,#12990,#12991);
#10884=AXIS2_PLACEMENT_3D('',#17111,#12994,#12995);
#10885=AXIS2_PLACEMENT_3D('',#17113,#12997,#12998);
#10886=AXIS2_PLACEMENT_3D('',#17115,#13000,#13001);
#10887=AXIS2_PLACEMENT_3D('',#17117,#13003,#13004);
#10888=AXIS2_PLACEMENT_3D('',#17119,#13006,#13007);
#10889=AXIS2_PLACEMENT_3D('',#17121,#13009,#13010);
#10890=AXIS2_PLACEMENT_3D('',#17123,#13012,#13013);
#10891=AXIS2_PLACEMENT_3D('',#17124,#13014,#13015);
#10892=AXIS2_PLACEMENT_3D('',#17127,#13018,#13019);
#10893=AXIS2_PLACEMENT_3D('',#17129,#13021,#13022);
#10894=AXIS2_PLACEMENT_3D('',#17131,#13024,#13025);
#10895=AXIS2_PLACEMENT_3D('',#17133,#13027,#13028);
#10896=AXIS2_PLACEMENT_3D('',#17135,#13030,#13031);
#10897=AXIS2_PLACEMENT_3D('',#17137,#13033,#13034);
#10898=AXIS2_PLACEMENT_3D('',#17139,#13036,#13037);
#10899=AXIS2_PLACEMENT_3D('',#17140,#13038,#13039);
#10900=AXIS2_PLACEMENT_3D('',#17143,#13042,#13043);
#10901=AXIS2_PLACEMENT_3D('',#17145,#13045,#13046);
#10902=AXIS2_PLACEMENT_3D('',#17147,#13048,#13049);
#10903=AXIS2_PLACEMENT_3D('',#17149,#13051,#13052);
#10904=AXIS2_PLACEMENT_3D('',#17151,#13054,#13055);
#10905=AXIS2_PLACEMENT_3D('',#17153,#13057,#13058);
#10906=AXIS2_PLACEMENT_3D('',#17155,#13060,#13061);
#10907=AXIS2_PLACEMENT_3D('',#17156,#13062,#13063);
#10908=AXIS2_PLACEMENT_3D('',#17159,#13066,#13067);
#10909=AXIS2_PLACEMENT_3D('',#17161,#13069,#13070);
#10910=AXIS2_PLACEMENT_3D('',#17163,#13072,#13073);
#10911=AXIS2_PLACEMENT_3D('',#17165,#13075,#13076);
#10912=AXIS2_PLACEMENT_3D('',#17167,#13078,#13079);
#10913=AXIS2_PLACEMENT_3D('',#17169,#13081,#13082);
#10914=AXIS2_PLACEMENT_3D('',#17171,#13084,#13085);
#10915=AXIS2_PLACEMENT_3D('',#17172,#13086,#13087);
#10916=AXIS2_PLACEMENT_3D('',#17175,#13090,#13091);
#10917=AXIS2_PLACEMENT_3D('',#17177,#13093,#13094);
#10918=AXIS2_PLACEMENT_3D('',#17179,#13096,#13097);
#10919=AXIS2_PLACEMENT_3D('',#17181,#13099,#13100);
#10920=AXIS2_PLACEMENT_3D('',#17183,#13102,#13103);
#10921=AXIS2_PLACEMENT_3D('',#17185,#13105,#13106);
#10922=AXIS2_PLACEMENT_3D('',#17187,#13108,#13109);
#10923=AXIS2_PLACEMENT_3D('',#17188,#13110,#13111);
#10924=AXIS2_PLACEMENT_3D('',#17191,#13114,#13115);
#10925=AXIS2_PLACEMENT_3D('',#17193,#13117,#13118);
#10926=AXIS2_PLACEMENT_3D('',#17195,#13120,#13121);
#10927=AXIS2_PLACEMENT_3D('',#17197,#13123,#13124);
#10928=AXIS2_PLACEMENT_3D('',#17199,#13126,#13127);
#10929=AXIS2_PLACEMENT_3D('',#17201,#13129,#13130);
#10930=AXIS2_PLACEMENT_3D('',#17203,#13132,#13133);
#10931=AXIS2_PLACEMENT_3D('',#17204,#13134,#13135);
#10932=AXIS2_PLACEMENT_3D('',#17207,#13138,#13139);
#10933=AXIS2_PLACEMENT_3D('',#17209,#13141,#13142);
#10934=AXIS2_PLACEMENT_3D('',#17211,#13144,#13145);
#10935=AXIS2_PLACEMENT_3D('',#17213,#13147,#13148);
#10936=AXIS2_PLACEMENT_3D('',#17215,#13150,#13151);
#10937=AXIS2_PLACEMENT_3D('',#17217,#13153,#13154);
#10938=AXIS2_PLACEMENT_3D('',#17219,#13156,#13157);
#10939=AXIS2_PLACEMENT_3D('',#17220,#13158,#13159);
#10940=AXIS2_PLACEMENT_3D('',#17223,#13162,#13163);
#10941=AXIS2_PLACEMENT_3D('',#17225,#13165,#13166);
#10942=AXIS2_PLACEMENT_3D('',#17227,#13168,#13169);
#10943=AXIS2_PLACEMENT_3D('',#17229,#13171,#13172);
#10944=AXIS2_PLACEMENT_3D('',#17231,#13174,#13175);
#10945=AXIS2_PLACEMENT_3D('',#17233,#13177,#13178);
#10946=AXIS2_PLACEMENT_3D('',#17235,#13180,#13181);
#10947=AXIS2_PLACEMENT_3D('',#17236,#13182,#13183);
#10948=AXIS2_PLACEMENT_3D('',#17239,#13186,#13187);
#10949=AXIS2_PLACEMENT_3D('',#17241,#13189,#13190);
#10950=AXIS2_PLACEMENT_3D('',#17243,#13192,#13193);
#10951=AXIS2_PLACEMENT_3D('',#17245,#13195,#13196);
#10952=AXIS2_PLACEMENT_3D('',#17247,#13198,#13199);
#10953=AXIS2_PLACEMENT_3D('',#17249,#13201,#13202);
#10954=AXIS2_PLACEMENT_3D('',#17251,#13204,#13205);
#10955=AXIS2_PLACEMENT_3D('',#17252,#13206,#13207);
#10956=AXIS2_PLACEMENT_3D('',#17255,#13210,#13211);
#10957=AXIS2_PLACEMENT_3D('',#17257,#13213,#13214);
#10958=AXIS2_PLACEMENT_3D('',#17259,#13216,#13217);
#10959=AXIS2_PLACEMENT_3D('',#17261,#13219,#13220);
#10960=AXIS2_PLACEMENT_3D('',#17263,#13222,#13223);
#10961=AXIS2_PLACEMENT_3D('',#17265,#13225,#13226);
#10962=AXIS2_PLACEMENT_3D('',#17267,#13228,#13229);
#10963=AXIS2_PLACEMENT_3D('',#17268,#13230,#13231);
#10964=AXIS2_PLACEMENT_3D('',#17271,#13234,#13235);
#10965=AXIS2_PLACEMENT_3D('',#17273,#13237,#13238);
#10966=AXIS2_PLACEMENT_3D('',#17275,#13240,#13241);
#10967=AXIS2_PLACEMENT_3D('',#17277,#13243,#13244);
#10968=AXIS2_PLACEMENT_3D('',#17279,#13246,#13247);
#10969=AXIS2_PLACEMENT_3D('',#17281,#13249,#13250);
#10970=AXIS2_PLACEMENT_3D('',#17283,#13252,#13253);
#10971=AXIS2_PLACEMENT_3D('',#17284,#13254,#13255);
#10972=AXIS2_PLACEMENT_3D('',#17286,#13257,#13258);
#10973=AXIS2_PLACEMENT_3D('',#17288,#13260,#13261);
#10974=AXIS2_PLACEMENT_3D('',#17289,#13262,#13263);
#10975=AXIS2_PLACEMENT_3D('',#17291,#13265,#13266);
#10976=AXIS2_PLACEMENT_3D('',#17292,#13267,#13268);
#10977=AXIS2_PLACEMENT_3D('',#17295,#13271,#13272);
#10978=AXIS2_PLACEMENT_3D('',#17297,#13274,#13275);
#10979=AXIS2_PLACEMENT_3D('',#17299,#13277,#13278);
#10980=AXIS2_PLACEMENT_3D('',#17301,#13280,#13281);
#10981=AXIS2_PLACEMENT_3D('',#17303,#13283,#13284);
#10982=AXIS2_PLACEMENT_3D('',#17305,#13286,#13287);
#10983=AXIS2_PLACEMENT_3D('',#17307,#13289,#13290);
#10984=AXIS2_PLACEMENT_3D('',#17308,#13291,#13292);
#10985=AXIS2_PLACEMENT_3D('',#17311,#13295,#13296);
#10986=AXIS2_PLACEMENT_3D('',#17313,#13298,#13299);
#10987=AXIS2_PLACEMENT_3D('',#17315,#13301,#13302);
#10988=AXIS2_PLACEMENT_3D('',#17317,#13304,#13305);
#10989=AXIS2_PLACEMENT_3D('',#17319,#13307,#13308);
#10990=AXIS2_PLACEMENT_3D('',#17321,#13310,#13311);
#10991=AXIS2_PLACEMENT_3D('',#17323,#13313,#13314);
#10992=AXIS2_PLACEMENT_3D('',#17324,#13315,#13316);
#10993=AXIS2_PLACEMENT_3D('',#17327,#13319,#13320);
#10994=AXIS2_PLACEMENT_3D('',#17329,#13322,#13323);
#10995=AXIS2_PLACEMENT_3D('',#17331,#13325,#13326);
#10996=AXIS2_PLACEMENT_3D('',#17333,#13328,#13329);
#10997=AXIS2_PLACEMENT_3D('',#17335,#13331,#13332);
#10998=AXIS2_PLACEMENT_3D('',#17337,#13334,#13335);
#10999=AXIS2_PLACEMENT_3D('',#17339,#13337,#13338);
#11000=AXIS2_PLACEMENT_3D('',#17340,#13339,#13340);
#11001=AXIS2_PLACEMENT_3D('',#17343,#13343,#13344);
#11002=AXIS2_PLACEMENT_3D('',#17345,#13346,#13347);
#11003=AXIS2_PLACEMENT_3D('',#17347,#13349,#13350);
#11004=AXIS2_PLACEMENT_3D('',#17349,#13352,#13353);
#11005=AXIS2_PLACEMENT_3D('',#17351,#13355,#13356);
#11006=AXIS2_PLACEMENT_3D('',#17353,#13358,#13359);
#11007=AXIS2_PLACEMENT_3D('',#17355,#13361,#13362);
#11008=AXIS2_PLACEMENT_3D('',#17356,#13363,#13364);
#11009=AXIS2_PLACEMENT_3D('',#17360,#13367,#13368);
#11010=AXIS2_PLACEMENT_3D('',#17364,#13371,#13372);
#11011=AXIS2_PLACEMENT_3D('',#17368,#13375,#13376);
#11012=AXIS2_PLACEMENT_3D('',#17372,#13379,#13380);
#11013=AXIS2_PLACEMENT_3D('',#17378,#13384,#13385);
#11014=AXIS2_PLACEMENT_3D('',#17384,#13389,#13390);
#11015=AXIS2_PLACEMENT_3D('',#17387,#13393,#13394);
#11016=AXIS2_PLACEMENT_3D('',#17390,#13396,#13397);
#11017=AXIS2_PLACEMENT_3D('',#17391,#13398,#13399);
#11018=AXIS2_PLACEMENT_3D('',#17393,#13401,#13402);
#11019=AXIS2_PLACEMENT_3D('',#17394,#13403,#13404);
#11020=AXIS2_PLACEMENT_3D('',#17398,#13406,#13407);
#11021=AXIS2_PLACEMENT_3D('',#17399,#13408,#13409);
#11022=AXIS2_PLACEMENT_3D('',#17400,#13410,#13411);
#11023=AXIS2_PLACEMENT_3D('',#17402,#13412,#13413);
#11024=AXIS2_PLACEMENT_3D('',#17404,#13415,#13416);
#11025=AXIS2_PLACEMENT_3D('',#17410,#13420,#13421);
#11026=AXIS2_PLACEMENT_3D('',#17412,#13422,#13423);
#11027=AXIS2_PLACEMENT_3D('',#17415,#13425,#13426);
#11028=AXIS2_PLACEMENT_3D('',#17416,#13427,#13428);
#11029=AXIS2_PLACEMENT_3D('',#17417,#13429,#13430);
#11030=AXIS2_PLACEMENT_3D('',#17418,#13431,#13432);
#11031=AXIS2_PLACEMENT_3D('',#17421,#13434,#13435);
#11032=AXIS2_PLACEMENT_3D('',#17422,#13436,#13437);
#11033=AXIS2_PLACEMENT_3D('',#17424,#13439,#13440);
#11034=AXIS2_PLACEMENT_3D('',#17426,#13441,#13442);
#11035=AXIS2_PLACEMENT_3D('',#17429,#13444,#13445);
#11036=AXIS2_PLACEMENT_3D('',#17430,#13446,#13447);
#11037=AXIS2_PLACEMENT_3D('',#17431,#13448,#13449);
#11038=AXIS2_PLACEMENT_3D('',#17433,#13450,#13451);
#11039=AXIS2_PLACEMENT_3D('',#17435,#13453,#13454);
#11040=AXIS2_PLACEMENT_3D('',#17436,#13455,#13456);
#11041=AXIS2_PLACEMENT_3D('',#17438,#13458,#13459);
#11042=AXIS2_PLACEMENT_3D('',#17441,#13461,#13462);
#11043=AXIS2_PLACEMENT_3D('',#17442,#13463,#13464);
#11044=AXIS2_PLACEMENT_3D('',#17444,#13466,#13467);
#11045=AXIS2_PLACEMENT_3D('',#17447,#13469,#13470);
#11046=AXIS2_PLACEMENT_3D('',#17448,#13471,#13472);
#11047=AXIS2_PLACEMENT_3D('',#17449,#13473,#13474);
#11048=AXIS2_PLACEMENT_3D('',#17451,#13476,#13477);
#11049=AXIS2_PLACEMENT_3D('',#17453,#13479,#13480);
#11050=AXIS2_PLACEMENT_3D('',#17454,#13481,#13482);
#11051=AXIS2_PLACEMENT_3D('',#17456,#13483,#13484);
#11052=AXIS2_PLACEMENT_3D('',#17460,#13486,#13487);
#11053=AXIS2_PLACEMENT_3D('',#17463,#13489,#13490);
#11054=AXIS2_PLACEMENT_3D('',#17466,#13491,#13492);
#11055=AXIS2_PLACEMENT_3D('',#17470,#13494,#13495);
#11056=AXIS2_PLACEMENT_3D('',#17472,#13497,#13498);
#11057=AXIS2_PLACEMENT_3D('',#17474,#13499,#13500);
#11058=AXIS2_PLACEMENT_3D('',#17476,#13502,#13503);
#11059=AXIS2_PLACEMENT_3D('',#17480,#13506,#13507);
#11060=AXIS2_PLACEMENT_3D('',#17486,#13511,#13512);
#11061=AXIS2_PLACEMENT_3D('',#17492,#13516,#13517);
#11062=AXIS2_PLACEMENT_3D('',#17493,#13518,#13519);
#11063=AXIS2_PLACEMENT_3D('',#17494,#13520,#13521);
#11064=AXIS2_PLACEMENT_3D('',#17496,#13522,#13523);
#11065=AXIS2_PLACEMENT_3D('',#17498,#13525,#13526);
#11066=AXIS2_PLACEMENT_3D('',#17537,#13534,#13535);
#11067=AXIS2_PLACEMENT_3D('',#17539,#13536,#13537);
#11068=AXIS2_PLACEMENT_3D('',#17543,#13539,#13540);
#11069=AXIS2_PLACEMENT_3D('',#17546,#13542,#13543);
#11070=AXIS2_PLACEMENT_3D('',#17549,#13544,#13545);
#11071=AXIS2_PLACEMENT_3D('',#17553,#13547,#13548);
#11072=AXIS2_PLACEMENT_3D('',#17555,#13550,#13551);
#11073=AXIS2_PLACEMENT_3D('',#17558,#13552,#13553);
#11074=AXIS2_PLACEMENT_3D('',#17561,#13556,#13557);
#11075=AXIS2_PLACEMENT_3D('',#17567,#13561,#13562);
#11076=AXIS2_PLACEMENT_3D('',#17569,#13563,#13564);
#11077=AXIS2_PLACEMENT_3D('',#17571,#13566,#13567);
#11078=AXIS2_PLACEMENT_3D('',#17573,#13568,#13569);
#11079=AXIS2_PLACEMENT_3D('',#17575,#13571,#13572);
#11080=AXIS2_PLACEMENT_3D('',#17576,#13573,#13574);
#11081=AXIS2_PLACEMENT_3D('',#17577,#13575,#13576);
#11082=AXIS2_PLACEMENT_3D('',#17579,#13578,#13579);
#11083=AXIS2_PLACEMENT_3D('',#17583,#13582,#13583);
#11084=AXIS2_PLACEMENT_3D('',#17585,#13585,#13586);
#11085=AXIS2_PLACEMENT_3D('',#17587,#13588,#13589);
#11086=AXIS2_PLACEMENT_3D('',#17589,#13591,#13592);
#11087=AXIS2_PLACEMENT_3D('',#17591,#13594,#13595);
#11088=AXIS2_PLACEMENT_3D('',#17593,#13597,#13598);
#11089=AXIS2_PLACEMENT_3D('',#17594,#13599,#13600);
#11090=AXIS2_PLACEMENT_3D('',#17596,#13602,#13603);
#11091=AXIS2_PLACEMENT_3D('',#17607,#13607,#13608);
#11092=AXIS2_PLACEMENT_3D('',#17610,#13609,#13610);
#11093=AXIS2_PLACEMENT_3D('',#17614,#13612,#13613);
#11094=AXIS2_PLACEMENT_3D('',#17616,#13615,#13616);
#11095=AXIS2_PLACEMENT_3D('',#17617,#13617,#13618);
#11096=AXIS2_PLACEMENT_3D('',#17618,#13619,#13620);
#11097=AXIS2_PLACEMENT_3D('',#17619,#13621,#13622);
#11098=AXIS2_PLACEMENT_3D('',#17622,#13623,#13624);
#11099=AXIS2_PLACEMENT_3D('',#17626,#13626,#13627);
#11100=AXIS2_PLACEMENT_3D('',#17628,#13629,#13630);
#11101=AXIS2_PLACEMENT_3D('',#17634,#13631,#13632);
#11102=AXIS2_PLACEMENT_3D('',#17643,#13634,#13635);
#11103=AXIS2_PLACEMENT_3D('',#17644,#13636,#13637);
#11104=AXIS2_PLACEMENT_3D('',#17645,#13638,#13639);
#11105=AXIS2_PLACEMENT_3D('',#17659,#13641,#13642);
#11106=AXIS2_PLACEMENT_3D('',#17661,#13643,#13644);
#11107=AXIS2_PLACEMENT_3D('',#17663,#13646,#13647);
#11108=AXIS2_PLACEMENT_3D('',#17677,#13649,#13650);
#11109=AXIS2_PLACEMENT_3D('',#17685,#13655,#13656);
#11110=AXIS2_PLACEMENT_3D('',#17686,#13657,#13658);
#11111=AXIS2_PLACEMENT_3D('',#17687,#13659,#13660);
#11112=AXIS2_PLACEMENT_3D('',#17698,#13661,#13662);
#11113=AXIS2_PLACEMENT_3D('',#17708,#13663,#13664);
#11114=AXIS2_PLACEMENT_3D('',#17720,#13666,#13667);
#11115=AXIS2_PLACEMENT_3D('',#17729,#13670,#13671);
#11116=AXIS2_PLACEMENT_3D('',#17742,#13673,#13674);
#11117=AXIS2_PLACEMENT_3D('',#17748,#13678,#13679);
#11118=AXIS2_PLACEMENT_3D('',#17754,#13683,#13684);
#11119=AXIS2_PLACEMENT_3D('',#17802,#13689,#13690);
#11120=AXIS2_PLACEMENT_3D('',#17855,#13695,#13696);
#11121=AXIS2_PLACEMENT_3D('',#17913,#13702,#13703);
#11122=AXIS2_PLACEMENT_3D('',#17915,#13704,#13705);
#11123=AXIS2_PLACEMENT_3D('',#17917,#13707,#13708);
#11124=AXIS2_PLACEMENT_3D('',#17919,#13709,#13710);
#11125=AXIS2_PLACEMENT_3D('',#17946,#13713,#13714);
#11126=AXIS2_PLACEMENT_3D('',#18028,#13720,#13721);
#11127=AXIS2_PLACEMENT_3D('',#18081,#13726,#13727);
#11128=AXIS2_PLACEMENT_3D('',#18132,#13730,#13731);
#11129=AXIS2_PLACEMENT_3D('',#18134,#13732,#13733);
#11130=AXIS2_PLACEMENT_3D('',#18136,#13735,#13736);
#11131=AXIS2_PLACEMENT_3D('',#18139,#13737,#13738);
#11132=AXIS2_PLACEMENT_3D('',#18142,#13740,#13741);
#11133=AXIS2_PLACEMENT_3D('',#18148,#13745,#13746);
#11134=AXIS2_PLACEMENT_3D('',#18149,#13747,#13748);
#11135=AXIS2_PLACEMENT_3D('',#18150,#13749,#13750);
#11136=AXIS2_PLACEMENT_3D('',#18151,#13751,#13752);
#11137=AXIS2_PLACEMENT_3D('',#18152,#13753,#13754);
#11138=AXIS2_PLACEMENT_3D('',#18154,#13755,#13756);
#11139=AXIS2_PLACEMENT_3D('',#18156,#13758,#13759);
#11140=AXIS2_PLACEMENT_3D('',#18158,#13760,#13761);
#11141=AXIS2_PLACEMENT_3D('',#18160,#13763,#13764);
#11142=AXIS2_PLACEMENT_3D('',#18162,#13766,#13767);
#11143=AXIS2_PLACEMENT_3D('',#18163,#13768,#13769);
#11144=AXIS2_PLACEMENT_3D('',#18164,#13770,#13771);
#11145=AXIS2_PLACEMENT_3D('',#18165,#13772,#13773);
#11146=AXIS2_PLACEMENT_3D('',#18166,#13774,#13775);
#11147=AXIS2_PLACEMENT_3D('',#18168,#13776,#13777);
#11148=AXIS2_PLACEMENT_3D('',#18171,#13779,#13780);
#11149=AXIS2_PLACEMENT_3D('',#18172,#13781,#13782);
#11150=AXIS2_PLACEMENT_3D('',#18174,#13783,#13784);
#11151=AXIS2_PLACEMENT_3D('',#18176,#13786,#13787);
#11152=AXIS2_PLACEMENT_3D('',#18178,#13788,#13789);
#11153=AXIS2_PLACEMENT_3D('',#18179,#13790,#13791);
#11154=AXIS2_PLACEMENT_3D('',#18180,#13792,#13793);
#11155=AXIS2_PLACEMENT_3D('',#18182,#13795,#13796);
#11156=AXIS2_PLACEMENT_3D('',#18183,#13797,#13798);
#11157=AXIS2_PLACEMENT_3D('',#18184,#13799,#13800);
#11158=AXIS2_PLACEMENT_3D('',#18187,#13802,#13803);
#11159=AXIS2_PLACEMENT_3D('',#18188,#13804,#13805);
#11160=AXIS2_PLACEMENT_3D('',#18189,#13806,#13807);
#11161=AXIS2_PLACEMENT_3D('',#18190,#13808,#13809);
#11162=AXIS2_PLACEMENT_3D('',#18191,#13810,#13811);
#11163=AXIS2_PLACEMENT_3D('',#18195,#13813,#13814);
#11164=AXIS2_PLACEMENT_3D('',#18202,#13818,#13819);
#11165=AXIS2_PLACEMENT_3D('',#18203,#13820,#13821);
#11166=AXIS2_PLACEMENT_3D('',#18205,#13822,#13823);
#11167=AXIS2_PLACEMENT_3D('',#18208,#13825,#13826);
#11168=AXIS2_PLACEMENT_3D('',#18209,#13827,#13828);
#11169=AXIS2_PLACEMENT_3D('',#18211,#13829,#13830);
#11170=AXIS2_PLACEMENT_3D('',#18213,#13831,#13832);
#11171=AXIS2_PLACEMENT_3D('',#18216,#13834,#13835);
#11172=AXIS2_PLACEMENT_3D('',#18217,#13836,#13837);
#11173=AXIS2_PLACEMENT_3D('',#18218,#13838,#13839);
#11174=AXIS2_PLACEMENT_3D('',#18219,#13840,#13841);
#11175=AXIS2_PLACEMENT_3D('',#18221,#13842,#13843);
#11176=AXIS2_PLACEMENT_3D('',#18224,#13846,#13847);
#11177=AXIS2_PLACEMENT_3D('',#18226,#13848,#13849);
#11178=AXIS2_PLACEMENT_3D('',#18228,#13851,#13852);
#11179=AXIS2_PLACEMENT_3D('',#18230,#13854,#13855);
#11180=AXIS2_PLACEMENT_3D('',#18231,#13856,#13857);
#11181=AXIS2_PLACEMENT_3D('',#18232,#13858,#13859);
#11182=AXIS2_PLACEMENT_3D('',#18233,#13860,#13861);
#11183=AXIS2_PLACEMENT_3D('',#18237,#13864,#13865);
#11184=AXIS2_PLACEMENT_3D('',#18239,#13866,#13867);
#11185=AXIS2_PLACEMENT_3D('',#18241,#13869,#13870);
#11186=AXIS2_PLACEMENT_3D('',#18242,#13871,#13872);
#11187=AXIS2_PLACEMENT_3D('',#18243,#13873,#13874);
#11188=AXIS2_PLACEMENT_3D('',#18245,#13875,#13876);
#11189=AXIS2_PLACEMENT_3D('',#18247,#13878,#13879);
#11190=AXIS2_PLACEMENT_3D('',#18249,#13880,#13881);
#11191=AXIS2_PLACEMENT_3D('',#18251,#13883,#13884);
#11192=AXIS2_PLACEMENT_3D('',#18255,#13887,#13888);
#11193=AXIS2_PLACEMENT_3D('',#18256,#13889,#13890);
#11194=AXIS2_PLACEMENT_3D('',#18257,#13891,#13892);
#11195=AXIS2_PLACEMENT_3D('',#18258,#13893,#13894);
#11196=AXIS2_PLACEMENT_3D('',#18259,#13895,#13896);
#11197=AXIS2_PLACEMENT_3D('',#18260,#13897,#13898);
#11198=AXIS2_PLACEMENT_3D('',#18262,#13899,#13900);
#11199=AXIS2_PLACEMENT_3D('',#18264,#13902,#13903);
#11200=AXIS2_PLACEMENT_3D('',#18265,#13904,#13905);
#11201=AXIS2_PLACEMENT_3D('',#18266,#13906,#13907);
#11202=AXIS2_PLACEMENT_3D('',#18270,#13909,#13910);
#11203=AXIS2_PLACEMENT_3D('',#18271,#13911,#13912);
#11204=AXIS2_PLACEMENT_3D('',#18272,#13913,#13914);
#11205=AXIS2_PLACEMENT_3D('',#18274,#13915,#13916);
#11206=AXIS2_PLACEMENT_3D('',#18275,#13917,#13918);
#11207=AXIS2_PLACEMENT_3D('',#18276,#13919,#13920);
#11208=AXIS2_PLACEMENT_3D('',#18279,#13922,#13923);
#11209=AXIS2_PLACEMENT_3D('',#18280,#13924,#13925);
#11210=AXIS2_PLACEMENT_3D('',#18282,#13926,#13927);
#11211=AXIS2_PLACEMENT_3D('',#18289,#13928,#13929);
#11212=AXIS2_PLACEMENT_3D('',#18296,#13930,#13931);
#11213=AXIS2_PLACEMENT_3D('',#18298,#13932,#13933);
#11214=AXIS2_PLACEMENT_3D('',#18302,#13935,#13936);
#11215=AXIS2_PLACEMENT_3D('',#18304,#13938,#13939);
#11216=AXIS2_PLACEMENT_3D('',#18306,#13940,#13941);
#11217=AXIS2_PLACEMENT_3D('',#18308,#13943,#13944);
#11218=AXIS2_PLACEMENT_3D('',#18324,#13946,#13947);
#11219=AXIS2_PLACEMENT_3D('',#18325,#13948,#13949);
#11220=AXIS2_PLACEMENT_3D('',#18326,#13950,#13951);
#11221=AXIS2_PLACEMENT_3D('',#18327,#13952,#13953);
#11222=AXIS2_PLACEMENT_3D('',#18328,#13954,#13955);
#11223=AXIS2_PLACEMENT_3D('',#18329,#13956,#13957);
#11224=AXIS2_PLACEMENT_3D('',#18330,#13958,#13959);
#11225=AXIS2_PLACEMENT_3D('',#18331,#13960,#13961);
#11226=AXIS2_PLACEMENT_3D('',#18332,#13962,#13963);
#11227=AXIS2_PLACEMENT_3D('',#18333,#13964,#13965);
#11228=AXIS2_PLACEMENT_3D('',#18335,#13966,#13967);
#11229=AXIS2_PLACEMENT_3D('',#18337,#13969,#13970);
#11230=AXIS2_PLACEMENT_3D('',#18339,#13972,#13973);
#11231=AXIS2_PLACEMENT_3D('',#18342,#13976,#13977);
#11232=AXIS2_PLACEMENT_3D('',#18344,#13979,#13980);
#11233=AXIS2_PLACEMENT_3D('',#18346,#13982,#13983);
#11234=AXIS2_PLACEMENT_3D('',#18347,#13984,#13985);
#11235=AXIS2_PLACEMENT_3D('',#18349,#13986,#13987);
#11236=AXIS2_PLACEMENT_3D('',#18351,#13989,#13990);
#11237=AXIS2_PLACEMENT_3D('',#18353,#13992,#13993);
#11238=AXIS2_PLACEMENT_3D('',#18356,#13996,#13997);
#11239=AXIS2_PLACEMENT_3D('',#18358,#13999,#14000);
#11240=AXIS2_PLACEMENT_3D('',#18360,#14002,#14003);
#11241=AXIS2_PLACEMENT_3D('',#18361,#14004,#14005);
#11242=AXIS2_PLACEMENT_3D('',#18364,#14007,#14008);
#11243=AXIS2_PLACEMENT_3D('',#18365,#14009,#14010);
#11244=AXIS2_PLACEMENT_3D('',#18367,#14012,#14013);
#11245=AXIS2_PLACEMENT_3D('',#18369,#14015,#14016);
#11246=AXIS2_PLACEMENT_3D('',#18370,#14017,#14018);
#11247=AXIS2_PLACEMENT_3D('',#18372,#14020,#14021);
#11248=AXIS2_PLACEMENT_3D('',#18373,#14022,#14023);
#11249=AXIS2_PLACEMENT_3D('',#18375,#14025,#14026);
#11250=AXIS2_PLACEMENT_3D('',#18376,#14027,#14028);
#11251=AXIS2_PLACEMENT_3D('',#18378,#14030,#14031);
#11252=AXIS2_PLACEMENT_3D('',#18379,#14032,#14033);
#11253=AXIS2_PLACEMENT_3D('',#18381,#14035,#14036);
#11254=AXIS2_PLACEMENT_3D('',#18383,#14038,#14039);
#11255=DIRECTION('axis',(0.,0.,1.));
#11256=DIRECTION('refdir',(1.,0.,0.));
#11257=DIRECTION('center_axis',(0.,0.,1.));
#11258=DIRECTION('ref_axis',(1.,0.,0.));
#11259=DIRECTION('center_axis',(0.,0.,-1.));
#11260=DIRECTION('ref_axis',(0.707106781186547,0.707106781186548,0.));
#11261=DIRECTION('center_axis',(0.,0.,1.));
#11262=DIRECTION('ref_axis',(1.,0.,0.));
#11263=DIRECTION('',(0.,0.,1.));
#11264=DIRECTION('',(0.,0.,-1.));
#11265=DIRECTION('center_axis',(0.,-0.418385443322219,0.908269574969937));
#11266=DIRECTION('ref_axis',(1.,0.,0.));
#11267=DIRECTION('center_axis',(0.,0.33164710093299,-0.943403519414011));
#11268=DIRECTION('ref_axis',(0.333222148113544,0.889486446114864,0.3126929199463));
#11269=DIRECTION('center_axis',(0.683967212159828,-3.03894406014415E-15,
-0.729512750190367));
#11270=DIRECTION('ref_axis',(-4.44311365532829E-15,-1.,0.));
#11271=DIRECTION('center_axis',(0.684287150528764,-8.85962530792963E-12,
-0.729212654594821));
#11272=DIRECTION('ref_axis',(-1.29472331916266E-11,-1.,0.));
#11273=DIRECTION('center_axis',(-1.,0.,-4.73898717841934E-15));
#11274=DIRECTION('ref_axis',(0.,-1.,0.));
#11275=DIRECTION('center_axis',(-1.,0.,0.));
#11276=DIRECTION('ref_axis',(0.,-0.820916312061373,0.571048516845595));
#11277=DIRECTION('center_axis',(-1.,0.,0.));
#11278=DIRECTION('ref_axis',(0.,-1.,0.));
#11279=DIRECTION('',(1.,0.,0.));
#11280=DIRECTION('',(-1.,0.,0.));
#11281=DIRECTION('center_axis',(2.12380832724692E-12,0.,-1.));
#11282=DIRECTION('ref_axis',(0.,-1.,0.));
#11283=DIRECTION('center_axis',(0.,0.,-1.));
#11284=DIRECTION('ref_axis',(-0.707106781186548,-0.707106781186547,0.));
#11285=DIRECTION('center_axis',(0.,0.,-1.));
#11286=DIRECTION('ref_axis',(0.,-1.,0.));
#11287=DIRECTION('',(0.,0.,1.));
#11288=DIRECTION('',(0.,0.,-1.));
#11289=DIRECTION('center_axis',(0.687090852589794,0.,-0.726571510787087));
#11290=DIRECTION('ref_axis',(0.,-1.,0.));
#11291=DIRECTION('center_axis',(-1.,0.,0.));
#11292=DIRECTION('ref_axis',(0.,0.,1.));
#11293=DIRECTION('center_axis',(1.,0.,2.13813605140977E-14));
#11294=DIRECTION('ref_axis',(-2.13813605140977E-14,0.,1.));
#11295=DIRECTION('center_axis',(0.,-1.,0.));
#11296=DIRECTION('ref_axis',(0.,0.,1.));
#11297=DIRECTION('center_axis',(-1.,0.,0.));
#11298=DIRECTION('ref_axis',(0.,0.382683432365088,0.923879532511288));
#11299=DIRECTION('center_axis',(-2.51460120336073E-15,0.707106781186551,
-0.707106781186544));
#11300=DIRECTION('ref_axis',(0.,-0.707106781186544,-0.707106781186551));
#11301=DIRECTION('center_axis',(1.,0.,0.));
#11302=DIRECTION('ref_axis',(0.,0.382683432365088,0.923879532511288));
#11303=DIRECTION('center_axis',(0.,1.,0.));
#11304=DIRECTION('ref_axis',(0.,0.,1.));
#11305=DIRECTION('center_axis',(0.,0.418385457403449,-0.908269568483557));
#11306=DIRECTION('ref_axis',(-1.,0.,0.));
#11307=DIRECTION('center_axis',(0.,0.331647100923492,-0.943403519417351));
#11308=DIRECTION('ref_axis',(-1.,0.,0.));
#11309=DIRECTION('center_axis',(0.,0.,1.));
#11310=DIRECTION('ref_axis',(-0.707106781186547,0.707106781186548,0.));
#11311=DIRECTION('center_axis',(0.,0.,1.));
#11312=DIRECTION('ref_axis',(3.56588965896062E-9,1.,0.));
#11313=DIRECTION('',(0.,0.,1.));
#11314=DIRECTION('center_axis',(0.,0.,-1.));
#11315=DIRECTION('ref_axis',(-1.,0.,0.));
#11316=DIRECTION('',(0.,0.,-1.));
#11317=DIRECTION('center_axis',(-0.684287150528799,-8.86286528263334E-12,
-0.729212654594788));
#11318=DIRECTION('ref_axis',(0.707106781186553,-0.244357211926842,-0.663543180945546));
#11319=DIRECTION('center_axis',(-0.683967212159833,6.28025212225107E-15,
-0.729512750190362));
#11320=DIRECTION('ref_axis',(0.707106781380436,-0.245934728605472,-0.662960111161715));
#11321=DIRECTION('center_axis',(0.687090852585675,0.,0.726571510790982));
#11322=DIRECTION('ref_axis',(0.,-1.,0.));
#11323=DIRECTION('center_axis',(0.,1.,0.));
#11324=DIRECTION('ref_axis',(0.,0.,1.));
#11325=DIRECTION('',(-1.,0.,0.));
#11326=DIRECTION('',(0.,0.,1.));
#11327=DIRECTION('center_axis',(-1.,0.,0.));
#11328=DIRECTION('ref_axis',(0.,-1.,0.));
#11329=DIRECTION('center_axis',(0.,0.,1.));
#11330=DIRECTION('ref_axis',(0.,-1.,0.));
#11331=DIRECTION('center_axis',(0.,0.,1.));
#11332=DIRECTION('ref_axis',(0.707106781186548,-0.707106781186547,0.));
#11333=DIRECTION('center_axis',(0.,0.,1.));
#11334=DIRECTION('ref_axis',(0.,-1.,0.));
#11335=DIRECTION('',(0.,0.,-1.));
#11336=DIRECTION('center_axis',(-1.,0.,0.));
#11337=DIRECTION('ref_axis',(0.,-1.,0.));
#11338=DIRECTION('center_axis',(-1.,0.,0.));
#11339=DIRECTION('ref_axis',(0.,-0.820916312061373,0.571048516845595));
#11340=DIRECTION('',(1.,0.,0.));
#11341=DIRECTION('center_axis',(1.,0.,0.));
#11342=DIRECTION('ref_axis',(0.,0.,-1.));
#11343=DIRECTION('center_axis',(-1.,0.,-1.27151955521035E-13));
#11344=DIRECTION('ref_axis',(1.27151955521035E-13,0.,-1.));
#11345=DIRECTION('center_axis',(-1.,0.,0.));
#11346=DIRECTION('ref_axis',(0.,0.382683432365088,0.923879532511288));
#11347=DIRECTION('center_axis',(-3.12791857003406E-15,-0.70710678118655,
0.707106781186545));
#11348=DIRECTION('ref_axis',(0.,-0.707106781186545,-0.70710678118655));
#11349=DIRECTION('center_axis',(1.,0.,0.));
#11350=DIRECTION('ref_axis',(0.,0.382683432365088,0.923879532511288));
#11351=DIRECTION('center_axis',(0.,-1.,0.));
#11352=DIRECTION('ref_axis',(0.,0.,1.));
#11353=DIRECTION('center_axis',(1.,0.,0.));
#11354=DIRECTION('ref_axis',(0.,0.,1.));
#11355=DIRECTION('center_axis',(1.,-1.1560834698929E-16,4.78865452464982E-17));
#11356=DIRECTION('ref_axis',(0.,0.382683432365088,0.923879532511288));
#11357=DIRECTION('',(-0.707106781186548,-0.499999999999997,-0.500000000000003));
#11358=DIRECTION('center_axis',(1.,0.,0.));
#11359=DIRECTION('ref_axis',(0.,0.,-1.));
#11360=DIRECTION('center_axis',(1.,0.,0.));
#11361=DIRECTION('ref_axis',(0.,0.,-1.));
#11362=DIRECTION('',(0.,0.,1.));
#11363=DIRECTION('center_axis',(-1.,0.,0.));
#11364=DIRECTION('ref_axis',(0.,0.,-1.));
#11365=DIRECTION('',(0.,0.,1.));
#11366=DIRECTION('center_axis',(1.,0.,0.));
#11367=DIRECTION('ref_axis',(0.,0.,-1.));
#11368=DIRECTION('',(0.,-0.707106781186548,0.707106781186547));
#11369=DIRECTION('',(0.,-3.08395284618099E-16,1.));
#11370=DIRECTION('',(0.,-1.,0.));
#11371=DIRECTION('',(0.,2.29341845462436E-16,-1.));
#11372=DIRECTION('',(0.,1.,0.));
#11373=DIRECTION('',(0.,-3.08395284618099E-16,1.));
#11374=DIRECTION('',(0.,0.707106781093186,0.707106781279909));
#11375=DIRECTION('center_axis',(1.,0.,0.));
#11376=DIRECTION('ref_axis',(0.,-6.12323399573677E-17,-1.));
#11377=DIRECTION('center_axis',(1.,0.,0.));
#11378=DIRECTION('ref_axis',(0.,0.,-1.));
#11379=DIRECTION('center_axis',(-1.,0.,0.));
#11380=DIRECTION('ref_axis',(0.,0.38268343236509,-0.923879532511287));
#11381=DIRECTION('',(0.,-0.707106781186546,-0.707106781186549));
#11382=DIRECTION('',(0.,3.08395284618099E-16,-1.));
#11383=DIRECTION('',(0.,0.707106781186548,-0.707106781186547));
#11384=DIRECTION('center_axis',(-1.,0.,0.));
#11385=DIRECTION('ref_axis',(0.,0.38268343236509,0.923879532511287));
#11386=DIRECTION('',(0.,0.,-1.));
#11387=DIRECTION('center_axis',(-1.,0.,0.));
#11388=DIRECTION('ref_axis',(0.,0.,-1.));
#11389=DIRECTION('',(0.,0.,-1.));
#11390=DIRECTION('center_axis',(-1.,0.,0.));
#11391=DIRECTION('ref_axis',(0.,-6.12323399573677E-17,-1.));
#11392=DIRECTION('center_axis',(-1.,0.,0.));
#11393=DIRECTION('ref_axis',(0.,0.,1.));
#11394=DIRECTION('center_axis',(1.,0.,0.));
#11395=DIRECTION('ref_axis',(0.,0.38268343236509,-0.923879532511287));
#11396=DIRECTION('center_axis',(0.,0.707106781186548,0.707106781186548));
#11397=DIRECTION('ref_axis',(1.,0.,0.));
#11398=DIRECTION('center_axis',(1.,0.,0.));
#11399=DIRECTION('ref_axis',(0.,0.,-1.));
#11400=DIRECTION('center_axis',(-1.,0.,0.));
#11401=DIRECTION('ref_axis',(0.,0.38268343236509,-0.923879532511287));
#11402=DIRECTION('',(-1.,0.,0.));
#11403=DIRECTION('center_axis',(-1.,0.,0.));
#11404=DIRECTION('ref_axis',(0.,0.,1.));
#11405=DIRECTION('center_axis',(1.,0.,0.));
#11406=DIRECTION('ref_axis',(0.,0.38268343236509,-0.923879532511287));
#11407=DIRECTION('center_axis',(0.,-0.707106781186546,-0.707106781186549));
#11408=DIRECTION('ref_axis',(0.,-0.707106781186549,0.707106781186546));
#11409=DIRECTION('center_axis',(1.,0.,0.));
#11410=DIRECTION('ref_axis',(0.,0.,-1.));
#11411=DIRECTION('center_axis',(1.,0.,0.));
#11412=DIRECTION('ref_axis',(0.,0.382683432365088,0.923879532511288));
#11413=DIRECTION('',(0.,-0.70710678118655,0.707106781186545));
#11414=DIRECTION('',(0.,3.08395284618099E-16,-1.));
#11415=DIRECTION('',(0.,0.707106781186546,0.707106781186549));
#11416=DIRECTION('center_axis',(1.,0.,0.));
#11417=DIRECTION('ref_axis',(0.,0.,-1.));
#11418=DIRECTION('center_axis',(-1.,1.1560834698929E-16,-4.78865452464982E-17));
#11419=DIRECTION('ref_axis',(0.,0.382683432365088,0.923879532511288));
#11420=DIRECTION('center_axis',(0.,-0.707106781186554,0.707106781186541));
#11421=DIRECTION('ref_axis',(-1.,0.,0.));
#11422=DIRECTION('center_axis',(0.,1.,0.));
#11423=DIRECTION('ref_axis',(0.,0.,1.));
#11424=DIRECTION('',(1.,0.,0.));
#11425=DIRECTION('',(1.,0.,0.));
#11426=DIRECTION('',(0.,0.,1.));
#11427=DIRECTION('',(1.,0.,0.));
#11428=DIRECTION('',(0.,0.,-1.));
#11429=DIRECTION('',(1.,0.,0.));
#11430=DIRECTION('',(0.,0.,-1.));
#11431=DIRECTION('',(1.,0.,0.));
#11432=DIRECTION('',(0.,0.,1.));
#11433=DIRECTION('',(1.,0.,0.));
#11434=DIRECTION('center_axis',(0.,1.,0.));
#11435=DIRECTION('ref_axis',(0.,0.,1.));
#11436=DIRECTION('',(0.,0.,1.));
#11437=DIRECTION('',(-1.,0.,0.));
#11438=DIRECTION('',(0.,0.,-1.));
#11439=DIRECTION('',(-1.,0.,0.));
#11440=DIRECTION('',(0.,0.,-1.));
#11441=DIRECTION('',(-1.,0.,0.));
#11442=DIRECTION('',(0.,0.,1.));
#11443=DIRECTION('',(-1.,0.,0.));
#11444=DIRECTION('',(0.,0.,1.));
#11445=DIRECTION('',(-1.,0.,0.));
#11446=DIRECTION('',(0.,0.,-1.));
#11447=DIRECTION('center_axis',(0.,1.,0.));
#11448=DIRECTION('ref_axis',(0.,0.,1.));
#11449=DIRECTION('',(1.,0.,0.));
#11450=DIRECTION('center_axis',(-1.,0.,0.));
#11451=DIRECTION('ref_axis',(0.,0.,1.));
#11452=DIRECTION('center_axis',(-1.,0.,0.));
#11453=DIRECTION('ref_axis',(0.,0.382683432365088,0.923879532511288));
#11454=DIRECTION('center_axis',(0.,0.707106781186555,-0.70710678118654));
#11455=DIRECTION('ref_axis',(1.,0.,0.));
#11456=DIRECTION('center_axis',(1.,0.,0.));
#11457=DIRECTION('ref_axis',(0.,0.,-1.));
#11458=DIRECTION('center_axis',(-1.,0.,0.));
#11459=DIRECTION('ref_axis',(0.,0.38268343236509,-0.923879532511287));
#11460=DIRECTION('',(0.,-0.707106781186546,-0.707106781186549));
#11461=DIRECTION('',(0.,-3.08395284618099E-16,1.));
#11462=DIRECTION('',(0.,0.70710678118655,-0.707106781186545));
#11463=DIRECTION('center_axis',(1.,0.,0.));
#11464=DIRECTION('ref_axis',(0.,0.,-1.));
#11465=DIRECTION('center_axis',(1.,0.,0.));
#11466=DIRECTION('ref_axis',(0.,0.38268343236509,-0.923879532511287));
#11467=DIRECTION('center_axis',(0.,0.707106781186546,0.707106781186549));
#11468=DIRECTION('ref_axis',(0.,-0.707106781186549,0.707106781186546));
#11469=DIRECTION('center_axis',(0.,0.,-1.));
#11470=DIRECTION('ref_axis',(1.,0.,0.));
#11471=DIRECTION('',(-1.,0.,0.));
#11472=DIRECTION('',(0.,-1.,0.));
#11473=DIRECTION('',(1.,0.,0.));
#11474=DIRECTION('',(0.,-1.,0.));
#11475=DIRECTION('center_axis',(0.,1.,3.08395284618099E-16));
#11476=DIRECTION('ref_axis',(0.,-3.08395284618099E-16,1.));
#11477=DIRECTION('',(0.,-3.08395284618099E-16,1.));
#11478=DIRECTION('',(-1.,0.,0.));
#11479=DIRECTION('',(0.,-3.08395284618099E-16,1.));
#11480=DIRECTION('',(1.,0.,0.));
#11481=DIRECTION('',(0.,-3.08395284618099E-16,1.));
#11482=DIRECTION('',(-1.,0.,0.));
#11483=DIRECTION('center_axis',(0.,-1.,-3.08395284618099E-16));
#11484=DIRECTION('ref_axis',(-0.377964473011339,-2.85518553174247E-16,0.925820099771689));
#11485=DIRECTION('',(-1.,-1.48313154449624E-27,4.80919008321699E-12));
#11486=DIRECTION('center_axis',(0.,-1.,-3.08395284618099E-16));
#11487=DIRECTION('ref_axis',(0.377964473002906,-2.85518553175308E-16,0.925820099775132));
#11488=DIRECTION('',(-1.,0.,0.));
#11489=DIRECTION('center_axis',(0.,-1.,-3.08395284618099E-16));
#11490=DIRECTION('ref_axis',(-0.377964473002283,-2.85518553175387E-16,0.925820099775386));
#11491=DIRECTION('',(-1.,1.48313154449624E-27,-4.80919008321699E-12));
#11492=DIRECTION('center_axis',(0.,-1.,-3.08395284618099E-16));
#11493=DIRECTION('ref_axis',(0.377964473010862,-2.85518553174307E-16,0.925820099771884));
#11494=DIRECTION('',(-1.,0.,0.));
#11495=DIRECTION('',(0.,3.08395284618099E-16,-1.));
#11496=DIRECTION('',(-1.,0.,0.));
#11497=DIRECTION('',(0.,3.08395284618099E-16,-1.));
#11498=DIRECTION('',(-1.,0.,0.));
#11499=DIRECTION('',(0.,-3.08395284618099E-16,1.));
#11500=DIRECTION('center_axis',(0.,-1.,-3.08395284618099E-16));
#11501=DIRECTION('ref_axis',(0.707106781186547,0.,-0.707106781186547));
#11502=DIRECTION('',(-1.,0.,0.));
#11503=DIRECTION('center_axis',(0.,-1.,-3.08395284618099E-16));
#11504=DIRECTION('ref_axis',(-0.707106781186547,0.,-0.707106781186547));
#11505=DIRECTION('',(1.77635683940026E-15,-3.08395284618099E-16,1.));
#11506=DIRECTION('center_axis',(0.,-1.,-3.08395284618099E-16));
#11507=DIRECTION('ref_axis',(-0.707106781186547,0.,0.707106781186547));
#11508=DIRECTION('',(1.,0.,0.));
#11509=DIRECTION('center_axis',(0.,-1.,-3.08395284618099E-16));
#11510=DIRECTION('ref_axis',(0.707106781186547,0.,0.707106781186547));
#11511=DIRECTION('',(0.,3.08395284618099E-16,-1.));
#11512=DIRECTION('center_axis',(0.,-1.,-3.08395284618099E-16));
#11513=DIRECTION('ref_axis',(0.707106781186547,0.,-0.707106781186547));
#11514=DIRECTION('',(-1.,0.,0.));
#11515=DIRECTION('center_axis',(0.,-1.,-3.08395284618099E-16));
#11516=DIRECTION('ref_axis',(-0.707106781186547,0.,-0.707106781186547));
#11517=DIRECTION('',(1.77635683940026E-15,-3.08395284618099E-16,1.));
#11518=DIRECTION('center_axis',(0.,-1.,-3.08395284618099E-16));
#11519=DIRECTION('ref_axis',(-0.707106781186547,0.,0.707106781186547));
#11520=DIRECTION('',(1.,0.,0.));
#11521=DIRECTION('center_axis',(0.,-1.,-3.08395284618099E-16));
#11522=DIRECTION('ref_axis',(0.707106781186547,0.,0.707106781186547));
#11523=DIRECTION('',(0.,3.08395284618099E-16,-1.));
#11524=DIRECTION('center_axis',(0.,-1.,-3.08395284618099E-16));
#11525=DIRECTION('ref_axis',(0.707106781186547,0.,-0.707106781186547));
#11526=DIRECTION('',(-1.,0.,0.));
#11527=DIRECTION('center_axis',(0.,-1.,-3.08395284618099E-16));
#11528=DIRECTION('ref_axis',(-0.707106781186547,0.,-0.707106781186547));
#11529=DIRECTION('',(1.77635683940026E-15,-3.08395284618099E-16,1.));
#11530=DIRECTION('center_axis',(0.,-1.,-3.08395284618099E-16));
#11531=DIRECTION('ref_axis',(-0.707106781186547,0.,0.707106781186547));
#11532=DIRECTION('',(1.,0.,0.));
#11533=DIRECTION('center_axis',(0.,-1.,-3.08395284618099E-16));
#11534=DIRECTION('ref_axis',(0.707106781186547,0.,0.707106781186547));
#11535=DIRECTION('',(0.,3.08395284618099E-16,-1.));
#11536=DIRECTION('center_axis',(0.,-1.,-3.08395284618099E-16));
#11537=DIRECTION('ref_axis',(0.707106781186547,0.,-0.707106781186547));
#11538=DIRECTION('',(-1.,0.,0.));
#11539=DIRECTION('center_axis',(0.,-1.,-3.08395284618099E-16));
#11540=DIRECTION('ref_axis',(-0.707106781186547,0.,-0.707106781186547));
#11541=DIRECTION('',(1.77635683940026E-15,-3.08395284618099E-16,1.));
#11542=DIRECTION('center_axis',(0.,-1.,-3.08395284618099E-16));
#11543=DIRECTION('ref_axis',(-0.707106781186547,0.,0.707106781186547));
#11544=DIRECTION('',(1.,0.,0.));
#11545=DIRECTION('center_axis',(0.,-1.,-3.08395284618099E-16));
#11546=DIRECTION('ref_axis',(0.707106781186547,0.,0.707106781186547));
#11547=DIRECTION('',(0.,3.08395284618099E-16,-1.));
#11548=DIRECTION('center_axis',(0.,-1.,-3.08395284618099E-16));
#11549=DIRECTION('ref_axis',(0.707106781186547,0.,-0.707106781186547));
#11550=DIRECTION('',(-1.,0.,0.));
#11551=DIRECTION('center_axis',(0.,-1.,-3.08395284618099E-16));
#11552=DIRECTION('ref_axis',(-0.707106781186547,0.,-0.707106781186547));
#11553=DIRECTION('',(1.77635683940026E-15,-3.08395284618099E-16,1.));
#11554=DIRECTION('center_axis',(0.,-1.,-3.08395284618099E-16));
#11555=DIRECTION('ref_axis',(-0.707106781186547,0.,0.707106781186547));
#11556=DIRECTION('',(1.,0.,0.));
#11557=DIRECTION('center_axis',(0.,-1.,-3.08395284618099E-16));
#11558=DIRECTION('ref_axis',(0.707106781186547,0.,0.707106781186547));
#11559=DIRECTION('',(0.,3.08395284618099E-16,-1.));
#11560=DIRECTION('center_axis',(0.,-1.,-3.08395284618099E-16));
#11561=DIRECTION('ref_axis',(0.707106781186547,0.,-0.707106781186547));
#11562=DIRECTION('',(-1.,0.,0.));
#11563=DIRECTION('center_axis',(0.,-1.,-3.08395284618099E-16));
#11564=DIRECTION('ref_axis',(-0.707106781186547,0.,-0.707106781186547));
#11565=DIRECTION('',(1.77635683940026E-15,-3.08395284618099E-16,1.));
#11566=DIRECTION('center_axis',(0.,-1.,-3.08395284618099E-16));
#11567=DIRECTION('ref_axis',(-0.707106781186547,0.,0.707106781186547));
#11568=DIRECTION('',(1.,0.,0.));
#11569=DIRECTION('center_axis',(0.,-1.,-3.08395284618099E-16));
#11570=DIRECTION('ref_axis',(0.707106781186547,0.,0.707106781186547));
#11571=DIRECTION('',(0.,3.08395284618099E-16,-1.));
#11572=DIRECTION('center_axis',(0.,-1.,-3.08395284618099E-16));
#11573=DIRECTION('ref_axis',(0.707106781186547,0.,-0.707106781186547));
#11574=DIRECTION('',(-1.,0.,0.));
#11575=DIRECTION('center_axis',(0.,-1.,-3.08395284618099E-16));
#11576=DIRECTION('ref_axis',(-0.707106781186547,0.,-0.707106781186547));
#11577=DIRECTION('',(1.77635683940026E-15,-3.08395284618099E-16,1.));
#11578=DIRECTION('center_axis',(0.,-1.,-3.08395284618099E-16));
#11579=DIRECTION('ref_axis',(-0.707106781186547,0.,0.707106781186547));
#11580=DIRECTION('',(1.,0.,0.));
#11581=DIRECTION('center_axis',(0.,-1.,-3.08395284618099E-16));
#11582=DIRECTION('ref_axis',(0.707106781186547,0.,0.707106781186547));
#11583=DIRECTION('',(0.,3.08395284618099E-16,-1.));
#11584=DIRECTION('center_axis',(0.,-1.,-3.08395284618099E-16));
#11585=DIRECTION('ref_axis',(0.707106781186547,0.,-0.707106781186547));
#11586=DIRECTION('',(-1.,0.,0.));
#11587=DIRECTION('center_axis',(0.,-1.,-3.08395284618099E-16));
#11588=DIRECTION('ref_axis',(-0.707106781186547,0.,-0.707106781186547));
#11589=DIRECTION('',(1.77635683940026E-15,-3.08395284618099E-16,1.));
#11590=DIRECTION('center_axis',(0.,-1.,-3.08395284618099E-16));
#11591=DIRECTION('ref_axis',(-0.707106781186547,0.,0.707106781186547));
#11592=DIRECTION('',(1.,0.,0.));
#11593=DIRECTION('center_axis',(0.,-1.,-3.08395284618099E-16));
#11594=DIRECTION('ref_axis',(0.707106781186547,0.,0.707106781186547));
#11595=DIRECTION('',(0.,3.08395284618099E-16,-1.));
#11596=DIRECTION('center_axis',(0.,-1.,-3.08395284618099E-16));
#11597=DIRECTION('ref_axis',(0.707106781186547,0.,-0.707106781186547));
#11598=DIRECTION('',(-1.,0.,0.));
#11599=DIRECTION('center_axis',(0.,-1.,-3.08395284618099E-16));
#11600=DIRECTION('ref_axis',(-0.707106781186547,0.,-0.707106781186547));
#11601=DIRECTION('',(1.77635683940026E-15,-3.08395284618099E-16,1.));
#11602=DIRECTION('center_axis',(0.,-1.,-3.08395284618099E-16));
#11603=DIRECTION('ref_axis',(-0.707106781186547,0.,0.707106781186547));
#11604=DIRECTION('',(1.,0.,0.));
#11605=DIRECTION('center_axis',(0.,-1.,-3.08395284618099E-16));
#11606=DIRECTION('ref_axis',(0.707106781186547,0.,0.707106781186547));
#11607=DIRECTION('',(0.,3.08395284618099E-16,-1.));
#11608=DIRECTION('center_axis',(0.,-1.,-3.08395284618099E-16));
#11609=DIRECTION('ref_axis',(0.707106781186547,0.,-0.707106781186547));
#11610=DIRECTION('',(-1.,0.,0.));
#11611=DIRECTION('center_axis',(0.,-1.,-3.08395284618099E-16));
#11612=DIRECTION('ref_axis',(-0.707106781186547,0.,-0.707106781186547));
#11613=DIRECTION('',(1.77635683940026E-15,-3.08395284618099E-16,1.));
#11614=DIRECTION('center_axis',(0.,-1.,-3.08395284618099E-16));
#11615=DIRECTION('ref_axis',(-0.707106781186547,0.,0.707106781186547));
#11616=DIRECTION('',(1.,0.,0.));
#11617=DIRECTION('center_axis',(0.,-1.,-3.08395284618099E-16));
#11618=DIRECTION('ref_axis',(0.707106781186547,0.,0.707106781186547));
#11619=DIRECTION('',(0.,3.08395284618099E-16,-1.));
#11620=DIRECTION('center_axis',(0.,-1.,-3.08395284618099E-16));
#11621=DIRECTION('ref_axis',(0.707106781186547,0.,-0.707106781186547));
#11622=DIRECTION('',(-1.,0.,0.));
#11623=DIRECTION('center_axis',(0.,-1.,-3.08395284618099E-16));
#11624=DIRECTION('ref_axis',(-0.707106781186547,0.,-0.707106781186547));
#11625=DIRECTION('',(1.77635683940026E-15,-3.08395284618099E-16,1.));
#11626=DIRECTION('center_axis',(0.,-1.,-3.08395284618099E-16));
#11627=DIRECTION('ref_axis',(-0.707106781186547,0.,0.707106781186547));
#11628=DIRECTION('',(1.,0.,0.));
#11629=DIRECTION('center_axis',(0.,-1.,-3.08395284618099E-16));
#11630=DIRECTION('ref_axis',(0.707106781186547,0.,0.707106781186547));
#11631=DIRECTION('',(0.,3.08395284618099E-16,-1.));
#11632=DIRECTION('center_axis',(0.,-1.,-3.08395284618099E-16));
#11633=DIRECTION('ref_axis',(0.707106781186547,0.,-0.707106781186547));
#11634=DIRECTION('',(-1.,0.,0.));
#11635=DIRECTION('center_axis',(0.,-1.,-3.08395284618099E-16));
#11636=DIRECTION('ref_axis',(-0.707106781186547,0.,-0.707106781186547));
#11637=DIRECTION('',(1.77635683940026E-15,-3.08395284618099E-16,1.));
#11638=DIRECTION('center_axis',(0.,-1.,-3.08395284618099E-16));
#11639=DIRECTION('ref_axis',(-0.707106781186547,0.,0.707106781186547));
#11640=DIRECTION('',(1.,0.,0.));
#11641=DIRECTION('center_axis',(0.,-1.,-3.08395284618099E-16));
#11642=DIRECTION('ref_axis',(0.707106781186547,0.,0.707106781186547));
#11643=DIRECTION('',(0.,3.08395284618099E-16,-1.));
#11644=DIRECTION('center_axis',(0.,-1.,-3.08395284618099E-16));
#11645=DIRECTION('ref_axis',(0.707106781186547,0.,-0.707106781186547));
#11646=DIRECTION('',(-1.,0.,0.));
#11647=DIRECTION('center_axis',(0.,-1.,-3.08395284618099E-16));
#11648=DIRECTION('ref_axis',(-0.707106781186547,0.,-0.707106781186547));
#11649=DIRECTION('',(1.77635683940026E-15,-3.08395284618099E-16,1.));
#11650=DIRECTION('center_axis',(0.,-1.,-3.08395284618099E-16));
#11651=DIRECTION('ref_axis',(-0.707106781186547,0.,0.707106781186547));
#11652=DIRECTION('',(1.,0.,0.));
#11653=DIRECTION('center_axis',(0.,-1.,-3.08395284618099E-16));
#11654=DIRECTION('ref_axis',(0.707106781186547,0.,0.707106781186547));
#11655=DIRECTION('',(0.,3.08395284618099E-16,-1.));
#11656=DIRECTION('center_axis',(0.,-1.,-3.08395284618099E-16));
#11657=DIRECTION('ref_axis',(0.707106781186547,0.,-0.707106781186547));
#11658=DIRECTION('',(-1.,0.,0.));
#11659=DIRECTION('center_axis',(0.,-1.,-3.08395284618099E-16));
#11660=DIRECTION('ref_axis',(-0.707106781186547,0.,-0.707106781186547));
#11661=DIRECTION('',(1.77635683940026E-15,-3.08395284618099E-16,1.));
#11662=DIRECTION('center_axis',(0.,-1.,-3.08395284618099E-16));
#11663=DIRECTION('ref_axis',(-0.707106781186547,0.,0.707106781186547));
#11664=DIRECTION('',(1.,0.,0.));
#11665=DIRECTION('center_axis',(0.,-1.,-3.08395284618099E-16));
#11666=DIRECTION('ref_axis',(0.707106781186547,0.,0.707106781186547));
#11667=DIRECTION('',(0.,3.08395284618099E-16,-1.));
#11668=DIRECTION('center_axis',(0.,-1.,-3.08395284618099E-16));
#11669=DIRECTION('ref_axis',(0.707106781186547,0.,-0.707106781186547));
#11670=DIRECTION('',(-1.,0.,0.));
#11671=DIRECTION('center_axis',(0.,-1.,-3.08395284618099E-16));
#11672=DIRECTION('ref_axis',(-0.707106781186547,0.,-0.707106781186547));
#11673=DIRECTION('',(1.77635683940026E-15,-3.08395284618099E-16,1.));
#11674=DIRECTION('center_axis',(0.,-1.,-3.08395284618099E-16));
#11675=DIRECTION('ref_axis',(-0.707106781186547,0.,0.707106781186547));
#11676=DIRECTION('',(1.,0.,0.));
#11677=DIRECTION('center_axis',(0.,-1.,-3.08395284618099E-16));
#11678=DIRECTION('ref_axis',(0.707106781186547,0.,0.707106781186547));
#11679=DIRECTION('',(0.,3.08395284618099E-16,-1.));
#11680=DIRECTION('center_axis',(0.,-1.,-3.08395284618099E-16));
#11681=DIRECTION('ref_axis',(0.707106781186547,0.,-0.707106781186547));
#11682=DIRECTION('',(-1.,0.,0.));
#11683=DIRECTION('center_axis',(0.,-1.,-3.08395284618099E-16));
#11684=DIRECTION('ref_axis',(-0.707106781186547,0.,-0.707106781186547));
#11685=DIRECTION('',(1.77635683940026E-15,-3.08395284618099E-16,1.));
#11686=DIRECTION('center_axis',(0.,-1.,-3.08395284618099E-16));
#11687=DIRECTION('ref_axis',(-0.707106781186547,0.,0.707106781186547));
#11688=DIRECTION('',(1.,0.,0.));
#11689=DIRECTION('center_axis',(0.,-1.,-3.08395284618099E-16));
#11690=DIRECTION('ref_axis',(0.707106781186547,0.,0.707106781186547));
#11691=DIRECTION('',(0.,3.08395284618099E-16,-1.));
#11692=DIRECTION('center_axis',(0.,-1.,-3.08395284618099E-16));
#11693=DIRECTION('ref_axis',(0.707106781186547,0.,-0.707106781186547));
#11694=DIRECTION('',(-1.,0.,0.));
#11695=DIRECTION('center_axis',(0.,-1.,-3.08395284618099E-16));
#11696=DIRECTION('ref_axis',(-0.707106781186547,0.,-0.707106781186547));
#11697=DIRECTION('',(1.77635683940026E-15,-3.08395284618099E-16,1.));
#11698=DIRECTION('center_axis',(0.,-1.,-3.08395284618099E-16));
#11699=DIRECTION('ref_axis',(-0.707106781186547,0.,0.707106781186547));
#11700=DIRECTION('',(1.,0.,0.));
#11701=DIRECTION('center_axis',(0.,-1.,-3.08395284618099E-16));
#11702=DIRECTION('ref_axis',(0.707106781186547,0.,0.707106781186547));
#11703=DIRECTION('',(0.,3.08395284618099E-16,-1.));
#11704=DIRECTION('center_axis',(0.,-1.,-3.08395284618099E-16));
#11705=DIRECTION('ref_axis',(0.707106781186547,0.,-0.707106781186547));
#11706=DIRECTION('',(-1.,0.,0.));
#11707=DIRECTION('center_axis',(0.,-1.,-3.08395284618099E-16));
#11708=DIRECTION('ref_axis',(-0.707106781186547,0.,-0.707106781186547));
#11709=DIRECTION('',(1.77635683940026E-15,-3.08395284618099E-16,1.));
#11710=DIRECTION('center_axis',(0.,-1.,-3.08395284618099E-16));
#11711=DIRECTION('ref_axis',(-0.707106781186547,0.,0.707106781186547));
#11712=DIRECTION('',(1.,0.,0.));
#11713=DIRECTION('center_axis',(0.,-1.,-3.08395284618099E-16));
#11714=DIRECTION('ref_axis',(0.707106781186547,0.,0.707106781186547));
#11715=DIRECTION('',(0.,3.08395284618099E-16,-1.));
#11716=DIRECTION('center_axis',(0.,-1.,-3.08395284618099E-16));
#11717=DIRECTION('ref_axis',(0.707106781186547,0.,-0.707106781186547));
#11718=DIRECTION('',(-1.,0.,0.));
#11719=DIRECTION('center_axis',(0.,-1.,-3.08395284618099E-16));
#11720=DIRECTION('ref_axis',(-0.707106781186547,0.,-0.707106781186547));
#11721=DIRECTION('',(1.77635683940026E-15,-3.08395284618099E-16,1.));
#11722=DIRECTION('center_axis',(0.,-1.,-3.08395284618099E-16));
#11723=DIRECTION('ref_axis',(-0.707106781186547,0.,0.707106781186547));
#11724=DIRECTION('',(1.,0.,0.));
#11725=DIRECTION('center_axis',(0.,-1.,-3.08395284618099E-16));
#11726=DIRECTION('ref_axis',(0.707106781186547,0.,0.707106781186547));
#11727=DIRECTION('',(0.,3.08395284618099E-16,-1.));
#11728=DIRECTION('center_axis',(0.,-1.,-3.08395284618099E-16));
#11729=DIRECTION('ref_axis',(0.707106781186547,0.,-0.707106781186547));
#11730=DIRECTION('',(-1.,0.,0.));
#11731=DIRECTION('center_axis',(0.,-1.,-3.08395284618099E-16));
#11732=DIRECTION('ref_axis',(-0.707106781186547,0.,-0.707106781186547));
#11733=DIRECTION('',(1.77635683940026E-15,-3.08395284618099E-16,1.));
#11734=DIRECTION('center_axis',(0.,-1.,-3.08395284618099E-16));
#11735=DIRECTION('ref_axis',(-0.707106781186547,0.,0.707106781186547));
#11736=DIRECTION('',(1.,0.,0.));
#11737=DIRECTION('center_axis',(0.,-1.,-3.08395284618099E-16));
#11738=DIRECTION('ref_axis',(0.707106781186547,0.,0.707106781186547));
#11739=DIRECTION('',(0.,3.08395284618099E-16,-1.));
#11740=DIRECTION('center_axis',(0.,-1.,-3.08395284618099E-16));
#11741=DIRECTION('ref_axis',(0.707106781186547,0.,-0.707106781186547));
#11742=DIRECTION('',(-1.,0.,0.));
#11743=DIRECTION('center_axis',(0.,-1.,-3.08395284618099E-16));
#11744=DIRECTION('ref_axis',(-0.707106781186547,0.,-0.707106781186547));
#11745=DIRECTION('',(1.77635683940026E-15,-3.08395284618099E-16,1.));
#11746=DIRECTION('center_axis',(0.,-1.,-3.08395284618099E-16));
#11747=DIRECTION('ref_axis',(-0.707106781186547,0.,0.707106781186547));
#11748=DIRECTION('',(1.,0.,0.));
#11749=DIRECTION('center_axis',(0.,-1.,-3.08395284618099E-16));
#11750=DIRECTION('ref_axis',(0.707106781186547,0.,0.707106781186547));
#11751=DIRECTION('',(0.,3.08395284618099E-16,-1.));
#11752=DIRECTION('center_axis',(0.,-1.,-3.08395284618099E-16));
#11753=DIRECTION('ref_axis',(0.707106781186547,0.,-0.707106781186547));
#11754=DIRECTION('',(-1.,0.,0.));
#11755=DIRECTION('center_axis',(0.,-1.,-3.08395284618099E-16));
#11756=DIRECTION('ref_axis',(-0.707106781186547,0.,-0.707106781186547));
#11757=DIRECTION('',(1.77635683940026E-15,-3.08395284618099E-16,1.));
#11758=DIRECTION('center_axis',(0.,-1.,-3.08395284618099E-16));
#11759=DIRECTION('ref_axis',(-0.707106781186547,0.,0.707106781186547));
#11760=DIRECTION('',(1.,0.,0.));
#11761=DIRECTION('center_axis',(0.,-1.,-3.08395284618099E-16));
#11762=DIRECTION('ref_axis',(0.707106781186547,0.,0.707106781186547));
#11763=DIRECTION('',(0.,3.08395284618099E-16,-1.));
#11764=DIRECTION('center_axis',(0.,-1.,-3.08395284618099E-16));
#11765=DIRECTION('ref_axis',(0.707106781186547,0.,-0.707106781186547));
#11766=DIRECTION('',(-1.,0.,0.));
#11767=DIRECTION('center_axis',(0.,-1.,-3.08395284618099E-16));
#11768=DIRECTION('ref_axis',(-0.707106781186547,0.,-0.707106781186547));
#11769=DIRECTION('',(1.77635683940026E-15,-3.08395284618099E-16,1.));
#11770=DIRECTION('center_axis',(0.,-1.,-3.08395284618099E-16));
#11771=DIRECTION('ref_axis',(-0.707106781186547,0.,0.707106781186547));
#11772=DIRECTION('',(1.,0.,0.));
#11773=DIRECTION('center_axis',(0.,-1.,-3.08395284618099E-16));
#11774=DIRECTION('ref_axis',(0.707106781186547,0.,0.707106781186547));
#11775=DIRECTION('',(0.,3.08395284618099E-16,-1.));
#11776=DIRECTION('center_axis',(0.,-1.,-3.08395284618099E-16));
#11777=DIRECTION('ref_axis',(0.707106781186547,0.,-0.707106781186547));
#11778=DIRECTION('',(-1.,0.,0.));
#11779=DIRECTION('center_axis',(0.,-1.,-3.08395284618099E-16));
#11780=DIRECTION('ref_axis',(-0.707106781186547,0.,-0.707106781186547));
#11781=DIRECTION('',(1.77635683940026E-15,-3.08395284618099E-16,1.));
#11782=DIRECTION('center_axis',(0.,-1.,-3.08395284618099E-16));
#11783=DIRECTION('ref_axis',(-0.707106781186547,0.,0.707106781186547));
#11784=DIRECTION('',(1.,0.,0.));
#11785=DIRECTION('center_axis',(0.,-1.,-3.08395284618099E-16));
#11786=DIRECTION('ref_axis',(0.707106781186547,0.,0.707106781186547));
#11787=DIRECTION('',(0.,3.08395284618099E-16,-1.));
#11788=DIRECTION('center_axis',(0.,-1.,-3.08395284618099E-16));
#11789=DIRECTION('ref_axis',(0.707106781186547,0.,-0.707106781186547));
#11790=DIRECTION('',(-1.,0.,0.));
#11791=DIRECTION('center_axis',(0.,-1.,-3.08395284618099E-16));
#11792=DIRECTION('ref_axis',(-0.707106781186547,0.,-0.707106781186547));
#11793=DIRECTION('',(1.77635683940026E-15,-3.08395284618099E-16,1.));
#11794=DIRECTION('center_axis',(0.,-1.,-3.08395284618099E-16));
#11795=DIRECTION('ref_axis',(-0.707106781186547,0.,0.707106781186547));
#11796=DIRECTION('',(1.,0.,0.));
#11797=DIRECTION('center_axis',(0.,-1.,-3.08395284618099E-16));
#11798=DIRECTION('ref_axis',(0.707106781186547,0.,0.707106781186547));
#11799=DIRECTION('',(0.,3.08395284618099E-16,-1.));
#11800=DIRECTION('center_axis',(0.,-1.,-3.08395284618099E-16));
#11801=DIRECTION('ref_axis',(0.707106781186547,0.,-0.707106781186547));
#11802=DIRECTION('',(-1.,0.,0.));
#11803=DIRECTION('center_axis',(0.,-1.,-3.08395284618099E-16));
#11804=DIRECTION('ref_axis',(-0.707106781186547,0.,-0.707106781186547));
#11805=DIRECTION('',(1.77635683940026E-15,-3.08395284618099E-16,1.));
#11806=DIRECTION('center_axis',(0.,-1.,-3.08395284618099E-16));
#11807=DIRECTION('ref_axis',(-0.707106781186547,0.,0.707106781186547));
#11808=DIRECTION('',(1.,0.,0.));
#11809=DIRECTION('center_axis',(0.,-1.,-3.08395284618099E-16));
#11810=DIRECTION('ref_axis',(0.707106781186547,0.,0.707106781186547));
#11811=DIRECTION('',(0.,3.08395284618099E-16,-1.));
#11812=DIRECTION('center_axis',(0.,-1.,-3.08395284618099E-16));
#11813=DIRECTION('ref_axis',(0.707106781186547,0.,-0.707106781186547));
#11814=DIRECTION('',(-1.,0.,0.));
#11815=DIRECTION('center_axis',(0.,-1.,-3.08395284618099E-16));
#11816=DIRECTION('ref_axis',(-0.707106781186547,0.,-0.707106781186547));
#11817=DIRECTION('',(1.77635683940026E-15,-3.08395284618099E-16,1.));
#11818=DIRECTION('center_axis',(0.,-1.,-3.08395284618099E-16));
#11819=DIRECTION('ref_axis',(-0.707106781186547,0.,0.707106781186547));
#11820=DIRECTION('',(1.,0.,0.));
#11821=DIRECTION('center_axis',(0.,-1.,-3.08395284618099E-16));
#11822=DIRECTION('ref_axis',(0.707106781186547,0.,0.707106781186547));
#11823=DIRECTION('',(0.,3.08395284618099E-16,-1.));
#11824=DIRECTION('center_axis',(0.,-1.,-3.08395284618099E-16));
#11825=DIRECTION('ref_axis',(0.707106781186547,0.,-0.707106781186547));
#11826=DIRECTION('',(-1.,0.,0.));
#11827=DIRECTION('center_axis',(0.,-1.,-3.08395284618099E-16));
#11828=DIRECTION('ref_axis',(-0.707106781186547,0.,-0.707106781186547));
#11829=DIRECTION('',(1.77635683940026E-15,-3.08395284618099E-16,1.));
#11830=DIRECTION('center_axis',(0.,-1.,-3.08395284618099E-16));
#11831=DIRECTION('ref_axis',(-0.707106781186547,0.,0.707106781186547));
#11832=DIRECTION('',(1.,0.,0.));
#11833=DIRECTION('center_axis',(0.,-1.,-3.08395284618099E-16));
#11834=DIRECTION('ref_axis',(0.707106781186547,0.,0.707106781186547));
#11835=DIRECTION('',(0.,3.08395284618099E-16,-1.));
#11836=DIRECTION('',(-1.,0.,0.));
#11837=DIRECTION('center_axis',(0.,-1.,-3.08395284618099E-16));
#11838=DIRECTION('ref_axis',(-0.707106781186547,0.,-0.707106781186547));
#11839=DIRECTION('',(1.77635683940026E-15,-3.08395284618099E-16,1.));
#11840=DIRECTION('center_axis',(0.,-1.,-3.08395284618099E-16));
#11841=DIRECTION('ref_axis',(-0.707106781186547,0.,0.707106781186547));
#11842=DIRECTION('',(1.,0.,0.));
#11843=DIRECTION('center_axis',(0.,-1.,-3.08395284618099E-16));
#11844=DIRECTION('ref_axis',(0.707106781186547,0.,0.707106781186547));
#11845=DIRECTION('',(0.,3.08395284618099E-16,-1.));
#11846=DIRECTION('center_axis',(0.,-1.,-3.08395284618099E-16));
#11847=DIRECTION('ref_axis',(0.707106781186547,0.,-0.707106781186547));
#11848=DIRECTION('center_axis',(0.,-1.,-3.08395284618099E-16));
#11849=DIRECTION('ref_axis',(0.707106781186547,0.,-0.707106781186547));
#11850=DIRECTION('',(-1.,0.,0.));
#11851=DIRECTION('center_axis',(0.,-1.,-3.08395284618099E-16));
#11852=DIRECTION('ref_axis',(-0.707106781186547,0.,-0.707106781186547));
#11853=DIRECTION('',(1.77635683940026E-15,-3.08395284618099E-16,1.));
#11854=DIRECTION('center_axis',(0.,-1.,-3.08395284618099E-16));
#11855=DIRECTION('ref_axis',(-0.707106781186547,0.,0.707106781186547));
#11856=DIRECTION('',(1.,0.,0.));
#11857=DIRECTION('center_axis',(0.,-1.,-3.08395284618099E-16));
#11858=DIRECTION('ref_axis',(0.707106781186547,0.,0.707106781186547));
#11859=DIRECTION('',(0.,3.08395284618099E-16,-1.));
#11860=DIRECTION('center_axis',(1.,0.,0.));
#11861=DIRECTION('ref_axis',(0.,0.,-1.));
#11862=DIRECTION('',(0.,3.08395284618099E-16,-1.));
#11863=DIRECTION('',(0.,0.707106781186857,0.707106781186238));
#11864=DIRECTION('',(0.,-0.707106781093186,-0.707106781279909));
#11865=DIRECTION('',(0.,-1.,0.));
#11866=DIRECTION('',(0.,-0.70710678118632,-0.707106781186776));
#11867=DIRECTION('center_axis',(-1.,0.,0.));
#11868=DIRECTION('ref_axis',(0.,0.,-1.));
#11869=DIRECTION('',(0.,0.70710678118655,-0.707106781186545));
#11870=DIRECTION('center_axis',(-1.,-2.21174490579308E-47,7.1717857441692E-32));
#11871=DIRECTION('ref_axis',(-8.71576399210523E-32,0.707106781186548,-0.707106781186547));
#11872=DIRECTION('center_axis',(0.707106781186549,-0.707106781186546,-2.18068397039413E-16));
#11873=DIRECTION('ref_axis',(0.707106781186546,0.707106781186549,2.94392336003208E-16));
#11874=DIRECTION('',(1.,2.21174490579308E-47,-7.1717857441692E-32));
#11875=DIRECTION('center_axis',(1.,1.11022302462528E-16,-6.52931502409545E-15));
#11876=DIRECTION('ref_axis',(-8.71576399210523E-32,0.707106781186548,-0.707106781186547));
#11877=DIRECTION('',(-1.,-2.21174490579308E-47,7.1717857441692E-32));
#11878=DIRECTION('center_axis',(1.,0.,0.));
#11879=DIRECTION('ref_axis',(-8.71576399210523E-32,0.707106781186548,-0.707106781186547));
#11880=DIRECTION('center_axis',(0.,1.,3.08395284618099E-16));
#11881=DIRECTION('ref_axis',(0.,-3.08395284618099E-16,1.));
#11882=DIRECTION('',(6.52931502409545E-15,-3.08395284618099E-16,1.));
#11883=DIRECTION('',(0.,3.08395284618099E-16,-1.));
#11884=DIRECTION('',(1.,0.,0.));
#11885=DIRECTION('',(0.,3.08395284618099E-16,-1.));
#11886=DIRECTION('',(-1.,0.,0.));
#11887=DIRECTION('',(-0.577350269189627,2.5180369546491E-16,-0.816496580927725));
#11888=DIRECTION('',(0.,3.08395284618099E-16,-1.));
#11889=DIRECTION('',(1.,0.,0.));
#11890=DIRECTION('',(0.,3.08395284618099E-16,-1.));
#11891=DIRECTION('',(-1.,0.,0.));
#11892=DIRECTION('',(0.,-3.08395284618099E-16,1.));
#11893=DIRECTION('',(1.,0.,0.));
#11894=DIRECTION('',(0.,-3.08395284618099E-16,1.));
#11895=DIRECTION('',(-0.577350269189627,-2.5180369546491E-16,0.816496580927725));
#11896=DIRECTION('',(-1.,0.,0.));
#11897=DIRECTION('',(0.,-3.08395284618099E-16,1.));
#11898=DIRECTION('',(1.,0.,0.));
#11899=DIRECTION('',(0.,-3.08395284618099E-16,1.));
#11900=DIRECTION('',(1.,2.21174490579308E-47,-7.1717857441692E-32));
#11901=DIRECTION('',(-1.19554069724935E-31,-3.08395284618099E-16,1.));
#11902=DIRECTION('',(1.,0.,0.));
#11903=DIRECTION('center_axis',(0.,1.,3.08395284618099E-16));
#11904=DIRECTION('ref_axis',(8.93418672387345E-12,-3.08395284618099E-16,
1.));
#11905=DIRECTION('',(1.,1.59853897321865E-27,-5.1834092573698E-12));
#11906=DIRECTION('center_axis',(0.,1.,3.08395284618099E-16));
#11907=DIRECTION('ref_axis',(-5.21760412659506E-12,3.08395284618099E-16,
-1.));
#11908=DIRECTION('',(1.,0.,0.));
#11909=DIRECTION('center_axis',(0.,1.,3.08395284618099E-16));
#11910=DIRECTION('ref_axis',(-5.08881825573157E-12,-3.08395284618099E-16,
1.));
#11911=DIRECTION('',(1.,-1.59853897321865E-27,5.1834092573698E-12));
#11912=DIRECTION('center_axis',(0.,1.,3.08395284618099E-16));
#11913=DIRECTION('ref_axis',(1.55431223447101E-12,3.08395284618099E-16,
-1.));
#11914=DIRECTION('',(1.,0.,0.));
#11915=DIRECTION('',(0.,-3.08395284618099E-16,1.));
#11916=DIRECTION('',(1.,0.,0.));
#11917=DIRECTION('center_axis',(0.,1.,3.08395284618099E-16));
#11918=DIRECTION('ref_axis',(-2.91011659218311E-12,3.08395284618099E-16,
-1.));
#11919=DIRECTION('',(-1.,-8.95685819469688E-28,2.9043434324194E-12));
#11920=DIRECTION('center_axis',(0.,1.,3.08395284618099E-16));
#11921=DIRECTION('ref_axis',(2.90523161087472E-12,-3.08395284618099E-16,
1.));
#11922=DIRECTION('',(1.,8.92398899031267E-28,-2.893685291383E-12));
#11923=DIRECTION('center_axis',(0.,1.,3.08395284618099E-16));
#11924=DIRECTION('ref_axis',(0.707106781186547,0.,-0.707106781186547));
#11925=DIRECTION('',(0.,-3.08395284618099E-16,1.));
#11926=DIRECTION('center_axis',(0.,1.,3.08395284618099E-16));
#11927=DIRECTION('ref_axis',(0.707106781186547,0.,0.707106781186547));
#11928=DIRECTION('',(-1.,0.,0.));
#11929=DIRECTION('center_axis',(0.,1.,3.08395284618099E-16));
#11930=DIRECTION('ref_axis',(-0.707106781186547,0.,0.707106781186547));
#11931=DIRECTION('',(-1.77635683940026E-15,3.08395284618099E-16,-1.));
#11932=DIRECTION('center_axis',(0.,1.,3.08395284618099E-16));
#11933=DIRECTION('ref_axis',(-0.707106781186547,0.,-0.707106781186547));
#11934=DIRECTION('',(1.,0.,0.));
#11935=DIRECTION('center_axis',(0.,1.,3.08395284618099E-16));
#11936=DIRECTION('ref_axis',(0.707106781186547,0.,-0.707106781186547));
#11937=DIRECTION('',(0.,-3.08395284618099E-16,1.));
#11938=DIRECTION('center_axis',(0.,1.,3.08395284618099E-16));
#11939=DIRECTION('ref_axis',(0.707106781186547,0.,0.707106781186547));
#11940=DIRECTION('',(-1.,0.,0.));
#11941=DIRECTION('center_axis',(0.,1.,3.08395284618099E-16));
#11942=DIRECTION('ref_axis',(-0.707106781186547,0.,0.707106781186547));
#11943=DIRECTION('',(-1.77635683940026E-15,3.08395284618099E-16,-1.));
#11944=DIRECTION('center_axis',(0.,1.,3.08395284618099E-16));
#11945=DIRECTION('ref_axis',(-0.707106781186547,0.,-0.707106781186547));
#11946=DIRECTION('',(1.,0.,0.));
#11947=DIRECTION('center_axis',(0.,1.,3.08395284618099E-16));
#11948=DIRECTION('ref_axis',(0.707106781186547,0.,-0.707106781186547));
#11949=DIRECTION('',(0.,-3.08395284618099E-16,1.));
#11950=DIRECTION('center_axis',(0.,1.,3.08395284618099E-16));
#11951=DIRECTION('ref_axis',(0.707106781186547,0.,0.707106781186547));
#11952=DIRECTION('',(-1.,0.,0.));
#11953=DIRECTION('center_axis',(0.,1.,3.08395284618099E-16));
#11954=DIRECTION('ref_axis',(-0.707106781186547,0.,0.707106781186547));
#11955=DIRECTION('',(-1.77635683940026E-15,3.08395284618099E-16,-1.));
#11956=DIRECTION('center_axis',(0.,1.,3.08395284618099E-16));
#11957=DIRECTION('ref_axis',(-0.707106781186547,0.,-0.707106781186547));
#11958=DIRECTION('',(1.,0.,0.));
#11959=DIRECTION('center_axis',(0.,1.,3.08395284618099E-16));
#11960=DIRECTION('ref_axis',(0.707106781186547,0.,-0.707106781186547));
#11961=DIRECTION('',(0.,-3.08395284618099E-16,1.));
#11962=DIRECTION('center_axis',(0.,1.,3.08395284618099E-16));
#11963=DIRECTION('ref_axis',(0.707106781186547,0.,0.707106781186547));
#11964=DIRECTION('',(-1.,0.,0.));
#11965=DIRECTION('center_axis',(0.,1.,3.08395284618099E-16));
#11966=DIRECTION('ref_axis',(-0.707106781186547,0.,0.707106781186547));
#11967=DIRECTION('',(-1.77635683940026E-15,3.08395284618099E-16,-1.));
#11968=DIRECTION('center_axis',(0.,1.,3.08395284618099E-16));
#11969=DIRECTION('ref_axis',(-0.707106781186547,0.,-0.707106781186547));
#11970=DIRECTION('',(1.,0.,0.));
#11971=DIRECTION('center_axis',(0.,1.,3.08395284618099E-16));
#11972=DIRECTION('ref_axis',(0.707106781186547,0.,-0.707106781186547));
#11973=DIRECTION('',(0.,-3.08395284618099E-16,1.));
#11974=DIRECTION('center_axis',(0.,1.,3.08395284618099E-16));
#11975=DIRECTION('ref_axis',(0.707106781186547,0.,0.707106781186547));
#11976=DIRECTION('',(-1.,0.,0.));
#11977=DIRECTION('center_axis',(0.,1.,3.08395284618099E-16));
#11978=DIRECTION('ref_axis',(-0.707106781186547,0.,0.707106781186547));
#11979=DIRECTION('',(-1.77635683940026E-15,3.08395284618099E-16,-1.));
#11980=DIRECTION('center_axis',(0.,1.,3.08395284618099E-16));
#11981=DIRECTION('ref_axis',(-0.707106781186547,0.,-0.707106781186547));
#11982=DIRECTION('',(1.,0.,0.));
#11983=DIRECTION('center_axis',(0.,1.,3.08395284618099E-16));
#11984=DIRECTION('ref_axis',(0.707106781186547,0.,-0.707106781186547));
#11985=DIRECTION('',(0.,-3.08395284618099E-16,1.));
#11986=DIRECTION('center_axis',(0.,1.,3.08395284618099E-16));
#11987=DIRECTION('ref_axis',(0.707106781186547,0.,0.707106781186547));
#11988=DIRECTION('',(-1.,0.,0.));
#11989=DIRECTION('center_axis',(0.,1.,3.08395284618099E-16));
#11990=DIRECTION('ref_axis',(-0.707106781186547,0.,0.707106781186547));
#11991=DIRECTION('',(-1.77635683940026E-15,3.08395284618099E-16,-1.));
#11992=DIRECTION('center_axis',(0.,1.,3.08395284618099E-16));
#11993=DIRECTION('ref_axis',(-0.707106781186547,0.,-0.707106781186547));
#11994=DIRECTION('',(1.,0.,0.));
#11995=DIRECTION('center_axis',(0.,1.,3.08395284618099E-16));
#11996=DIRECTION('ref_axis',(0.707106781186547,0.,-0.707106781186547));
#11997=DIRECTION('',(0.,-3.08395284618099E-16,1.));
#11998=DIRECTION('center_axis',(0.,1.,3.08395284618099E-16));
#11999=DIRECTION('ref_axis',(0.707106781186547,0.,0.707106781186547));
#12000=DIRECTION('',(-1.,0.,0.));
#12001=DIRECTION('center_axis',(0.,1.,3.08395284618099E-16));
#12002=DIRECTION('ref_axis',(-0.707106781186547,0.,0.707106781186547));
#12003=DIRECTION('',(-1.77635683940026E-15,3.08395284618099E-16,-1.));
#12004=DIRECTION('center_axis',(0.,1.,3.08395284618099E-16));
#12005=DIRECTION('ref_axis',(-0.707106781186547,0.,-0.707106781186547));
#12006=DIRECTION('',(1.,0.,0.));
#12007=DIRECTION('center_axis',(0.,1.,3.08395284618099E-16));
#12008=DIRECTION('ref_axis',(0.707106781186547,0.,-0.707106781186547));
#12009=DIRECTION('',(0.,-3.08395284618099E-16,1.));
#12010=DIRECTION('center_axis',(0.,1.,3.08395284618099E-16));
#12011=DIRECTION('ref_axis',(0.707106781186547,0.,0.707106781186547));
#12012=DIRECTION('',(-1.,0.,0.));
#12013=DIRECTION('center_axis',(0.,1.,3.08395284618099E-16));
#12014=DIRECTION('ref_axis',(-0.707106781186547,0.,0.707106781186547));
#12015=DIRECTION('',(-1.77635683940026E-15,3.08395284618099E-16,-1.));
#12016=DIRECTION('center_axis',(0.,1.,3.08395284618099E-16));
#12017=DIRECTION('ref_axis',(-0.707106781186547,0.,-0.707106781186547));
#12018=DIRECTION('',(1.,0.,0.));
#12019=DIRECTION('center_axis',(0.,1.,3.08395284618099E-16));
#12020=DIRECTION('ref_axis',(0.707106781186547,0.,-0.707106781186547));
#12021=DIRECTION('',(0.,-3.08395284618099E-16,1.));
#12022=DIRECTION('center_axis',(0.,1.,3.08395284618099E-16));
#12023=DIRECTION('ref_axis',(0.707106781186547,0.,0.707106781186547));
#12024=DIRECTION('',(-1.,0.,0.));
#12025=DIRECTION('center_axis',(0.,1.,3.08395284618099E-16));
#12026=DIRECTION('ref_axis',(-0.707106781186547,0.,0.707106781186547));
#12027=DIRECTION('',(-1.77635683940026E-15,3.08395284618099E-16,-1.));
#12028=DIRECTION('center_axis',(0.,1.,3.08395284618099E-16));
#12029=DIRECTION('ref_axis',(-0.707106781186547,0.,-0.707106781186547));
#12030=DIRECTION('',(1.,0.,0.));
#12031=DIRECTION('center_axis',(0.,1.,3.08395284618099E-16));
#12032=DIRECTION('ref_axis',(0.707106781186547,0.,-0.707106781186547));
#12033=DIRECTION('',(0.,-3.08395284618099E-16,1.));
#12034=DIRECTION('center_axis',(0.,1.,3.08395284618099E-16));
#12035=DIRECTION('ref_axis',(0.707106781186547,0.,0.707106781186547));
#12036=DIRECTION('',(-1.,0.,0.));
#12037=DIRECTION('center_axis',(0.,1.,3.08395284618099E-16));
#12038=DIRECTION('ref_axis',(-0.707106781186547,0.,0.707106781186547));
#12039=DIRECTION('',(-1.77635683940026E-15,3.08395284618099E-16,-1.));
#12040=DIRECTION('center_axis',(0.,1.,3.08395284618099E-16));
#12041=DIRECTION('ref_axis',(-0.707106781186547,0.,-0.707106781186547));
#12042=DIRECTION('',(1.,0.,0.));
#12043=DIRECTION('center_axis',(0.,1.,3.08395284618099E-16));
#12044=DIRECTION('ref_axis',(0.707106781186547,0.,-0.707106781186547));
#12045=DIRECTION('',(0.,-3.08395284618099E-16,1.));
#12046=DIRECTION('center_axis',(0.,1.,3.08395284618099E-16));
#12047=DIRECTION('ref_axis',(0.707106781186547,0.,0.707106781186547));
#12048=DIRECTION('',(-1.,0.,0.));
#12049=DIRECTION('center_axis',(0.,1.,3.08395284618099E-16));
#12050=DIRECTION('ref_axis',(-0.707106781186547,0.,0.707106781186547));
#12051=DIRECTION('',(-1.77635683940026E-15,3.08395284618099E-16,-1.));
#12052=DIRECTION('center_axis',(0.,1.,3.08395284618099E-16));
#12053=DIRECTION('ref_axis',(-0.707106781186547,0.,-0.707106781186547));
#12054=DIRECTION('',(1.,0.,0.));
#12055=DIRECTION('center_axis',(0.,1.,3.08395284618099E-16));
#12056=DIRECTION('ref_axis',(0.707106781186547,0.,-0.707106781186547));
#12057=DIRECTION('',(0.,-3.08395284618099E-16,1.));
#12058=DIRECTION('center_axis',(0.,1.,3.08395284618099E-16));
#12059=DIRECTION('ref_axis',(0.707106781186547,0.,0.707106781186547));
#12060=DIRECTION('',(-1.,0.,0.));
#12061=DIRECTION('center_axis',(0.,1.,3.08395284618099E-16));
#12062=DIRECTION('ref_axis',(-0.707106781186547,0.,0.707106781186547));
#12063=DIRECTION('',(-1.77635683940026E-15,3.08395284618099E-16,-1.));
#12064=DIRECTION('center_axis',(0.,1.,3.08395284618099E-16));
#12065=DIRECTION('ref_axis',(-0.707106781186547,0.,-0.707106781186547));
#12066=DIRECTION('',(1.,0.,0.));
#12067=DIRECTION('center_axis',(0.,1.,3.08395284618099E-16));
#12068=DIRECTION('ref_axis',(0.707106781186547,0.,-0.707106781186547));
#12069=DIRECTION('',(0.,-3.08395284618099E-16,1.));
#12070=DIRECTION('center_axis',(0.,1.,3.08395284618099E-16));
#12071=DIRECTION('ref_axis',(0.707106781186547,0.,0.707106781186547));
#12072=DIRECTION('',(-1.,0.,0.));
#12073=DIRECTION('center_axis',(0.,1.,3.08395284618099E-16));
#12074=DIRECTION('ref_axis',(-0.707106781186547,0.,0.707106781186547));
#12075=DIRECTION('',(-1.77635683940026E-15,3.08395284618099E-16,-1.));
#12076=DIRECTION('center_axis',(0.,1.,3.08395284618099E-16));
#12077=DIRECTION('ref_axis',(-0.707106781186547,0.,-0.707106781186547));
#12078=DIRECTION('',(1.,0.,0.));
#12079=DIRECTION('center_axis',(0.,1.,3.08395284618099E-16));
#12080=DIRECTION('ref_axis',(0.707106781186547,0.,-0.707106781186547));
#12081=DIRECTION('',(0.,-3.08395284618099E-16,1.));
#12082=DIRECTION('center_axis',(0.,1.,3.08395284618099E-16));
#12083=DIRECTION('ref_axis',(0.707106781186547,0.,0.707106781186547));
#12084=DIRECTION('',(-1.,0.,0.));
#12085=DIRECTION('center_axis',(0.,1.,3.08395284618099E-16));
#12086=DIRECTION('ref_axis',(-0.707106781186547,0.,0.707106781186547));
#12087=DIRECTION('',(-1.77635683940026E-15,3.08395284618099E-16,-1.));
#12088=DIRECTION('center_axis',(0.,1.,3.08395284618099E-16));
#12089=DIRECTION('ref_axis',(-0.707106781186547,0.,-0.707106781186547));
#12090=DIRECTION('',(1.,0.,0.));
#12091=DIRECTION('center_axis',(0.,1.,3.08395284618099E-16));
#12092=DIRECTION('ref_axis',(0.707106781186547,0.,-0.707106781186547));
#12093=DIRECTION('',(0.,-3.08395284618099E-16,1.));
#12094=DIRECTION('center_axis',(0.,1.,3.08395284618099E-16));
#12095=DIRECTION('ref_axis',(0.707106781186547,0.,0.707106781186547));
#12096=DIRECTION('',(-1.,0.,0.));
#12097=DIRECTION('center_axis',(0.,1.,3.08395284618099E-16));
#12098=DIRECTION('ref_axis',(-0.707106781186547,0.,0.707106781186547));
#12099=DIRECTION('',(-1.77635683940026E-15,3.08395284618099E-16,-1.));
#12100=DIRECTION('center_axis',(0.,1.,3.08395284618099E-16));
#12101=DIRECTION('ref_axis',(-0.707106781186547,0.,-0.707106781186547));
#12102=DIRECTION('',(1.,0.,0.));
#12103=DIRECTION('center_axis',(0.,1.,3.08395284618099E-16));
#12104=DIRECTION('ref_axis',(0.707106781186547,0.,-0.707106781186547));
#12105=DIRECTION('',(0.,-3.08395284618099E-16,1.));
#12106=DIRECTION('center_axis',(0.,1.,3.08395284618099E-16));
#12107=DIRECTION('ref_axis',(0.707106781186547,0.,0.707106781186547));
#12108=DIRECTION('',(-1.,0.,0.));
#12109=DIRECTION('center_axis',(0.,1.,3.08395284618099E-16));
#12110=DIRECTION('ref_axis',(-0.707106781186547,0.,0.707106781186547));
#12111=DIRECTION('',(-1.77635683940026E-15,3.08395284618099E-16,-1.));
#12112=DIRECTION('center_axis',(0.,1.,3.08395284618099E-16));
#12113=DIRECTION('ref_axis',(-0.707106781186547,0.,-0.707106781186547));
#12114=DIRECTION('',(1.,0.,0.));
#12115=DIRECTION('center_axis',(0.,1.,3.08395284618099E-16));
#12116=DIRECTION('ref_axis',(0.707106781186547,0.,-0.707106781186547));
#12117=DIRECTION('',(0.,-3.08395284618099E-16,1.));
#12118=DIRECTION('center_axis',(0.,1.,3.08395284618099E-16));
#12119=DIRECTION('ref_axis',(0.707106781186547,0.,0.707106781186547));
#12120=DIRECTION('',(-1.,0.,0.));
#12121=DIRECTION('center_axis',(0.,1.,3.08395284618099E-16));
#12122=DIRECTION('ref_axis',(-0.707106781186547,0.,0.707106781186547));
#12123=DIRECTION('',(-1.77635683940026E-15,3.08395284618099E-16,-1.));
#12124=DIRECTION('center_axis',(0.,1.,3.08395284618099E-16));
#12125=DIRECTION('ref_axis',(-0.707106781186547,0.,-0.707106781186547));
#12126=DIRECTION('',(1.,0.,0.));
#12127=DIRECTION('center_axis',(0.,1.,3.08395284618099E-16));
#12128=DIRECTION('ref_axis',(0.707106781186547,0.,-0.707106781186547));
#12129=DIRECTION('',(0.,-3.08395284618099E-16,1.));
#12130=DIRECTION('center_axis',(0.,1.,3.08395284618099E-16));
#12131=DIRECTION('ref_axis',(0.707106781186547,0.,0.707106781186547));
#12132=DIRECTION('',(-1.,0.,0.));
#12133=DIRECTION('center_axis',(0.,1.,3.08395284618099E-16));
#12134=DIRECTION('ref_axis',(-0.707106781186547,0.,0.707106781186547));
#12135=DIRECTION('',(-1.77635683940026E-15,3.08395284618099E-16,-1.));
#12136=DIRECTION('center_axis',(0.,1.,3.08395284618099E-16));
#12137=DIRECTION('ref_axis',(-0.707106781186547,0.,-0.707106781186547));
#12138=DIRECTION('',(1.,0.,0.));
#12139=DIRECTION('center_axis',(0.,1.,3.08395284618099E-16));
#12140=DIRECTION('ref_axis',(0.707106781186547,0.,-0.707106781186547));
#12141=DIRECTION('',(0.,-3.08395284618099E-16,1.));
#12142=DIRECTION('center_axis',(0.,1.,3.08395284618099E-16));
#12143=DIRECTION('ref_axis',(0.707106781186547,0.,0.707106781186547));
#12144=DIRECTION('',(-1.,0.,0.));
#12145=DIRECTION('center_axis',(0.,1.,3.08395284618099E-16));
#12146=DIRECTION('ref_axis',(-0.707106781186547,0.,0.707106781186547));
#12147=DIRECTION('',(-1.77635683940026E-15,3.08395284618099E-16,-1.));
#12148=DIRECTION('center_axis',(0.,1.,3.08395284618099E-16));
#12149=DIRECTION('ref_axis',(-0.707106781186547,0.,-0.707106781186547));
#12150=DIRECTION('',(1.,0.,0.));
#12151=DIRECTION('center_axis',(0.,1.,3.08395284618099E-16));
#12152=DIRECTION('ref_axis',(0.707106781186547,0.,-0.707106781186547));
#12153=DIRECTION('',(0.,-3.08395284618099E-16,1.));
#12154=DIRECTION('center_axis',(0.,1.,3.08395284618099E-16));
#12155=DIRECTION('ref_axis',(0.707106781186547,0.,0.707106781186547));
#12156=DIRECTION('',(-1.,0.,0.));
#12157=DIRECTION('center_axis',(0.,1.,3.08395284618099E-16));
#12158=DIRECTION('ref_axis',(-0.707106781186547,0.,0.707106781186547));
#12159=DIRECTION('',(-1.77635683940026E-15,3.08395284618099E-16,-1.));
#12160=DIRECTION('center_axis',(0.,1.,3.08395284618099E-16));
#12161=DIRECTION('ref_axis',(-0.707106781186547,0.,-0.707106781186547));
#12162=DIRECTION('',(1.,0.,0.));
#12163=DIRECTION('center_axis',(0.,1.,3.08395284618099E-16));
#12164=DIRECTION('ref_axis',(0.707106781186547,0.,-0.707106781186547));
#12165=DIRECTION('',(0.,-3.08395284618099E-16,1.));
#12166=DIRECTION('center_axis',(0.,1.,3.08395284618099E-16));
#12167=DIRECTION('ref_axis',(0.707106781186547,0.,0.707106781186547));
#12168=DIRECTION('',(-1.,0.,0.));
#12169=DIRECTION('center_axis',(0.,1.,3.08395284618099E-16));
#12170=DIRECTION('ref_axis',(-0.707106781186547,0.,0.707106781186547));
#12171=DIRECTION('',(-1.77635683940026E-15,3.08395284618099E-16,-1.));
#12172=DIRECTION('center_axis',(0.,1.,3.08395284618099E-16));
#12173=DIRECTION('ref_axis',(-0.707106781186547,0.,-0.707106781186547));
#12174=DIRECTION('',(1.,0.,0.));
#12175=DIRECTION('center_axis',(0.,1.,3.08395284618099E-16));
#12176=DIRECTION('ref_axis',(0.707106781186547,0.,-0.707106781186547));
#12177=DIRECTION('',(0.,-3.08395284618099E-16,1.));
#12178=DIRECTION('center_axis',(0.,1.,3.08395284618099E-16));
#12179=DIRECTION('ref_axis',(0.707106781186547,0.,0.707106781186547));
#12180=DIRECTION('',(-1.,0.,0.));
#12181=DIRECTION('center_axis',(0.,1.,3.08395284618099E-16));
#12182=DIRECTION('ref_axis',(-0.707106781186547,0.,0.707106781186547));
#12183=DIRECTION('',(-1.77635683940026E-15,3.08395284618099E-16,-1.));
#12184=DIRECTION('center_axis',(0.,1.,3.08395284618099E-16));
#12185=DIRECTION('ref_axis',(-0.707106781186547,0.,-0.707106781186547));
#12186=DIRECTION('',(1.,0.,0.));
#12187=DIRECTION('center_axis',(0.,1.,3.08395284618099E-16));
#12188=DIRECTION('ref_axis',(0.707106781186547,0.,-0.707106781186547));
#12189=DIRECTION('',(0.,-3.08395284618099E-16,1.));
#12190=DIRECTION('center_axis',(0.,1.,3.08395284618099E-16));
#12191=DIRECTION('ref_axis',(0.707106781186547,0.,0.707106781186547));
#12192=DIRECTION('',(-1.,0.,0.));
#12193=DIRECTION('center_axis',(0.,1.,3.08395284618099E-16));
#12194=DIRECTION('ref_axis',(-0.707106781186547,0.,0.707106781186547));
#12195=DIRECTION('',(-1.77635683940026E-15,3.08395284618099E-16,-1.));
#12196=DIRECTION('center_axis',(0.,1.,3.08395284618099E-16));
#12197=DIRECTION('ref_axis',(-0.707106781186547,0.,-0.707106781186547));
#12198=DIRECTION('',(1.,0.,0.));
#12199=DIRECTION('center_axis',(0.,1.,3.08395284618099E-16));
#12200=DIRECTION('ref_axis',(0.707106781186547,0.,-0.707106781186547));
#12201=DIRECTION('',(0.,-3.08395284618099E-16,1.));
#12202=DIRECTION('center_axis',(0.,1.,3.08395284618099E-16));
#12203=DIRECTION('ref_axis',(0.707106781186547,0.,0.707106781186547));
#12204=DIRECTION('',(-1.,0.,0.));
#12205=DIRECTION('center_axis',(0.,1.,3.08395284618099E-16));
#12206=DIRECTION('ref_axis',(-0.707106781186547,0.,0.707106781186547));
#12207=DIRECTION('',(-1.77635683940026E-15,3.08395284618099E-16,-1.));
#12208=DIRECTION('center_axis',(0.,1.,3.08395284618099E-16));
#12209=DIRECTION('ref_axis',(-0.707106781186547,0.,-0.707106781186547));
#12210=DIRECTION('',(1.,0.,0.));
#12211=DIRECTION('center_axis',(0.,1.,3.08395284618099E-16));
#12212=DIRECTION('ref_axis',(0.707106781186547,0.,-0.707106781186547));
#12213=DIRECTION('',(0.,-3.08395284618099E-16,1.));
#12214=DIRECTION('center_axis',(0.,1.,3.08395284618099E-16));
#12215=DIRECTION('ref_axis',(0.707106781186547,0.,0.707106781186547));
#12216=DIRECTION('',(-1.,0.,0.));
#12217=DIRECTION('center_axis',(0.,1.,3.08395284618099E-16));
#12218=DIRECTION('ref_axis',(-0.707106781186547,0.,0.707106781186547));
#12219=DIRECTION('',(-1.77635683940026E-15,3.08395284618099E-16,-1.));
#12220=DIRECTION('center_axis',(0.,1.,3.08395284618099E-16));
#12221=DIRECTION('ref_axis',(-0.707106781186547,0.,-0.707106781186547));
#12222=DIRECTION('',(1.,0.,0.));
#12223=DIRECTION('center_axis',(0.,1.,3.08395284618099E-16));
#12224=DIRECTION('ref_axis',(0.707106781186547,0.,-0.707106781186547));
#12225=DIRECTION('',(0.,-3.08395284618099E-16,1.));
#12226=DIRECTION('center_axis',(0.,1.,3.08395284618099E-16));
#12227=DIRECTION('ref_axis',(0.707106781186547,0.,0.707106781186547));
#12228=DIRECTION('',(-1.,0.,0.));
#12229=DIRECTION('center_axis',(0.,1.,3.08395284618099E-16));
#12230=DIRECTION('ref_axis',(-0.707106781186547,0.,0.707106781186547));
#12231=DIRECTION('',(-1.77635683940026E-15,3.08395284618099E-16,-1.));
#12232=DIRECTION('center_axis',(0.,1.,3.08395284618099E-16));
#12233=DIRECTION('ref_axis',(-0.707106781186547,0.,-0.707106781186547));
#12234=DIRECTION('',(1.,0.,0.));
#12235=DIRECTION('center_axis',(0.,1.,3.08395284618099E-16));
#12236=DIRECTION('ref_axis',(0.707106781186547,0.,-0.707106781186547));
#12237=DIRECTION('',(0.,-3.08395284618099E-16,1.));
#12238=DIRECTION('center_axis',(0.,1.,3.08395284618099E-16));
#12239=DIRECTION('ref_axis',(0.707106781186547,0.,0.707106781186547));
#12240=DIRECTION('',(-1.,0.,0.));
#12241=DIRECTION('center_axis',(0.,1.,3.08395284618099E-16));
#12242=DIRECTION('ref_axis',(-0.707106781186547,0.,0.707106781186547));
#12243=DIRECTION('',(-1.77635683940026E-15,3.08395284618099E-16,-1.));
#12244=DIRECTION('center_axis',(0.,1.,3.08395284618099E-16));
#12245=DIRECTION('ref_axis',(-0.707106781186547,0.,-0.707106781186547));
#12246=DIRECTION('',(1.,0.,0.));
#12247=DIRECTION('center_axis',(0.,1.,3.08395284618099E-16));
#12248=DIRECTION('ref_axis',(0.707106781186547,0.,-0.707106781186547));
#12249=DIRECTION('',(0.,-3.08395284618099E-16,1.));
#12250=DIRECTION('center_axis',(0.,1.,3.08395284618099E-16));
#12251=DIRECTION('ref_axis',(0.707106781186547,0.,0.707106781186547));
#12252=DIRECTION('',(-1.,0.,0.));
#12253=DIRECTION('center_axis',(0.,1.,3.08395284618099E-16));
#12254=DIRECTION('ref_axis',(-0.707106781186547,0.,0.707106781186547));
#12255=DIRECTION('',(-1.77635683940026E-15,3.08395284618099E-16,-1.));
#12256=DIRECTION('center_axis',(0.,1.,3.08395284618099E-16));
#12257=DIRECTION('ref_axis',(-0.707106781186547,0.,-0.707106781186547));
#12258=DIRECTION('',(1.,0.,0.));
#12259=DIRECTION('',(1.,0.,0.));
#12260=DIRECTION('center_axis',(0.,1.,3.08395284618099E-16));
#12261=DIRECTION('ref_axis',(0.707106781186547,0.,-0.707106781186547));
#12262=DIRECTION('',(0.,-3.08395284618099E-16,1.));
#12263=DIRECTION('center_axis',(0.,1.,3.08395284618099E-16));
#12264=DIRECTION('ref_axis',(0.707106781186547,0.,0.707106781186547));
#12265=DIRECTION('',(-1.,0.,0.));
#12266=DIRECTION('center_axis',(0.,1.,3.08395284618099E-16));
#12267=DIRECTION('ref_axis',(-0.707106781186547,0.,0.707106781186547));
#12268=DIRECTION('',(-1.77635683940026E-15,3.08395284618099E-16,-1.));
#12269=DIRECTION('center_axis',(0.,1.,3.08395284618099E-16));
#12270=DIRECTION('ref_axis',(-0.707106781186547,0.,-0.707106781186547));
#12271=DIRECTION('center_axis',(0.,1.,3.08395284618099E-16));
#12272=DIRECTION('ref_axis',(-2.898570272727E-12,-3.08395284618099E-16,
1.));
#12273=DIRECTION('',(1.,-8.92398899031267E-28,2.893685291383E-12));
#12274=DIRECTION('center_axis',(0.,1.,3.08395284618099E-16));
#12275=DIRECTION('ref_axis',(2.90434343245501E-12,3.08395284618099E-16,
-1.));
#12276=DIRECTION('',(-1.,8.95685819469688E-28,-2.9043434324194E-12));
#12277=DIRECTION('center_axis',(0.,1.,3.08395284618099E-16));
#12278=DIRECTION('ref_axis',(0.707106781186547,0.,-0.707106781186547));
#12279=DIRECTION('',(0.,-3.08395284618099E-16,1.));
#12280=DIRECTION('center_axis',(0.,1.,3.08395284618099E-16));
#12281=DIRECTION('ref_axis',(0.707106781186547,0.,0.707106781186547));
#12282=DIRECTION('',(-1.,0.,0.));
#12283=DIRECTION('center_axis',(0.,1.,3.08395284618099E-16));
#12284=DIRECTION('ref_axis',(-0.707106781186547,0.,0.707106781186547));
#12285=DIRECTION('',(-1.77635683940026E-15,3.08395284618099E-16,-1.));
#12286=DIRECTION('center_axis',(0.,1.,3.08395284618099E-16));
#12287=DIRECTION('ref_axis',(-0.707106781186547,0.,-0.707106781186547));
#12288=DIRECTION('',(1.,0.,0.));
#12289=DIRECTION('center_axis',(-0.707106781186549,0.707106781186546,2.18068397039413E-16));
#12290=DIRECTION('ref_axis',(3.08395284618097E-16,0.,1.));
#12291=DIRECTION('',(0.,-3.08395284618099E-16,1.));
#12292=DIRECTION('',(0.707106781186546,0.707106781186549,0.));
#12293=DIRECTION('center_axis',(-1.,0.,0.));
#12294=DIRECTION('ref_axis',(0.,0.,1.));
#12295=DIRECTION('',(0.,-1.,-2.03121964444622E-15));
#12296=DIRECTION('',(0.,0.,1.));
#12297=DIRECTION('center_axis',(-1.,0.,0.));
#12298=DIRECTION('ref_axis',(0.,0.38268343236509,-0.923879532511287));
#12299=DIRECTION('',(0.,-0.707106781186549,-0.707106781186545));
#12300=DIRECTION('center_axis',(-1.,0.,0.));
#12301=DIRECTION('ref_axis',(0.,0.,1.));
#12302=DIRECTION('center_axis',(-1.,-2.21174490579308E-47,7.1717857441692E-32));
#12303=DIRECTION('ref_axis',(-8.71576399210523E-32,0.707106781186548,-0.707106781186547));
#12304=DIRECTION('center_axis',(-1.,0.,0.));
#12305=DIRECTION('ref_axis',(-8.71576399210523E-32,0.707106781186548,-0.707106781186547));
#12306=DIRECTION('',(-1.,-2.21174490579308E-47,7.1717857441692E-32));
#12307=DIRECTION('center_axis',(-1.,-1.11022302462516E-16,-1.53792824291819E-31));
#12308=DIRECTION('ref_axis',(-8.71576399210523E-32,0.707106781186548,-0.707106781186547));
#12309=DIRECTION('center_axis',(-0.707106781186549,-0.707106781186546,-2.18068397039413E-16));
#12310=DIRECTION('ref_axis',(-0.707106781186546,0.707106781186549,2.94392336003208E-16));
#12311=DIRECTION('center_axis',(7.1717857441692E-32,-2.03121964444622E-15,
1.));
#12312=DIRECTION('ref_axis',(-1.11022302462516E-16,1.,2.03121964444622E-15));
#12313=DIRECTION('',(0.,1.,2.03121964444622E-15));
#12314=DIRECTION('',(-1.,0.,7.1717857441692E-32));
#12315=DIRECTION('',(0.,1.,2.03121964444622E-15));
#12316=DIRECTION('',(0.707106781186548,-0.707106781186548,-1.43628918466725E-15));
#12317=DIRECTION('',(0.,-1.,0.));
#12318=DIRECTION('center_axis',(1.,0.,0.));
#12319=DIRECTION('ref_axis',(0.,0.,-1.));
#12320=DIRECTION('',(0.,3.08395284618099E-16,-1.));
#12321=DIRECTION('',(0.,0.707106781186549,0.707106781186545));
#12322=DIRECTION('center_axis',(1.,0.,0.));
#12323=DIRECTION('ref_axis',(0.,0.38268343236509,-0.923879532511287));
#12324=DIRECTION('',(0.,0.,-1.));
#12325=DIRECTION('center_axis',(-1.,0.,0.));
#12326=DIRECTION('ref_axis',(0.,0.,1.));
#12327=DIRECTION('center_axis',(1.,0.,0.));
#12328=DIRECTION('ref_axis',(0.,0.374999999999998,-0.927024810886959));
#12329=DIRECTION('center_axis',(1.,1.11022302462528E-16,-6.52931502409545E-15));
#12330=DIRECTION('ref_axis',(0.,0.374999999999998,-0.927024810886959));
#12331=DIRECTION('',(1.,0.,0.));
#12332=DIRECTION('',(1.,0.,0.));
#12333=DIRECTION('center_axis',(-1.,-1.11022302462516E-16,-1.53792824291819E-31));
#12334=DIRECTION('ref_axis',(0.,0.374999999999998,-0.927024810886959));
#12335=DIRECTION('center_axis',(-0.800000000000001,-1.18641693528752E-15,
0.599999999999999));
#12336=DIRECTION('ref_axis',(-0.599999999999999,1.60982338570648E-15,-0.800000000000001));
#12337=DIRECTION('',(-1.,0.,0.));
#12338=DIRECTION('',(-1.,0.,0.));
#12339=DIRECTION('',(-1.,0.,0.));
#12340=DIRECTION('center_axis',(0.800000000000002,-1.00878125134749E-15,
0.599999999999998));
#12341=DIRECTION('ref_axis',(0.599999999999998,1.33226762955019E-15,-0.800000000000002));
#12342=DIRECTION('center_axis',(5.14598884757842E-12,0.0871557427476582,
0.996194698091746));
#12343=DIRECTION('ref_axis',(-1.,-1.16120325248533E-27,5.16564568897605E-12));
#12344=DIRECTION('',(4.54744163016639E-13,-0.996194698091746,0.0871557427476582));
#12345=DIRECTION('',(-1.,-1.18469871531484E-27,5.16564568897605E-12));
#12346=DIRECTION('',(4.50215686793946E-13,-0.996194698091746,0.0871557427476582));
#12347=DIRECTION('center_axis',(0.,1.,0.));
#12348=DIRECTION('ref_axis',(-5.21760412659506E-12,0.,-1.));
#12349=DIRECTION('center_axis',(0.,-1.,0.));
#12350=DIRECTION('ref_axis',(-5.21769434704519E-12,0.,-1.));
#12351=DIRECTION('',(-4.46964473105E-13,-0.996194698091746,-0.0871557427476582));
#12352=DIRECTION('center_axis',(0.,1.,2.29341845462436E-16));
#12353=DIRECTION('ref_axis',(-5.21760412659506E-12,0.,-1.));
#12354=DIRECTION('center_axis',(0.,1.,0.));
#12355=DIRECTION('ref_axis',(-5.21764276650288E-12,1.76314749077416E-16,
-1.));
#12356=DIRECTION('',(3.82182646314587E-12,0.675590207615661,0.737277336810123));
#12357=DIRECTION('center_axis',(0.,1.,0.));
#12358=DIRECTION('ref_axis',(-5.0887431222474E-12,-1.76314749077395E-16,
1.));
#12359=DIRECTION('center_axis',(0.,-1.,0.));
#12360=DIRECTION('ref_axis',(-5.08864282630786E-12,0.,1.));
#12361=DIRECTION('',(-3.7485421626968E-12,0.675590207615658,0.737277336810126));
#12362=DIRECTION('center_axis',(0.,1.,0.));
#12363=DIRECTION('ref_axis',(-5.08881825573157E-12,0.,1.));
#12364=DIRECTION('',(-4.50215686793946E-13,-0.996194698091746,0.0871557427476582));
#12365=DIRECTION('center_axis',(0.,1.,2.29341845462436E-16));
#12366=DIRECTION('ref_axis',(-5.08881825573157E-12,0.,1.));
#12367=DIRECTION('',(4.51763883791152E-13,-0.996194698091746,-0.0871557427476582));
#12368=DIRECTION('center_axis',(-5.14598884757842E-12,0.0871557427476582,
0.996194698091746));
#12369=DIRECTION('ref_axis',(-1.,1.16120325248533E-27,-5.16564568897605E-12));
#12370=DIRECTION('',(-1.35467237257093E-13,-0.996194698091746,0.0871557427476582));
#12371=DIRECTION('',(-1.,1.18469871531484E-27,-5.16564568897605E-12));
#12372=DIRECTION('center_axis',(-4.93038065763133E-32,1.82933182219585E-15,
-1.));
#12373=DIRECTION('ref_axis',(1.,1.11022302462516E-16,1.53792824291819E-31));
#12374=DIRECTION('',(0.707106781186548,0.707106781186548,1.29353293651503E-15));
#12375=DIRECTION('',(1.11022302462515E-16,-1.,-1.82933182219585E-15));
#12376=DIRECTION('center_axis',(0.,1.,0.));
#12377=DIRECTION('ref_axis',(1.55431223447101E-12,0.,-1.));
#12378=DIRECTION('center_axis',(0.,-1.,0.));
#12379=DIRECTION('ref_axis',(1.55409039804643E-12,0.,-1.));
#12380=DIRECTION('',(1.35467237257093E-13,-0.996194698091746,-0.0871557427476582));
#12381=DIRECTION('center_axis',(0.,1.,2.29341845462436E-16));
#12382=DIRECTION('ref_axis',(1.55431223447101E-12,0.,-1.));
#12383=DIRECTION('center_axis',(0.,1.,0.));
#12384=DIRECTION('ref_axis',(1.55421722564558E-12,1.76314749077115E-16,
-1.));
#12385=DIRECTION('',(-3.82082256879346E-12,0.675590207652362,0.737277336776493));
#12386=DIRECTION('center_axis',(1.,0.,0.));
#12387=DIRECTION('ref_axis',(0.,0.,-1.));
#12388=DIRECTION('',(0.,0.70710678118655,-0.707106781186545));
#12389=DIRECTION('center_axis',(-1.,0.,0.));
#12390=DIRECTION('ref_axis',(0.,0.,-1.));
#12391=DIRECTION('',(0.,0.70710678118632,0.707106781186776));
#12392=DIRECTION('',(0.,1.,0.));
#12393=DIRECTION('',(0.,-0.707106781093186,-0.707106781279909));
#12394=DIRECTION('',(0.,-0.707106781186857,-0.707106781186238));
#12395=DIRECTION('center_axis',(1.,0.,0.));
#12396=DIRECTION('ref_axis',(0.,-6.12323399573677E-17,-1.));
#12397=DIRECTION('center_axis',(1.,0.,0.));
#12398=DIRECTION('ref_axis',(0.,-6.12323399573677E-17,-1.));
#12399=DIRECTION('',(1.,0.,0.));
#12400=DIRECTION('center_axis',(-1.,0.,0.));
#12401=DIRECTION('ref_axis',(0.,-6.12323399573677E-17,-1.));
#12402=DIRECTION('center_axis',(1.,0.,0.));
#12403=DIRECTION('ref_axis',(0.,-6.12323399573677E-17,-1.));
#12404=DIRECTION('center_axis',(1.,0.,0.));
#12405=DIRECTION('ref_axis',(0.,-6.12323399573677E-17,-1.));
#12406=DIRECTION('',(1.,0.,0.));
#12407=DIRECTION('center_axis',(-1.,0.,0.));
#12408=DIRECTION('ref_axis',(0.,-6.12323399573677E-17,-1.));
#12409=DIRECTION('center_axis',(1.,0.,0.));
#12410=DIRECTION('ref_axis',(0.,-6.12323399573677E-17,-1.));
#12411=DIRECTION('',(1.,0.,0.));
#12412=DIRECTION('center_axis',(1.,0.,0.));
#12413=DIRECTION('ref_axis',(0.,-6.12323399573677E-17,-1.));
#12414=DIRECTION('center_axis',(1.,0.,0.));
#12415=DIRECTION('ref_axis',(0.,-6.12323399573677E-17,-1.));
#12416=DIRECTION('',(1.,0.,0.));
#12417=DIRECTION('center_axis',(-1.,0.,0.));
#12418=DIRECTION('ref_axis',(0.,-6.12323399573677E-17,-1.));
#12419=DIRECTION('center_axis',(0.,-0.948683298050514,-0.316227766016838));
#12420=DIRECTION('ref_axis',(0.,0.316227766016838,-0.948683298050514));
#12421=DIRECTION('center_axis',(0.,0.316227766016837,0.948683298050514));
#12422=DIRECTION('ref_axis',(0.,0.948683298050514,-0.316227766016837));
#12423=DIRECTION('center_axis',(-1.,0.,4.4408920985006E-15));
#12424=DIRECTION('ref_axis',(0.,1.,0.));
#12425=DIRECTION('center_axis',(0.,-3.08395284618099E-16,1.));
#12426=DIRECTION('ref_axis',(0.707106781186549,0.707106781186546,0.));
#12427=DIRECTION('',(0.,-3.08395284618099E-16,1.));
#12428=DIRECTION('center_axis',(0.,-0.707106781186546,0.70710678118655));
#12429=DIRECTION('ref_axis',(0.,0.70710678118655,0.707106781186545));
#12430=DIRECTION('center_axis',(0.,-1.,0.));
#12431=DIRECTION('ref_axis',(0.707106781186546,0.,-0.707106781186549));
#12432=DIRECTION('',(0.,-1.,0.));
#12433=DIRECTION('center_axis',(-0.707106781186548,-0.707106781186548,-1.62169174136326E-16));
#12434=DIRECTION('ref_axis',(0.707106781186548,-0.707106781186548,1.96261557335472E-16));
#12435=DIRECTION('',(0.,1.,0.));
#12436=DIRECTION('center_axis',(1.,0.,0.));
#12437=DIRECTION('ref_axis',(0.,0.,-1.));
#12438=DIRECTION('',(0.,-2.29341845462436E-16,1.));
#12439=DIRECTION('',(0.,0.,1.));
#12440=DIRECTION('center_axis',(-1.,0.,0.));
#12441=DIRECTION('ref_axis',(0.,0.,-1.));
#12442=DIRECTION('',(0.,0.707106781186549,0.707106781186545));
#12443=DIRECTION('center_axis',(-1.,0.,0.));
#12444=DIRECTION('ref_axis',(0.,-1.,0.));
#12445=DIRECTION('center_axis',(1.,0.,0.));
#12446=DIRECTION('ref_axis',(0.,0.,-1.));
#12447=DIRECTION('center_axis',(0.,0.316227766016837,0.948683298050514));
#12448=DIRECTION('ref_axis',(0.,0.948683298050514,-0.316227766016837));
#12449=DIRECTION('center_axis',(0.,-0.948683298050514,-0.316227766016838));
#12450=DIRECTION('ref_axis',(0.,0.316227766016838,-0.948683298050514));
#12451=DIRECTION('center_axis',(0.,3.08395284618099E-16,-1.));
#12452=DIRECTION('ref_axis',(-0.707106781186549,0.707106781186546,0.));
#12453=DIRECTION('center_axis',(0.,-0.707106781186546,0.70710678118655));
#12454=DIRECTION('ref_axis',(0.,0.70710678118655,0.707106781186545));
#12455=DIRECTION('',(0.,3.08395284618099E-16,-1.));
#12456=DIRECTION('center_axis',(0.,1.,0.));
#12457=DIRECTION('ref_axis',(-0.707106781186548,0.,-0.707106781186548));
#12458=DIRECTION('',(0.,-1.,0.));
#12459=DIRECTION('center_axis',(0.707106781186548,-0.707106781186548,-1.62169174136326E-16));
#12460=DIRECTION('ref_axis',(-0.707106781186548,-0.707106781186548,-6.5420519111824E-17));
#12461=DIRECTION('',(0.,1.,0.));
#12462=DIRECTION('center_axis',(1.,0.,0.));
#12463=DIRECTION('ref_axis',(0.,0.707106781186551,-0.707106781186544));
#12464=DIRECTION('',(1.,0.,0.));
#12465=DIRECTION('center_axis',(-1.,2.22044604925031E-15,0.));
#12466=DIRECTION('ref_axis',(0.,0.,-1.));
#12467=DIRECTION('center_axis',(0.,0.,1.));
#12468=DIRECTION('ref_axis',(-1.,0.,0.));
#12469=DIRECTION('',(-0.707106781186548,-0.707106781186548,0.));
#12470=DIRECTION('',(1.,0.,0.));
#12471=DIRECTION('',(0.,-1.,0.));
#12472=DIRECTION('center_axis',(-0.707106781186548,-0.707106781186548,-1.62169174136326E-16));
#12473=DIRECTION('ref_axis',(-2.29341845462436E-16,0.,1.));
#12474=DIRECTION('',(-0.707106781186548,0.707106781186548,0.));
#12475=DIRECTION('',(0.,2.29341845462436E-16,-1.));
#12476=DIRECTION('',(0.707106781186548,-0.707106781186548,-1.29353293651503E-15));
#12477=DIRECTION('',(0.514495755427526,-0.514495755427526,0.685994340570035));
#12478=DIRECTION('',(-1.28330764557577E-31,-2.29341845462436E-16,1.));
#12479=DIRECTION('center_axis',(0.,1.,2.29341845462436E-16));
#12480=DIRECTION('ref_axis',(-1.,0.,0.));
#12481=DIRECTION('',(1.,0.,0.));
#12482=DIRECTION('center_axis',(0.,-1.,-2.29341845462436E-16));
#12483=DIRECTION('ref_axis',(-0.333333333334213,0.,-0.942809041581752));
#12484=DIRECTION('center_axis',(0.,-1.,-2.29341845462436E-16));
#12485=DIRECTION('ref_axis',(1.55177458184451E-12,-2.29341845462436E-16,
1.));
#12486=DIRECTION('',(-1.,1.10294852886463E-27,-4.80919008321699E-12));
#12487=DIRECTION('center_axis',(0.,-1.,-2.29341845462436E-16));
#12488=DIRECTION('ref_axis',(-3.74303762591047E-12,2.29341845462436E-16,
-1.));
#12489=DIRECTION('center_axis',(0.,-1.,-2.29341845462436E-16));
#12490=DIRECTION('ref_axis',(0.333333333329539,0.,-0.942809041583405));
#12491=DIRECTION('',(1.,0.,0.));
#12492=DIRECTION('center_axis',(0.,-1.,-2.29341845462436E-16));
#12493=DIRECTION('ref_axis',(-0.333333333329539,0.,-0.942809041583405));
#12494=DIRECTION('center_axis',(0.,-1.,-2.29341845462436E-16));
#12495=DIRECTION('ref_axis',(-5.11559049093713E-12,-2.29341845462436E-16,
1.));
#12496=DIRECTION('',(-1.,-1.10294852886463E-27,4.80919008321699E-12));
#12497=DIRECTION('center_axis',(0.,-1.,-2.29341845462436E-16));
#12498=DIRECTION('ref_axis',(2.58650244079315E-12,2.29341845462436E-16,
-1.));
#12499=DIRECTION('center_axis',(0.,-1.,-2.29341845462436E-16));
#12500=DIRECTION('ref_axis',(0.333333333334213,0.,-0.942809041581752));
#12501=DIRECTION('',(0.,-2.29341845462436E-16,1.));
#12502=DIRECTION('',(1.,-1.18877264487226E-27,5.1834092573698E-12));
#12503=DIRECTION('center_axis',(0.,1.,2.29341845462436E-16));
#12504=DIRECTION('ref_axis',(8.93418672387345E-12,0.,1.));
#12505=DIRECTION('',(1.,1.18877264487226E-27,-5.1834092573698E-12));
#12506=DIRECTION('center_axis',(0.707106781186548,-0.707106781186548,-1.62169174136326E-16));
#12507=DIRECTION('ref_axis',(-2.29341845462436E-16,0.,-1.));
#12508=DIRECTION('',(-6.52931502409545E-15,-6.29997317863302E-15,-1.));
#12509=DIRECTION('',(0.514495755427525,0.514495755427525,-0.685994340570037));
#12510=DIRECTION('',(0.,2.29341845462436E-16,-1.));
#12511=DIRECTION('',(0.707106781186548,0.707106781186548,1.43628918466725E-15));
#12512=DIRECTION('center_axis',(-1.,0.,0.));
#12513=DIRECTION('ref_axis',(0.,0.,1.));
#12514=DIRECTION('',(0.,-0.707106781186549,-0.707106781186545));
#12515=DIRECTION('center_axis',(-1.,0.,0.));
#12516=DIRECTION('ref_axis',(0.,0.,-1.));
#12517=DIRECTION('',(0.,0.,-1.));
#12518=DIRECTION('',(0.,-1.,-2.03121964444622E-15));
#12519=DIRECTION('center_axis',(-1.,0.,0.));
#12520=DIRECTION('ref_axis',(0.,-1.,0.));
#12521=DIRECTION('center_axis',(-0.156173761889061,-0.883452208598707,-0.441726104299357));
#12522=DIRECTION('ref_axis',(-0.294484069533682,0.468521285665942,-0.832926730072228));
#12523=DIRECTION('center_axis',(-0.777777777776608,9.03657815193936E-15,
0.628539361056157));
#12524=DIRECTION('ref_axis',(-0.628539361056157,2.2204460492503E-15,-0.777777777776608));
#12525=DIRECTION('center_axis',(-3.53270803203034E-15,-1.,0.));
#12526=DIRECTION('ref_axis',(0.,0.,-1.));
#12527=DIRECTION('center_axis',(1.,0.,2.22044604925032E-15));
#12528=DIRECTION('ref_axis',(0.,1.,0.));
#12529=DIRECTION('center_axis',(0.,1.,0.));
#12530=DIRECTION('ref_axis',(-0.333333333334213,0.,-0.942809041581752));
#12531=DIRECTION('',(0.,1.,0.));
#12532=DIRECTION('',(0.,-1.,0.));
#12533=DIRECTION('center_axis',(1.,0.,0.));
#12534=DIRECTION('ref_axis',(0.,0.707106781186551,-0.707106781186544));
#12535=DIRECTION('',(1.,0.,0.));
#12536=DIRECTION('center_axis',(0.156173761886655,-0.883452208599047,-0.441726104299526));
#12537=DIRECTION('ref_axis',(0.294484069529664,0.4685212856653,-0.83292673007401));
#12538=DIRECTION('center_axis',(5.49532360548374E-15,-1.,4.44089209850064E-15));
#12539=DIRECTION('ref_axis',(0.628539361048447,0.,-0.777777777782838));
#12540=DIRECTION('center_axis',(0.777777777782838,0.,0.628539361048448));
#12541=DIRECTION('ref_axis',(0.,1.,0.));
#12542=DIRECTION('center_axis',(-1.,-5.55111512312577E-16,0.));
#12543=DIRECTION('ref_axis',(0.,0.,-1.));
#12544=DIRECTION('center_axis',(0.,1.,3.08395284618099E-16));
#12545=DIRECTION('ref_axis',(0.,-3.22973970801768E-16,1.));
#12546=DIRECTION('center_axis',(1.,0.,-6.46371844936763E-12));
#12547=DIRECTION('ref_axis',(-6.46371844936763E-12,2.2204460492503E-15,
-1.));
#12548=DIRECTION('center_axis',(0.,1.,3.08395284618099E-16));
#12549=DIRECTION('ref_axis',(-0.377964473002283,-2.77555756158615E-16,0.925820099775386));
#12550=DIRECTION('center_axis',(1.,-1.48313154449624E-27,4.80919008321699E-12));
#12551=DIRECTION('ref_axis',(3.40082026550905E-12,0.707106781186551,-0.707106781186544));
#12552=DIRECTION('center_axis',(1.,0.,4.8094861426762E-12));
#12553=DIRECTION('ref_axis',(4.8094861426762E-12,0.,-1.));
#12554=DIRECTION('',(1.,-1.48313154449624E-27,4.80919008321699E-12));
#12555=DIRECTION('center_axis',(0.,1.,3.08395284618099E-16));
#12556=DIRECTION('ref_axis',(0.,-3.22973970799648E-16,1.));
#12557=DIRECTION('center_axis',(0.,1.,3.08395284618099E-16));
#12558=DIRECTION('ref_axis',(0.377964473010862,-2.77555756155753E-16,0.925820099771884));
#12559=DIRECTION('center_axis',(-0.156173761886655,-0.883452208599048,-0.441726104299526));
#12560=DIRECTION('ref_axis',(-0.294484069529662,0.4685212856653,-0.832926730074011));
#12561=DIRECTION('center_axis',(-3.53270803207369E-15,-1.,0.));
#12562=DIRECTION('ref_axis',(0.,0.,-1.));
#12563=DIRECTION('center_axis',(1.,0.,0.));
#12564=DIRECTION('ref_axis',(0.,1.,0.));
#12565=DIRECTION('center_axis',(-0.777777777782839,8.63506796936297E-16,
0.628539361048447));
#12566=DIRECTION('ref_axis',(-0.628539361048447,2.22044604925032E-15,-0.777777777782839));
#12567=DIRECTION('center_axis',(1.,0.,0.));
#12568=DIRECTION('ref_axis',(0.,0.707106781186551,-0.707106781186544));
#12569=DIRECTION('',(1.,0.,0.));
#12570=DIRECTION('center_axis',(0.156173761889058,-0.883452208598707,-0.441726104299356));
#12571=DIRECTION('ref_axis',(0.294484069533681,0.468521285665939,-0.83292673007223));
#12572=DIRECTION('center_axis',(5.49532360537225E-15,-1.,4.44089209850064E-15));
#12573=DIRECTION('ref_axis',(0.628539361056161,0.,-0.777777777776604));
#12574=DIRECTION('center_axis',(0.777777777776603,0.,0.628539361056162));
#12575=DIRECTION('ref_axis',(0.,1.,0.));
#12576=DIRECTION('center_axis',(0.,1.,3.08395284618099E-16));
#12577=DIRECTION('ref_axis',(0.,-3.22973970799648E-16,1.));
#12578=DIRECTION('center_axis',(1.,0.,2.58681964737662E-12));
#12579=DIRECTION('ref_axis',(2.58681964737662E-12,2.22044604925032E-15,
-1.));
#12580=DIRECTION('center_axis',(0.,1.,3.08395284618099E-16));
#12581=DIRECTION('ref_axis',(-0.377964473011339,-2.77555756155753E-16,0.925820099771689));
#12582=DIRECTION('center_axis',(1.,1.48313154449624E-27,-4.80919008321699E-12));
#12583=DIRECTION('ref_axis',(-3.40003521927971E-12,0.707106781186551,-0.707106781186544));
#12584=DIRECTION('center_axis',(1.,0.,-4.8094861426762E-12));
#12585=DIRECTION('ref_axis',(-4.8094861426762E-12,0.,-1.));
#12586=DIRECTION('',(1.,1.48313154449624E-27,-4.80919008321699E-12));
#12587=DIRECTION('center_axis',(0.,1.,3.08395284618099E-16));
#12588=DIRECTION('ref_axis',(0.,-3.22973970801768E-16,1.));
#12589=DIRECTION('center_axis',(0.,1.,3.08395284618099E-16));
#12590=DIRECTION('ref_axis',(0.377964473002906,-2.77555756158615E-16,0.925820099775132));
#12591=DIRECTION('center_axis',(0.,-1.,0.));
#12592=DIRECTION('ref_axis',(0.333333333334213,0.,-0.942809041581752));
#12593=DIRECTION('',(0.,1.,0.));
#12594=DIRECTION('center_axis',(0.,1.,0.));
#12595=DIRECTION('ref_axis',(-0.333333333329539,0.,-0.942809041583405));
#12596=DIRECTION('',(0.,1.,0.));
#12597=DIRECTION('',(0.,-1.,0.));
#12598=DIRECTION('center_axis',(0.,-1.,0.));
#12599=DIRECTION('ref_axis',(0.333333333329539,0.,-0.942809041583405));
#12600=DIRECTION('',(0.,1.,0.));
#12601=DIRECTION('',(0.,-1.,0.));
#12602=DIRECTION('center_axis',(0.,0.,1.));
#12603=DIRECTION('ref_axis',(-1.,0.,0.));
#12604=DIRECTION('center_axis',(0.,-1.,0.));
#12605=DIRECTION('ref_axis',(1.55177458184451E-12,0.,1.));
#12606=DIRECTION('',(0.,-1.,0.));
#12607=DIRECTION('center_axis',(-4.80919008321699E-12,0.,1.));
#12608=DIRECTION('ref_axis',(-1.,1.10294852886463E-27,-4.80919008321699E-12));
#12609=DIRECTION('',(0.,-1.,0.));
#12610=DIRECTION('center_axis',(0.,-1.,0.));
#12611=DIRECTION('ref_axis',(-3.74303762591047E-12,0.,-1.));
#12612=DIRECTION('center_axis',(0.,0.,1.));
#12613=DIRECTION('ref_axis',(-1.,0.,0.));
#12614=DIRECTION('center_axis',(0.,-1.,0.));
#12615=DIRECTION('ref_axis',(-5.11559049093713E-12,0.,1.));
#12616=DIRECTION('',(0.,-1.,0.));
#12617=DIRECTION('center_axis',(-1.,0.,0.));
#12618=DIRECTION('ref_axis',(0.,0.,1.));
#12619=DIRECTION('',(0.707106781186547,-8.65956056235493E-17,0.707106781186547));
#12620=DIRECTION('center_axis',(-1.,0.,0.));
#12621=DIRECTION('ref_axis',(0.,0.,1.));
#12622=DIRECTION('center_axis',(-1.,0.,0.));
#12623=DIRECTION('ref_axis',(0.,0.,1.));
#12624=DIRECTION('center_axis',(1.,0.,0.));
#12625=DIRECTION('ref_axis',(0.,0.,1.));
#12626=DIRECTION('',(-1.,0.,0.));
#12627=DIRECTION('center_axis',(1.,0.,0.));
#12628=DIRECTION('ref_axis',(0.,0.,1.));
#12629=DIRECTION('center_axis',(-1.,0.,0.));
#12630=DIRECTION('ref_axis',(0.,0.,1.));
#12631=DIRECTION('center_axis',(0.,-1.,0.));
#12632=DIRECTION('ref_axis',(-0.707106781186547,0.,0.707106781186547));
#12633=DIRECTION('',(0.,1.,0.));
#12634=DIRECTION('',(0.,-1.,0.));
#12635=DIRECTION('center_axis',(-4.93038065763133E-32,1.82933182219585E-15,
-1.));
#12636=DIRECTION('ref_axis',(1.,1.11022302462516E-16,1.53792824291819E-31));
#12637=DIRECTION('',(0.,-1.,0.));
#12638=DIRECTION('center_axis',(0.,-1.,0.));
#12639=DIRECTION('ref_axis',(0.707106781186547,0.,-0.707106781186547));
#12640=DIRECTION('',(0.,-1.,0.));
#12641=DIRECTION('',(0.,1.,0.));
#12642=DIRECTION('center_axis',(0.,0.,-1.));
#12643=DIRECTION('ref_axis',(1.,0.,0.));
#12644=DIRECTION('',(0.,1.,0.));
#12645=DIRECTION('center_axis',(0.,-1.,0.));
#12646=DIRECTION('ref_axis',(0.707106781186547,0.,0.707106781186547));
#12647=DIRECTION('',(0.,-1.,0.));
#12648=DIRECTION('',(0.,1.,0.));
#12649=DIRECTION('center_axis',(1.,0.,0.));
#12650=DIRECTION('ref_axis',(0.,1.78818204167542E-15,1.));
#12651=DIRECTION('',(0.,1.,0.));
#12652=DIRECTION('center_axis',(1.,0.,0.));
#12653=DIRECTION('ref_axis',(0.,-1.,0.));
#12654=DIRECTION('center_axis',(1.,0.,0.));
#12655=DIRECTION('ref_axis',(0.,-1.,0.));
#12656=DIRECTION('',(-1.,0.,0.));
#12657=DIRECTION('center_axis',(1.,0.,0.));
#12658=DIRECTION('ref_axis',(0.,0.,-1.));
#12659=DIRECTION('center_axis',(1.,0.,0.));
#12660=DIRECTION('ref_axis',(0.,0.,1.));
#12661=DIRECTION('',(-0.707106781186547,-8.65956056235493E-17,0.707106781186547));
#12662=DIRECTION('center_axis',(-1.,0.,0.));
#12663=DIRECTION('ref_axis',(0.,0.,1.));
#12664=DIRECTION('center_axis',(1.,0.,0.));
#12665=DIRECTION('ref_axis',(0.,-1.,0.));
#12666=DIRECTION('center_axis',(1.,0.,0.));
#12667=DIRECTION('ref_axis',(0.,-1.,0.));
#12668=DIRECTION('',(1.,0.,0.));
#12669=DIRECTION('center_axis',(-1.,0.,0.));
#12670=DIRECTION('ref_axis',(0.,0.,1.));
#12671=DIRECTION('center_axis',(1.,0.,0.));
#12672=DIRECTION('ref_axis',(0.,0.,1.));
#12673=DIRECTION('',(1.,0.,0.));
#12674=DIRECTION('center_axis',(-1.,0.,0.));
#12675=DIRECTION('ref_axis',(0.,0.,1.));
#12676=DIRECTION('center_axis',(-1.,0.,0.));
#12677=DIRECTION('ref_axis',(0.,0.,1.));
#12678=DIRECTION('center_axis',(1.,0.,0.));
#12679=DIRECTION('ref_axis',(0.,1.78818204167542E-15,1.));
#12680=DIRECTION('',(0.,1.,0.));
#12681=DIRECTION('',(0.,-1.,0.));
#12682=DIRECTION('center_axis',(0.,-1.,0.));
#12683=DIRECTION('ref_axis',(0.707106781186547,0.,0.707106781186547));
#12684=DIRECTION('',(0.,1.,0.));
#12685=DIRECTION('center_axis',(0.,0.,1.));
#12686=DIRECTION('ref_axis',(-1.,0.,0.));
#12687=DIRECTION('',(0.,-1.,0.));
#12688=DIRECTION('center_axis',(0.,-1.,0.));
#12689=DIRECTION('ref_axis',(-0.707106781186547,0.,0.707106781186547));
#12690=DIRECTION('',(0.,1.,0.));
#12691=DIRECTION('center_axis',(-1.,0.,1.77635683940026E-15));
#12692=DIRECTION('ref_axis',(-1.77635683940026E-15,-1.78818204167542E-15,
-1.));
#12693=DIRECTION('',(0.,-1.,0.));
#12694=DIRECTION('center_axis',(0.,-1.,0.));
#12695=DIRECTION('ref_axis',(-0.707106781186547,0.,-0.707106781186547));
#12696=DIRECTION('',(0.,1.,0.));
#12697=DIRECTION('center_axis',(0.,0.,-1.));
#12698=DIRECTION('ref_axis',(1.,0.,0.));
#12699=DIRECTION('',(0.,-1.,0.));
#12700=DIRECTION('center_axis',(0.,-1.,0.));
#12701=DIRECTION('ref_axis',(0.707106781186547,0.,-0.707106781186547));
#12702=DIRECTION('center_axis',(1.,0.,0.));
#12703=DIRECTION('ref_axis',(0.,1.78818204167542E-15,1.));
#12704=DIRECTION('',(0.,1.,0.));
#12705=DIRECTION('',(0.,-1.,0.));
#12706=DIRECTION('center_axis',(0.,-1.,0.));
#12707=DIRECTION('ref_axis',(0.707106781186547,0.,0.707106781186547));
#12708=DIRECTION('',(0.,1.,0.));
#12709=DIRECTION('center_axis',(0.,0.,1.));
#12710=DIRECTION('ref_axis',(-1.,0.,0.));
#12711=DIRECTION('',(0.,-1.,0.));
#12712=DIRECTION('center_axis',(0.,-1.,0.));
#12713=DIRECTION('ref_axis',(-0.707106781186547,0.,0.707106781186547));
#12714=DIRECTION('',(0.,1.,0.));
#12715=DIRECTION('center_axis',(-1.,0.,1.77635683940026E-15));
#12716=DIRECTION('ref_axis',(-1.77635683940026E-15,-1.78818204167542E-15,
-1.));
#12717=DIRECTION('',(0.,-1.,0.));
#12718=DIRECTION('center_axis',(0.,-1.,0.));
#12719=DIRECTION('ref_axis',(-0.707106781186547,0.,-0.707106781186547));
#12720=DIRECTION('',(0.,1.,0.));
#12721=DIRECTION('center_axis',(0.,0.,-1.));
#12722=DIRECTION('ref_axis',(1.,0.,0.));
#12723=DIRECTION('',(0.,-1.,0.));
#12724=DIRECTION('center_axis',(0.,-1.,0.));
#12725=DIRECTION('ref_axis',(0.707106781186547,0.,-0.707106781186547));
#12726=DIRECTION('center_axis',(1.,0.,0.));
#12727=DIRECTION('ref_axis',(0.,1.78818204167542E-15,1.));
#12728=DIRECTION('',(0.,1.,0.));
#12729=DIRECTION('',(0.,-1.,0.));
#12730=DIRECTION('center_axis',(0.,-1.,0.));
#12731=DIRECTION('ref_axis',(0.707106781186547,0.,0.707106781186547));
#12732=DIRECTION('',(0.,1.,0.));
#12733=DIRECTION('center_axis',(0.,0.,1.));
#12734=DIRECTION('ref_axis',(-1.,0.,0.));
#12735=DIRECTION('',(0.,-1.,0.));
#12736=DIRECTION('center_axis',(0.,-1.,0.));
#12737=DIRECTION('ref_axis',(-0.707106781186547,0.,0.707106781186547));
#12738=DIRECTION('',(0.,1.,0.));
#12739=DIRECTION('center_axis',(-1.,0.,1.77635683940026E-15));
#12740=DIRECTION('ref_axis',(-1.77635683940026E-15,-1.78818204167542E-15,
-1.));
#12741=DIRECTION('',(0.,-1.,0.));
#12742=DIRECTION('center_axis',(0.,-1.,0.));
#12743=DIRECTION('ref_axis',(-0.707106781186547,0.,-0.707106781186547));
#12744=DIRECTION('',(0.,1.,0.));
#12745=DIRECTION('center_axis',(0.,0.,-1.));
#12746=DIRECTION('ref_axis',(1.,0.,0.));
#12747=DIRECTION('',(0.,-1.,0.));
#12748=DIRECTION('center_axis',(0.,-1.,0.));
#12749=DIRECTION('ref_axis',(0.707106781186547,0.,-0.707106781186547));
#12750=DIRECTION('center_axis',(1.,0.,0.));
#12751=DIRECTION('ref_axis',(0.,1.78818204167542E-15,1.));
#12752=DIRECTION('',(0.,1.,0.));
#12753=DIRECTION('',(0.,-1.,0.));
#12754=DIRECTION('center_axis',(0.,-1.,0.));
#12755=DIRECTION('ref_axis',(0.707106781186547,0.,0.707106781186547));
#12756=DIRECTION('',(0.,1.,0.));
#12757=DIRECTION('center_axis',(0.,0.,1.));
#12758=DIRECTION('ref_axis',(-1.,0.,0.));
#12759=DIRECTION('',(0.,-1.,0.));
#12760=DIRECTION('center_axis',(0.,-1.,0.));
#12761=DIRECTION('ref_axis',(-0.707106781186547,0.,0.707106781186547));
#12762=DIRECTION('',(0.,1.,0.));
#12763=DIRECTION('center_axis',(-1.,0.,1.77635683940026E-15));
#12764=DIRECTION('ref_axis',(-1.77635683940026E-15,-1.78818204167542E-15,
-1.));
#12765=DIRECTION('',(0.,-1.,0.));
#12766=DIRECTION('center_axis',(0.,-1.,0.));
#12767=DIRECTION('ref_axis',(-0.707106781186547,0.,-0.707106781186547));
#12768=DIRECTION('',(0.,1.,0.));
#12769=DIRECTION('center_axis',(0.,0.,-1.));
#12770=DIRECTION('ref_axis',(1.,0.,0.));
#12771=DIRECTION('',(0.,-1.,0.));
#12772=DIRECTION('center_axis',(0.,-1.,0.));
#12773=DIRECTION('ref_axis',(0.707106781186547,0.,-0.707106781186547));
#12774=DIRECTION('center_axis',(1.,0.,0.));
#12775=DIRECTION('ref_axis',(0.,1.78818204167542E-15,1.));
#12776=DIRECTION('',(0.,1.,0.));
#12777=DIRECTION('',(0.,-1.,0.));
#12778=DIRECTION('center_axis',(0.,-1.,0.));
#12779=DIRECTION('ref_axis',(0.707106781186547,0.,0.707106781186547));
#12780=DIRECTION('',(0.,1.,0.));
#12781=DIRECTION('center_axis',(0.,0.,1.));
#12782=DIRECTION('ref_axis',(-1.,0.,0.));
#12783=DIRECTION('',(0.,-1.,0.));
#12784=DIRECTION('center_axis',(0.,-1.,0.));
#12785=DIRECTION('ref_axis',(-0.707106781186547,0.,0.707106781186547));
#12786=DIRECTION('',(0.,1.,0.));
#12787=DIRECTION('center_axis',(-1.,0.,1.77635683940026E-15));
#12788=DIRECTION('ref_axis',(-1.77635683940026E-15,-1.78818204167542E-15,
-1.));
#12789=DIRECTION('',(0.,-1.,0.));
#12790=DIRECTION('center_axis',(0.,-1.,0.));
#12791=DIRECTION('ref_axis',(-0.707106781186547,0.,-0.707106781186547));
#12792=DIRECTION('',(0.,1.,0.));
#12793=DIRECTION('center_axis',(0.,0.,-1.));
#12794=DIRECTION('ref_axis',(1.,0.,0.));
#12795=DIRECTION('',(0.,-1.,0.));
#12796=DIRECTION('center_axis',(0.,-1.,0.));
#12797=DIRECTION('ref_axis',(0.707106781186547,0.,-0.707106781186547));
#12798=DIRECTION('center_axis',(1.,0.,0.));
#12799=DIRECTION('ref_axis',(0.,1.78818204167542E-15,1.));
#12800=DIRECTION('',(0.,1.,0.));
#12801=DIRECTION('',(0.,-1.,0.));
#12802=DIRECTION('center_axis',(0.,-1.,0.));
#12803=DIRECTION('ref_axis',(0.707106781186547,0.,0.707106781186547));
#12804=DIRECTION('',(0.,1.,0.));
#12805=DIRECTION('center_axis',(0.,0.,1.));
#12806=DIRECTION('ref_axis',(-1.,0.,0.));
#12807=DIRECTION('',(0.,-1.,0.));
#12808=DIRECTION('center_axis',(0.,-1.,0.));
#12809=DIRECTION('ref_axis',(-0.707106781186547,0.,0.707106781186547));
#12810=DIRECTION('',(0.,1.,0.));
#12811=DIRECTION('center_axis',(-1.,0.,1.77635683940026E-15));
#12812=DIRECTION('ref_axis',(-1.77635683940026E-15,-1.78818204167542E-15,
-1.));
#12813=DIRECTION('',(0.,-1.,0.));
#12814=DIRECTION('center_axis',(0.,-1.,0.));
#12815=DIRECTION('ref_axis',(-0.707106781186547,0.,-0.707106781186547));
#12816=DIRECTION('',(0.,1.,0.));
#12817=DIRECTION('center_axis',(0.,0.,-1.));
#12818=DIRECTION('ref_axis',(1.,0.,0.));
#12819=DIRECTION('',(0.,-1.,0.));
#12820=DIRECTION('center_axis',(0.,-1.,0.));
#12821=DIRECTION('ref_axis',(0.707106781186547,0.,-0.707106781186547));
#12822=DIRECTION('center_axis',(1.,0.,0.));
#12823=DIRECTION('ref_axis',(0.,1.78818204167542E-15,1.));
#12824=DIRECTION('',(0.,1.,0.));
#12825=DIRECTION('',(0.,-1.,0.));
#12826=DIRECTION('center_axis',(0.,-1.,0.));
#12827=DIRECTION('ref_axis',(0.707106781186547,0.,0.707106781186547));
#12828=DIRECTION('',(0.,1.,0.));
#12829=DIRECTION('center_axis',(0.,0.,1.));
#12830=DIRECTION('ref_axis',(-1.,0.,0.));
#12831=DIRECTION('',(0.,-1.,0.));
#12832=DIRECTION('center_axis',(0.,-1.,0.));
#12833=DIRECTION('ref_axis',(-0.707106781186547,0.,0.707106781186547));
#12834=DIRECTION('',(0.,1.,0.));
#12835=DIRECTION('center_axis',(-1.,0.,1.77635683940026E-15));
#12836=DIRECTION('ref_axis',(-1.77635683940026E-15,-1.78818204167542E-15,
-1.));
#12837=DIRECTION('',(0.,-1.,0.));
#12838=DIRECTION('center_axis',(0.,-1.,0.));
#12839=DIRECTION('ref_axis',(-0.707106781186547,0.,-0.707106781186547));
#12840=DIRECTION('',(0.,1.,0.));
#12841=DIRECTION('center_axis',(0.,0.,-1.));
#12842=DIRECTION('ref_axis',(1.,0.,0.));
#12843=DIRECTION('',(0.,-1.,0.));
#12844=DIRECTION('center_axis',(0.,-1.,0.));
#12845=DIRECTION('ref_axis',(0.707106781186547,0.,-0.707106781186547));
#12846=DIRECTION('center_axis',(1.,0.,0.));
#12847=DIRECTION('ref_axis',(0.,1.78818204167542E-15,1.));
#12848=DIRECTION('',(0.,1.,0.));
#12849=DIRECTION('',(0.,-1.,0.));
#12850=DIRECTION('center_axis',(0.,-1.,0.));
#12851=DIRECTION('ref_axis',(0.707106781186547,0.,0.707106781186547));
#12852=DIRECTION('',(0.,1.,0.));
#12853=DIRECTION('center_axis',(0.,0.,1.));
#12854=DIRECTION('ref_axis',(-1.,0.,0.));
#12855=DIRECTION('',(0.,-1.,0.));
#12856=DIRECTION('center_axis',(0.,-1.,0.));
#12857=DIRECTION('ref_axis',(-0.707106781186547,0.,0.707106781186547));
#12858=DIRECTION('',(0.,1.,0.));
#12859=DIRECTION('center_axis',(-1.,0.,1.77635683940026E-15));
#12860=DIRECTION('ref_axis',(-1.77635683940026E-15,-1.78818204167542E-15,
-1.));
#12861=DIRECTION('',(0.,-1.,0.));
#12862=DIRECTION('center_axis',(0.,-1.,0.));
#12863=DIRECTION('ref_axis',(-0.707106781186547,0.,-0.707106781186547));
#12864=DIRECTION('',(0.,1.,0.));
#12865=DIRECTION('center_axis',(0.,0.,-1.));
#12866=DIRECTION('ref_axis',(1.,0.,0.));
#12867=DIRECTION('',(0.,-1.,0.));
#12868=DIRECTION('center_axis',(0.,-1.,0.));
#12869=DIRECTION('ref_axis',(0.707106781186547,0.,-0.707106781186547));
#12870=DIRECTION('center_axis',(1.,0.,0.));
#12871=DIRECTION('ref_axis',(0.,1.78818204167542E-15,1.));
#12872=DIRECTION('',(0.,1.,0.));
#12873=DIRECTION('',(0.,-1.,0.));
#12874=DIRECTION('center_axis',(0.,-1.,0.));
#12875=DIRECTION('ref_axis',(0.707106781186547,0.,0.707106781186547));
#12876=DIRECTION('',(0.,1.,0.));
#12877=DIRECTION('center_axis',(0.,0.,1.));
#12878=DIRECTION('ref_axis',(-1.,0.,0.));
#12879=DIRECTION('',(0.,-1.,0.));
#12880=DIRECTION('center_axis',(0.,-1.,0.));
#12881=DIRECTION('ref_axis',(-0.707106781186547,0.,0.707106781186547));
#12882=DIRECTION('',(0.,1.,0.));
#12883=DIRECTION('center_axis',(-1.,0.,1.77635683940026E-15));
#12884=DIRECTION('ref_axis',(-1.77635683940026E-15,-1.78818204167542E-15,
-1.));
#12885=DIRECTION('',(0.,-1.,0.));
#12886=DIRECTION('center_axis',(0.,-1.,0.));
#12887=DIRECTION('ref_axis',(-0.707106781186547,0.,-0.707106781186547));
#12888=DIRECTION('',(0.,1.,0.));
#12889=DIRECTION('center_axis',(0.,0.,-1.));
#12890=DIRECTION('ref_axis',(1.,0.,0.));
#12891=DIRECTION('',(0.,-1.,0.));
#12892=DIRECTION('center_axis',(0.,-1.,0.));
#12893=DIRECTION('ref_axis',(0.707106781186547,0.,-0.707106781186547));
#12894=DIRECTION('center_axis',(1.,0.,0.));
#12895=DIRECTION('ref_axis',(0.,1.78818204167542E-15,1.));
#12896=DIRECTION('',(0.,1.,0.));
#12897=DIRECTION('',(0.,-1.,0.));
#12898=DIRECTION('center_axis',(0.,-1.,0.));
#12899=DIRECTION('ref_axis',(0.707106781186547,0.,0.707106781186547));
#12900=DIRECTION('',(0.,1.,0.));
#12901=DIRECTION('center_axis',(0.,0.,1.));
#12902=DIRECTION('ref_axis',(-1.,0.,0.));
#12903=DIRECTION('',(0.,-1.,0.));
#12904=DIRECTION('center_axis',(0.,-1.,0.));
#12905=DIRECTION('ref_axis',(-0.707106781186547,0.,0.707106781186547));
#12906=DIRECTION('',(0.,1.,0.));
#12907=DIRECTION('center_axis',(-1.,0.,1.77635683940026E-15));
#12908=DIRECTION('ref_axis',(-1.77635683940026E-15,-1.78818204167542E-15,
-1.));
#12909=DIRECTION('',(0.,-1.,0.));
#12910=DIRECTION('center_axis',(0.,-1.,0.));
#12911=DIRECTION('ref_axis',(-0.707106781186547,0.,-0.707106781186547));
#12912=DIRECTION('',(0.,1.,0.));
#12913=DIRECTION('center_axis',(0.,0.,-1.));
#12914=DIRECTION('ref_axis',(1.,0.,0.));
#12915=DIRECTION('',(0.,-1.,0.));
#12916=DIRECTION('center_axis',(0.,-1.,0.));
#12917=DIRECTION('ref_axis',(0.707106781186547,0.,-0.707106781186547));
#12918=DIRECTION('center_axis',(1.,0.,0.));
#12919=DIRECTION('ref_axis',(0.,1.78818204167542E-15,1.));
#12920=DIRECTION('',(0.,1.,0.));
#12921=DIRECTION('',(0.,-1.,0.));
#12922=DIRECTION('center_axis',(0.,-1.,0.));
#12923=DIRECTION('ref_axis',(0.707106781186547,0.,0.707106781186547));
#12924=DIRECTION('',(0.,1.,0.));
#12925=DIRECTION('center_axis',(0.,0.,1.));
#12926=DIRECTION('ref_axis',(-1.,0.,0.));
#12927=DIRECTION('',(0.,-1.,0.));
#12928=DIRECTION('center_axis',(0.,-1.,0.));
#12929=DIRECTION('ref_axis',(-0.707106781186547,0.,0.707106781186547));
#12930=DIRECTION('',(0.,1.,0.));
#12931=DIRECTION('center_axis',(-1.,0.,1.77635683940026E-15));
#12932=DIRECTION('ref_axis',(-1.77635683940026E-15,-1.78818204167542E-15,
-1.));
#12933=DIRECTION('',(0.,-1.,0.));
#12934=DIRECTION('center_axis',(0.,-1.,0.));
#12935=DIRECTION('ref_axis',(-0.707106781186547,0.,-0.707106781186547));
#12936=DIRECTION('',(0.,1.,0.));
#12937=DIRECTION('center_axis',(0.,0.,-1.));
#12938=DIRECTION('ref_axis',(1.,0.,0.));
#12939=DIRECTION('',(0.,-1.,0.));
#12940=DIRECTION('center_axis',(0.,-1.,0.));
#12941=DIRECTION('ref_axis',(0.707106781186547,0.,-0.707106781186547));
#12942=DIRECTION('center_axis',(1.,0.,0.));
#12943=DIRECTION('ref_axis',(0.,1.78818204167542E-15,1.));
#12944=DIRECTION('',(0.,1.,0.));
#12945=DIRECTION('',(0.,-1.,0.));
#12946=DIRECTION('center_axis',(0.,-1.,0.));
#12947=DIRECTION('ref_axis',(0.707106781186547,0.,0.707106781186547));
#12948=DIRECTION('',(0.,1.,0.));
#12949=DIRECTION('center_axis',(0.,0.,1.));
#12950=DIRECTION('ref_axis',(-1.,0.,0.));
#12951=DIRECTION('',(0.,-1.,0.));
#12952=DIRECTION('center_axis',(0.,-1.,0.));
#12953=DIRECTION('ref_axis',(-0.707106781186547,0.,0.707106781186547));
#12954=DIRECTION('',(0.,1.,0.));
#12955=DIRECTION('center_axis',(-1.,0.,1.77635683940026E-15));
#12956=DIRECTION('ref_axis',(-1.77635683940026E-15,-1.78818204167542E-15,
-1.));
#12957=DIRECTION('',(0.,-1.,0.));
#12958=DIRECTION('center_axis',(0.,-1.,0.));
#12959=DIRECTION('ref_axis',(-0.707106781186547,0.,-0.707106781186547));
#12960=DIRECTION('',(0.,1.,0.));
#12961=DIRECTION('center_axis',(0.,0.,-1.));
#12962=DIRECTION('ref_axis',(1.,0.,0.));
#12963=DIRECTION('',(0.,-1.,0.));
#12964=DIRECTION('center_axis',(0.,-1.,0.));
#12965=DIRECTION('ref_axis',(0.707106781186547,0.,-0.707106781186547));
#12966=DIRECTION('center_axis',(1.,0.,0.));
#12967=DIRECTION('ref_axis',(0.,1.78818204167542E-15,1.));
#12968=DIRECTION('',(0.,1.,0.));
#12969=DIRECTION('',(0.,-1.,0.));
#12970=DIRECTION('center_axis',(0.,-1.,0.));
#12971=DIRECTION('ref_axis',(0.707106781186547,0.,0.707106781186547));
#12972=DIRECTION('',(0.,1.,0.));
#12973=DIRECTION('center_axis',(0.,0.,1.));
#12974=DIRECTION('ref_axis',(-1.,0.,0.));
#12975=DIRECTION('',(0.,-1.,0.));
#12976=DIRECTION('center_axis',(0.,-1.,0.));
#12977=DIRECTION('ref_axis',(-0.707106781186547,0.,0.707106781186547));
#12978=DIRECTION('',(0.,1.,0.));
#12979=DIRECTION('center_axis',(-1.,0.,1.77635683940026E-15));
#12980=DIRECTION('ref_axis',(-1.77635683940026E-15,-1.78818204167542E-15,
-1.));
#12981=DIRECTION('',(0.,-1.,0.));
#12982=DIRECTION('center_axis',(0.,-1.,0.));
#12983=DIRECTION('ref_axis',(-0.707106781186547,0.,-0.707106781186547));
#12984=DIRECTION('',(0.,1.,0.));
#12985=DIRECTION('center_axis',(0.,0.,-1.));
#12986=DIRECTION('ref_axis',(1.,0.,0.));
#12987=DIRECTION('',(0.,-1.,0.));
#12988=DIRECTION('center_axis',(0.,-1.,0.));
#12989=DIRECTION('ref_axis',(0.707106781186547,0.,-0.707106781186547));
#12990=DIRECTION('center_axis',(1.,0.,0.));
#12991=DIRECTION('ref_axis',(0.,1.78818204167542E-15,1.));
#12992=DIRECTION('',(0.,1.,0.));
#12993=DIRECTION('',(0.,-1.,0.));
#12994=DIRECTION('center_axis',(0.,-1.,0.));
#12995=DIRECTION('ref_axis',(0.707106781186547,0.,0.707106781186547));
#12996=DIRECTION('',(0.,1.,0.));
#12997=DIRECTION('center_axis',(0.,0.,1.));
#12998=DIRECTION('ref_axis',(-1.,0.,0.));
#12999=DIRECTION('',(0.,-1.,0.));
#13000=DIRECTION('center_axis',(0.,-1.,0.));
#13001=DIRECTION('ref_axis',(-0.707106781186547,0.,0.707106781186547));
#13002=DIRECTION('',(0.,1.,0.));
#13003=DIRECTION('center_axis',(-1.,0.,1.77635683940026E-15));
#13004=DIRECTION('ref_axis',(-1.77635683940026E-15,-1.78818204167542E-15,
-1.));
#13005=DIRECTION('',(0.,-1.,0.));
#13006=DIRECTION('center_axis',(0.,-1.,0.));
#13007=DIRECTION('ref_axis',(-0.707106781186547,0.,-0.707106781186547));
#13008=DIRECTION('',(0.,1.,0.));
#13009=DIRECTION('center_axis',(0.,0.,-1.));
#13010=DIRECTION('ref_axis',(1.,0.,0.));
#13011=DIRECTION('',(0.,-1.,0.));
#13012=DIRECTION('center_axis',(0.,-1.,0.));
#13013=DIRECTION('ref_axis',(0.707106781186547,0.,-0.707106781186547));
#13014=DIRECTION('center_axis',(1.,0.,0.));
#13015=DIRECTION('ref_axis',(0.,1.78818204167542E-15,1.));
#13016=DIRECTION('',(0.,1.,0.));
#13017=DIRECTION('',(0.,-1.,0.));
#13018=DIRECTION('center_axis',(0.,-1.,0.));
#13019=DIRECTION('ref_axis',(0.707106781186547,0.,0.707106781186547));
#13020=DIRECTION('',(0.,1.,0.));
#13021=DIRECTION('center_axis',(0.,0.,1.));
#13022=DIRECTION('ref_axis',(-1.,0.,0.));
#13023=DIRECTION('',(0.,-1.,0.));
#13024=DIRECTION('center_axis',(0.,-1.,0.));
#13025=DIRECTION('ref_axis',(-0.707106781186547,0.,0.707106781186547));
#13026=DIRECTION('',(0.,1.,0.));
#13027=DIRECTION('center_axis',(-1.,0.,1.77635683940026E-15));
#13028=DIRECTION('ref_axis',(-1.77635683940026E-15,-1.78818204167542E-15,
-1.));
#13029=DIRECTION('',(0.,-1.,0.));
#13030=DIRECTION('center_axis',(0.,-1.,0.));
#13031=DIRECTION('ref_axis',(-0.707106781186547,0.,-0.707106781186547));
#13032=DIRECTION('',(0.,1.,0.));
#13033=DIRECTION('center_axis',(0.,0.,-1.));
#13034=DIRECTION('ref_axis',(1.,0.,0.));
#13035=DIRECTION('',(0.,-1.,0.));
#13036=DIRECTION('center_axis',(0.,-1.,0.));
#13037=DIRECTION('ref_axis',(0.707106781186547,0.,-0.707106781186547));
#13038=DIRECTION('center_axis',(1.,0.,0.));
#13039=DIRECTION('ref_axis',(0.,1.78818204167542E-15,1.));
#13040=DIRECTION('',(0.,1.,0.));
#13041=DIRECTION('',(0.,-1.,0.));
#13042=DIRECTION('center_axis',(0.,-1.,0.));
#13043=DIRECTION('ref_axis',(0.707106781186547,0.,0.707106781186547));
#13044=DIRECTION('',(0.,1.,0.));
#13045=DIRECTION('center_axis',(0.,0.,1.));
#13046=DIRECTION('ref_axis',(-1.,0.,0.));
#13047=DIRECTION('',(0.,-1.,0.));
#13048=DIRECTION('center_axis',(0.,-1.,0.));
#13049=DIRECTION('ref_axis',(-0.707106781186547,0.,0.707106781186547));
#13050=DIRECTION('',(0.,1.,0.));
#13051=DIRECTION('center_axis',(-1.,0.,1.77635683940026E-15));
#13052=DIRECTION('ref_axis',(-1.77635683940026E-15,-1.78818204167542E-15,
-1.));
#13053=DIRECTION('',(0.,-1.,0.));
#13054=DIRECTION('center_axis',(0.,-1.,0.));
#13055=DIRECTION('ref_axis',(-0.707106781186547,0.,-0.707106781186547));
#13056=DIRECTION('',(0.,1.,0.));
#13057=DIRECTION('center_axis',(0.,0.,-1.));
#13058=DIRECTION('ref_axis',(1.,0.,0.));
#13059=DIRECTION('',(0.,-1.,0.));
#13060=DIRECTION('center_axis',(0.,-1.,0.));
#13061=DIRECTION('ref_axis',(0.707106781186547,0.,-0.707106781186547));
#13062=DIRECTION('center_axis',(1.,0.,0.));
#13063=DIRECTION('ref_axis',(0.,1.78818204167542E-15,1.));
#13064=DIRECTION('',(0.,1.,0.));
#13065=DIRECTION('',(0.,-1.,0.));
#13066=DIRECTION('center_axis',(0.,-1.,0.));
#13067=DIRECTION('ref_axis',(0.707106781186547,0.,0.707106781186547));
#13068=DIRECTION('',(0.,1.,0.));
#13069=DIRECTION('center_axis',(0.,0.,1.));
#13070=DIRECTION('ref_axis',(-1.,0.,0.));
#13071=DIRECTION('',(0.,-1.,0.));
#13072=DIRECTION('center_axis',(0.,-1.,0.));
#13073=DIRECTION('ref_axis',(-0.707106781186547,0.,0.707106781186547));
#13074=DIRECTION('',(0.,1.,0.));
#13075=DIRECTION('center_axis',(-1.,0.,1.77635683940026E-15));
#13076=DIRECTION('ref_axis',(-1.77635683940026E-15,-1.78818204167542E-15,
-1.));
#13077=DIRECTION('',(0.,-1.,0.));
#13078=DIRECTION('center_axis',(0.,-1.,0.));
#13079=DIRECTION('ref_axis',(-0.707106781186547,0.,-0.707106781186547));
#13080=DIRECTION('',(0.,1.,0.));
#13081=DIRECTION('center_axis',(0.,0.,-1.));
#13082=DIRECTION('ref_axis',(1.,0.,0.));
#13083=DIRECTION('',(0.,-1.,0.));
#13084=DIRECTION('center_axis',(0.,-1.,0.));
#13085=DIRECTION('ref_axis',(0.707106781186547,0.,-0.707106781186547));
#13086=DIRECTION('center_axis',(1.,0.,0.));
#13087=DIRECTION('ref_axis',(0.,1.78818204167542E-15,1.));
#13088=DIRECTION('',(0.,1.,0.));
#13089=DIRECTION('',(0.,-1.,0.));
#13090=DIRECTION('center_axis',(0.,-1.,0.));
#13091=DIRECTION('ref_axis',(0.707106781186547,0.,0.707106781186547));
#13092=DIRECTION('',(0.,1.,0.));
#13093=DIRECTION('center_axis',(0.,0.,1.));
#13094=DIRECTION('ref_axis',(-1.,0.,0.));
#13095=DIRECTION('',(0.,-1.,0.));
#13096=DIRECTION('center_axis',(0.,-1.,0.));
#13097=DIRECTION('ref_axis',(-0.707106781186547,0.,0.707106781186547));
#13098=DIRECTION('',(0.,1.,0.));
#13099=DIRECTION('center_axis',(-1.,0.,1.77635683940026E-15));
#13100=DIRECTION('ref_axis',(-1.77635683940026E-15,-1.78818204167542E-15,
-1.));
#13101=DIRECTION('',(0.,-1.,0.));
#13102=DIRECTION('center_axis',(0.,-1.,0.));
#13103=DIRECTION('ref_axis',(-0.707106781186547,0.,-0.707106781186547));
#13104=DIRECTION('',(0.,1.,0.));
#13105=DIRECTION('center_axis',(0.,0.,-1.));
#13106=DIRECTION('ref_axis',(1.,0.,0.));
#13107=DIRECTION('',(0.,-1.,0.));
#13108=DIRECTION('center_axis',(0.,-1.,0.));
#13109=DIRECTION('ref_axis',(0.707106781186547,0.,-0.707106781186547));
#13110=DIRECTION('center_axis',(1.,0.,0.));
#13111=DIRECTION('ref_axis',(0.,1.78818204167542E-15,1.));
#13112=DIRECTION('',(0.,1.,0.));
#13113=DIRECTION('',(0.,-1.,0.));
#13114=DIRECTION('center_axis',(0.,-1.,0.));
#13115=DIRECTION('ref_axis',(0.707106781186547,0.,0.707106781186547));
#13116=DIRECTION('',(0.,1.,0.));
#13117=DIRECTION('center_axis',(0.,0.,1.));
#13118=DIRECTION('ref_axis',(-1.,0.,0.));
#13119=DIRECTION('',(0.,-1.,0.));
#13120=DIRECTION('center_axis',(0.,-1.,0.));
#13121=DIRECTION('ref_axis',(-0.707106781186547,0.,0.707106781186547));
#13122=DIRECTION('',(0.,1.,0.));
#13123=DIRECTION('center_axis',(-1.,0.,1.77635683940026E-15));
#13124=DIRECTION('ref_axis',(-1.77635683940026E-15,-1.78818204167542E-15,
-1.));
#13125=DIRECTION('',(0.,-1.,0.));
#13126=DIRECTION('center_axis',(0.,-1.,0.));
#13127=DIRECTION('ref_axis',(-0.707106781186547,0.,-0.707106781186547));
#13128=DIRECTION('',(0.,1.,0.));
#13129=DIRECTION('center_axis',(0.,0.,-1.));
#13130=DIRECTION('ref_axis',(1.,0.,0.));
#13131=DIRECTION('',(0.,-1.,0.));
#13132=DIRECTION('center_axis',(0.,-1.,0.));
#13133=DIRECTION('ref_axis',(0.707106781186547,0.,-0.707106781186547));
#13134=DIRECTION('center_axis',(1.,0.,0.));
#13135=DIRECTION('ref_axis',(0.,1.78818204167542E-15,1.));
#13136=DIRECTION('',(0.,1.,0.));
#13137=DIRECTION('',(0.,-1.,0.));
#13138=DIRECTION('center_axis',(0.,-1.,0.));
#13139=DIRECTION('ref_axis',(0.707106781186547,0.,0.707106781186547));
#13140=DIRECTION('',(0.,1.,0.));
#13141=DIRECTION('center_axis',(0.,0.,1.));
#13142=DIRECTION('ref_axis',(-1.,0.,0.));
#13143=DIRECTION('',(0.,-1.,0.));
#13144=DIRECTION('center_axis',(0.,-1.,0.));
#13145=DIRECTION('ref_axis',(-0.707106781186547,0.,0.707106781186547));
#13146=DIRECTION('',(0.,1.,0.));
#13147=DIRECTION('center_axis',(-1.,0.,1.77635683940026E-15));
#13148=DIRECTION('ref_axis',(-1.77635683940026E-15,-1.78818204167542E-15,
-1.));
#13149=DIRECTION('',(0.,-1.,0.));
#13150=DIRECTION('center_axis',(0.,-1.,0.));
#13151=DIRECTION('ref_axis',(-0.707106781186547,0.,-0.707106781186547));
#13152=DIRECTION('',(0.,1.,0.));
#13153=DIRECTION('center_axis',(0.,0.,-1.));
#13154=DIRECTION('ref_axis',(1.,0.,0.));
#13155=DIRECTION('',(0.,-1.,0.));
#13156=DIRECTION('center_axis',(0.,-1.,0.));
#13157=DIRECTION('ref_axis',(0.707106781186547,0.,-0.707106781186547));
#13158=DIRECTION('center_axis',(1.,0.,0.));
#13159=DIRECTION('ref_axis',(0.,1.78818204167542E-15,1.));
#13160=DIRECTION('',(0.,1.,0.));
#13161=DIRECTION('',(0.,-1.,0.));
#13162=DIRECTION('center_axis',(0.,-1.,0.));
#13163=DIRECTION('ref_axis',(0.707106781186547,0.,0.707106781186547));
#13164=DIRECTION('',(0.,1.,0.));
#13165=DIRECTION('center_axis',(0.,0.,1.));
#13166=DIRECTION('ref_axis',(-1.,0.,0.));
#13167=DIRECTION('',(0.,-1.,0.));
#13168=DIRECTION('center_axis',(0.,-1.,0.));
#13169=DIRECTION('ref_axis',(-0.707106781186547,0.,0.707106781186547));
#13170=DIRECTION('',(0.,1.,0.));
#13171=DIRECTION('center_axis',(-1.,0.,1.77635683940026E-15));
#13172=DIRECTION('ref_axis',(-1.77635683940026E-15,-1.78818204167542E-15,
-1.));
#13173=DIRECTION('',(0.,-1.,0.));
#13174=DIRECTION('center_axis',(0.,-1.,0.));
#13175=DIRECTION('ref_axis',(-0.707106781186547,0.,-0.707106781186547));
#13176=DIRECTION('',(0.,1.,0.));
#13177=DIRECTION('center_axis',(0.,0.,-1.));
#13178=DIRECTION('ref_axis',(1.,0.,0.));
#13179=DIRECTION('',(0.,-1.,0.));
#13180=DIRECTION('center_axis',(0.,-1.,0.));
#13181=DIRECTION('ref_axis',(0.707106781186547,0.,-0.707106781186547));
#13182=DIRECTION('center_axis',(1.,0.,0.));
#13183=DIRECTION('ref_axis',(0.,1.78818204167542E-15,1.));
#13184=DIRECTION('',(0.,1.,0.));
#13185=DIRECTION('',(0.,-1.,0.));
#13186=DIRECTION('center_axis',(0.,-1.,0.));
#13187=DIRECTION('ref_axis',(0.707106781186547,0.,0.707106781186547));
#13188=DIRECTION('',(0.,1.,0.));
#13189=DIRECTION('center_axis',(0.,0.,1.));
#13190=DIRECTION('ref_axis',(-1.,0.,0.));
#13191=DIRECTION('',(0.,-1.,0.));
#13192=DIRECTION('center_axis',(0.,-1.,0.));
#13193=DIRECTION('ref_axis',(-0.707106781186547,0.,0.707106781186547));
#13194=DIRECTION('',(0.,1.,0.));
#13195=DIRECTION('center_axis',(-1.,0.,1.77635683940026E-15));
#13196=DIRECTION('ref_axis',(-1.77635683940026E-15,-1.78818204167542E-15,
-1.));
#13197=DIRECTION('',(0.,-1.,0.));
#13198=DIRECTION('center_axis',(0.,-1.,0.));
#13199=DIRECTION('ref_axis',(-0.707106781186547,0.,-0.707106781186547));
#13200=DIRECTION('',(0.,1.,0.));
#13201=DIRECTION('center_axis',(0.,0.,-1.));
#13202=DIRECTION('ref_axis',(1.,0.,0.));
#13203=DIRECTION('',(0.,-1.,0.));
#13204=DIRECTION('center_axis',(0.,-1.,0.));
#13205=DIRECTION('ref_axis',(0.707106781186547,0.,-0.707106781186547));
#13206=DIRECTION('center_axis',(1.,0.,0.));
#13207=DIRECTION('ref_axis',(0.,1.78818204167542E-15,1.));
#13208=DIRECTION('',(0.,1.,0.));
#13209=DIRECTION('',(0.,-1.,0.));
#13210=DIRECTION('center_axis',(0.,-1.,0.));
#13211=DIRECTION('ref_axis',(0.707106781186547,0.,0.707106781186547));
#13212=DIRECTION('',(0.,1.,0.));
#13213=DIRECTION('center_axis',(0.,0.,1.));
#13214=DIRECTION('ref_axis',(-1.,0.,0.));
#13215=DIRECTION('',(0.,-1.,0.));
#13216=DIRECTION('center_axis',(0.,-1.,0.));
#13217=DIRECTION('ref_axis',(-0.707106781186547,0.,0.707106781186547));
#13218=DIRECTION('',(0.,1.,0.));
#13219=DIRECTION('center_axis',(-1.,0.,1.77635683940026E-15));
#13220=DIRECTION('ref_axis',(-1.77635683940026E-15,-1.78818204167542E-15,
-1.));
#13221=DIRECTION('',(0.,-1.,0.));
#13222=DIRECTION('center_axis',(0.,-1.,0.));
#13223=DIRECTION('ref_axis',(-0.707106781186547,0.,-0.707106781186547));
#13224=DIRECTION('',(0.,1.,0.));
#13225=DIRECTION('center_axis',(0.,0.,-1.));
#13226=DIRECTION('ref_axis',(1.,0.,0.));
#13227=DIRECTION('',(0.,-1.,0.));
#13228=DIRECTION('center_axis',(0.,-1.,0.));
#13229=DIRECTION('ref_axis',(0.707106781186547,0.,-0.707106781186547));
#13230=DIRECTION('center_axis',(1.,0.,0.));
#13231=DIRECTION('ref_axis',(0.,1.78818204167542E-15,1.));
#13232=DIRECTION('',(0.,1.,0.));
#13233=DIRECTION('',(0.,-1.,0.));
#13234=DIRECTION('center_axis',(0.,-1.,0.));
#13235=DIRECTION('ref_axis',(0.707106781186547,0.,0.707106781186547));
#13236=DIRECTION('',(0.,1.,0.));
#13237=DIRECTION('center_axis',(0.,0.,1.));
#13238=DIRECTION('ref_axis',(-1.,0.,0.));
#13239=DIRECTION('',(0.,-1.,0.));
#13240=DIRECTION('center_axis',(0.,-1.,0.));
#13241=DIRECTION('ref_axis',(-0.707106781186547,0.,0.707106781186547));
#13242=DIRECTION('',(0.,1.,0.));
#13243=DIRECTION('center_axis',(-1.,0.,1.77635683940026E-15));
#13244=DIRECTION('ref_axis',(-1.77635683940026E-15,-1.78818204167542E-15,
-1.));
#13245=DIRECTION('',(0.,-1.,0.));
#13246=DIRECTION('center_axis',(0.,-1.,0.));
#13247=DIRECTION('ref_axis',(-0.707106781186547,0.,-0.707106781186547));
#13248=DIRECTION('',(0.,1.,0.));
#13249=DIRECTION('center_axis',(0.,0.,-1.));
#13250=DIRECTION('ref_axis',(1.,0.,0.));
#13251=DIRECTION('',(0.,-1.,0.));
#13252=DIRECTION('center_axis',(0.,-1.,0.));
#13253=DIRECTION('ref_axis',(0.707106781186547,0.,-0.707106781186547));
#13254=DIRECTION('center_axis',(1.,0.,0.));
#13255=DIRECTION('ref_axis',(0.,1.78818204167542E-15,1.));
#13256=DIRECTION('',(0.,-1.,0.));
#13257=DIRECTION('center_axis',(0.,-1.,0.));
#13258=DIRECTION('ref_axis',(0.707106781186547,0.,0.707106781186547));
#13259=DIRECTION('',(0.,1.,0.));
#13260=DIRECTION('center_axis',(0.,0.,1.));
#13261=DIRECTION('ref_axis',(-1.,0.,0.));
#13262=DIRECTION('center_axis',(-1.,0.,1.77635683940026E-15));
#13263=DIRECTION('ref_axis',(-1.77635683940026E-15,-1.78818204167542E-15,
-1.));
#13264=DIRECTION('',(0.,-1.,0.));
#13265=DIRECTION('center_axis',(0.,-1.,0.));
#13266=DIRECTION('ref_axis',(-0.707106781186547,0.,-0.707106781186547));
#13267=DIRECTION('center_axis',(1.,0.,0.));
#13268=DIRECTION('ref_axis',(0.,1.78818204167542E-15,1.));
#13269=DIRECTION('',(0.,1.,0.));
#13270=DIRECTION('',(0.,-1.,0.));
#13271=DIRECTION('center_axis',(0.,-1.,0.));
#13272=DIRECTION('ref_axis',(0.707106781186547,0.,0.707106781186547));
#13273=DIRECTION('',(0.,1.,0.));
#13274=DIRECTION('center_axis',(0.,0.,1.));
#13275=DIRECTION('ref_axis',(-1.,0.,0.));
#13276=DIRECTION('',(0.,-1.,0.));
#13277=DIRECTION('center_axis',(0.,-1.,0.));
#13278=DIRECTION('ref_axis',(-0.707106781186547,0.,0.707106781186547));
#13279=DIRECTION('',(0.,1.,0.));
#13280=DIRECTION('center_axis',(-1.,0.,1.77635683940026E-15));
#13281=DIRECTION('ref_axis',(-1.77635683940026E-15,-1.78818204167542E-15,
-1.));
#13282=DIRECTION('',(0.,-1.,0.));
#13283=DIRECTION('center_axis',(0.,-1.,0.));
#13284=DIRECTION('ref_axis',(-0.707106781186547,0.,-0.707106781186547));
#13285=DIRECTION('',(0.,1.,0.));
#13286=DIRECTION('center_axis',(0.,0.,-1.));
#13287=DIRECTION('ref_axis',(1.,0.,0.));
#13288=DIRECTION('',(0.,-1.,0.));
#13289=DIRECTION('center_axis',(0.,-1.,0.));
#13290=DIRECTION('ref_axis',(0.707106781186547,0.,-0.707106781186547));
#13291=DIRECTION('center_axis',(1.,0.,0.));
#13292=DIRECTION('ref_axis',(0.,1.78818204167542E-15,1.));
#13293=DIRECTION('',(0.,1.,0.));
#13294=DIRECTION('',(0.,-1.,0.));
#13295=DIRECTION('center_axis',(0.,-1.,0.));
#13296=DIRECTION('ref_axis',(0.707106781186547,0.,0.707106781186547));
#13297=DIRECTION('',(0.,1.,0.));
#13298=DIRECTION('center_axis',(0.,0.,1.));
#13299=DIRECTION('ref_axis',(-1.,0.,0.));
#13300=DIRECTION('',(0.,-1.,0.));
#13301=DIRECTION('center_axis',(0.,-1.,0.));
#13302=DIRECTION('ref_axis',(-0.707106781186547,0.,0.707106781186547));
#13303=DIRECTION('',(0.,1.,0.));
#13304=DIRECTION('center_axis',(-1.,0.,1.77635683940026E-15));
#13305=DIRECTION('ref_axis',(-1.77635683940026E-15,-1.78818204167542E-15,
-1.));
#13306=DIRECTION('',(0.,-1.,0.));
#13307=DIRECTION('center_axis',(0.,-1.,0.));
#13308=DIRECTION('ref_axis',(-0.707106781186547,0.,-0.707106781186547));
#13309=DIRECTION('',(0.,1.,0.));
#13310=DIRECTION('center_axis',(0.,0.,-1.));
#13311=DIRECTION('ref_axis',(1.,0.,0.));
#13312=DIRECTION('',(0.,-1.,0.));
#13313=DIRECTION('center_axis',(0.,-1.,0.));
#13314=DIRECTION('ref_axis',(0.707106781186547,0.,-0.707106781186547));
#13315=DIRECTION('center_axis',(1.,0.,0.));
#13316=DIRECTION('ref_axis',(0.,1.78818204167542E-15,1.));
#13317=DIRECTION('',(0.,1.,0.));
#13318=DIRECTION('',(0.,-1.,0.));
#13319=DIRECTION('center_axis',(0.,-1.,0.));
#13320=DIRECTION('ref_axis',(0.707106781186547,0.,0.707106781186547));
#13321=DIRECTION('',(0.,1.,0.));
#13322=DIRECTION('center_axis',(0.,0.,1.));
#13323=DIRECTION('ref_axis',(-1.,0.,0.));
#13324=DIRECTION('',(0.,-1.,0.));
#13325=DIRECTION('center_axis',(0.,-1.,0.));
#13326=DIRECTION('ref_axis',(-0.707106781186547,0.,0.707106781186547));
#13327=DIRECTION('',(0.,1.,0.));
#13328=DIRECTION('center_axis',(-1.,0.,1.77635683940026E-15));
#13329=DIRECTION('ref_axis',(-1.77635683940026E-15,-1.78818204167542E-15,
-1.));
#13330=DIRECTION('',(0.,-1.,0.));
#13331=DIRECTION('center_axis',(0.,-1.,0.));
#13332=DIRECTION('ref_axis',(-0.707106781186547,0.,-0.707106781186547));
#13333=DIRECTION('',(0.,1.,0.));
#13334=DIRECTION('center_axis',(0.,0.,-1.));
#13335=DIRECTION('ref_axis',(1.,0.,0.));
#13336=DIRECTION('',(0.,-1.,0.));
#13337=DIRECTION('center_axis',(0.,-1.,0.));
#13338=DIRECTION('ref_axis',(0.707106781186547,0.,-0.707106781186547));
#13339=DIRECTION('center_axis',(1.,0.,0.));
#13340=DIRECTION('ref_axis',(0.,1.78818204167542E-15,1.));
#13341=DIRECTION('',(0.,1.,0.));
#13342=DIRECTION('',(0.,-1.,0.));
#13343=DIRECTION('center_axis',(0.,-1.,0.));
#13344=DIRECTION('ref_axis',(0.707106781186547,0.,0.707106781186547));
#13345=DIRECTION('',(0.,1.,0.));
#13346=DIRECTION('center_axis',(0.,0.,1.));
#13347=DIRECTION('ref_axis',(-1.,0.,0.));
#13348=DIRECTION('',(0.,-1.,0.));
#13349=DIRECTION('center_axis',(0.,-1.,0.));
#13350=DIRECTION('ref_axis',(-0.707106781186547,0.,0.707106781186547));
#13351=DIRECTION('',(0.,1.,0.));
#13352=DIRECTION('center_axis',(-1.,0.,1.77635683940026E-15));
#13353=DIRECTION('ref_axis',(-1.77635683940026E-15,-1.78818204167542E-15,
-1.));
#13354=DIRECTION('',(0.,-1.,0.));
#13355=DIRECTION('center_axis',(0.,-1.,0.));
#13356=DIRECTION('ref_axis',(-0.707106781186547,0.,-0.707106781186547));
#13357=DIRECTION('',(0.,1.,0.));
#13358=DIRECTION('center_axis',(0.,0.,-1.));
#13359=DIRECTION('ref_axis',(1.,0.,0.));
#13360=DIRECTION('',(0.,-1.,0.));
#13361=DIRECTION('center_axis',(0.,-1.,0.));
#13362=DIRECTION('ref_axis',(0.707106781186547,0.,-0.707106781186547));
#13363=DIRECTION('center_axis',(0.,0.707106781186546,-0.70710678118655));
#13364=DIRECTION('ref_axis',(0.,0.707106781186549,0.707106781186545));
#13365=DIRECTION('',(0.,0.707106781186549,0.707106781186545));
#13366=DIRECTION('',(1.,0.,0.));
#13367=DIRECTION('center_axis',(0.,0.707106781186545,0.70710678118655));
#13368=DIRECTION('ref_axis',(0.,-0.70710678118655,0.707106781186545));
#13369=DIRECTION('',(1.,0.,0.));
#13370=DIRECTION('',(0.,-0.70710678118655,0.707106781186545));
#13371=DIRECTION('center_axis',(0.,-0.707106781186546,0.70710678118655));
#13372=DIRECTION('ref_axis',(0.,0.707106781186549,0.707106781186545));
#13373=DIRECTION('',(-1.,0.,0.));
#13374=DIRECTION('',(0.,-0.707106781186549,-0.707106781186545));
#13375=DIRECTION('center_axis',(0.,-0.707106781186545,-0.70710678118655));
#13376=DIRECTION('ref_axis',(0.,-0.70710678118655,0.707106781186545));
#13377=DIRECTION('',(0.,0.70710678118655,-0.707106781186545));
#13378=DIRECTION('',(-1.,0.,0.));
#13379=DIRECTION('center_axis',(0.,-0.707106781169251,0.707106781203844));
#13380=DIRECTION('ref_axis',(0.,0.707106781203844,0.707106781169251));
#13381=DIRECTION('',(0.,-0.707106781203844,-0.707106781169251));
#13382=DIRECTION('',(1.,0.,0.));
#13383=DIRECTION('',(0.,0.707106781203844,0.707106781169251));
#13384=DIRECTION('center_axis',(0.,-2.19900904614239E-15,1.));
#13385=DIRECTION('ref_axis',(0.,1.,2.19900904614239E-15));
#13386=DIRECTION('',(0.,1.,2.19900904614239E-15));
#13387=DIRECTION('',(0.,-1.,-2.19900904614239E-15));
#13388=DIRECTION('',(1.,0.,0.));
#13389=DIRECTION('center_axis',(0.,0.,-1.));
#13390=DIRECTION('ref_axis',(0.,-1.,0.));
#13391=DIRECTION('',(-1.,0.,0.));
#13392=DIRECTION('',(1.,0.,0.));
#13393=DIRECTION('center_axis',(1.,0.,0.));
#13394=DIRECTION('ref_axis',(0.,0.,-1.));
#13395=DIRECTION('',(0.,0.707106781093186,0.707106781279909));
#13396=DIRECTION('center_axis',(1.,0.,0.));
#13397=DIRECTION('ref_axis',(0.,0.,-1.));
#13398=DIRECTION('center_axis',(0.,-0.707106781186238,0.707106781186857));
#13399=DIRECTION('ref_axis',(0.,-0.707106781186857,-0.707106781186238));
#13400=DIRECTION('',(1.,0.,0.));
#13401=DIRECTION('center_axis',(0.,0.707106781279909,-0.707106781093186));
#13402=DIRECTION('ref_axis',(0.,-0.707106781093186,-0.707106781279909));
#13403=DIRECTION('center_axis',(1.,0.,0.));
#13404=DIRECTION('ref_axis',(0.,0.,-1.));
#13405=DIRECTION('',(-1.,0.,0.));
#13406=DIRECTION('center_axis',(1.,0.,0.));
#13407=DIRECTION('ref_axis',(0.,0.,-1.));
#13408=DIRECTION('center_axis',(-1.,0.,0.));
#13409=DIRECTION('ref_axis',(0.,0.,-1.));
#13410=DIRECTION('center_axis',(1.,0.,0.));
#13411=DIRECTION('ref_axis',(0.,0.,-1.));
#13412=DIRECTION('center_axis',(1.,0.,0.));
#13413=DIRECTION('ref_axis',(0.,0.,-1.));
#13414=DIRECTION('',(0.,-0.707106781093186,-0.707106781279909));
#13415=DIRECTION('center_axis',(0.,0.707106781186547,0.707106781186548));
#13416=DIRECTION('ref_axis',(0.,-0.707106781186548,0.707106781186547));
#13417=DIRECTION('',(1.,0.,0.));
#13418=DIRECTION('',(0.,0.707106781186548,-0.707106781186547));
#13419=DIRECTION('',(1.,0.,0.));
#13420=DIRECTION('center_axis',(1.,0.,0.));
#13421=DIRECTION('ref_axis',(0.,0.,-1.));
#13422=DIRECTION('center_axis',(1.,0.,0.));
#13423=DIRECTION('ref_axis',(0.,0.,-1.));
#13424=DIRECTION('',(1.,0.,0.));
#13425=DIRECTION('center_axis',(1.,0.,0.));
#13426=DIRECTION('ref_axis',(0.,0.,-1.));
#13427=DIRECTION('center_axis',(1.,0.,0.));
#13428=DIRECTION('ref_axis',(0.,0.,-1.));
#13429=DIRECTION('center_axis',(1.,0.,0.));
#13430=DIRECTION('ref_axis',(0.,0.,-1.));
#13431=DIRECTION('center_axis',(1.,0.,0.));
#13432=DIRECTION('ref_axis',(0.,0.,-1.));
#13433=DIRECTION('',(1.,0.,0.));
#13434=DIRECTION('center_axis',(1.,0.,0.));
#13435=DIRECTION('ref_axis',(0.,0.,-1.));
#13436=DIRECTION('center_axis',(1.,0.,0.));
#13437=DIRECTION('ref_axis',(0.,0.,-1.));
#13438=DIRECTION('',(0.,0.,-1.));
#13439=DIRECTION('center_axis',(1.,0.,0.));
#13440=DIRECTION('ref_axis',(0.,0.,-1.));
#13441=DIRECTION('center_axis',(-1.,0.,0.));
#13442=DIRECTION('ref_axis',(0.,0.,-1.));
#13443=DIRECTION('',(1.,0.,0.));
#13444=DIRECTION('center_axis',(-1.,0.,0.));
#13445=DIRECTION('ref_axis',(0.,0.,-1.));
#13446=DIRECTION('center_axis',(1.,0.,0.));
#13447=DIRECTION('ref_axis',(0.,0.,-1.));
#13448=DIRECTION('center_axis',(-1.,0.,0.));
#13449=DIRECTION('ref_axis',(0.,0.,-1.));
#13450=DIRECTION('center_axis',(-1.,0.,0.));
#13451=DIRECTION('ref_axis',(0.,0.,-1.));
#13452=DIRECTION('',(0.,0.,1.));
#13453=DIRECTION('center_axis',(1.,0.,0.));
#13454=DIRECTION('ref_axis',(0.,0.,-1.));
#13455=DIRECTION('center_axis',(1.,0.,0.));
#13456=DIRECTION('ref_axis',(0.,0.,-1.));
#13457=DIRECTION('',(1.,0.,0.));
#13458=DIRECTION('center_axis',(1.,0.,0.));
#13459=DIRECTION('ref_axis',(0.,0.,-1.));
#13460=DIRECTION('',(-1.,0.,0.));
#13461=DIRECTION('center_axis',(-1.,0.,0.));
#13462=DIRECTION('ref_axis',(0.,0.,-1.));
#13463=DIRECTION('center_axis',(1.,0.,0.));
#13464=DIRECTION('ref_axis',(0.,0.,-1.));
#13465=DIRECTION('',(-1.,0.,0.));
#13466=DIRECTION('center_axis',(1.,0.,0.));
#13467=DIRECTION('ref_axis',(0.,0.,-1.));
#13468=DIRECTION('',(-1.,0.,0.));
#13469=DIRECTION('center_axis',(-1.,0.,0.));
#13470=DIRECTION('ref_axis',(0.,0.,-1.));
#13471=DIRECTION('center_axis',(0.,0.707106781186776,-0.70710678118632));
#13472=DIRECTION('ref_axis',(0.,-0.70710678118632,-0.707106781186776));
#13473=DIRECTION('center_axis',(1.,0.,0.));
#13474=DIRECTION('ref_axis',(0.,0.,-1.));
#13475=DIRECTION('',(-1.,0.,0.));
#13476=DIRECTION('center_axis',(0.,-1.,0.));
#13477=DIRECTION('ref_axis',(2.58650244079315E-12,0.,-1.));
#13478=DIRECTION('',(0.,-1.,0.));
#13479=DIRECTION('center_axis',(4.80919008321699E-12,0.,1.));
#13480=DIRECTION('ref_axis',(-1.,-1.10294852886463E-27,4.80919008321699E-12));
#13481=DIRECTION('center_axis',(0.,1.,2.29341845462436E-16));
#13482=DIRECTION('ref_axis',(-1.,0.,0.));
#13483=DIRECTION('center_axis',(0.,-1.,-2.29341845462436E-16));
#13484=DIRECTION('ref_axis',(2.90434343244484E-12,-2.29341845462436E-16,
1.));
#13485=DIRECTION('',(-1.,-6.63507327261367E-28,2.89309317243653E-12));
#13486=DIRECTION('center_axis',(0.,-1.,-2.29341845462436E-16));
#13487=DIRECTION('ref_axis',(-2.89863371403251E-12,2.29341845462436E-16,
-1.));
#13488=DIRECTION('',(1.,6.69754019249505E-28,-2.92033064397402E-12));
#13489=DIRECTION('center_axis',(0.,-1.,-2.29341845462436E-16));
#13490=DIRECTION('ref_axis',(2.90434343244484E-12,-2.29341845462436E-16,
1.));
#13491=DIRECTION('center_axis',(0.,1.,2.29341845462436E-16));
#13492=DIRECTION('ref_axis',(-2.91011659218311E-12,0.,-1.));
#13493=DIRECTION('',(1.,6.63643124913284E-28,-2.893685291383E-12));
#13494=DIRECTION('center_axis',(0.,1.,2.29341845462436E-16));
#13495=DIRECTION('ref_axis',(2.90523161087472E-12,0.,1.));
#13496=DIRECTION('',(-1.,-6.66087482647772E-28,2.9043434324194E-12));
#13497=DIRECTION('center_axis',(0.,-1.,0.));
#13498=DIRECTION('ref_axis',(2.90434343244484E-12,0.,1.));
#13499=DIRECTION('center_axis',(0.,1.,3.08395284618099E-16));
#13500=DIRECTION('ref_axis',(0.545403561227402,-2.77555756158719E-16,0.838173583096287));
#13501=DIRECTION('',(0.,-1.,0.));
#13502=DIRECTION('center_axis',(2.89309317243653E-12,0.,1.));
#13503=DIRECTION('ref_axis',(-1.,-6.63507327261367E-28,2.89309317243653E-12));
#13504=DIRECTION('',(1.,8.92216292340242E-28,-2.89309317243653E-12));
#13505=DIRECTION('',(0.,-1.,0.));
#13506=DIRECTION('center_axis',(-2.88267394522181E-12,0.0871557427476582,
-0.996194698091746));
#13507=DIRECTION('ref_axis',(1.,6.56332273143882E-28,-2.893685291383E-12));
#13508=DIRECTION('',(-1.,-8.92398899031267E-28,2.893685291383E-12));
#13509=DIRECTION('',(-2.52201290848459E-13,-0.996194698091746,-0.0871557427476582));
#13510=DIRECTION('',(-2.52627045025804E-13,-0.996194698091746,-0.0871557427476582));
#13511=DIRECTION('center_axis',(-2.92033064397402E-12,0.,-1.));
#13512=DIRECTION('ref_axis',(1.,6.69754019249505E-28,-2.92033064397402E-12));
#13513=DIRECTION('',(-1.,-9.00616200127323E-28,2.92033064397402E-12));
#13514=DIRECTION('',(0.,-1.,0.));
#13515=DIRECTION('',(0.,-1.,0.));
#13516=DIRECTION('center_axis',(0.,-1.,0.));
#13517=DIRECTION('ref_axis',(-2.89863371403251E-12,0.,-1.));
#13518=DIRECTION('center_axis',(0.,1.,3.08395284618099E-16));
#13519=DIRECTION('ref_axis',(-1.,0.,2.89918001425098E-12));
#13520=DIRECTION('center_axis',(0.,1.,0.));
#13521=DIRECTION('ref_axis',(2.90523161087472E-12,0.,1.));
#13522=DIRECTION('center_axis',(0.,-1.,0.));
#13523=DIRECTION('ref_axis',(2.90479924756686E-12,0.,1.));
#13524=DIRECTION('',(2.53130209046796E-13,-0.996194698091746,0.0871557427476582));
#13525=DIRECTION('center_axis',(1.,0.,0.));
#13526=DIRECTION('ref_axis',(0.,0.,-1.));
#13527=DIRECTION('',(0.,-0.707106781093186,-0.707106781279909));
#13528=DIRECTION('',(0.,3.08395284618099E-16,-1.));
#13529=DIRECTION('',(0.,-1.,0.));
#13530=DIRECTION('',(0.,-2.29341845462436E-16,1.));
#13531=DIRECTION('',(0.,1.,0.));
#13532=DIRECTION('',(0.,3.08395284618099E-16,-1.));
#13533=DIRECTION('',(0.,0.,-1.));
#13534=DIRECTION('center_axis',(0.,1.,2.29341845462436E-16));
#13535=DIRECTION('ref_axis',(-1.,0.,0.));
#13536=DIRECTION('center_axis',(0.,-1.,-2.29341845462436E-16));
#13537=DIRECTION('ref_axis',(2.90434343244484E-12,2.29341845462436E-16,
-1.));
#13538=DIRECTION('',(1.,-6.69754019249505E-28,2.92033064397402E-12));
#13539=DIRECTION('center_axis',(0.,-1.,-2.29341845462436E-16));
#13540=DIRECTION('ref_axis',(-2.89704768114018E-12,-2.29341845462436E-16,
1.));
#13541=DIRECTION('',(-1.,6.63507327261367E-28,-2.89309317243653E-12));
#13542=DIRECTION('center_axis',(0.,-1.,-2.29341845462436E-16));
#13543=DIRECTION('ref_axis',(2.90434343244484E-12,2.29341845462436E-16,
-1.));
#13544=DIRECTION('center_axis',(0.,1.,2.29341845462436E-16));
#13545=DIRECTION('ref_axis',(2.90434343245501E-12,0.,-1.));
#13546=DIRECTION('',(1.,-6.63643124913284E-28,2.893685291383E-12));
#13547=DIRECTION('center_axis',(0.,1.,2.29341845462436E-16));
#13548=DIRECTION('ref_axis',(-2.898570272727E-12,0.,1.));
#13549=DIRECTION('',(-1.,6.66087482647772E-28,-2.9043434324194E-12));
#13550=DIRECTION('center_axis',(0.,1.,0.));
#13551=DIRECTION('ref_axis',(2.90434343245501E-12,0.,-1.));
#13552=DIRECTION('center_axis',(0.,-1.,0.));
#13553=DIRECTION('ref_axis',(2.90479924756685E-12,0.,-1.));
#13554=DIRECTION('',(2.53130209049899E-13,-0.996194698091746,-0.0871557427476582));
#13555=DIRECTION('',(-2.53130209049899E-13,-0.996194698091746,0.0871557427476582));
#13556=DIRECTION('center_axis',(-2.89309317243653E-12,0.,1.));
#13557=DIRECTION('ref_axis',(-1.,6.63507327261367E-28,-2.89309317243653E-12));
#13558=DIRECTION('',(1.,-8.92216292340242E-28,2.89309317243653E-12));
#13559=DIRECTION('',(0.,-1.,0.));
#13560=DIRECTION('',(0.,-1.,0.));
#13561=DIRECTION('center_axis',(0.,-1.,0.));
#13562=DIRECTION('ref_axis',(-2.89704768114018E-12,0.,1.));
#13563=DIRECTION('center_axis',(0.,1.,3.08395284618099E-16));
#13564=DIRECTION('ref_axis',(1.,0.,2.89791118793712E-12));
#13565=DIRECTION('',(0.,-1.,0.));
#13566=DIRECTION('center_axis',(0.,-1.,0.));
#13567=DIRECTION('ref_axis',(2.90434343244484E-12,0.,-1.));
#13568=DIRECTION('center_axis',(0.,1.,3.08395284618099E-16));
#13569=DIRECTION('ref_axis',(-0.545403561224969,2.77555756158719E-16,-0.838173583097869));
#13570=DIRECTION('',(0.,-1.,0.));
#13571=DIRECTION('center_axis',(0.,-1.,0.));
#13572=DIRECTION('ref_axis',(2.90434343244484E-12,0.,-1.));
#13573=DIRECTION('center_axis',(0.,1.,3.08395284618099E-16));
#13574=DIRECTION('ref_axis',(-0.545403561227403,-2.77555756158719E-16,0.838173583096286));
#13575=DIRECTION('center_axis',(2.92033064397402E-12,0.,-1.));
#13576=DIRECTION('ref_axis',(1.,-6.69754019249505E-28,2.92033064397402E-12));
#13577=DIRECTION('',(-1.,9.00616200127323E-28,-2.92033064397402E-12));
#13578=DIRECTION('center_axis',(-2.89329152881379E-12,0.0871557427476582,
0.996194698091746));
#13579=DIRECTION('ref_axis',(-1.,6.56332273143882E-28,-2.9043434324194E-12));
#13580=DIRECTION('',(1.,-8.95685819469688E-28,2.9043434324194E-12));
#13581=DIRECTION('',(-2.53130209046796E-13,-0.996194698091746,0.0871557427476582));
#13582=DIRECTION('center_axis',(0.,0.,1.));
#13583=DIRECTION('ref_axis',(-1.,0.,0.));
#13584=DIRECTION('',(0.,-1.,0.));
#13585=DIRECTION('center_axis',(0.,-1.,0.));
#13586=DIRECTION('ref_axis',(-0.707106781186547,0.,0.707106781186547));
#13587=DIRECTION('',(0.,1.,0.));
#13588=DIRECTION('center_axis',(-1.,0.,1.77635683940026E-15));
#13589=DIRECTION('ref_axis',(-1.77635683940026E-15,-1.78818204167542E-15,
-1.));
#13590=DIRECTION('',(0.,-1.,0.));
#13591=DIRECTION('center_axis',(0.,-1.,0.));
#13592=DIRECTION('ref_axis',(-0.707106781186547,0.,-0.707106781186547));
#13593=DIRECTION('',(0.,1.,0.));
#13594=DIRECTION('center_axis',(0.,0.,-1.));
#13595=DIRECTION('ref_axis',(1.,0.,0.));
#13596=DIRECTION('',(0.,-1.,0.));
#13597=DIRECTION('center_axis',(0.,-1.,0.));
#13598=DIRECTION('ref_axis',(0.707106781186547,0.,-0.707106781186547));
#13599=DIRECTION('center_axis',(-1.,0.,0.));
#13600=DIRECTION('ref_axis',(0.,0.,1.));
#13601=DIRECTION('',(-0.707106781186548,0.499999999999997,0.500000000000003));
#13602=DIRECTION('center_axis',(-0.707106781186548,0.499999999999998,0.500000000000002));
#13603=DIRECTION('ref_axis',(0.577350269189627,0.,0.816496580927725));
#13604=DIRECTION('',(0.577350269189627,-2.5180369546491E-16,0.816496580927725));
#13605=DIRECTION('',(0.,0.70710678118655,-0.707106781186545));
#13606=DIRECTION('',(-3.92523114670944E-17,-0.70710678118655,0.707106781186545));
#13607=DIRECTION('center_axis',(1.,0.,0.));
#13608=DIRECTION('ref_axis',(0.,0.,-1.));
#13609=DIRECTION('center_axis',(1.,0.,0.));
#13610=DIRECTION('ref_axis',(0.,0.38268343236509,-0.923879532511287));
#13611=DIRECTION('',(-1.,0.,0.));
#13612=DIRECTION('center_axis',(-1.,0.,0.));
#13613=DIRECTION('ref_axis',(0.,0.38268343236509,-0.923879532511287));
#13614=DIRECTION('',(-1.,0.,0.));
#13615=DIRECTION('center_axis',(-1.,0.,0.));
#13616=DIRECTION('ref_axis',(0.,0.,1.));
#13617=DIRECTION('center_axis',(0.,-1.,0.));
#13618=DIRECTION('ref_axis',(0.,0.,-1.));
#13619=DIRECTION('center_axis',(0.,-0.707106781186548,-0.707106781186548));
#13620=DIRECTION('ref_axis',(0.,-0.707106781186548,0.707106781186548));
#13621=DIRECTION('center_axis',(1.,0.,0.));
#13622=DIRECTION('ref_axis',(0.,0.,-1.));
#13623=DIRECTION('center_axis',(-1.,0.,0.));
#13624=DIRECTION('ref_axis',(0.,0.38268343236509,-0.923879532511287));
#13625=DIRECTION('',(1.,0.,0.));
#13626=DIRECTION('center_axis',(1.,0.,0.));
#13627=DIRECTION('ref_axis',(0.,0.38268343236509,-0.923879532511287));
#13628=DIRECTION('',(-1.,0.,0.));
#13629=DIRECTION('center_axis',(0.,0.70710678118655,0.707106781186546));
#13630=DIRECTION('ref_axis',(0.707106781186551,-0.499999999999997,0.499999999999999));
#13631=DIRECTION('center_axis',(0.,0.707106781186549,0.707106781186546));
#13632=DIRECTION('ref_axis',(0.,-0.707106781186546,0.707106781186549));
#13633=DIRECTION('',(0.,0.707106781186549,0.707106781186545));
#13634=DIRECTION('center_axis',(1.,0.,0.));
#13635=DIRECTION('ref_axis',(0.,0.,-1.));
#13636=DIRECTION('center_axis',(0.,-1.,0.));
#13637=DIRECTION('ref_axis',(0.,0.,-1.));
#13638=DIRECTION('center_axis',(0.,-0.707106781186546,-0.707106781186549));
#13639=DIRECTION('ref_axis',(-0.707106781186548,-0.5,0.499999999999999));
#13640=DIRECTION('',(0.,-0.707106781186546,-0.707106781186549));
#13641=DIRECTION('center_axis',(1.,0.,0.));
#13642=DIRECTION('ref_axis',(0.,0.,-1.));
#13643=DIRECTION('center_axis',(-1.,0.,0.));
#13644=DIRECTION('ref_axis',(0.,0.38268343236509,-0.923879532511287));
#13645=DIRECTION('',(1.,0.,0.));
#13646=DIRECTION('center_axis',(0.,0.707106781186546,0.707106781186549));
#13647=DIRECTION('ref_axis',(0.707106781186548,-0.5,0.499999999999999));
#13648=DIRECTION('',(0.,0.707106781186546,0.707106781186549));
#13649=DIRECTION('center_axis',(0.,0.707106781186545,0.70710678118655));
#13650=DIRECTION('ref_axis',(0.,-0.70710678118655,0.707106781186545));
#13651=DIRECTION('',(0.,0.70710678118655,-0.707106781186545));
#13652=DIRECTION('',(1.,0.,0.));
#13653=DIRECTION('',(0.,-0.70710678118655,0.707106781186545));
#13654=DIRECTION('',(1.,0.,0.));
#13655=DIRECTION('center_axis',(1.,0.,0.));
#13656=DIRECTION('ref_axis',(0.,0.,-1.));
#13657=DIRECTION('center_axis',(-1.,0.,0.));
#13658=DIRECTION('ref_axis',(0.,0.382683432365088,0.923879532511288));
#13659=DIRECTION('center_axis',(0.,-0.70710678118655,0.707106781186545));
#13660=DIRECTION('ref_axis',(0.382683432365092,-0.653281482438187,-0.653281482438188));
#13661=DIRECTION('center_axis',(0.,0.70710678118655,-0.707106781186545));
#13662=DIRECTION('ref_axis',(0.923879532511287,-0.270598050073097,-0.270598050073099));
#13663=DIRECTION('center_axis',(0.,-0.70710678118655,0.707106781186545));
#13664=DIRECTION('ref_axis',(-0.923879532511287,-0.270598050073097,-0.270598050073099));
#13665=DIRECTION('',(-3.92523114670944E-17,0.70710678118655,-0.707106781186545));
#13666=DIRECTION('center_axis',(0.707106781186548,0.499999999999998,0.500000000000002));
#13667=DIRECTION('ref_axis',(0.577350269189627,0.,-0.816496580927725));
#13668=DIRECTION('',(0.577350269189627,2.5180369546491E-16,-0.816496580927725));
#13669=DIRECTION('',(0.,-0.70710678118655,0.707106781186545));
#13670=DIRECTION('center_axis',(0.,0.70710678118655,-0.707106781186545));
#13671=DIRECTION('ref_axis',(-0.382683432365092,-0.653281482438187,-0.653281482438188));
#13672=DIRECTION('',(0.,0.70710678118655,-0.707106781186545));
#13673=DIRECTION('center_axis',(0.,-0.707106781186545,-0.70710678118655));
#13674=DIRECTION('ref_axis',(0.,-0.70710678118655,0.707106781186545));
#13675=DIRECTION('',(0.,-0.70710678118655,0.707106781186545));
#13676=DIRECTION('',(1.,0.,0.));
#13677=DIRECTION('',(-1.,0.,0.));
#13678=DIRECTION('center_axis',(0.,-0.707106781186546,0.70710678118655));
#13679=DIRECTION('ref_axis',(0.,0.707106781186549,0.707106781186545));
#13680=DIRECTION('',(0.,0.707106781186549,0.707106781186545));
#13681=DIRECTION('',(0.,-0.707106781186549,-0.707106781186545));
#13682=DIRECTION('',(-1.,0.,0.));
#13683=DIRECTION('center_axis',(0.,-0.70710678118655,-0.707106781186546));
#13684=DIRECTION('ref_axis',(-0.707106781186551,-0.499999999999997,0.499999999999999));
#13685=DIRECTION('',(-0.750671916949271,0.660675164588247,0.));
#13686=DIRECTION('',(0.707106781186549,-0.707106781186546,0.));
#13687=DIRECTION('',(-0.707106781186549,0.707106781186546,0.));
#13688=DIRECTION('',(0.75067191694927,-0.660675164588248,0.));
#13689=DIRECTION('center_axis',(0.707106781186546,0.707106781186549,2.18068397039414E-16));
#13690=DIRECTION('ref_axis',(3.083952846181E-16,0.,-1.));
#13691=DIRECTION('',(-0.795843973773592,0.542365665922964,-0.26920596916896));
#13692=DIRECTION('',(0.707106781186549,-0.499999999999998,0.5));
#13693=DIRECTION('',(-0.707106781186549,0.499999999999998,-0.5));
#13694=DIRECTION('',(0.723742748120826,-0.462919703419255,0.511763405030825));
#13695=DIRECTION('center_axis',(0.408248290463861,0.86602540378444,0.288675134594812));
#13696=DIRECTION('ref_axis',(0.,-0.316227766016837,0.948683298050514));
#13697=DIRECTION('',(0.723742748120826,0.462919703419256,-0.511763405030823));
#13698=DIRECTION('',(-0.707106781186549,-0.499999999999998,0.5));
#13699=DIRECTION('',(-0.750671916949271,0.660675164588246,0.));
#13700=DIRECTION('',(0.707106781186546,-0.707106781186549,0.));
#13701=DIRECTION('',(0.,-0.38268343236509,0.923879532511286));
#13702=DIRECTION('center_axis',(0.,0.923879532511286,0.382683432365092));
#13703=DIRECTION('ref_axis',(0.,-0.382683432365092,0.923879532511286));
#13704=DIRECTION('center_axis',(0.,-0.923879532511286,-0.382683432365092));
#13705=DIRECTION('ref_axis',(-2.65539973596442E-17,-0.382683432365092,0.923879532511286));
#13706=DIRECTION('',(0.357406744336597,-0.357406744336595,0.862856209461015));
#13707=DIRECTION('center_axis',(0.,0.923879532511287,-0.38268343236509));
#13708=DIRECTION('ref_axis',(0.,0.38268343236509,0.923879532511287));
#13709=DIRECTION('center_axis',(0.,-0.923879532511287,0.38268343236509));
#13710=DIRECTION('ref_axis',(0.,-0.38268343236509,-0.923879532511287));
#13711=DIRECTION('',(-2.40339348487861E-14,-0.38268343236509,-0.923879532511287));
#13712=DIRECTION('',(-0.357406744336594,0.357406744336594,0.862856209461017));
#13713=DIRECTION('center_axis',(0.707106781186549,0.707106781186546,2.18068397039413E-16));
#13714=DIRECTION('ref_axis',(3.08395284618097E-16,0.,-1.));
#13715=DIRECTION('',(-0.750671916949273,-0.660675164588245,1.18317789655657E-14));
#13716=DIRECTION('',(0.,-0.382683432365082,-0.92387953251129));
#13717=DIRECTION('',(2.88407218185433E-14,-0.38268343236509,0.923879532511287));
#13718=DIRECTION('',(0.707106781186549,0.499999999999998,-0.5));
#13719=DIRECTION('',(-0.795843973773589,-0.542365665922962,0.269205969168969));
#13720=DIRECTION('center_axis',(-0.408248290463861,0.86602540378444,0.288675134594812));
#13721=DIRECTION('ref_axis',(0.,-0.316227766016837,0.948683298050514));
#13722=DIRECTION('',(0.75067191694927,0.660675164588248,0.));
#13723=DIRECTION('',(-0.707106781186549,-0.707106781186546,0.));
#13724=DIRECTION('',(0.707106781186549,0.707106781186546,0.));
#13725=DIRECTION('',(-0.750671916949271,-0.660675164588247,0.));
#13726=DIRECTION('center_axis',(-0.707106781186546,0.707106781186549,2.18068397039414E-16));
#13727=DIRECTION('ref_axis',(3.083952846181E-16,0.,1.));
#13728=DIRECTION('',(0.,-0.382683432365078,-0.923879532511291));
#13729=DIRECTION('',(1.20169674243931E-14,-0.382683432365092,-0.923879532511286));
#13730=DIRECTION('center_axis',(0.,0.923879532511283,0.382683432365098));
#13731=DIRECTION('ref_axis',(0.,-0.382683432365098,0.923879532511283));
#13732=DIRECTION('center_axis',(0.,-0.923879532511283,-0.382683432365098));
#13733=DIRECTION('ref_axis',(5.31079947192877E-17,-0.382683432365098,0.923879532511284));
#13734=DIRECTION('',(-0.357406744336602,-0.357406744336602,0.86285620946101));
#13735=DIRECTION('center_axis',(1.,0.,0.));
#13736=DIRECTION('ref_axis',(0.,0.,-1.));
#13737=DIRECTION('center_axis',(1.,0.,0.));
#13738=DIRECTION('ref_axis',(0.,0.38268343236509,-0.923879532511287));
#13739=DIRECTION('',(0.,0.,1.));
#13740=DIRECTION('center_axis',(1.,0.,0.));
#13741=DIRECTION('ref_axis',(0.,0.382683432365088,0.923879532511288));
#13742=DIRECTION('',(0.,-0.70710678118655,0.707106781186545));
#13743=DIRECTION('',(0.,-3.08395284618099E-16,1.));
#13744=DIRECTION('',(0.,0.707106781186549,0.707106781186545));
#13745=DIRECTION('center_axis',(0.,0.70710678118655,-0.707106781186545));
#13746=DIRECTION('ref_axis',(-0.707106781186549,0.499999999999996,0.500000000000002));
#13747=DIRECTION('center_axis',(0.707106781186548,-0.707106781186548,-2.18068397039413E-16));
#13748=DIRECTION('ref_axis',(-0.408248290463865,-0.408248290463865,0.816496580927724));
#13749=DIRECTION('center_axis',(0.,-0.707106781186552,0.707106781186543));
#13750=DIRECTION('ref_axis',(0.,0.707106781186543,0.707106781186552));
#13751=DIRECTION('center_axis',(-1.,0.,0.));
#13752=DIRECTION('ref_axis',(0.,0.,1.));
#13753=DIRECTION('center_axis',(-0.707106781186548,0.707106781186548,2.18068397039413E-16));
#13754=DIRECTION('ref_axis',(3.08395284618099E-16,0.,1.));
#13755=DIRECTION('center_axis',(0.707106781186548,-0.707106781186548,-2.18068397039413E-16));
#13756=DIRECTION('ref_axis',(-0.408248290463865,-0.408248290463865,-0.816496580927724));
#13757=DIRECTION('',(-0.35740674433659,-0.35740674433659,-0.862856209461019));
#13758=DIRECTION('center_axis',(0.,0.923879532511288,-0.382683432365086));
#13759=DIRECTION('ref_axis',(0.,0.382683432365086,0.923879532511288));
#13760=DIRECTION('center_axis',(0.,-0.923879532511288,0.382683432365086));
#13761=DIRECTION('ref_axis',(0.,-0.382683432365086,-0.923879532511288));
#13762=DIRECTION('',(-1.,0.,0.));
#13763=DIRECTION('center_axis',(0.,0.707106781186546,-0.70710678118655));
#13764=DIRECTION('ref_axis',(0.,0.707106781186549,0.707106781186545));
#13765=DIRECTION('',(0.,-0.707106781186549,-0.707106781186545));
#13766=DIRECTION('center_axis',(-1.,0.,0.));
#13767=DIRECTION('ref_axis',(0.,0.,1.));
#13768=DIRECTION('center_axis',(0.,1.,0.));
#13769=DIRECTION('ref_axis',(0.,0.,-1.));
#13770=DIRECTION('center_axis',(0.,0.707106781186545,0.70710678118655));
#13771=DIRECTION('ref_axis',(0.,0.70710678118655,-0.707106781186545));
#13772=DIRECTION('center_axis',(0.,-0.70710678118655,-0.707106781186546));
#13773=DIRECTION('ref_axis',(-0.707106781186553,0.499999999999996,-0.499999999999996));
#13774=DIRECTION('center_axis',(0.707106781186548,0.707106781186548,2.18068397039413E-16));
#13775=DIRECTION('ref_axis',(3.08395284618099E-16,0.,-1.));
#13776=DIRECTION('center_axis',(-0.707106781186548,-0.707106781186548,-2.18068397039413E-16));
#13777=DIRECTION('ref_axis',(0.408248290463865,-0.408248290463865,0.816496580927724));
#13778=DIRECTION('',(0.,3.08395284618099E-16,-1.));
#13779=DIRECTION('center_axis',(-0.707106781186548,-0.707106781186548,-2.18068397039413E-16));
#13780=DIRECTION('ref_axis',(0.408248290463865,-0.408248290463864,-0.816496580927724));
#13781=DIRECTION('center_axis',(0.,1.,0.));
#13782=DIRECTION('ref_axis',(0.,0.,1.));
#13783=DIRECTION('center_axis',(0.,1.,0.));
#13784=DIRECTION('ref_axis',(0.,0.,-1.));
#13785=DIRECTION('',(0.,0.,-1.));
#13786=DIRECTION('center_axis',(-1.,0.,0.));
#13787=DIRECTION('ref_axis',(0.,0.,1.));
#13788=DIRECTION('center_axis',(0.,0.707106781186548,0.707106781186548));
#13789=DIRECTION('ref_axis',(1.,0.,0.));
#13790=DIRECTION('center_axis',(-1.,0.,0.));
#13791=DIRECTION('ref_axis',(0.,0.38268343236509,-0.923879532511287));
#13792=DIRECTION('center_axis',(0.,-0.70710678118655,-0.707106781186546));
#13793=DIRECTION('ref_axis',(0.707106781186547,0.5,-0.5));
#13794=DIRECTION('',(0.,-0.707106781186549,-0.707106781186545));
#13795=DIRECTION('center_axis',(1.,0.,0.));
#13796=DIRECTION('ref_axis',(0.,0.,-1.));
#13797=DIRECTION('center_axis',(1.,0.,0.));
#13798=DIRECTION('ref_axis',(0.,0.382683432365088,0.923879532511288));
#13799=DIRECTION('center_axis',(1.,0.,0.));
#13800=DIRECTION('ref_axis',(0.,0.,-1.));
#13801=DIRECTION('',(0.,0.70710678118655,-0.707106781186545));
#13802=DIRECTION('center_axis',(-1.,0.,0.));
#13803=DIRECTION('ref_axis',(0.,0.382683432365088,0.923879532511288));
#13804=DIRECTION('center_axis',(0.,0.70710678118655,-0.707106781186545));
#13805=DIRECTION('ref_axis',(0.707106781186547,0.5,0.5));
#13806=DIRECTION('center_axis',(0.,-0.707106781186552,0.707106781186543));
#13807=DIRECTION('ref_axis',(1.,0.,0.));
#13808=DIRECTION('center_axis',(-1.,0.,0.));
#13809=DIRECTION('ref_axis',(0.,0.,1.));
#13810=DIRECTION('center_axis',(1.,0.,0.));
#13811=DIRECTION('ref_axis',(0.,0.,-1.));
#13812=DIRECTION('',(0.,0.,1.));
#13813=DIRECTION('center_axis',(1.,0.,0.));
#13814=DIRECTION('ref_axis',(0.,0.38268343236509,0.923879532511287));
#13815=DIRECTION('',(0.,-0.707106781186548,0.707106781186547));
#13816=DIRECTION('',(0.,-3.08395284618099E-16,1.));
#13817=DIRECTION('',(0.,0.707106781186546,0.707106781186549));
#13818=DIRECTION('center_axis',(1.,0.,0.));
#13819=DIRECTION('ref_axis',(0.,0.38268343236509,-0.923879532511287));
#13820=DIRECTION('center_axis',(0.,1.,0.));
#13821=DIRECTION('ref_axis',(0.,0.,1.));
#13822=DIRECTION('center_axis',(0.,1.,0.));
#13823=DIRECTION('ref_axis',(0.,0.,1.));
#13824=DIRECTION('',(1.,0.,0.));
#13825=DIRECTION('center_axis',(0.,1.,0.));
#13826=DIRECTION('ref_axis',(0.,0.,1.));
#13827=DIRECTION('center_axis',(0.,0.707106781186548,-0.707106781186547));
#13828=DIRECTION('ref_axis',(-0.70710678118655,0.499999999999998,0.499999999999998));
#13829=DIRECTION('center_axis',(0.707106781186549,-0.707106781186546,-2.18068397039413E-16));
#13830=DIRECTION('ref_axis',(-0.408248290463863,-0.408248290463865,0.816496580927725));
#13831=DIRECTION('center_axis',(0.,-0.707106781186552,0.707106781186543));
#13832=DIRECTION('ref_axis',(0.,0.707106781186543,0.707106781186552));
#13833=DIRECTION('',(0.,0.707106781186548,-0.707106781186547));
#13834=DIRECTION('center_axis',(0.,-0.923879532511284,-0.382683432365096));
#13835=DIRECTION('ref_axis',(-2.65539973596438E-17,-0.382683432365096,0.923879532511284));
#13836=DIRECTION('center_axis',(-1.,0.,0.));
#13837=DIRECTION('ref_axis',(0.,0.,1.));
#13838=DIRECTION('center_axis',(-1.,0.,0.));
#13839=DIRECTION('ref_axis',(0.,0.38268343236509,0.923879532511287));
#13840=DIRECTION('center_axis',(-0.707106781186549,0.707106781186546,2.18068397039413E-16));
#13841=DIRECTION('ref_axis',(3.08395284618097E-16,0.,1.));
#13842=DIRECTION('center_axis',(0.707106781186549,-0.707106781186546,-2.18068397039413E-16));
#13843=DIRECTION('ref_axis',(-0.408248290463862,-0.408248290463863,-0.816496580927727));
#13844=DIRECTION('',(0.357406744336598,0.357406744336598,-0.862856209461013));
#13845=DIRECTION('',(-0.357406744336584,-0.357406744336586,-0.862856209461024));
#13846=DIRECTION('center_axis',(0.,0.923879532511291,-0.38268343236508));
#13847=DIRECTION('ref_axis',(0.,0.38268343236508,0.923879532511291));
#13848=DIRECTION('center_axis',(0.,-0.923879532511291,0.38268343236508));
#13849=DIRECTION('ref_axis',(2.65539973596447E-17,-0.38268343236508,-0.923879532511291));
#13850=DIRECTION('',(-1.,0.,0.));
#13851=DIRECTION('center_axis',(0.,0.707106781186549,-0.707106781186546));
#13852=DIRECTION('ref_axis',(0.,0.707106781186546,0.707106781186549));
#13853=DIRECTION('',(0.,-0.707106781186546,-0.707106781186549));
#13854=DIRECTION('center_axis',(-1.,0.,0.));
#13855=DIRECTION('ref_axis',(0.,0.,1.));
#13856=DIRECTION('center_axis',(0.,0.707106781186543,0.707106781186552));
#13857=DIRECTION('ref_axis',(0.,0.707106781186552,-0.707106781186543));
#13858=DIRECTION('center_axis',(0.,-0.707106781186546,-0.707106781186549));
#13859=DIRECTION('ref_axis',(-0.707106781186545,0.500000000000005,-0.499999999999999));
#13860=DIRECTION('center_axis',(0.,-0.707106781186549,0.707106781186546));
#13861=DIRECTION('ref_axis',(0.,0.707106781186546,0.707106781186549));
#13862=DIRECTION('',(0.,0.707106781186546,0.707106781186549));
#13863=DIRECTION('',(-1.,0.,0.));
#13864=DIRECTION('center_axis',(0.,0.923879532511289,-0.382683432365084));
#13865=DIRECTION('ref_axis',(0.,0.382683432365084,0.923879532511289));
#13866=DIRECTION('center_axis',(0.,-0.923879532511289,0.382683432365084));
#13867=DIRECTION('ref_axis',(-7.96619920789331E-17,-0.382683432365084,-0.923879532511289));
#13868=DIRECTION('',(-0.357406744336587,0.357406744336589,0.862856209461021));
#13869=DIRECTION('center_axis',(0.,-0.707106781186546,-0.707106781186549));
#13870=DIRECTION('ref_axis',(0.707106781186548,0.500000000000003,-0.499999999999997));
#13871=DIRECTION('center_axis',(-0.707106781186549,-0.707106781186546,-2.18068397039413E-16));
#13872=DIRECTION('ref_axis',(0.408248290463862,-0.408248290463863,-0.816496580927727));
#13873=DIRECTION('center_axis',(0.707106781186549,0.707106781186546,2.18068397039413E-16));
#13874=DIRECTION('ref_axis',(3.08395284618097E-16,0.,-1.));
#13875=DIRECTION('center_axis',(-0.707106781186549,-0.707106781186546,-2.18068397039413E-16));
#13876=DIRECTION('ref_axis',(0.408248290463863,-0.408248290463865,0.816496580927725));
#13877=DIRECTION('',(0.357406744336598,-0.357406744336598,0.862856209461013));
#13878=DIRECTION('center_axis',(0.,0.923879532511284,0.382683432365096));
#13879=DIRECTION('ref_axis',(0.,-0.382683432365096,0.923879532511285));
#13880=DIRECTION('center_axis',(0.,-0.923879532511284,-0.382683432365096));
#13881=DIRECTION('ref_axis',(0.,-0.382683432365096,0.923879532511284));
#13882=DIRECTION('',(1.,0.,0.));
#13883=DIRECTION('center_axis',(0.,0.707106781186547,0.707106781186548));
#13884=DIRECTION('ref_axis',(0.,-0.707106781186548,0.707106781186547));
#13885=DIRECTION('',(0.,-0.707106781186548,0.707106781186547));
#13886=DIRECTION('',(1.,0.,0.));
#13887=DIRECTION('center_axis',(1.,0.,0.));
#13888=DIRECTION('ref_axis',(0.,0.,-1.));
#13889=DIRECTION('center_axis',(1.,0.,0.));
#13890=DIRECTION('ref_axis',(0.,0.38268343236509,0.923879532511287));
#13891=DIRECTION('center_axis',(0.,0.707106781186548,-0.707106781186547));
#13892=DIRECTION('ref_axis',(0.707106781186547,0.5,0.5));
#13893=DIRECTION('center_axis',(0.,-0.707106781186552,0.707106781186543));
#13894=DIRECTION('ref_axis',(1.,0.,0.));
#13895=DIRECTION('center_axis',(-1.,0.,0.));
#13896=DIRECTION('ref_axis',(0.,0.,1.));
#13897=DIRECTION('center_axis',(0.,1.,3.08395284618099E-16));
#13898=DIRECTION('ref_axis',(0.,-3.08395284618099E-16,1.));
#13899=DIRECTION('center_axis',(0.,-1.,-3.08395284618099E-16));
#13900=DIRECTION('ref_axis',(0.545403561224968,2.58488780718839E-16,-0.83817358309787));
#13901=DIRECTION('',(1.,0.,0.));
#13902=DIRECTION('center_axis',(0.,-1.,0.));
#13903=DIRECTION('ref_axis',(2.90434343244484E-12,0.,1.));
#13904=DIRECTION('center_axis',(0.,1.,3.08395284618099E-16));
#13905=DIRECTION('ref_axis',(0.545403561224968,2.77555756158719E-16,-0.83817358309787));
#13906=DIRECTION('center_axis',(-1.,-9.00616200127323E-28,2.92033064397402E-12));
#13907=DIRECTION('ref_axis',(2.06545662939851E-12,0.707106781186549,0.707106781186546));
#13908=DIRECTION('',(-1.,-9.00616200127323E-28,2.92033064397402E-12));
#13909=DIRECTION('center_axis',(-1.,0.,2.90434343241941E-12));
#13910=DIRECTION('ref_axis',(2.90434343241941E-12,-2.22044604925031E-15,
1.));
#13911=DIRECTION('center_axis',(1.,0.,-2.89879231729628E-12));
#13912=DIRECTION('ref_axis',(0.,1.,0.));
#13913=DIRECTION('center_axis',(0.,1.,3.08395284618099E-16));
#13914=DIRECTION('ref_axis',(0.,-3.22973970801845E-16,1.));
#13915=DIRECTION('center_axis',(0.,-1.,-3.08395284618099E-16));
#13916=DIRECTION('ref_axis',(0.545403561227402,-2.58488780718351E-16,0.838173583096287));
#13917=DIRECTION('center_axis',(1.,0.,-2.89324120217314E-12));
#13918=DIRECTION('ref_axis',(-2.89324120217314E-12,0.,-1.));
#13919=DIRECTION('center_axis',(1.,8.92216292340242E-28,-2.89309317243653E-12));
#13920=DIRECTION('ref_axis',(-2.04583047366494E-12,0.707106781186543,-0.707106781186552));
#13921=DIRECTION('',(-1.,-8.92216292340242E-28,2.89309317243653E-12));
#13922=DIRECTION('center_axis',(1.,0.,-2.89879231729627E-12));
#13923=DIRECTION('ref_axis',(-2.89879231729627E-12,2.2204460492503E-15,
-1.));
#13924=DIRECTION('center_axis',(0.,1.,3.08395284618099E-16));
#13925=DIRECTION('ref_axis',(0.,-3.22973970801851E-16,1.));
#13926=DIRECTION('center_axis',(0.,-1.,-3.08395284618099E-16));
#13927=DIRECTION('ref_axis',(-1.,-8.94093445654036E-28,2.89918001425098E-12));
#13928=DIRECTION('center_axis',(0.,1.,3.08395284618099E-16));
#13929=DIRECTION('ref_axis',(0.,-3.22973970801845E-16,1.));
#13930=DIRECTION('center_axis',(0.,1.,3.08395284618099E-16));
#13931=DIRECTION('ref_axis',(0.,-3.08395284618099E-16,1.));
#13932=DIRECTION('center_axis',(0.,-1.,-3.08395284618099E-16));
#13933=DIRECTION('ref_axis',(-0.545403561227403,-2.58488780718351E-16,0.838173583096286));
#13934=DIRECTION('',(-1.,8.92216292340242E-28,-2.89309317243653E-12));
#13935=DIRECTION('center_axis',(0.,-1.,-3.08395284618099E-16));
#13936=DIRECTION('ref_axis',(1.,-8.9370214560184E-28,2.89791118793712E-12));
#13937=DIRECTION('',(1.,0.,0.));
#13938=DIRECTION('center_axis',(0.,1.,3.08395284618099E-16));
#13939=DIRECTION('ref_axis',(0.,-3.08395284618099E-16,1.));
#13940=DIRECTION('center_axis',(0.,-1.,-3.08395284618099E-16));
#13941=DIRECTION('ref_axis',(-0.545403561224969,2.58488780718839E-16,-0.838173583097869));
#13942=DIRECTION('',(1.,0.,0.));
#13943=DIRECTION('center_axis',(0.,-0.707106781279909,0.707106781093186));
#13944=DIRECTION('ref_axis',(0.,0.707106781093186,0.707106781279909));
#13945=DIRECTION('',(-1.,9.00616200127323E-28,-2.92033064397402E-12));
#13946=DIRECTION('center_axis',(-1.,9.00616200127323E-28,-2.92033064397402E-12));
#13947=DIRECTION('ref_axis',(-2.06467158316917E-12,0.707106781186549,0.707106781186546));
#13948=DIRECTION('center_axis',(-1.,0.,-2.89879231729628E-12));
#13949=DIRECTION('ref_axis',(-2.89879231729628E-12,-2.22044604925031E-15,
1.));
#13950=DIRECTION('center_axis',(1.,0.,2.90434343241941E-12));
#13951=DIRECTION('ref_axis',(0.,1.,0.));
#13952=DIRECTION('center_axis',(0.,1.,3.08395284618099E-16));
#13953=DIRECTION('ref_axis',(0.,-3.22973970801845E-16,1.));
#13954=DIRECTION('center_axis',(0.,1.,3.08395284618099E-16));
#13955=DIRECTION('ref_axis',(0.,-3.22973970801851E-16,1.));
#13956=DIRECTION('center_axis',(1.,0.,2.89324120217317E-12));
#13957=DIRECTION('ref_axis',(2.89324120217317E-12,0.,-1.));
#13958=DIRECTION('center_axis',(1.,-8.92216292340242E-28,2.89309317243653E-12));
#13959=DIRECTION('ref_axis',(2.04583047366496E-12,0.707106781186549,-0.707106781186546));
#13960=DIRECTION('center_axis',(1.,0.,2.90434343241939E-12));
#13961=DIRECTION('ref_axis',(2.90434343241939E-12,0.,-1.));
#13962=DIRECTION('center_axis',(0.,1.,3.08395284618099E-16));
#13963=DIRECTION('ref_axis',(0.,-3.22973970801845E-16,1.));
#13964=DIRECTION('center_axis',(0.,1.,0.));
#13965=DIRECTION('ref_axis',(-2.898570272727E-12,0.,1.));
#13966=DIRECTION('center_axis',(0.,-1.,0.));
#13967=DIRECTION('ref_axis',(-2.8984150733965E-12,0.,1.));
#13968=DIRECTION('',(2.52201290848459E-13,-0.996194698091746,-0.0871557427476582));
#13969=DIRECTION('center_axis',(2.88267394522181E-12,0.0871557427476582,
-0.996194698091746));
#13970=DIRECTION('ref_axis',(1.,-6.56332273143882E-28,2.893685291383E-12));
#13971=DIRECTION('',(-1.,8.92398899031267E-28,-2.893685291383E-12));
#13972=DIRECTION('center_axis',(-1.96214598249542E-12,0.73727733681012,
0.675590207615665));
#13973=DIRECTION('ref_axis',(1.,0.,2.9043434324194E-12));
#13974=DIRECTION('',(-2.14431870903089E-12,-0.675590207615684,0.737277336810103));
#13975=DIRECTION('',(2.14030313092392E-12,0.675590207615629,-0.737277336810152));
#13976=DIRECTION('center_axis',(0.,1.,0.));
#13977=DIRECTION('ref_axis',(2.90453865043363E-12,1.76314749077406E-16,
-1.));
#13978=DIRECTION('',(-2.13227197471022E-12,0.675590207615661,0.737277336810123));
#13979=DIRECTION('center_axis',(1.95494544677983E-12,0.737277336810123,
-0.675590207615661));
#13980=DIRECTION('ref_axis',(-1.,0.,-2.893685291383E-12));
#13981=DIRECTION('',(-2.13829534187052E-12,0.675590207615629,0.737277336810152));
#13982=DIRECTION('center_axis',(0.,1.,0.));
#13983=DIRECTION('ref_axis',(-2.89850380345296E-12,-1.76314749077406E-16,
1.));
#13984=DIRECTION('center_axis',(0.,1.,0.));
#13985=DIRECTION('ref_axis',(-2.91011659218311E-12,0.,-1.));
#13986=DIRECTION('center_axis',(0.,-1.,0.));
#13987=DIRECTION('ref_axis',(-2.91027139685581E-12,0.,-1.));
#13988=DIRECTION('',(2.53633373074003E-13,-0.996194698091746,0.0871557427476582));
#13989=DIRECTION('center_axis',(2.89329152881379E-12,0.0871557427476582,
0.996194698091746));
#13990=DIRECTION('ref_axis',(-1.,-6.56332273143882E-28,2.9043434324194E-12));
#13991=DIRECTION('',(1.,8.95685819469688E-28,-2.9043434324194E-12));
#13992=DIRECTION('center_axis',(-1.95494544677981E-12,0.73727733681013,
-0.675590207615654));
#13993=DIRECTION('ref_axis',(-1.,0.,2.893685291383E-12));
#13994=DIRECTION('',(-2.13829534187034E-12,-0.675590207615573,-0.737277336810204));
#13995=DIRECTION('',(2.14431870903071E-12,0.675590207615627,0.737277336810154));
#13996=DIRECTION('center_axis',(0.,1.,0.));
#13997=DIRECTION('ref_axis',(2.90504643691099E-12,-1.76314749077406E-16,
1.));
#13998=DIRECTION('',(-2.14231091997722E-12,0.675590207615657,-0.737277336810127));
#13999=DIRECTION('center_axis',(1.9621459824954E-12,0.737277336810125,0.675590207615659));
#14000=DIRECTION('ref_axis',(1.,0.,-2.9043434324194E-12));
#14001=DIRECTION('',(-2.14632649808412E-12,0.675590207615629,-0.737277336810152));
#14002=DIRECTION('center_axis',(0.,1.,0.));
#14003=DIRECTION('ref_axis',(-2.91018289243183E-12,1.76314749077405E-16,
-1.));
#14004=DIRECTION('center_axis',(0.,1.,0.));
#14005=DIRECTION('ref_axis',(8.93418672387345E-12,0.,1.));
#14006=DIRECTION('',(-4.51763883791152E-13,-0.996194698091746,-0.0871557427476582));
#14007=DIRECTION('center_axis',(0.,-1.,0.));
#14008=DIRECTION('ref_axis',(8.93419573914167E-12,0.,1.));
#14009=DIRECTION('center_axis',(-5.16368482023147E-12,0.0871557427476582,
-0.996194698091746));
#14010=DIRECTION('ref_axis',(1.,1.16120325248533E-27,-5.1834092573698E-12));
#14011=DIRECTION('',(-1.,-1.59853897321865E-27,5.1834092573698E-12));
#14012=DIRECTION('center_axis',(-3.50186053634343E-12,0.737277336810119,
-0.675590207615665));
#14013=DIRECTION('ref_axis',(-1.,0.,5.1834092573698E-12));
#14014=DIRECTION('',(6.66184407917943E-12,0.675590207615658,0.737277336810126));
#14015=DIRECTION('center_axis',(0.,1.,0.));
#14016=DIRECTION('ref_axis',(8.93419058496184E-12,-1.76314749077406E-16,
1.));
#14017=DIRECTION('center_axis',(5.16368482023147E-12,0.0871557427476582,
-0.996194698091746));
#14018=DIRECTION('ref_axis',(1.,-1.16120325248533E-27,5.1834092573698E-12));
#14019=DIRECTION('',(-1.,1.59853897321865E-27,-5.1834092573698E-12));
#14020=DIRECTION('center_axis',(3.50186053634343E-12,0.737277336810119,
-0.675590207615665));
#14021=DIRECTION('ref_axis',(-1.,0.,-5.1834092573698E-12));
#14022=DIRECTION('center_axis',(0.,1.,0.));
#14023=DIRECTION('ref_axis',(0.,0.,1.));
#14024=DIRECTION('',(-1.,0.,7.1717857441692E-32));
#14025=DIRECTION('center_axis',(-1.,0.,0.));
#14026=DIRECTION('ref_axis',(0.,0.,1.));
#14027=DIRECTION('center_axis',(1.,1.11022302462516E-16,1.53792824291819E-31));
#14028=DIRECTION('ref_axis',(4.17065188251546E-32,-1.76090153762556E-15,
1.));
#14029=DIRECTION('',(1.11022302462516E-16,-1.,-1.82933182219585E-15));
#14030=DIRECTION('center_axis',(0.800000000000001,1.18641693528752E-15,
-0.599999999999999));
#14031=DIRECTION('ref_axis',(0.599999999999999,-1.34210784862294E-15,0.800000000000001));
#14032=DIRECTION('center_axis',(-0.800000000000002,1.00878125134749E-15,
-0.599999999999998));
#14033=DIRECTION('ref_axis',(0.599999999999998,1.47533461157796E-15,-0.800000000000002));
#14034=DIRECTION('',(1.11022302462516E-16,-1.,-1.82933182219585E-15));
#14035=DIRECTION('center_axis',(7.1717857441692E-32,-2.03121964444622E-15,
1.));
#14036=DIRECTION('ref_axis',(-1.11022302462516E-16,1.,2.03121964444622E-15));
#14037=DIRECTION('',(0.,-1.,0.));
#14038=DIRECTION('center_axis',(-1.,-1.11022302462528E-16,6.52931502409545E-15));
#14039=DIRECTION('ref_axis',(-6.52931502409545E-15,1.76090153762556E-15,
-1.));
#14040=CARTESIAN_POINT('',(0.,0.,0.));
#14041=CARTESIAN_POINT('Ctrl Pts',(40.,11.999,45.8748562406981));
#14042=CARTESIAN_POINT('Ctrl Pts',(40.,11.9963358972519,45.8737574207158));
#14043=CARTESIAN_POINT('Ctrl Pts',(40.,11.9936716431939,45.8726589455755));
#14044=CARTESIAN_POINT('Ctrl Pts',(40.0000000000001,11.8449293999407,45.8113589220392));
#14045=CARTESIAN_POINT('Ctrl Pts',(39.9999999999994,11.5518598420873,45.6931435797654));
#14046=CARTESIAN_POINT('Ctrl Pts',(39.9999999999992,11.2202201350163,45.5650945467454));
#14047=CARTESIAN_POINT('Ctrl Pts',(39.9999999999991,11.0261230130243,45.4920876004194));
#14048=CARTESIAN_POINT('Ctrl Pts',(39.9999999999991,10.9706521215123,45.4712691980012));
#14049=CARTESIAN_POINT('Ctrl Pts',(39.9999999999991,10.9336743435915,45.4573809959321));
#14050=CARTESIAN_POINT('Ctrl Pts',(39.9999999999991,10.8692204594485,45.4324029077779));
#14051=CARTESIAN_POINT('Ctrl Pts',(39.9999999999992,10.7782282395123,45.3939632940826));
#14052=CARTESIAN_POINT('Ctrl Pts',(39.9999999999992,10.6352007111463,45.3268122124974));
#14053=CARTESIAN_POINT('Ctrl Pts',(39.9999999999992,10.4614489865202,45.2322528358091));
#14054=CARTESIAN_POINT('Ctrl Pts',(39.9999999999993,10.2627182718875,45.1027998844512));
#14055=CARTESIAN_POINT('Ctrl Pts',(39.9999999999993,10.0744285559478,44.9577154240741));
#14056=CARTESIAN_POINT('Ctrl Pts',(39.9999999999993,9.89822394329794,44.7981746110352));
#14057=CARTESIAN_POINT('Ctrl Pts',(39.9999999999993,9.77616891319646,44.6686984135988));
#14058=CARTESIAN_POINT('Ctrl Pts',(39.9999999999993,9.69878506501095,44.5780017632113));
#14059=CARTESIAN_POINT('Ctrl Pts',(39.9999999999993,9.64838166837742,44.5164653281076));
#14060=CARTESIAN_POINT('Ctrl Pts',(39.9999999999993,9.51460978378845,44.3429990578883));
#14061=CARTESIAN_POINT('Ctrl Pts',(39.9999999999995,9.32422068402704,44.0363133314094));
#14062=CARTESIAN_POINT('Ctrl Pts',(39.9999999999995,9.07851487853515,43.4523073726238));
#14063=CARTESIAN_POINT('Ctrl Pts',(40.,9.001,42.9709029397424));
#14064=CARTESIAN_POINT('Ctrl Pts',(40.,9.001,42.6549078143762));
#14065=CARTESIAN_POINT('Ctrl Pts',(40.,11.999,45.8748562406981));
#14066=CARTESIAN_POINT('Ctrl Pts',(40.,11.9964989059424,45.8733623176552));
#14067=CARTESIAN_POINT('Ctrl Pts',(40.,11.9940173154831,45.8718203950054));
#14068=CARTESIAN_POINT('Ctrl Pts',(40.0000000000001,11.8543700800297,45.7884413153777));
#14069=CARTESIAN_POINT('Ctrl Pts',(39.9999999999994,11.5809400767416,45.6206309557498));
#14070=CARTESIAN_POINT('Ctrl Pts',(39.9999999999992,11.2727458420121,45.4281984232158));
#14071=CARTESIAN_POINT('Ctrl Pts',(39.9999999999991,11.1034941892187,45.2861688794121));
#14072=CARTESIAN_POINT('Ctrl Pts',(39.9999999999991,11.0603253902281,45.2319723645405));
#14073=CARTESIAN_POINT('Ctrl Pts',(39.9999999999991,11.0356866147162,45.1886303537068));
#14074=CARTESIAN_POINT('Ctrl Pts',(39.9999999999991,10.9805935161549,45.1588861853057));
#14075=CARTESIAN_POINT('Ctrl Pts',(39.9999999999992,10.8989461574659,45.1229584206015));
#14076=CARTESIAN_POINT('Ctrl Pts',(39.9999999999992,10.7707593479619,45.0612642461479));
#14077=CARTESIAN_POINT('Ctrl Pts',(39.9999999999992,10.6143559128527,44.9759061422021));
#14078=CARTESIAN_POINT('Ctrl Pts',(39.9999999999993,10.4356150523175,44.8590413212721));
#14079=CARTESIAN_POINT('Ctrl Pts',(39.9999999999993,10.2661114885515,44.7283597937887));
#14080=CARTESIAN_POINT('Ctrl Pts',(39.9999999999993,10.1075471184371,44.5846168033502));
#14081=CARTESIAN_POINT('Ctrl Pts',(39.9999999999993,9.99765280181139,44.4680379507951));
#14082=CARTESIAN_POINT('Ctrl Pts',(39.9999999999993,9.92801518825824,44.3863563433576));
#14083=CARTESIAN_POINT('Ctrl Pts',(39.9999999999993,9.88263827103826,44.3309540117282));
#14084=CARTESIAN_POINT('Ctrl Pts',(39.9999999999993,9.76222804166149,44.1747318883379));
#14085=CARTESIAN_POINT('Ctrl Pts',(39.9999999999995,9.59085414106446,43.8986175499733));
#14086=CARTESIAN_POINT('Ctrl Pts',(39.9999999999995,9.36965272579394,43.3727976368175));
#14087=CARTESIAN_POINT('Ctrl Pts',(40.,9.29998062977667,42.9394061461422));
#14088=CARTESIAN_POINT('Ctrl Pts',(40.,9.29990010104154,42.6549078143762));
#14089=CARTESIAN_POINT('Ctrl Pts',(40.,11.999,45.8748562406982));
#14090=CARTESIAN_POINT('Ctrl Pts',(39.9999751105871,11.9967872418477,45.8726668238983));
#14091=CARTESIAN_POINT('Ctrl Pts',(40.000018493031,11.9946189421236,45.8703571588473));
#14092=CARTESIAN_POINT('Ctrl Pts',(39.9993161934091,11.8710239400452,45.748166645849));
#14093=CARTESIAN_POINT('Ctrl Pts',(39.9857478028161,11.6318312089396,45.4937412675006));
#14094=CARTESIAN_POINT('Ctrl Pts',(39.9553464757142,11.3645142628105,45.1889961012481));
#14095=CARTESIAN_POINT('Ctrl Pts',(39.8662079068766,11.2386682772168,44.9264907157221));
#14096=CARTESIAN_POINT('Ctrl Pts',(39.8193537226161,11.2164286986845,44.815690991149));
#14097=CARTESIAN_POINT('Ctrl Pts',(39.768237012388,11.2125902309958,44.7219610377876));
#14098=CARTESIAN_POINT('Ctrl Pts',(39.7534493546777,11.1735292000574,44.685248412083));
#14099=CARTESIAN_POINT('Ctrl Pts',(39.7514069416011,11.1080323370286,44.6534539113247));
#14100=CARTESIAN_POINT('Ctrl Pts',(39.7487298775088,11.0055081297124,44.601630634417));
#14101=CARTESIAN_POINT('Ctrl Pts',(39.7487562879253,10.8791035777915,44.5319963208604));
#14102=CARTESIAN_POINT('Ctrl Pts',(39.7481616348056,10.7349437760067,44.4370531144199));
#14103=CARTESIAN_POINT('Ctrl Pts',(39.748179340988,10.5979520714106,44.3312812890497));
#14104=CARTESIAN_POINT('Ctrl Pts',(39.7480710300998,10.4698993893457,44.2148986742468));
#14105=CARTESIAN_POINT('Ctrl Pts',(39.7481963124894,10.3810698550792,44.1206770760982));
#14106=CARTESIAN_POINT('Ctrl Pts',(39.74818020929,10.3248128969803,44.0545793671361));
#14107=CARTESIAN_POINT('Ctrl Pts',(39.7481626076775,10.2881444292583,44.0097863329623));
#14108=CARTESIAN_POINT('Ctrl Pts',(39.7481486783223,10.1908498002257,43.8834613447104));
#14109=CARTESIAN_POINT('Ctrl Pts',(39.7484256794114,10.0523464135983,43.6602424869642));
#14110=CARTESIAN_POINT('Ctrl Pts',(39.7483318824068,9.87361117078114,43.2351637732232));
#14111=CARTESIAN_POINT('Ctrl Pts',(39.7490055053055,9.81724743882655,42.8848762026611));
#14112=CARTESIAN_POINT('Ctrl Pts',(39.7489935564473,9.81722867647177,42.6549078143763));
#14113=CARTESIAN_POINT('Ctrl Pts',(40.,11.999,45.8748562406981));
#14114=CARTESIAN_POINT('Ctrl Pts',(39.9999866933124,11.9970892992566,45.8719332988954));
#14115=CARTESIAN_POINT('Ctrl Pts',(39.9999933221684,11.9952027507591,45.8689429911217));
#14116=CARTESIAN_POINT('Ctrl Pts',(40.0000127639515,11.8885186177826,45.7055906288008));
#14117=CARTESIAN_POINT('Ctrl Pts',(39.9530941264543,11.6804274726692,45.372825242733));
#14118=CARTESIAN_POINT('Ctrl Pts',(39.8233477430239,11.4474610763894,44.9720997531235));
#14119=CARTESIAN_POINT('Ctrl Pts',(39.5521118760192,11.3259862804149,44.6939710505968));
#14120=CARTESIAN_POINT('Ctrl Pts',(39.4126826393806,11.2977538282493,44.5989000757797));
#14121=CARTESIAN_POINT('Ctrl Pts',(39.2747397515563,11.2837118803234,44.5346501729016));
#14122=CARTESIAN_POINT('Ctrl Pts',(39.2383679792954,11.244177355605,44.5121900028526));
#14123=CARTESIAN_POINT('Ctrl Pts',(39.2326690903747,11.1838510097948,44.4832021254622));
#14124=CARTESIAN_POINT('Ctrl Pts',(39.2262680244503,11.0891594162729,44.4381822501903));
#14125=CARTESIAN_POINT('Ctrl Pts',(39.2258756175289,10.9733420219208,44.3740080205733));
#14126=CARTESIAN_POINT('Ctrl Pts',(39.2243866100018,10.8410355727086,44.2877159315211));
#14127=CARTESIAN_POINT('Ctrl Pts',(39.2242954109268,10.7155081037029,44.1907148843567));
#14128=CARTESIAN_POINT('Ctrl Pts',(39.2239359031011,10.5980993930201,44.0842877072094));
#14129=CARTESIAN_POINT('Ctrl Pts',(39.2241230505693,10.5167182325852,43.9979028412283));
#14130=CARTESIAN_POINT('Ctrl Pts',(39.2240427290763,10.4651459784006,43.9373842098438));
#14131=CARTESIAN_POINT('Ctrl Pts',(39.2239996069768,10.4315440749824,43.8963467099893));
#14132=CARTESIAN_POINT('Ctrl Pts',(39.2239228405969,10.3423737340759,43.7806438831869));
#14133=CARTESIAN_POINT('Ctrl Pts',(39.2243294518409,10.2154540593312,43.5760931390822));
#14134=CARTESIAN_POINT('Ctrl Pts',(39.2241150276636,10.0516605249452,43.1866651409683));
#14135=CARTESIAN_POINT('Ctrl Pts',(39.2252069151739,9.99999117352708,42.8656075991922));
#14136=CARTESIAN_POINT('Ctrl Pts',(39.2251750757812,9.99999999999999,42.6549078143762));
#14137=CARTESIAN_POINT('Ctrl Pts',(40.,11.999,45.8748562406981));
#14138=CARTESIAN_POINT('Ctrl Pts',(40.,11.99722363529,45.8716050887736));
#14139=CARTESIAN_POINT('Ctrl Pts',(39.9999747896831,11.9954471696946,45.8683532099305));
#14140=CARTESIAN_POINT('Ctrl Pts',(40.0004643040494,11.8962691362514,45.6866383675247));
#14141=CARTESIAN_POINT('Ctrl Pts',(39.9370809694718,11.700856846008,45.3220054167654));
#14142=CARTESIAN_POINT('Ctrl Pts',(39.7502183459498,11.4797268345222,44.8875482593235));
#14143=CARTESIAN_POINT('Ctrl Pts',(39.4007742278542,11.3503071724601,44.6291186607077));
#14144=CARTESIAN_POINT('Ctrl Pts',(39.225482876553,11.3133204105747,44.5574166801492));
#14145=CARTESIAN_POINT('Ctrl Pts',(39.0590861723769,11.2886644472445,44.5217997968477));
#14146=CARTESIAN_POINT('Ctrl Pts',(39.0171507108393,11.245688024829,44.5086616070821));
#14147=CARTESIAN_POINT('Ctrl Pts',(39.0101296650445,11.1850164278802,44.4805638529305));
#14148=CARTESIAN_POINT('Ctrl Pts',(39.0028667868718,11.0896488397536,44.4373377810977));
#14149=CARTESIAN_POINT('Ctrl Pts',(39.0022037408423,10.9737950380432,44.3732064271731));
#14150=CARTESIAN_POINT('Ctrl Pts',(39.0005053163853,10.8412857990338,44.2874126274519));
#14151=CARTESIAN_POINT('Ctrl Pts',(39.0003352179893,10.7157383867043,44.19041564758));
#14152=CARTESIAN_POINT('Ctrl Pts',(38.9999040837198,10.5982490535866,44.0841640784823));
#14153=CARTESIAN_POINT('Ctrl Pts',(39.000070107286,10.5168654628018,43.9977551120797));
#14154=CARTESIAN_POINT('Ctrl Pts',(38.999969745885,10.4652676267368,43.9372870537767));
#14155=CARTESIAN_POINT('Ctrl Pts',(38.9999179395607,10.4316597582009,43.8962531716773));
#14156=CARTESIAN_POINT('Ctrl Pts',(38.9998165231388,10.3424636283499,43.7805871384896));
#14157=CARTESIAN_POINT('Ctrl Pts',(39.000197991047,10.2155163933856,43.5760621408484));
#14158=CARTESIAN_POINT('Ctrl Pts',(38.9999555318585,10.0516852042,43.1866634304224));
#14159=CARTESIAN_POINT('Ctrl Pts',(39.0010374486234,9.99999999999999,42.8656063785978));
#14160=CARTESIAN_POINT('Ctrl Pts',(39.001,9.99999999999999,42.6549078143762));
#14161=CARTESIAN_POINT('',(40.,9.001,42.6549078143762));
#14162=CARTESIAN_POINT('',(39.001,10.,42.6549078143762));
#14163=CARTESIAN_POINT('Origin',(39.001,9.001,42.6549078143762));
#14164=CARTESIAN_POINT('',(40.,11.9989999998065,45.8748562405085));
#14165=CARTESIAN_POINT('Ctrl Pts',(39.001,9.99999999999999,42.6549078143762));
#14166=CARTESIAN_POINT('Ctrl Pts',(39.0010374486234,9.99999999999999,42.8656063785978));
#14167=CARTESIAN_POINT('Ctrl Pts',(38.9999555318585,10.0516852042,43.1866634304224));
#14168=CARTESIAN_POINT('Ctrl Pts',(39.000197991047,10.2155163933856,43.5760621408484));
#14169=CARTESIAN_POINT('Ctrl Pts',(38.9998165231388,10.3424636283499,43.7805871384896));
#14170=CARTESIAN_POINT('Ctrl Pts',(38.9999179395607,10.4316597582009,43.8962531716773));
#14171=CARTESIAN_POINT('Ctrl Pts',(38.999969745885,10.4652676267368,43.9372870537767));
#14172=CARTESIAN_POINT('Ctrl Pts',(39.000070107286,10.5168654628018,43.9977551120797));
#14173=CARTESIAN_POINT('Ctrl Pts',(38.9999040837198,10.5982490535866,44.0841640784823));
#14174=CARTESIAN_POINT('Ctrl Pts',(39.0003352179893,10.7157383867043,44.19041564758));
#14175=CARTESIAN_POINT('Ctrl Pts',(39.0005053163853,10.8412857990338,44.2874126274519));
#14176=CARTESIAN_POINT('Ctrl Pts',(39.0022037408423,10.9737950380432,44.3732064271731));
#14177=CARTESIAN_POINT('Ctrl Pts',(39.0028667868718,11.0896488397536,44.4373377810977));
#14178=CARTESIAN_POINT('Ctrl Pts',(39.0101296650445,11.1850164278802,44.4805638529305));
#14179=CARTESIAN_POINT('Ctrl Pts',(39.0171507108393,11.245688024829,44.5086616070821));
#14180=CARTESIAN_POINT('Ctrl Pts',(39.0590861723769,11.2886644472445,44.5217997968477));
#14181=CARTESIAN_POINT('Ctrl Pts',(39.225482876553,11.3133204105747,44.5574166801492));
#14182=CARTESIAN_POINT('Ctrl Pts',(39.4007742278542,11.3503071724601,44.6291186607077));
#14183=CARTESIAN_POINT('Ctrl Pts',(39.7502183459498,11.4797268345222,44.8875482593235));
#14184=CARTESIAN_POINT('Ctrl Pts',(39.9370809694718,11.700856846008,45.3220054167654));
#14185=CARTESIAN_POINT('Ctrl Pts',(40.0004643040494,11.8962691362514,45.6866383675247));
#14186=CARTESIAN_POINT('Ctrl Pts',(39.9999747896831,11.9954471696946,45.8683532099305));
#14187=CARTESIAN_POINT('Ctrl Pts',(40.,11.99722363529,45.8716050887736));
#14188=CARTESIAN_POINT('Ctrl Pts',(40.,11.999,45.8748562406981));
#14189=CARTESIAN_POINT('Ctrl Pts',(40.,11.999,45.8748562406981));
#14190=CARTESIAN_POINT('Ctrl Pts',(40.,11.9963358972519,45.8737574207158));
#14191=CARTESIAN_POINT('Ctrl Pts',(40.,11.9936716431939,45.8726589455755));
#14192=CARTESIAN_POINT('Ctrl Pts',(40.0000000000001,11.8449293999407,45.8113589220392));
#14193=CARTESIAN_POINT('Ctrl Pts',(39.9999999999994,11.5518598420873,45.6931435797654));
#14194=CARTESIAN_POINT('Ctrl Pts',(39.9999999999992,11.2202201350163,45.5650945467454));
#14195=CARTESIAN_POINT('Ctrl Pts',(39.9999999999991,11.0261230130243,45.4920876004194));
#14196=CARTESIAN_POINT('Ctrl Pts',(39.9999999999991,10.9706521215123,45.4712691980012));
#14197=CARTESIAN_POINT('Ctrl Pts',(39.9999999999991,10.9336743435915,45.4573809959321));
#14198=CARTESIAN_POINT('Ctrl Pts',(39.9999999999991,10.8692204594485,45.4324029077779));
#14199=CARTESIAN_POINT('Ctrl Pts',(39.9999999999992,10.7782282395123,45.3939632940826));
#14200=CARTESIAN_POINT('Ctrl Pts',(39.9999999999992,10.6352007111463,45.3268122124974));
#14201=CARTESIAN_POINT('Ctrl Pts',(39.9999999999992,10.4614489865202,45.2322528358091));
#14202=CARTESIAN_POINT('Ctrl Pts',(39.9999999999993,10.2627182718875,45.1027998844512));
#14203=CARTESIAN_POINT('Ctrl Pts',(39.9999999999993,10.0744285559478,44.9577154240741));
#14204=CARTESIAN_POINT('Ctrl Pts',(39.9999999999993,9.89822394329794,44.7981746110352));
#14205=CARTESIAN_POINT('Ctrl Pts',(39.9999999999993,9.77616891319646,44.6686984135988));
#14206=CARTESIAN_POINT('Ctrl Pts',(39.9999999999993,9.69878506501095,44.5780017632113));
#14207=CARTESIAN_POINT('Ctrl Pts',(39.9999999999993,9.64838166837742,44.5164653281076));
#14208=CARTESIAN_POINT('Ctrl Pts',(39.9999999999993,9.51460978378845,44.3429990578883));
#14209=CARTESIAN_POINT('Ctrl Pts',(39.9999999999995,9.32422068402704,44.0363133314094));
#14210=CARTESIAN_POINT('Ctrl Pts',(39.9999999999995,9.07851487853515,43.4523073726238));
#14211=CARTESIAN_POINT('Ctrl Pts',(40.,9.001,42.9709029397424));
#14212=CARTESIAN_POINT('Ctrl Pts',(40.,9.001,42.6549078143762));
#14213=CARTESIAN_POINT('Origin',(39.001,9.001,37.7531297754991));
#14214=CARTESIAN_POINT('',(40.,9.001,-41.354572927217));
#14215=CARTESIAN_POINT('',(39.0009999964377,10.,-41.354572927217));
#14216=CARTESIAN_POINT('Origin',(39.001,9.001,-41.354572927217));
#14217=CARTESIAN_POINT('',(39.001,10.,37.7531297754991));
#14218=CARTESIAN_POINT('',(40.,9.001,37.7531297754991));
#14219=CARTESIAN_POINT('Ctrl Pts',(40.,9.33231963454763,-43.3546023691938));
#14220=CARTESIAN_POINT('Ctrl Pts',(40.,9.38545209317984,-43.5057429892325));
#14221=CARTESIAN_POINT('Ctrl Pts',(40.,9.44533493923208,-43.6545279841181));
#14222=CARTESIAN_POINT('Ctrl Pts',(40.,9.51236355850004,-43.8000398715534));
#14223=CARTESIAN_POINT('Ctrl Pts',(40.,9.52569318402796,-43.2866232110052));
#14224=CARTESIAN_POINT('Ctrl Pts',(39.9999312196443,9.57258531170318,-43.4334776072729));
#14225=CARTESIAN_POINT('Ctrl Pts',(40.0000556812054,9.62606616186747,-43.5781936138877));
#14226=CARTESIAN_POINT('Ctrl Pts',(40.,9.68643609979967,-43.7198550680887));
#14227=CARTESIAN_POINT('Ctrl Pts',(39.8695999452085,9.9118238675454,-43.1508815912913));
#14228=CARTESIAN_POINT('Ctrl Pts',(39.8754767906564,9.94638584806748,-43.2891520857746));
#14229=CARTESIAN_POINT('Ctrl Pts',(39.8810526858719,9.98699715757841,-43.4257360988228));
#14230=CARTESIAN_POINT('Ctrl Pts',(39.8864708048233,10.0341621497296,-43.5596784844356));
#14231=CARTESIAN_POINT('Ctrl Pts',(39.5271486787363,10.1564802446699,-43.0648743032879));
#14232=CARTESIAN_POINT('Ctrl Pts',(39.5462850535957,10.1890355778532,-43.1956270066981));
#14233=CARTESIAN_POINT('Ctrl Pts',(39.565009735654,10.2269094814519,-43.324616713288));
#14234=CARTESIAN_POINT('Ctrl Pts',(39.5831216456071,10.2700293000961,-43.4510286022962));
#14235=CARTESIAN_POINT('Ctrl Pts',(39.333888925967,10.2209165942164,-43.0422221421692));
#14236=CARTESIAN_POINT('Ctrl Pts',(39.359065802046,10.2563441408494,-43.1698291736495));
#14237=CARTESIAN_POINT('Ctrl Pts',(39.3838552923489,10.2962726963058,-43.2954646321282));
#14238=CARTESIAN_POINT('Ctrl Pts',(39.4081041754034,10.3409658950772,-43.4183523577572));
#14239=CARTESIAN_POINT('',(40.,9.51236355850004,-43.8000398715534));
#14240=CARTESIAN_POINT('',(39.4081041754037,10.3409658950772,-43.4183523577576));
#14241=CARTESIAN_POINT('Origin',(39.001,9.51236355850004,-43.8000398715534));
#14242=CARTESIAN_POINT('',(39.3338889259654,10.2209165942164,-43.0422221421675));
#14243=CARTESIAN_POINT('Ctrl Pts',(39.4081041754034,10.3409658950772,-43.4183523577572));
#14244=CARTESIAN_POINT('Ctrl Pts',(39.3838552923489,10.2962726963058,-43.2954646321282));
#14245=CARTESIAN_POINT('Ctrl Pts',(39.359065802046,10.2563441408494,-43.1698291736495));
#14246=CARTESIAN_POINT('Ctrl Pts',(39.333888925967,10.2209165942164,-43.0422221421692));
#14247=CARTESIAN_POINT('',(40.,9.33231963454763,-43.3546023691938));
#14248=CARTESIAN_POINT('Origin',(39.001,9.33231963454763,-43.3546023691938));
#14249=CARTESIAN_POINT('Ctrl Pts',(40.,9.33231963454763,-43.3546023691938));
#14250=CARTESIAN_POINT('Ctrl Pts',(40.,9.38545209317984,-43.5057429892325));
#14251=CARTESIAN_POINT('Ctrl Pts',(40.,9.44533493923208,-43.6545279841181));
#14252=CARTESIAN_POINT('Ctrl Pts',(40.,9.51236355850004,-43.8000398715534));
#14253=CARTESIAN_POINT('Ctrl Pts',(40.,9.51236356672511,-43.8000398894092));
#14254=CARTESIAN_POINT('Ctrl Pts',(40.,9.81167738453612,-44.4498178112905));
#14255=CARTESIAN_POINT('Ctrl Pts',(40.,10.3760946280712,-44.9727128867983));
#14256=CARTESIAN_POINT('Ctrl Pts',(40.,11.0468315701737,-45.2215342359542));
#14257=CARTESIAN_POINT('Ctrl Pts',(40.,9.68643610798395,-43.7198550829612));
#14258=CARTESIAN_POINT('Ctrl Pts',(39.9999998466342,9.96478132141281,-44.3241416424013));
#14259=CARTESIAN_POINT('Ctrl Pts',(40.0000000251967,10.48972130241,-44.8104665998883));
#14260=CARTESIAN_POINT('Ctrl Pts',(40.,11.1134833394775,-45.0418639460848));
#14261=CARTESIAN_POINT('Ctrl Pts',(39.886469271792,10.0341612552921,-43.5596789090949));
#14262=CARTESIAN_POINT('Ctrl Pts',(39.8864841952187,10.2706712717207,-44.0732034778362));
#14263=CARTESIAN_POINT('Ctrl Pts',(39.8864890210048,10.7165859604782,-44.4863227800122));
#14264=CARTESIAN_POINT('Ctrl Pts',(39.8864914732449,11.2466261500487,-44.6829566339572));
#14265=CARTESIAN_POINT('Ctrl Pts',(39.5831216406452,10.2700293067533,-43.4510286078072));
#14266=CARTESIAN_POINT('Ctrl Pts',(39.5831715272871,10.4780788013053,-43.9027719081889));
#14267=CARTESIAN_POINT('Ctrl Pts',(39.5831880636846,10.870701141027,-44.2665136690677));
#14268=CARTESIAN_POINT('Ctrl Pts',(39.583196261417,11.3369471467956,-44.4394822320572));
#14269=CARTESIAN_POINT('Ctrl Pts',(39.4081041687675,10.3409659005615,-43.4183523625852));
#14270=CARTESIAN_POINT('Ctrl Pts',(39.4081709588159,10.5405417250459,-43.8516811271601));
#14271=CARTESIAN_POINT('Ctrl Pts',(39.4081929915255,10.9168826422617,-44.20033275131));
#14272=CARTESIAN_POINT('Ctrl Pts',(39.4082039671984,11.3641151797095,-44.3662465415451));
#14273=CARTESIAN_POINT('',(40.,9.5763418784358,-43.929796032435));
#14274=CARTESIAN_POINT('',(39.408203967203,11.3641151797044,-44.3662465415354));
#14275=CARTESIAN_POINT('Ctrl Pts',(39.4082039671984,11.3641151797095,-44.3662465415451));
#14276=CARTESIAN_POINT('Ctrl Pts',(39.4092117371708,11.362214452379,-44.366021235255));
#14277=CARTESIAN_POINT('Ctrl Pts',(39.4102164219601,11.3603185921179,-44.3657953712484));
#14278=CARTESIAN_POINT('Ctrl Pts',(39.5919264354755,11.0172510436037,-44.324718387786));
#14279=CARTESIAN_POINT('Ctrl Pts',(39.7498912258781,10.6874278910251,-44.2487171629405));
#14280=CARTESIAN_POINT('Ctrl Pts',(39.9415291489326,10.1103898355808,-44.0924629189624));
#14281=CARTESIAN_POINT('Ctrl Pts',(40.,9.84213054189528,-44.0117164186565));
#14282=CARTESIAN_POINT('Ctrl Pts',(40.,9.57634187846331,-43.929796032453));
#14283=CARTESIAN_POINT('Ctrl Pts',(39.4082039671984,11.3641151797095,-44.3662465415451));
#14284=CARTESIAN_POINT('Ctrl Pts',(39.4081929915255,10.9168826422617,-44.20033275131));
#14285=CARTESIAN_POINT('Ctrl Pts',(39.4081709588159,10.5405417250459,-43.8516811271601));
#14286=CARTESIAN_POINT('Ctrl Pts',(39.4081041687675,10.3409659005615,-43.4183523625852));
#14287=CARTESIAN_POINT('Ctrl Pts',(40.,9.51236356672511,-43.8000398894092));
#14288=CARTESIAN_POINT('Ctrl Pts',(40.,9.53254824416818,-43.8438586407743));
#14289=CARTESIAN_POINT('Ctrl Pts',(40.,9.55393852770411,-43.8871003692954));
#14290=CARTESIAN_POINT('Ctrl Pts',(40.,9.57648572157456,-43.9297199345059));
#14291=CARTESIAN_POINT('Ctrl Pts',(40.,9.001,-41.354572927797));
#14292=CARTESIAN_POINT('Ctrl Pts',(40.,9.00099999925643,-42.0335490088174));
#14293=CARTESIAN_POINT('Ctrl Pts',(40.,9.10713918567506,-42.7140539447589));
#14294=CARTESIAN_POINT('Ctrl Pts',(40.,9.33231963454697,-43.3546023691919));
#14295=CARTESIAN_POINT('Ctrl Pts',(40.,9.2999001012628,-41.3545729281244));
#14296=CARTESIAN_POINT('Ctrl Pts',(39.9991136621881,9.27792485695196,-42.0015879502423));
#14297=CARTESIAN_POINT('Ctrl Pts',(40.000445990869,9.35846949536533,-42.6571172825912));
#14298=CARTESIAN_POINT('Ctrl Pts',(40.,9.55331797681029,-43.2769119026907));
#14299=CARTESIAN_POINT('Ctrl Pts',(39.7489982006341,9.81723424990115,-41.3545729286909));
#14300=CARTESIAN_POINT('Ctrl Pts',(39.787527413615,9.76027814301164,-41.9466882602933));
#14301=CARTESIAN_POINT('Ctrl Pts',(39.8206107866106,9.79532423405086,-42.5581383737709));
#14302=CARTESIAN_POINT('Ctrl Pts',(39.8495285191803,9.938458132291,-43.1415184963819));
#14303=CARTESIAN_POINT('Ctrl Pts',(39.2251750747855,10.0000000002607,-41.3545729288911));
#14304=CARTESIAN_POINT('Ctrl Pts',(39.3221973789793,9.9744208959826,-41.927101434574));
#14305=CARTESIAN_POINT('Ctrl Pts',(39.4146557043489,10.0258311037852,-42.5094088914655));
#14306=CARTESIAN_POINT('Ctrl Pts',(39.4995401426261,10.1656854374618,-43.0616382802693));
#14307=CARTESIAN_POINT('Ctrl Pts',(39.0009999988385,10.,-41.3545729288911));
#14308=CARTESIAN_POINT('Ctrl Pts',(39.1139225461145,9.9999999995042,-41.9271878790576));
#14309=CARTESIAN_POINT('Ctrl Pts',(39.2271869136263,10.070771258227,-42.5014113201639));
#14310=CARTESIAN_POINT('Ctrl Pts',(39.3338889259667,10.2209165942159,-43.0422221421676));
#14311=CARTESIAN_POINT('Ctrl Pts',(39.3338889259667,10.2209165942159,-43.0422221421676));
#14312=CARTESIAN_POINT('Ctrl Pts',(39.2271869136263,10.070771258227,-42.5014113201639));
#14313=CARTESIAN_POINT('Ctrl Pts',(39.1139225461145,9.9999999995042,-41.9271878790576));
#14314=CARTESIAN_POINT('Ctrl Pts',(39.0009999988385,10.,-41.3545729288911));
#14315=CARTESIAN_POINT('Ctrl Pts',(40.,9.001,-41.354572927797));
#14316=CARTESIAN_POINT('Ctrl Pts',(40.,9.00099999925643,-42.0335490088174));
#14317=CARTESIAN_POINT('Ctrl Pts',(40.,9.10713918567506,-42.7140539447589));
#14318=CARTESIAN_POINT('Ctrl Pts',(40.,9.33231963454697,-43.3546023691919));
#14319=CARTESIAN_POINT('Ctrl Pts',(38.5864935444574,11.510529933358,-43.7435718139102));
#14320=CARTESIAN_POINT('Ctrl Pts',(38.6607508563035,11.5094852798075,-43.8223196356503));
#14321=CARTESIAN_POINT('Ctrl Pts',(38.7349909900677,11.5084341657841,-43.9010797959391));
#14322=CARTESIAN_POINT('Ctrl Pts',(38.8092135823126,11.5073764753398,-43.9798525224069));
#14323=CARTESIAN_POINT('Ctrl Pts',(38.6873408754607,10.9617277174101,-43.6489375089025));
#14324=CARTESIAN_POINT('Ctrl Pts',(38.761789738671,10.960982822625,-43.7275325263583));
#14325=CARTESIAN_POINT('Ctrl Pts',(38.8362127158782,10.9602280019981,-43.8061499850239));
#14326=CARTESIAN_POINT('Ctrl Pts',(38.9106289355906,10.9594742372085,-43.8847688156012));
#14327=CARTESIAN_POINT('Ctrl Pts',(38.9667938304499,10.479538146361,-43.3867011570365));
#14328=CARTESIAN_POINT('Ctrl Pts',(39.0412772685152,10.4791617337567,-43.4653398375476));
#14329=CARTESIAN_POINT('Ctrl Pts',(39.1157357772744,10.478775341245,-43.5440006843317));
#14330=CARTESIAN_POINT('Ctrl Pts',(39.190186875495,10.4783944859179,-43.6226644661719));
#14331=CARTESIAN_POINT('Ctrl Pts',(39.333888925975,10.2209165942109,-43.042222142162));
#14332=CARTESIAN_POINT('Ctrl Pts',(39.4083062549622,10.2207401290548,-43.1210232191481));
#14333=CARTESIAN_POINT('Ctrl Pts',(39.4827072403609,10.2205626361623,-43.1998379811458));
#14334=CARTESIAN_POINT('Ctrl Pts',(39.5570915311445,10.2203840982221,-43.2786667027584));
#14335=CARTESIAN_POINT('',(38.8092135884216,11.5073764797826,-43.9798525166793));
#14336=CARTESIAN_POINT('Origin',(40.222720037889,11.999,-42.6545952605726));
#14337=CARTESIAN_POINT('',(38.5864935444635,11.5105299333579,-43.7435718139166));
#14338=CARTESIAN_POINT('Ctrl Pts',(38.8092135823126,11.5073764753398,-43.9798525224069));
#14339=CARTESIAN_POINT('Ctrl Pts',(38.7349909900677,11.5084341657841,-43.9010797959391));
#14340=CARTESIAN_POINT('Ctrl Pts',(38.6607508563035,11.5094852798075,-43.8223196356503));
#14341=CARTESIAN_POINT('Ctrl Pts',(38.5864935444574,11.510529933358,-43.7435718139102));
#14342=CARTESIAN_POINT('Origin',(40.0000000000554,11.999,-42.4171489952066));
#14343=CARTESIAN_POINT('Ctrl Pts',(38.8092135819115,11.5073764688311,-43.9798525195646));
#14344=CARTESIAN_POINT('Ctrl Pts',(38.9786950385319,11.4484583685485,-44.1387632521121));
#14345=CARTESIAN_POINT('Ctrl Pts',(39.1837101833188,11.3989519498864,-44.272287954566));
#14346=CARTESIAN_POINT('Ctrl Pts',(39.408203967203,11.3641151797044,-44.3662465415354));
#14347=CARTESIAN_POINT('Ctrl Pts',(38.8964368879466,11.036147576999,-43.8980748082081));
#14348=CARTESIAN_POINT('Ctrl Pts',(39.0648123277145,10.9917491972865,-44.0386551163373));
#14349=CARTESIAN_POINT('Ctrl Pts',(39.2605218279345,10.9548956858437,-44.1540680548541));
#14350=CARTESIAN_POINT('Ctrl Pts',(39.4708275382854,10.9291731261097,-44.2347125339069));
#14351=CARTESIAN_POINT('Ctrl Pts',(39.113937581282,10.6125391338434,-43.6941532908069));
#14352=CARTESIAN_POINT('Ctrl Pts',(39.259107002286,10.5856464910622,-43.8075961466346));
#14353=CARTESIAN_POINT('Ctrl Pts',(39.4244074342956,10.5633372323294,-43.8994687585038));
#14354=CARTESIAN_POINT('Ctrl Pts',(39.5999969773214,10.5478519664389,-43.9634061601904));
#14355=CARTESIAN_POINT('Ctrl Pts',(39.4081041684716,10.3409658928333,-43.4183523454926));
#14356=CARTESIAN_POINT('Ctrl Pts',(39.5160147202446,10.3257460726667,-43.5004080990249));
#14357=CARTESIAN_POINT('Ctrl Pts',(39.6382920722875,10.3132424914812,-43.5664614854451));
#14358=CARTESIAN_POINT('Ctrl Pts',(39.7671379470648,10.3045060146604,-43.6123447114534));
#14359=CARTESIAN_POINT('Ctrl Pts',(39.408203967203,11.3641151797044,-44.3662465415354));
#14360=CARTESIAN_POINT('Ctrl Pts',(39.1837101833188,11.3989519498864,-44.272287954566));
#14361=CARTESIAN_POINT('Ctrl Pts',(38.9786950385319,11.4484583685485,-44.1387632521121));
#14362=CARTESIAN_POINT('Ctrl Pts',(38.8092135819115,11.5073764688311,-43.9798525195646));
#14363=CARTESIAN_POINT('Ctrl Pts',(40.,11.999,45.8748562406982));
#14364=CARTESIAN_POINT('Ctrl Pts',(40.,11.8350610543802,45.5744659650307));
#14365=CARTESIAN_POINT('Ctrl Pts',(39.8811020508234,11.5782100751214,45.0838455537428));
#14366=CARTESIAN_POINT('Ctrl Pts',(39.4649807179085,11.3506241449385,44.6256639502573));
#14367=CARTESIAN_POINT('Ctrl Pts',(39.1552324584789,11.303733441549,44.5291022402948));
#14368=CARTESIAN_POINT('Ctrl Pts',(39.,11.303733441549,44.5291022402948));
#14369=CARTESIAN_POINT('Ctrl Pts',(40.,11.4009005986166,45.8748562406982));
#14370=CARTESIAN_POINT('Ctrl Pts',(40.0505759406143,11.2683507654893,45.5757599993271));
#14371=CARTESIAN_POINT('Ctrl Pts',(39.9899693549465,11.0707612208869,45.0335067675011));
#14372=CARTESIAN_POINT('Ctrl Pts',(39.5456084506858,10.9039367320047,44.4872465023168));
#14373=CARTESIAN_POINT('Ctrl Pts',(39.1815558625606,10.8697895338975,44.3681228592684));
#14374=CARTESIAN_POINT('Ctrl Pts',(39.,10.8697895338975,44.3681228592684));
#14375=CARTESIAN_POINT('Ctrl Pts',(40.5017737155081,10.3653396519319,45.8748562406982));
#14376=CARTESIAN_POINT('Ctrl Pts',(40.5797894272785,10.3254199846599,45.4742227684793));
#14377=CARTESIAN_POINT('Ctrl Pts',(40.4916496677475,10.2694741917076,44.7332563313071));
#14378=CARTESIAN_POINT('Ctrl Pts',(39.8188566020408,10.2240494442293,43.9770874739589));
#14379=CARTESIAN_POINT('Ctrl Pts',(39.2739353906042,10.2152175304611,43.8127142929714));
#14380=CARTESIAN_POINT('Ctrl Pts',(39.,10.2152175304611,43.8127142929714));
#14381=CARTESIAN_POINT('Ctrl Pts',(41.5504254489624,10.,45.8748562406982));
#14382=CARTESIAN_POINT('Ctrl Pts',(41.5735948792382,10.0004152933473,45.2656101656558));
#14383=CARTESIAN_POINT('Ctrl Pts',(41.2974529985268,10.0002366715797,44.2262286158578));
#14384=CARTESIAN_POINT('Ctrl Pts',(40.221774770702,10.0003744319911,43.217593717538));
#14385=CARTESIAN_POINT('Ctrl Pts',(39.408126544616,10.,43.0020382932334));
#14386=CARTESIAN_POINT('Ctrl Pts',(39.,10.,43.0020382932334));
#14387=CARTESIAN_POINT('Ctrl Pts',(41.999,10.,45.8748562406982));
#14388=CARTESIAN_POINT('Ctrl Pts',(41.999,9.99999999999999,45.1765373577363));
#14389=CARTESIAN_POINT('Ctrl Pts',(41.6424250504192,9.99999999999999,44.0093358541764));
#14390=CARTESIAN_POINT('Ctrl Pts',(40.3944771730074,10.,42.8925030697379));
#14391=CARTESIAN_POINT('Ctrl Pts',(39.4655421429782,10.,42.6549076365517));
#14392=CARTESIAN_POINT('Ctrl Pts',(39.,10.,42.6549076365517));
#14393=CARTESIAN_POINT('',(39.,10.,42.6549076365517));
#14394=CARTESIAN_POINT('Ctrl Pts',(39.0009999983181,10.,42.6549078192576));
#14395=CARTESIAN_POINT('Ctrl Pts',(39.0006666661093,10.,42.654907697456));
#14396=CARTESIAN_POINT('Ctrl Pts',(39.0003333333301,10.,42.6549076365517));
#14397=CARTESIAN_POINT('Ctrl Pts',(39.,10.,42.6549076365517));
#14398=CARTESIAN_POINT('',(39.,11.303733441549,44.5291022402948));
#14399=CARTESIAN_POINT('Origin',(39.,11.999,42.6549076365517));
#14400=CARTESIAN_POINT('Ctrl Pts',(39.,11.303733441549,44.5291022402948));
#14401=CARTESIAN_POINT('Ctrl Pts',(39.0750990152797,11.303733441549,44.5291022402948));
#14402=CARTESIAN_POINT('Ctrl Pts',(39.150129226989,11.3091285781043,44.5403690571404));
#14403=CARTESIAN_POINT('Ctrl Pts',(39.2230813984829,11.3197510571566,44.5621680088388));
#14404=CARTESIAN_POINT('Ctrl Pts',(39.2685816361068,11.3263762927204,44.5757640055297));
#14405=CARTESIAN_POINT('Ctrl Pts',(39.313272350994,11.3350347115767,44.5934568413942));
#14406=CARTESIAN_POINT('Ctrl Pts',(39.3566580610639,11.3456867005347,44.6150614830602));
#14407=CARTESIAN_POINT('Ctrl Pts',(39.3874801679529,11.3532540940779,44.6304098679006));
#14408=CARTESIAN_POINT('Ctrl Pts',(39.417658081067,11.3617895886862,44.6477241370702));
#14409=CARTESIAN_POINT('Ctrl Pts',(39.4470115852962,11.3712736439246,44.6669372968371));
#14410=CARTESIAN_POINT('Ctrl Pts',(39.5048272399423,11.3899537598668,44.7047801860906));
#14411=CARTESIAN_POINT('Ctrl Pts',(39.5594435656439,11.4123142865617,44.7499928806076));
#14412=CARTESIAN_POINT('Ctrl Pts',(39.6100215348845,11.4379656738943,44.8014054944119));
#14413=CARTESIAN_POINT('Ctrl Pts',(39.6305484352342,11.4483762040029,44.8222711324777));
#14414=CARTESIAN_POINT('Ctrl Pts',(39.6504103293221,11.4593286670604,44.8441573876212));
#14415=CARTESIAN_POINT('Ctrl Pts',(39.6695521999669,11.4707967629046,44.8669838710575));
#14416=CARTESIAN_POINT('Ctrl Pts',(39.7149604211006,11.498001305331,44.9211327067078));
#14417=CARTESIAN_POINT('Ctrl Pts',(39.7564083719435,11.528072624045,44.9806493798206));
#14418=CARTESIAN_POINT('Ctrl Pts',(39.793151079926,11.5606321317796,45.0445070630765));
#14419=CARTESIAN_POINT('Ctrl Pts',(39.834248221891,11.5970503160984,45.1159326171093));
#14420=CARTESIAN_POINT('Ctrl Pts',(39.8694574056835,11.6365811338997,45.1927887383648));
#14421=CARTESIAN_POINT('Ctrl Pts',(39.8985516424362,11.6785457388461,45.2735592547447));
#14422=CARTESIAN_POINT('Ctrl Pts',(39.9282620965341,11.7213991561602,45.3560404945781));
#14423=CARTESIAN_POINT('Ctrl Pts',(39.9515767573914,11.7668541567094,45.4425686449736));
#14424=CARTESIAN_POINT('Ctrl Pts',(39.9683308609253,11.8141588071287,45.5316123326923));
#14425=CARTESIAN_POINT('Ctrl Pts',(39.985043986378,11.8613477573075,45.6204382326038));
#14426=CARTESIAN_POINT('Ctrl Pts',(39.995229755542,11.9103778959902,45.7117695030675));
#14427=CARTESIAN_POINT('Ctrl Pts',(39.9986796774385,11.9604973921045,45.8041116965591));
#14428=CARTESIAN_POINT('Ctrl Pts',(39.9995585831918,11.9732658879729,45.8276368914931));
#14429=CARTESIAN_POINT('Ctrl Pts',(39.9999999999972,11.9861043411221,45.8512271359076));
#14430=CARTESIAN_POINT('Ctrl Pts',(40.,11.9989999998758,45.8748562404706));
#14431=CARTESIAN_POINT('Origin',(0.,11.999,42.6549076365517));
#14432=CARTESIAN_POINT('',(37.82,10.,42.6549076365517));
#14433=CARTESIAN_POINT('',(37.82,11.303733441549,44.5291022402948));
#14434=CARTESIAN_POINT('Origin',(37.82,11.999,42.6549076365517));
#14435=CARTESIAN_POINT('',(0.,11.303733441549,44.5291022402948));
#14436=CARTESIAN_POINT('',(0.,10.,42.6549076365517));
#14437=CARTESIAN_POINT('Ctrl Pts',(37.82,11.3037334415474,44.5291022402942));
#14438=CARTESIAN_POINT('Ctrl Pts',(37.3561538596897,11.3037334415474,44.5291022402942));
#14439=CARTESIAN_POINT('Ctrl Pts',(36.282491519628,11.4436501042464,44.1517373711565));
#14440=CARTESIAN_POINT('Ctrl Pts',(35.8199999999971,11.7974303870975,43.1975291211136));
#14441=CARTESIAN_POINT('Ctrl Pts',(35.82,11.9990000000044,42.6538410471881));
#14442=CARTESIAN_POINT('Ctrl Pts',(37.82,10.8697895338963,44.3681228592675));
#14443=CARTESIAN_POINT('Ctrl Pts',(37.3954820050493,10.8697895338963,44.3681228592675));
#14444=CARTESIAN_POINT('Ctrl Pts',(36.4129054185318,10.9697339871755,44.0573983079143));
#14445=CARTESIAN_POINT('Ctrl Pts',(35.8821851795668,11.2379251783907,43.1992961487823));
#14446=CARTESIAN_POINT('Ctrl Pts',(35.8199999999987,11.4009005986202,42.6538410471881));
#14447=CARTESIAN_POINT('Ctrl Pts',(37.82,10.2152131937329,43.8127177737744));
#14448=CARTESIAN_POINT('Ctrl Pts',(37.5335004579766,10.2152131937329,43.8127177737744));
#14449=CARTESIAN_POINT('Ctrl Pts',(36.8673508299046,10.2413986305127,43.6270912259536));
#14450=CARTESIAN_POINT('Ctrl Pts',(36.4176857714346,10.3162472648873,43.0606451897311));
#14451=CARTESIAN_POINT('Ctrl Pts',(36.3217622752668,10.3653301222216,42.6538410471903));
#14452=CARTESIAN_POINT('Ctrl Pts',(37.82,10.,43.0020382932332));
#14453=CARTESIAN_POINT('Ctrl Pts',(37.7339870361769,10.,43.0020382932332));
#14454=CARTESIAN_POINT('Ctrl Pts',(37.5337916558084,10.0002852009227,42.9460980597303));
#14455=CARTESIAN_POINT('Ctrl Pts',(37.3989132074637,10.0005106200906,42.7757808379041));
#14456=CARTESIAN_POINT('Ctrl Pts',(37.3704254489618,10.,42.653841047195));
#14457=CARTESIAN_POINT('Ctrl Pts',(37.82,10.,42.6549076365517));
#14458=CARTESIAN_POINT('Ctrl Pts',(37.8197680769298,10.,42.6549076365517));
#14459=CARTESIAN_POINT('Ctrl Pts',(37.8192312457599,10.,42.6546930016806));
#14460=CARTESIAN_POINT('Ctrl Pts',(37.819,10.,42.6541502779572));
#14461=CARTESIAN_POINT('Ctrl Pts',(37.819,10.,42.653841047197));
#14462=CARTESIAN_POINT('',(37.819,10.,42.653841047197));
#14463=CARTESIAN_POINT('',(35.82,11.9990000000027,42.6538410471927));
#14464=CARTESIAN_POINT('Origin',(37.819,11.999,42.653841047197));
#14465=CARTESIAN_POINT('Ctrl Pts',(35.82,11.9990000000044,42.6538410471881));
#14466=CARTESIAN_POINT('Ctrl Pts',(35.8199999999971,11.7974303870975,43.1975291211136));
#14467=CARTESIAN_POINT('Ctrl Pts',(36.0842808683576,11.5952702254683,43.742790978281));
#14468=CARTESIAN_POINT('Ctrl Pts',(36.5481277188996,11.4629430826643,44.099695813112));
#14469=CARTESIAN_POINT('Ctrl Pts',(36.8960128568061,11.3636977255613,44.3673744392352));
#14470=CARTESIAN_POINT('Ctrl Pts',(37.3561538596897,11.3037334415474,44.5291022402942));
#14471=CARTESIAN_POINT('Ctrl Pts',(37.82,11.3037334415474,44.5291022402942));
#14472=CARTESIAN_POINT('Ctrl Pts',(37.82,10.,42.6549076365517));
#14473=CARTESIAN_POINT('Ctrl Pts',(37.8197680769298,10.,42.6549076365517));
#14474=CARTESIAN_POINT('Ctrl Pts',(37.8192312457599,10.,42.6546930016806));
#14475=CARTESIAN_POINT('Ctrl Pts',(37.819,10.,42.6541502779572));
#14476=CARTESIAN_POINT('Ctrl Pts',(37.819,10.,42.653841047197));
#14477=CARTESIAN_POINT('Origin',(37.819,11.999,-11.6218702245009));
#14478=CARTESIAN_POINT('',(37.819,10.,-40.1017631885012));
#14479=CARTESIAN_POINT('',(35.82,11.999,-40.1017631885012));
#14480=CARTESIAN_POINT('Origin',(37.819,11.999,-40.1017631885012));
#14481=CARTESIAN_POINT('',(35.82,11.999,-11.6218702245009));
#14482=CARTESIAN_POINT('',(37.819,10.,-11.6218702245009));
#14483=CARTESIAN_POINT('Ctrl Pts',(35.82,11.9990000000044,-40.1017631884923));
#14484=CARTESIAN_POINT('Ctrl Pts',(35.8199999999974,11.8304928985786,-40.5921282415104));
#14485=CARTESIAN_POINT('Ctrl Pts',(36.0290527667633,11.6618321631215,-41.0829269903788));
#14486=CARTESIAN_POINT('Ctrl Pts',(36.4057864376376,11.5393952892222,-41.4392098478888));
#14487=CARTESIAN_POINT('Ctrl Pts',(35.8199999999987,11.4009005986202,-40.1017631884923));
#14488=CARTESIAN_POINT('Ctrl Pts',(35.8719852382968,11.2646572667485,-40.5937219807485));
#14489=CARTESIAN_POINT('Ctrl Pts',(36.1158779720481,11.1348006446209,-41.0425786556935));
#14490=CARTESIAN_POINT('Ctrl Pts',(36.4909434481121,11.0432864081324,-41.3586801243));
#14491=CARTESIAN_POINT('Ctrl Pts',(36.3217497324716,10.3653196740817,-40.1017631884945));
#14492=CARTESIAN_POINT('Ctrl Pts',(36.4019393506622,10.3242876459906,-40.4686682095112));
#14493=CARTESIAN_POINT('Ctrl Pts',(36.6158997041561,10.2878399226606,-40.7735410150998));
#14494=CARTESIAN_POINT('Ctrl Pts',(36.8925618209688,10.2623626683273,-40.9788850096747));
#14495=CARTESIAN_POINT('Ctrl Pts',(37.3704254489618,10.,-40.1017631884992));
#14496=CARTESIAN_POINT('Ctrl Pts',(37.3942404949999,10.0004268654891,-40.2117398641842));
#14497=CARTESIAN_POINT('Ctrl Pts',(37.4585767817356,9.99983821583817,-40.3034936926262));
#14498=CARTESIAN_POINT('Ctrl Pts',(37.5415071243613,9.99999999999999,-40.3652022886019));
#14499=CARTESIAN_POINT('Ctrl Pts',(37.819,10.,-40.1017631885012));
#14500=CARTESIAN_POINT('Ctrl Pts',(37.819,10.,-40.1020373397793));
#14501=CARTESIAN_POINT('Ctrl Pts',(37.8191045263834,9.99999999999999,-40.1023117347127));
#14502=CARTESIAN_POINT('Ctrl Pts',(37.8192928932188,9.99999999999999,-40.1025109252211));
#14503=CARTESIAN_POINT('',(37.8192928932188,10.,-40.1025109252211));
#14504=CARTESIAN_POINT('',(36.4057864376376,11.539395289224,-41.4392098478837));
#14505=CARTESIAN_POINT('Origin',(37.8192928932188,11.999,-40.1025109252211));
#14506=CARTESIAN_POINT('Ctrl Pts',(36.4057864376376,11.5393952892222,-41.4392098478888));
#14507=CARTESIAN_POINT('Ctrl Pts',(36.0290527667633,11.6618321631215,-41.0829269903788));
#14508=CARTESIAN_POINT('Ctrl Pts',(35.8199999999974,11.8304928985786,-40.5921282415104));
#14509=CARTESIAN_POINT('Ctrl Pts',(35.82,11.9990000000044,-40.1017631884923));
#14510=CARTESIAN_POINT('Ctrl Pts',(37.819,10.,-40.1017631885012));
#14511=CARTESIAN_POINT('Ctrl Pts',(37.819,10.,-40.1020373397793));
#14512=CARTESIAN_POINT('Ctrl Pts',(37.8191045263834,9.99999999999999,-40.1023117347127));
#14513=CARTESIAN_POINT('Ctrl Pts',(37.8192928932188,9.99999999999999,-40.1025109252211));
#14514=CARTESIAN_POINT('Ctrl Pts',(36.4057864376307,11.5393952892255,-41.4392098478827));
#14515=CARTESIAN_POINT('Ctrl Pts',(37.1341259826675,11.5303241886188,-42.206281258521));
#14516=CARTESIAN_POINT('Ctrl Pts',(37.8611260184458,11.5207344201968,-42.9743396505791));
#14517=CARTESIAN_POINT('Ctrl Pts',(38.5864935444635,11.5105299333579,-43.7435718139166));
#14518=CARTESIAN_POINT('Ctrl Pts',(36.4909434481053,11.0432864081348,-41.358680124295));
#14519=CARTESIAN_POINT('Ctrl Pts',(37.2207946156008,11.0365057777941,-42.1245050230325));
#14520=CARTESIAN_POINT('Ctrl Pts',(37.9492767258812,11.0292999404281,-42.8913866054092));
#14521=CARTESIAN_POINT('Ctrl Pts',(38.6763193275917,11.0217060017818,-43.6592800386804));
#14522=CARTESIAN_POINT('Ctrl Pts',(36.8927342333363,10.262606682666,-40.9787219658959));
#14523=CARTESIAN_POINT('Ctrl Pts',(37.623277868902,10.2607183374236,-41.7447847683543));
#14524=CARTESIAN_POINT('Ctrl Pts',(38.3526154570591,10.2587459127177,-42.5118154465843));
#14525=CARTESIAN_POINT('Ctrl Pts',(39.0804173079233,10.2566405153005,-43.2800778213958));
#14526=CARTESIAN_POINT('Ctrl Pts',(37.5415071243628,10.,-40.3652022886042));
#14527=CARTESIAN_POINT('Ctrl Pts',(38.2705033237729,10.0000125616777,-41.1341594787739));
#14528=CARTESIAN_POINT('Ctrl Pts',(38.9982069696237,9.99998644037156,-41.9042864608794));
#14529=CARTESIAN_POINT('Ctrl Pts',(39.7242997789943,10.,-42.6758638124556));
#14530=CARTESIAN_POINT('Ctrl Pts',(37.8192928932226,10.,-40.1025109252251));
#14531=CARTESIAN_POINT('Ctrl Pts',(38.5476324382594,10.,-40.8727013034186));
#14532=CARTESIAN_POINT('Ctrl Pts',(39.2746324740377,10.,-41.644158915241));
#14533=CARTESIAN_POINT('Ctrl Pts',(40.0000000000554,10.,-42.4171489952066));
#14534=CARTESIAN_POINT('Ctrl Pts',(38.5864935444635,11.5105299333579,-43.7435718139166));
#14535=CARTESIAN_POINT('Ctrl Pts',(37.8611260184458,11.5207344201968,-42.9743396505791));
#14536=CARTESIAN_POINT('Ctrl Pts',(37.1341259826675,11.5303241886188,-42.206281258521));
#14537=CARTESIAN_POINT('Ctrl Pts',(36.4057864376307,11.5393952892255,-41.4392098478827));
#14538=CARTESIAN_POINT('Ctrl Pts',(37.8192928932226,10.,-40.1025109252251));
#14539=CARTESIAN_POINT('Ctrl Pts',(38.2136037616546,10.,-40.5194791359352));
#14540=CARTESIAN_POINT('Ctrl Pts',(38.607522025441,10.,-40.9368187676017));
#14541=CARTESIAN_POINT('Ctrl Pts',(39.0010011920779,10.,-41.3545719068986));
#14542=CARTESIAN_POINT('Origin',(40.2234271247462,0.,-75.));
#14543=CARTESIAN_POINT('',(40.0000000000037,0.,-42.4874808980036));
#14544=CARTESIAN_POINT('Origin',(40.0000000000024,0.,-75.));
#14545=CARTESIAN_POINT('',(40.2234271247462,0.,-42.5));
#14546=CARTESIAN_POINT('Origin',(40.2234271247462,0.,-40.5));
#14547=CARTESIAN_POINT('',(40.2234271247462,22.9809703885627,-52.0190296114371));
#14548=CARTESIAN_POINT('Origin',(40.2234271247462,0.,-75.));
#14549=CARTESIAN_POINT('',(38.8092135623731,23.3951839509358,-51.604816049064));
#14550=CARTESIAN_POINT('Origin',(40.2234271247462,24.3951839509358,-50.604816049064));
#14551=CARTESIAN_POINT('Origin',(38.8092135623731,-1.11022302462516E-15,
-75.));
#14552=CARTESIAN_POINT('Origin',(37.9100000000018,10.,0.506259550998198));
#14553=CARTESIAN_POINT('Ctrl Pts',(-40.,11.0468315701735,-45.2215342359542));
#14554=CARTESIAN_POINT('Ctrl Pts',(-40.,10.3760946290416,-44.9727128871583));
#14555=CARTESIAN_POINT('Ctrl Pts',(-40.,9.81167738616615,-44.4498178128425));
#14556=CARTESIAN_POINT('Ctrl Pts',(-40.,9.51236356804858,-43.8000398922558));
#14557=CARTESIAN_POINT('Ctrl Pts',(-40.,11.1134833394773,-45.0418639460848));
#14558=CARTESIAN_POINT('Ctrl Pts',(-40.0000000251967,10.4897213033125,-44.8104666002231));
#14559=CARTESIAN_POINT('Ctrl Pts',(-39.9999998466342,9.96478132293195,-44.3241416438421));
#14560=CARTESIAN_POINT('Ctrl Pts',(-40.,9.6864361092184,-43.7198550856069));
#14561=CARTESIAN_POINT('Ctrl Pts',(-39.8864914732449,11.2466261500486,-44.6829566339571));
#14562=CARTESIAN_POINT('Ctrl Pts',(-39.8864890210047,10.7165859612451,-44.4863227802967));
#14563=CARTESIAN_POINT('Ctrl Pts',(-39.8864841952177,10.2706712730183,-44.0732034790545));
#14564=CARTESIAN_POINT('Ctrl Pts',(-39.8864692717911,10.0341612563488,-43.5596789113394));
#14565=CARTESIAN_POINT('Ctrl Pts',(-39.583196261417,11.3369471467955,-44.4394822320572));
#14566=CARTESIAN_POINT('Ctrl Pts',(-39.5831880636847,10.8707011417016,-44.2665136693179));
#14567=CARTESIAN_POINT('Ctrl Pts',(-39.583171527283,10.4780788024541,-43.9027719092555));
#14568=CARTESIAN_POINT('Ctrl Pts',(-39.5831216406413,10.2700293076911,-43.4510286097787));
#14569=CARTESIAN_POINT('Ctrl Pts',(-39.4082039671984,11.3641151797094,-44.366246541545));
#14570=CARTESIAN_POINT('Ctrl Pts',(-39.4081929915256,10.9168826429088,-44.20033275155));
#14571=CARTESIAN_POINT('Ctrl Pts',(-39.4081709588096,10.5405417261509,-43.85168112818));
#14572=CARTESIAN_POINT('Ctrl Pts',(-39.4081041687613,10.3409659014646,-43.4183523644741));
#14573=CARTESIAN_POINT('',(-39.4082039672067,11.3641151797048,-44.3662465415374));
#14574=CARTESIAN_POINT('',(-40.,9.5763418784334,-43.9297960324243));
#14575=CARTESIAN_POINT('Ctrl Pts',(-40.,9.57634187846295,-43.9297960324547));
#14576=CARTESIAN_POINT('Ctrl Pts',(-39.9999999999991,9.84213054186086,-44.0117164186477));
#14577=CARTESIAN_POINT('Ctrl Pts',(-39.9415291490087,10.1103898353758,-44.0924629190232));
#14578=CARTESIAN_POINT('Ctrl Pts',(-39.7498773926793,10.687469544045,-44.2487284421501));
#14579=CARTESIAN_POINT('Ctrl Pts',(-39.5918962801039,11.0173080308449,-44.324725224715));
#14580=CARTESIAN_POINT('Ctrl Pts',(-39.4102165799203,11.3603182926672,-44.365795335092));
#14581=CARTESIAN_POINT('Ctrl Pts',(-39.4092115788406,11.3622147510011,-44.3660212706527));
#14582=CARTESIAN_POINT('Ctrl Pts',(-39.4082039671984,11.3641151797094,-44.366246541545));
#14583=CARTESIAN_POINT('',(-40.,9.51236356804858,-43.8000398922558));
#14584=CARTESIAN_POINT('Ctrl Pts',(-40.,9.57648572158888,-43.929719934525));
#14585=CARTESIAN_POINT('Ctrl Pts',(-40.,9.55393852820553,-43.8871003702314));
#14586=CARTESIAN_POINT('Ctrl Pts',(-40.,9.53254824510703,-43.8438586426538));
#14587=CARTESIAN_POINT('Ctrl Pts',(-40.,9.51236356804858,-43.8000398922558));
#14588=CARTESIAN_POINT('',(-39.4081041686294,10.340965901444,-43.4183523643537));
#14589=CARTESIAN_POINT('Origin',(-39.0009999999752,9.51236356804858,-43.8000398922558));
#14590=CARTESIAN_POINT('Ctrl Pts',(-39.4081041687613,10.3409659014646,-43.4183523644741));
#14591=CARTESIAN_POINT('Ctrl Pts',(-39.4081709588096,10.5405417261509,-43.85168112818));
#14592=CARTESIAN_POINT('Ctrl Pts',(-39.4081929915256,10.9168826429088,-44.20033275155));
#14593=CARTESIAN_POINT('Ctrl Pts',(-39.4082039671984,11.3641151797094,-44.366246541545));
#14594=CARTESIAN_POINT('Ctrl Pts',(-40.,9.5123635586937,-43.8000398719738));
#14595=CARTESIAN_POINT('Ctrl Pts',(-40.,9.44533493933986,-43.6545279843883));
#14596=CARTESIAN_POINT('Ctrl Pts',(-40.,9.38545209321752,-43.5057429893445));
#14597=CARTESIAN_POINT('Ctrl Pts',(-40.,9.33231963452969,-43.3546023691428));
#14598=CARTESIAN_POINT('Ctrl Pts',(-40.,9.68643609997413,-43.719855068498));
#14599=CARTESIAN_POINT('Ctrl Pts',(-40.0000556812055,9.62606616196363,-43.5781936141506));
#14600=CARTESIAN_POINT('Ctrl Pts',(-39.9999312196443,9.5725853117363,-43.4334776073817));
#14601=CARTESIAN_POINT('Ctrl Pts',(-40.,9.52569318401212,-43.2866232109557));
#14602=CARTESIAN_POINT('Ctrl Pts',(-39.886470804839,10.0341621498658,-43.5596784848226));
#14603=CARTESIAN_POINT('Ctrl Pts',(-39.8810526858821,9.98699715765138,-43.4257360990708));
#14604=CARTESIAN_POINT('Ctrl Pts',(-39.8754767906608,9.9463858480916,-43.289152085877));
#14605=CARTESIAN_POINT('Ctrl Pts',(-39.8695999452066,9.91182386753373,-43.1508815912446));
#14606=CARTESIAN_POINT('Ctrl Pts',(-39.5831216456595,10.2700293002208,-43.4510286026614));
#14607=CARTESIAN_POINT('Ctrl Pts',(-39.565009735688,10.2269094815198,-43.3246167135222));
#14608=CARTESIAN_POINT('Ctrl Pts',(-39.5462850536099,10.189035577876,-43.195627006795));
#14609=CARTESIAN_POINT('Ctrl Pts',(-39.5271486787298,10.1564802446589,-43.0648743032437));
#14610=CARTESIAN_POINT('Ctrl Pts',(-39.4081041754735,10.3409658952064,-43.4183523581123));
#14611=CARTESIAN_POINT('Ctrl Pts',(-39.383855292394,10.2962726963777,-43.2954646323564));
#14612=CARTESIAN_POINT('Ctrl Pts',(-39.3590658020646,10.2563441408745,-43.1698291737441));
#14613=CARTESIAN_POINT('Ctrl Pts',(-39.3338889259585,10.2209165942044,-43.0422221421261));
#14614=CARTESIAN_POINT('',(-40.,9.33231963452969,-43.3546023691428));
#14615=CARTESIAN_POINT('',(-39.3338889259569,10.2209165942044,-43.0422221421244));
#14616=CARTESIAN_POINT('Origin',(-39.001,9.33231963452969,-43.3546023691428));
#14617=CARTESIAN_POINT('Ctrl Pts',(-39.3338889259585,10.2209165942044,-43.0422221421261));
#14618=CARTESIAN_POINT('Ctrl Pts',(-39.3590658020646,10.2563441408745,-43.1698291737441));
#14619=CARTESIAN_POINT('Ctrl Pts',(-39.383855292394,10.2962726963777,-43.2954646323564));
#14620=CARTESIAN_POINT('Ctrl Pts',(-39.4081041754735,10.3409658952064,-43.4183523581123));
#14621=CARTESIAN_POINT('Ctrl Pts',(-40.,9.5123635586937,-43.8000398719738));
#14622=CARTESIAN_POINT('Ctrl Pts',(-40.,9.44533493933986,-43.6545279843883));
#14623=CARTESIAN_POINT('Ctrl Pts',(-40.,9.38545209321752,-43.5057429893445));
#14624=CARTESIAN_POINT('Ctrl Pts',(-40.,9.33231963452969,-43.3546023691428));
#14625=CARTESIAN_POINT('Origin',(-39.001,9.001,37.7531297754996));
#14626=CARTESIAN_POINT('',(-39.0009999964377,10.,-41.354572927217));
#14627=CARTESIAN_POINT('',(-40.,9.001,-41.354572927217));
#14628=CARTESIAN_POINT('Origin',(-39.001,9.001,-41.354572927217));
#14629=CARTESIAN_POINT('',(-40.,9.001,42.6549078143763));
#14630=CARTESIAN_POINT('',(-40.,9.001,37.7531297754996));
#14631=CARTESIAN_POINT('',(-39.0010000000048,10.,42.6549078143763));
#14632=CARTESIAN_POINT('Origin',(-39.001,9.001,42.6549078143763));
#14633=CARTESIAN_POINT('',(-39.001,10.,37.7531297754996));
#14634=CARTESIAN_POINT('Ctrl Pts',(-40.,9.001,42.6549078143763));
#14635=CARTESIAN_POINT('Ctrl Pts',(-40.,9.001,42.9709029397424));
#14636=CARTESIAN_POINT('Ctrl Pts',(-39.9999999999997,9.07852265259059,43.4523087650011));
#14637=CARTESIAN_POINT('Ctrl Pts',(-39.9999999999997,9.32422316398532,44.0363191188783));
#14638=CARTESIAN_POINT('Ctrl Pts',(-39.9999999999996,9.51461397171351,44.3430010268323));
#14639=CARTESIAN_POINT('Ctrl Pts',(-39.9999999999996,9.66054152897521,44.5322462632616));
#14640=CARTESIAN_POINT('Ctrl Pts',(-39.9999999999996,9.7370372893568,44.623768461386));
#14641=CARTESIAN_POINT('Ctrl Pts',(-39.9999999999996,9.8169347905579,44.7119396246779));
#14642=CARTESIAN_POINT('Ctrl Pts',(-39.9999999999996,9.92754736612645,44.8247341601079));
#14643=CARTESIAN_POINT('Ctrl Pts',(-39.9999999999995,10.0744379892153,44.957735858184));
#14644=CARTESIAN_POINT('Ctrl Pts',(-39.9999999999995,10.2626973781114,45.1027898128861));
#14645=CARTESIAN_POINT('Ctrl Pts',(-39.9999999999994,10.461465199002,45.2322715516312));
#14646=CARTESIAN_POINT('Ctrl Pts',(-39.9999999999994,10.6352036886188,45.3268176807061));
#14647=CARTESIAN_POINT('Ctrl Pts',(-39.9999999999994,10.7782367515147,45.3939734392713));
#14648=CARTESIAN_POINT('Ctrl Pts',(-39.9999999999994,10.86922764984,45.4324100565497));
#14649=CARTESIAN_POINT('Ctrl Pts',(-39.9999999999993,10.9336808724712,45.4573910707455));
#14650=CARTESIAN_POINT('Ctrl Pts',(-39.9999999999993,10.9706585670312,45.4712790406099));
#14651=CARTESIAN_POINT('Ctrl Pts',(-39.9999999999993,11.0261304221685,45.4920951018895));
#14652=CARTESIAN_POINT('Ctrl Pts',(-39.9999999999994,11.2202278842796,45.5650993447866));
#14653=CARTESIAN_POINT('Ctrl Pts',(-39.9999999999997,11.5518603725628,45.6931463042626));
#14654=CARTESIAN_POINT('Ctrl Pts',(-39.9999999999999,11.844929867939,45.8113587718271));
#14655=CARTESIAN_POINT('Ctrl Pts',(-40.,11.993671637592,45.8726589475181));
#14656=CARTESIAN_POINT('Ctrl Pts',(-40.,11.9963358972519,45.8737574207158));
#14657=CARTESIAN_POINT('Ctrl Pts',(-40.,11.999,45.8748562406981));
#14658=CARTESIAN_POINT('Ctrl Pts',(-40.,9.29990010104154,42.6549078143763));
#14659=CARTESIAN_POINT('Ctrl Pts',(-39.9999997060629,9.29989281336834,42.9392617794719));
#14660=CARTESIAN_POINT('Ctrl Pts',(-40.0005979618211,9.3701719051393,43.3725970259059));
#14661=CARTESIAN_POINT('Ctrl Pts',(-40.0005737895632,9.59122174676585,43.8981576746191));
#14662=CARTESIAN_POINT('Ctrl Pts',(-40.0008285616692,9.76273566355395,44.1741379788256));
#14663=CARTESIAN_POINT('Ctrl Pts',(-40.0008548882501,9.89405003103956,44.3444560984868));
#14664=CARTESIAN_POINT('Ctrl Pts',(-40.0008733225437,9.96288853180554,44.4268256964133));
#14665=CARTESIAN_POINT('Ctrl Pts',(-40.0008952586815,10.0347865538383,44.5061817967989));
#14666=CARTESIAN_POINT('Ctrl Pts',(-40.0009233508707,10.1343256103194,44.6077009435922));
#14667=CARTESIAN_POINT('Ctrl Pts',(-40.0010300089302,10.2665310006128,44.7274042985573));
#14668=CARTESIAN_POINT('Ctrl Pts',(-40.0011546190895,10.4359954148978,44.8579529981762));
#14669=CARTESIAN_POINT('Ctrl Pts',(-40.0012678792217,10.6147594759264,44.974682246573));
#14670=CARTESIAN_POINT('Ctrl Pts',(-40.0014330117,10.7711793671952,45.0599468337516));
#14671=CARTESIAN_POINT('Ctrl Pts',(-40.0014170070357,10.8993203977874,45.1215094632841));
#14672=CARTESIAN_POINT('Ctrl Pts',(-40.0014056516454,10.9808764077628,45.1576188895559));
#14673=CARTESIAN_POINT('Ctrl Pts',(-40.0010707656147,11.0357980246549,45.1875188322613));
#14674=CARTESIAN_POINT('Ctrl Pts',(-40.0000698380968,11.060327524193,45.2315543919818));
#14675=CARTESIAN_POINT('Ctrl Pts',(-39.9992872334196,11.1035343920964,45.2854306533282));
#14676=CARTESIAN_POINT('Ctrl Pts',(-39.9984526091897,11.2719113777077,45.4298983277611));
#14677=CARTESIAN_POINT('Ctrl Pts',(-39.9992988882695,11.5805994100131,45.6211958668283));
#14678=CARTESIAN_POINT('Ctrl Pts',(-39.9998996153851,11.8546323169494,45.7877764484257));
#14679=CARTESIAN_POINT('Ctrl Pts',(-40.0000011831615,11.99401076601,45.8718366710112));
#14680=CARTESIAN_POINT('Ctrl Pts',(-40.,11.9965049902116,45.8733474527268));
#14681=CARTESIAN_POINT('Ctrl Pts',(-40.,11.999,45.8748562406981));
#14682=CARTESIAN_POINT('Ctrl Pts',(-39.7489935564473,9.81722867647177,42.6549078143763));
#14683=CARTESIAN_POINT('Ctrl Pts',(-39.7490063339308,9.81720978805822,42.8849115806285));
#14684=CARTESIAN_POINT('Ctrl Pts',(-39.7483441769207,9.87375927474787,43.2344560547132));
#14685=CARTESIAN_POINT('Ctrl Pts',(-39.7484366106358,10.0525079650255,43.6596289427278));
#14686=CARTESIAN_POINT('Ctrl Pts',(-39.7482029716041,10.1910966991082,43.8825734475208));
#14687=CARTESIAN_POINT('Ctrl Pts',(-39.7482344565462,10.2972628403597,44.0203598343677));
#14688=CARTESIAN_POINT('Ctrl Pts',(-39.7482472543843,10.3529167828875,44.0869963671871));
#14689=CARTESIAN_POINT('Ctrl Pts',(-39.7482692698452,10.4110389239289,44.1512027224725));
#14690=CARTESIAN_POINT('Ctrl Pts',(-39.7482920535169,10.4915145677463,44.2333505233069));
#14691=CARTESIAN_POINT('Ctrl Pts',(-39.748338329466,10.5983397557151,44.3302060903813));
#14692=CARTESIAN_POINT('Ctrl Pts',(-39.7482948996055,10.7353540598406,44.4358793678635));
#14693=CARTESIAN_POINT('Ctrl Pts',(-39.7488416429659,10.8796136435393,44.5306848010794));
#14694=CARTESIAN_POINT('Ctrl Pts',(-39.7489033301801,11.0060901174957,44.60011610571));
#14695=CARTESIAN_POINT('Ctrl Pts',(-39.7514368934793,11.1086801320329,44.6518749750207));
#14696=CARTESIAN_POINT('Ctrl Pts',(-39.7536348609227,11.1740303089847,44.6839430244928));
#14697=CARTESIAN_POINT('Ctrl Pts',(-39.7684113580558,11.2129652370424,44.7212079814913));
#14698=CARTESIAN_POINT('Ctrl Pts',(-39.8195262330647,11.2169587424551,44.8147329507558));
#14699=CARTESIAN_POINT('Ctrl Pts',(-39.8682708325717,11.2395325528959,44.9242310134808));
#14700=CARTESIAN_POINT('Ctrl Pts',(-39.9535333693551,11.3636147373142,45.1916857278567));
#14701=CARTESIAN_POINT('Ctrl Pts',(-39.9880486918229,11.631387321473,45.4948388183403));
#14702=CARTESIAN_POINT('Ctrl Pts',(-40.0001117268621,11.8716886898448,45.7464116811156));
#14703=CARTESIAN_POINT('Ctrl Pts',(-39.9999949308242,11.9946033310478,45.8703988215476));
#14704=CARTESIAN_POINT('Ctrl Pts',(-40.,11.9968009028909,45.8726300087461));
#14705=CARTESIAN_POINT('Ctrl Pts',(-40.,11.999,45.8748562406981));
#14706=CARTESIAN_POINT('Ctrl Pts',(-39.2251750757812,10.,42.6549078143763));
#14707=CARTESIAN_POINT('Ctrl Pts',(-39.2252072513902,9.99999151717486,42.8655207993935));
#14708=CARTESIAN_POINT('Ctrl Pts',(-39.2237808876639,10.0520416774804,43.1863399421122));
#14709=CARTESIAN_POINT('Ctrl Pts',(-39.2240042038494,10.2157530893969,43.5756210612151));
#14710=CARTESIAN_POINT('Ctrl Pts',(-39.2235194685515,10.3427809526356,43.7799919172715));
#14711=CARTESIAN_POINT('Ctrl Pts',(-39.2236092970833,10.4400327280995,43.9061478648449));
#14712=CARTESIAN_POINT('Ctrl Pts',(-39.2236505142069,10.491014732397,43.9671632281181));
#14713=CARTESIAN_POINT('Ctrl Pts',(-39.2237123466935,10.5442616683298,44.0259397264828));
#14714=CARTESIAN_POINT('Ctrl Pts',(-39.2237903485429,10.617980440413,44.1011594616509));
#14715=CARTESIAN_POINT('Ctrl Pts',(-39.2239168655024,10.7158848741794,44.1897613470212));
#14716=CARTESIAN_POINT('Ctrl Pts',(-39.2239384377943,10.8413940823497,44.2866423041696));
#14717=CARTESIAN_POINT('Ctrl Pts',(-39.2251967156078,10.9737355528042,44.3728438508915));
#14718=CARTESIAN_POINT('Ctrl Pts',(-39.2257497974794,11.0895777505236,44.4367887937086));
#14719=CARTESIAN_POINT('Ctrl Pts',(-39.2316897602358,11.1842575208115,44.4819039956894));
#14720=CARTESIAN_POINT('Ctrl Pts',(-39.2379733138624,11.2444890247686,44.5108272133405));
#14721=CARTESIAN_POINT('Ctrl Pts',(-39.2742479948574,11.2838967721794,44.5340037986285));
#14722=CARTESIAN_POINT('Ctrl Pts',(-39.4124958971275,11.2978798568035,44.5984501871552));
#14723=CARTESIAN_POINT('Ctrl Pts',(-39.5535604247269,11.3262494154044,44.6927260777812));
#14724=CARTESIAN_POINT('Ctrl Pts',(-39.8223283294032,11.4466511004734,44.973990004289));
#14725=CARTESIAN_POINT('Ctrl Pts',(-39.9573413493648,11.6801206603631,45.3732184639673));
#14726=CARTESIAN_POINT('Ctrl Pts',(-40.0000449447671,11.8888548167373,45.7046703171969));
#14727=CARTESIAN_POINT('Ctrl Pts',(-39.9999855534398,11.9951945059293,45.8689656651952));
#14728=CARTESIAN_POINT('Ctrl Pts',(-40.,11.9970968155702,45.8719125647654));
#14729=CARTESIAN_POINT('Ctrl Pts',(-40.,11.999,45.8748562406981));
#14730=CARTESIAN_POINT('Ctrl Pts',(-39.001,10.,42.6549078143763));
#14731=CARTESIAN_POINT('Ctrl Pts',(-39.0010374486234,10.,42.8656063785978));
#14732=CARTESIAN_POINT('Ctrl Pts',(-38.9994683887924,10.051690387768,43.1866562002802));
#14733=CARTESIAN_POINT('Ctrl Pts',(-38.9997246549663,10.2155180469669,43.5760581910244));
#14734=CARTESIAN_POINT('Ctrl Pts',(-38.999199695123,10.3424664207657,43.7805736723392));
#14735=CARTESIAN_POINT('Ctrl Pts',(-38.9993080421311,10.4397676839298,43.9067590259252));
#14736=CARTESIAN_POINT('Ctrl Pts',(-38.999359738231,10.4907733627166,43.9677897143205));
#14737=CARTESIAN_POINT('Ctrl Pts',(-38.9994333204439,10.5440472469398,44.0265737812601));
#14738=CARTESIAN_POINT('Ctrl Pts',(-38.9995342617054,10.6178012624706,44.1018124185242));
#14739=CARTESIAN_POINT('Ctrl Pts',(-38.9996758072875,10.7157446765983,44.1904005253484));
#14740=CARTESIAN_POINT('Ctrl Pts',(-38.9997718978632,10.8412718675266,44.2873751360109));
#14741=CARTESIAN_POINT('Ctrl Pts',(-39.001145125073,10.9738058481672,44.3732029755153));
#14742=CARTESIAN_POINT('Ctrl Pts',(-39.0020280009845,11.0896508250665,44.4372625130011));
#14743=CARTESIAN_POINT('Ctrl Pts',(-39.0086504038847,11.185022103495,44.480641539124));
#14744=CARTESIAN_POINT('Ctrl Pts',(-39.0164439426239,11.2456928192229,44.508483949566));
#14745=CARTESIAN_POINT('Ctrl Pts',(-39.0580429872181,11.2886688005571,44.5220459629659));
#14746=CARTESIAN_POINT('Ctrl Pts',(-39.2249907175995,11.3133247083041,44.5577085664629));
#14747=CARTESIAN_POINT('Ctrl Pts',(-39.4010627874181,11.3503121127135,44.629006108377));
#14748=CARTESIAN_POINT('Ctrl Pts',(-39.7501752015461,11.4797320015595,44.8875645743411));
#14749=CARTESIAN_POINT('Ctrl Pts',(-39.9415209889043,11.7008571997175,45.3217491766644));
#14750=CARTESIAN_POINT('Ctrl Pts',(-39.9998943892654,11.8962694483029,45.6866634001504));
#14751=CARTESIAN_POINT('Ctrl Pts',(-39.9999818406994,11.9954471659595,45.868352898362));
#14752=CARTESIAN_POINT('Ctrl Pts',(-40.,11.9972236352899,45.8716050887737));
#14753=CARTESIAN_POINT('Ctrl Pts',(-40.,11.999,45.8748562406981));
#14754=CARTESIAN_POINT('',(-40.,11.9989999999715,45.8748562406702));
#14755=CARTESIAN_POINT('Ctrl Pts',(-40.,9.001,42.6549078143763));
#14756=CARTESIAN_POINT('Ctrl Pts',(-40.,9.001,42.9709029397424));
#14757=CARTESIAN_POINT('Ctrl Pts',(-39.9999999999997,9.07852265259059,43.4523087650011));
#14758=CARTESIAN_POINT('Ctrl Pts',(-39.9999999999997,9.32422316398532,44.0363191188783));
#14759=CARTESIAN_POINT('Ctrl Pts',(-39.9999999999996,9.51461397171351,44.3430010268323));
#14760=CARTESIAN_POINT('Ctrl Pts',(-39.9999999999996,9.66054152897521,44.5322462632616));
#14761=CARTESIAN_POINT('Ctrl Pts',(-39.9999999999996,9.7370372893568,44.623768461386));
#14762=CARTESIAN_POINT('Ctrl Pts',(-39.9999999999996,9.8169347905579,44.7119396246779));
#14763=CARTESIAN_POINT('Ctrl Pts',(-39.9999999999996,9.92754736612645,44.8247341601079));
#14764=CARTESIAN_POINT('Ctrl Pts',(-39.9999999999995,10.0744379892153,44.957735858184));
#14765=CARTESIAN_POINT('Ctrl Pts',(-39.9999999999995,10.2626973781114,45.1027898128861));
#14766=CARTESIAN_POINT('Ctrl Pts',(-39.9999999999994,10.461465199002,45.2322715516312));
#14767=CARTESIAN_POINT('Ctrl Pts',(-39.9999999999994,10.6352036886188,45.3268176807061));
#14768=CARTESIAN_POINT('Ctrl Pts',(-39.9999999999994,10.7782367515147,45.3939734392713));
#14769=CARTESIAN_POINT('Ctrl Pts',(-39.9999999999994,10.86922764984,45.4324100565497));
#14770=CARTESIAN_POINT('Ctrl Pts',(-39.9999999999993,10.9336808724712,45.4573910707455));
#14771=CARTESIAN_POINT('Ctrl Pts',(-39.9999999999993,10.9706585670312,45.4712790406099));
#14772=CARTESIAN_POINT('Ctrl Pts',(-39.9999999999993,11.0261304221685,45.4920951018895));
#14773=CARTESIAN_POINT('Ctrl Pts',(-39.9999999999994,11.2202278842796,45.5650993447866));
#14774=CARTESIAN_POINT('Ctrl Pts',(-39.9999999999997,11.5518603725628,45.6931463042626));
#14775=CARTESIAN_POINT('Ctrl Pts',(-39.9999999999999,11.844929867939,45.8113587718271));
#14776=CARTESIAN_POINT('Ctrl Pts',(-40.,11.993671637592,45.8726589475181));
#14777=CARTESIAN_POINT('Ctrl Pts',(-40.,11.9963358972519,45.8737574207158));
#14778=CARTESIAN_POINT('Ctrl Pts',(-40.,11.999,45.8748562406981));
#14779=CARTESIAN_POINT('Ctrl Pts',(-40.,11.999,45.8748562406981));
#14780=CARTESIAN_POINT('Ctrl Pts',(-40.,11.9972236352899,45.8716050887737));
#14781=CARTESIAN_POINT('Ctrl Pts',(-39.9999818406994,11.9954471659595,45.868352898362));
#14782=CARTESIAN_POINT('Ctrl Pts',(-39.9998943892654,11.8962694483029,45.6866634001504));
#14783=CARTESIAN_POINT('Ctrl Pts',(-39.9415209889043,11.7008571997175,45.3217491766644));
#14784=CARTESIAN_POINT('Ctrl Pts',(-39.7501752015461,11.4797320015595,44.8875645743411));
#14785=CARTESIAN_POINT('Ctrl Pts',(-39.4010627874181,11.3503121127135,44.629006108377));
#14786=CARTESIAN_POINT('Ctrl Pts',(-39.2249907175995,11.3133247083041,44.5577085664629));
#14787=CARTESIAN_POINT('Ctrl Pts',(-39.0580429872181,11.2886688005571,44.5220459629659));
#14788=CARTESIAN_POINT('Ctrl Pts',(-39.0164439426239,11.2456928192229,44.508483949566));
#14789=CARTESIAN_POINT('Ctrl Pts',(-39.0086504038847,11.185022103495,44.480641539124));
#14790=CARTESIAN_POINT('Ctrl Pts',(-39.0020280009845,11.0896508250665,44.4372625130011));
#14791=CARTESIAN_POINT('Ctrl Pts',(-39.001145125073,10.9738058481672,44.3732029755153));
#14792=CARTESIAN_POINT('Ctrl Pts',(-38.9997718978632,10.8412718675266,44.2873751360109));
#14793=CARTESIAN_POINT('Ctrl Pts',(-38.9996758072875,10.7157446765983,44.1904005253484));
#14794=CARTESIAN_POINT('Ctrl Pts',(-38.9995342617054,10.6178012624706,44.1018124185242));
#14795=CARTESIAN_POINT('Ctrl Pts',(-38.9994333204439,10.5440472469398,44.0265737812601));
#14796=CARTESIAN_POINT('Ctrl Pts',(-38.999359738231,10.4907733627166,43.9677897143205));
#14797=CARTESIAN_POINT('Ctrl Pts',(-38.9993080421311,10.4397676839298,43.9067590259252));
#14798=CARTESIAN_POINT('Ctrl Pts',(-38.999199695123,10.3424664207657,43.7805736723392));
#14799=CARTESIAN_POINT('Ctrl Pts',(-38.9997246549663,10.2155180469669,43.5760581910244));
#14800=CARTESIAN_POINT('Ctrl Pts',(-38.9994683887924,10.051690387768,43.1866562002802));
#14801=CARTESIAN_POINT('Ctrl Pts',(-39.0010374486234,10.,42.8656063785978));
#14802=CARTESIAN_POINT('Ctrl Pts',(-39.001,10.,42.6549078143763));
#14803=CARTESIAN_POINT('Ctrl Pts',(-40.,9.33231963452902,-43.3546023691409));
#14804=CARTESIAN_POINT('Ctrl Pts',(-40.,9.10713918566955,-42.7140539447226));
#14805=CARTESIAN_POINT('Ctrl Pts',(-40.,9.00099999925643,-42.0335490087994));
#14806=CARTESIAN_POINT('Ctrl Pts',(-40.,9.001,-41.3545729277971));
#14807=CARTESIAN_POINT('Ctrl Pts',(-40.,9.55331797679476,-43.2769119026414));
#14808=CARTESIAN_POINT('Ctrl Pts',(-40.000445990869,9.35846949536119,-42.6571172825563));
#14809=CARTESIAN_POINT('Ctrl Pts',(-39.9991136621881,9.27792485695255,-42.0015879502251));
#14810=CARTESIAN_POINT('Ctrl Pts',(-40.,9.29990010126279,-41.3545729281244));
#14811=CARTESIAN_POINT('Ctrl Pts',(-39.849528519178,9.9384581322796,-43.1415184963355));
#14812=CARTESIAN_POINT('Ctrl Pts',(-39.8206107866088,9.79532423404905,-42.5581383737383));
#14813=CARTESIAN_POINT('Ctrl Pts',(-39.787527413614,9.76027814301315,-41.9466882602774));
#14814=CARTESIAN_POINT('Ctrl Pts',(-39.7489982006341,9.81723424990115,-41.354572928691));
#14815=CARTESIAN_POINT('Ctrl Pts',(-39.4995401426194,10.1656854374507,-43.0616382802253));
#14816=CARTESIAN_POINT('Ctrl Pts',(-39.4146557043439,10.0258311037825,-42.5094088914344));
#14817=CARTESIAN_POINT('Ctrl Pts',(-39.3221973789767,9.97442089598328,-41.9271014345587));
#14818=CARTESIAN_POINT('Ctrl Pts',(-39.2251750747855,10.0000000002607,-41.3545729288911));
#14819=CARTESIAN_POINT('Ctrl Pts',(-39.3338889259582,10.220916594204,-43.0422221421245));
#14820=CARTESIAN_POINT('Ctrl Pts',(-39.2271869136203,10.0707712582233,-42.5014113201333));
#14821=CARTESIAN_POINT('Ctrl Pts',(-39.1139225461115,9.9999999995042,-41.9271878790422));
#14822=CARTESIAN_POINT('Ctrl Pts',(-39.0009999988385,10.,-41.3545729288911));
#14823=CARTESIAN_POINT('Ctrl Pts',(-39.0009999988385,10.,-41.3545729288911));
#14824=CARTESIAN_POINT('Ctrl Pts',(-39.1139225461115,9.9999999995042,-41.9271878790422));
#14825=CARTESIAN_POINT('Ctrl Pts',(-39.2271869136203,10.0707712582233,-42.5014113201333));
#14826=CARTESIAN_POINT('Ctrl Pts',(-39.3338889259582,10.220916594204,-43.0422221421245));
#14827=CARTESIAN_POINT('Ctrl Pts',(-40.,9.33231963452902,-43.3546023691409));
#14828=CARTESIAN_POINT('Ctrl Pts',(-40.,9.10713918566955,-42.7140539447226));
#14829=CARTESIAN_POINT('Ctrl Pts',(-40.,9.00099999925643,-42.0335490087994));
#14830=CARTESIAN_POINT('Ctrl Pts',(-40.,9.001,-41.3545729277971));
#14831=CARTESIAN_POINT('Ctrl Pts',(-38.8092135827857,11.507376475333,-43.979852522909));
#14832=CARTESIAN_POINT('Ctrl Pts',(-38.7349909903747,11.5084341657798,-43.9010797962647));
#14833=CARTESIAN_POINT('Ctrl Pts',(-38.6607508564442,11.5094852798055,-43.8223196357996));
#14834=CARTESIAN_POINT('Ctrl Pts',(-38.5864935444319,11.5105299333583,-43.7435718138831));
#14835=CARTESIAN_POINT('Ctrl Pts',(-38.9106289360665,10.9594742371951,-43.8847688161009));
#14836=CARTESIAN_POINT('Ctrl Pts',(-38.8362127161876,10.9602280019865,-43.8061499853475));
#14837=CARTESIAN_POINT('Ctrl Pts',(-38.7617897388137,10.9609828226151,-43.7275325265058));
#14838=CARTESIAN_POINT('Ctrl Pts',(-38.6873408754367,10.9617277174019,-43.648937508874));
#14839=CARTESIAN_POINT('Ctrl Pts',(-39.1901868759784,10.4783944859009,-43.622664466665));
#14840=CARTESIAN_POINT('Ctrl Pts',(-39.1157357775912,10.4787753412288,-43.5440006846486));
#14841=CARTESIAN_POINT('Ctrl Pts',(-39.0412772686653,10.4791617337413,-43.4653398376883));
#14842=CARTESIAN_POINT('Ctrl Pts',(-38.9667938304332,10.4795381463465,-43.3867011570011));
#14843=CARTESIAN_POINT('Ctrl Pts',(-39.5570915316356,10.220384098209,-43.2786667032449));
#14844=CARTESIAN_POINT('Ctrl Pts',(-39.4827072406856,10.2205626361496,-43.1998379814556));
#14845=CARTESIAN_POINT('Ctrl Pts',(-39.4083062551203,10.2207401290424,-43.1210232192814));
#14846=CARTESIAN_POINT('Ctrl Pts',(-39.3338889259665,10.2209165941989,-43.0422221421189));
#14847=CARTESIAN_POINT('',(-38.586493544438,11.5105299333582,-43.7435718138895));
#14848=CARTESIAN_POINT('Origin',(-40.0000000000299,11.999,-42.4171489951794));
#14849=CARTESIAN_POINT('',(-38.8092135884216,11.5073764797826,-43.9798525166793));
#14850=CARTESIAN_POINT('Ctrl Pts',(-38.5864935444319,11.5105299333583,-43.7435718138831));
#14851=CARTESIAN_POINT('Ctrl Pts',(-38.6607508564442,11.5094852798055,-43.8223196357996));
#14852=CARTESIAN_POINT('Ctrl Pts',(-38.7349909903747,11.5084341657798,-43.9010797962647));
#14853=CARTESIAN_POINT('Ctrl Pts',(-38.8092135827857,11.507376475333,-43.979852522909));
#14854=CARTESIAN_POINT('Origin',(-40.222720037889,11.999,-42.6545952605726));
#14855=CARTESIAN_POINT('Ctrl Pts',(-38.586493544438,11.5105299333582,-43.7435718138895));
#14856=CARTESIAN_POINT('Ctrl Pts',(-37.8611260184275,11.5207344201971,-42.9743396505598));
#14857=CARTESIAN_POINT('Ctrl Pts',(-37.1341259826564,11.530324188619,-42.2062812585093));
#14858=CARTESIAN_POINT('Ctrl Pts',(-36.4057864376269,11.5393952892256,-41.4392098478786));
#14859=CARTESIAN_POINT('Ctrl Pts',(-38.6763193275661,11.021706001782,-43.6592800386533));
#14860=CARTESIAN_POINT('Ctrl Pts',(-37.9492767258629,11.0292999404283,-42.8913866053899));
#14861=CARTESIAN_POINT('Ctrl Pts',(-37.2207946155897,11.0365057777942,-42.1245050230209));
#14862=CARTESIAN_POINT('Ctrl Pts',(-36.4909434481015,11.0432864081349,-41.358680124291));
#14863=CARTESIAN_POINT('Ctrl Pts',(-39.0804173078977,10.2566405153006,-43.2800778213688));
#14864=CARTESIAN_POINT('Ctrl Pts',(-38.3526154570407,10.2587459127178,-42.5118154465649));
#14865=CARTESIAN_POINT('Ctrl Pts',(-37.6232778688909,10.2607183374237,-41.7447847683427));
#14866=CARTESIAN_POINT('Ctrl Pts',(-36.8927342333325,10.262606682666,-40.9787219658919));
#14867=CARTESIAN_POINT('Ctrl Pts',(-39.7242997789688,10.,-42.6758638124285));
#14868=CARTESIAN_POINT('Ctrl Pts',(-38.9982069696053,9.99998644037156,-41.90428646086));
#14869=CARTESIAN_POINT('Ctrl Pts',(-38.2705033237619,10.0000125616777,-41.1341594787622));
#14870=CARTESIAN_POINT('Ctrl Pts',(-37.541507124359,10.,-40.3652022886001));
#14871=CARTESIAN_POINT('Ctrl Pts',(-40.0000000000299,10.,-42.4171489951794));
#14872=CARTESIAN_POINT('Ctrl Pts',(-39.2746324740194,10.,-41.6441589152216));
#14873=CARTESIAN_POINT('Ctrl Pts',(-38.5476324382484,10.,-40.8727013034068));
#14874=CARTESIAN_POINT('Ctrl Pts',(-37.8192928932188,10.,-40.1025109252211));
#14875=CARTESIAN_POINT('',(-37.8192928932188,10.,-40.1025109252211));
#14876=CARTESIAN_POINT('Ctrl Pts',(-39.0010011920779,10.,-41.3545719068986));
#14877=CARTESIAN_POINT('Ctrl Pts',(-38.6075220254397,10.,-40.9368187676003));
#14878=CARTESIAN_POINT('Ctrl Pts',(-38.2136037616521,10.,-40.5194791359325));
#14879=CARTESIAN_POINT('Ctrl Pts',(-37.8192928932188,10.,-40.1025109252211));
#14880=CARTESIAN_POINT('',(-36.4057864376269,11.5393952892256,-41.4392098478787));
#14881=CARTESIAN_POINT('Origin',(-37.8192928932188,11.999,-40.1025109252211));
#14882=CARTESIAN_POINT('Ctrl Pts',(-36.4057864376269,11.5393952892256,-41.4392098478786));
#14883=CARTESIAN_POINT('Ctrl Pts',(-37.1341259826564,11.530324188619,-42.2062812585093));
#14884=CARTESIAN_POINT('Ctrl Pts',(-37.8611260184275,11.5207344201971,-42.9743396505598));
#14885=CARTESIAN_POINT('Ctrl Pts',(-38.586493544438,11.5105299333582,-43.7435718138895));
#14886=CARTESIAN_POINT('Origin',(-37.91,10.,0.506259550999122));
#14887=CARTESIAN_POINT('',(-39.,10.,42.6549076365517));
#14888=CARTESIAN_POINT('Ctrl Pts',(-39.,9.99999999999999,42.6549076365517));
#14889=CARTESIAN_POINT('Ctrl Pts',(-39.0003333333317,9.99999999999999,42.6549076365517));
#14890=CARTESIAN_POINT('Ctrl Pts',(-39.0006666661125,9.99999999999999,42.654907697456));
#14891=CARTESIAN_POINT('Ctrl Pts',(-39.000999998323,9.99999999999999,42.6549078192576));
#14892=CARTESIAN_POINT('',(-37.82,10.,42.6549076365517));
#14893=CARTESIAN_POINT('',(0.,10.,42.6549076365517));
#14894=CARTESIAN_POINT('',(-37.819,10.,42.653841047197));
#14895=CARTESIAN_POINT('Ctrl Pts',(-37.819,10.,42.653841047197));
#14896=CARTESIAN_POINT('Ctrl Pts',(-37.819,10.,42.6540729672277));
#14897=CARTESIAN_POINT('Ctrl Pts',(-37.8191209185362,10.,42.6544593324796));
#14898=CARTESIAN_POINT('Ctrl Pts',(-37.8195361783558,10.,42.6548286917463));
#14899=CARTESIAN_POINT('Ctrl Pts',(-37.8198453866462,10.,42.6549076365517));
#14900=CARTESIAN_POINT('Ctrl Pts',(-37.82,10.,42.6549076365517));
#14901=CARTESIAN_POINT('',(-37.819,10.,-40.1017631885012));
#14902=CARTESIAN_POINT('',(-37.819,10.,-11.6218702245004));
#14903=CARTESIAN_POINT('Ctrl Pts',(-37.8192928932188,10.,-40.102510925221));
#14904=CARTESIAN_POINT('Ctrl Pts',(-37.8191045263509,10.,-40.1023117346783));
#14905=CARTESIAN_POINT('Ctrl Pts',(-37.819,10.,-40.1020373398265));
#14906=CARTESIAN_POINT('Ctrl Pts',(-37.819,10.,-40.1017631885012));
#14907=CARTESIAN_POINT('Ctrl Pts',(-39.,11.303733441549,44.5291022402948));
#14908=CARTESIAN_POINT('Ctrl Pts',(-39.1552324584789,11.303733441549,44.5291022402948));
#14909=CARTESIAN_POINT('Ctrl Pts',(-39.4649807179085,11.3506241449385,44.6256639502572));
#14910=CARTESIAN_POINT('Ctrl Pts',(-39.8811020508234,11.5782100751214,45.0838455537428));
#14911=CARTESIAN_POINT('Ctrl Pts',(-40.,11.8350610543802,45.5744659650307));
#14912=CARTESIAN_POINT('Ctrl Pts',(-40.,11.999,45.8748562406981));
#14913=CARTESIAN_POINT('Ctrl Pts',(-39.,10.8697895338975,44.3681228592684));
#14914=CARTESIAN_POINT('Ctrl Pts',(-39.1815558625607,10.8697895338975,44.3681228592684));
#14915=CARTESIAN_POINT('Ctrl Pts',(-39.5456084506859,10.9039367320047,44.4872465023169));
#14916=CARTESIAN_POINT('Ctrl Pts',(-39.9899693549465,11.0707612208869,45.0335067675011));
#14917=CARTESIAN_POINT('Ctrl Pts',(-40.0505759406143,11.2683507654893,45.5757599993271));
#14918=CARTESIAN_POINT('Ctrl Pts',(-40.,11.4009005986166,45.8748562406981));
#14919=CARTESIAN_POINT('Ctrl Pts',(-39.,10.2152175304611,43.8127142929714));
#14920=CARTESIAN_POINT('Ctrl Pts',(-39.2739353906044,10.2152175304611,43.8127142929714));
#14921=CARTESIAN_POINT('Ctrl Pts',(-39.8188566020409,10.2240494442292,43.9770874739589));
#14922=CARTESIAN_POINT('Ctrl Pts',(-40.4916496677476,10.2694741917076,44.7332563313071));
#14923=CARTESIAN_POINT('Ctrl Pts',(-40.5797894272784,10.3254199846599,45.4742227684792));
#14924=CARTESIAN_POINT('Ctrl Pts',(-40.5017737155081,10.3653396519319,45.8748562406981));
#14925=CARTESIAN_POINT('Ctrl Pts',(-39.,9.99999999999999,43.0020382932334));
#14926=CARTESIAN_POINT('Ctrl Pts',(-39.4081265446162,9.99999999999999,43.0020382932334));
#14927=CARTESIAN_POINT('Ctrl Pts',(-40.2217747707022,10.0003744319911,43.217593717538));
#14928=CARTESIAN_POINT('Ctrl Pts',(-41.2974529985269,10.0002366715796,44.2262286158578));
#14929=CARTESIAN_POINT('Ctrl Pts',(-41.5735948792382,10.0004152933473,45.2656101656558));
#14930=CARTESIAN_POINT('Ctrl Pts',(-41.5504254489624,10.,45.8748562406981));
#14931=CARTESIAN_POINT('Ctrl Pts',(-39.,9.99999999999999,42.6549076365517));
#14932=CARTESIAN_POINT('Ctrl Pts',(-39.4655421429784,9.99999999999999,42.6549076365517));
#14933=CARTESIAN_POINT('Ctrl Pts',(-40.3944771730075,9.99999999999999,42.892503069738));
#14934=CARTESIAN_POINT('Ctrl Pts',(-41.6424250504193,9.99999999999999,44.0093358541764));
#14935=CARTESIAN_POINT('Ctrl Pts',(-41.999,10.,45.1765373577363));
#14936=CARTESIAN_POINT('Ctrl Pts',(-41.999,10.,45.8748562406981));
#14937=CARTESIAN_POINT('',(-39.,11.303733441549,44.5291022402948));
#14938=CARTESIAN_POINT('Ctrl Pts',(-40.,11.999,45.8748562406981));
#14939=CARTESIAN_POINT('Ctrl Pts',(-40.,11.8350610543802,45.5744659650307));
#14940=CARTESIAN_POINT('Ctrl Pts',(-39.8811020508234,11.5782100751214,45.0838455537428));
#14941=CARTESIAN_POINT('Ctrl Pts',(-39.4649807179085,11.3506241449385,44.6256639502572));
#14942=CARTESIAN_POINT('Ctrl Pts',(-39.1552324584789,11.303733441549,44.5291022402948));
#14943=CARTESIAN_POINT('Ctrl Pts',(-39.,11.303733441549,44.5291022402948));
#14944=CARTESIAN_POINT('Origin',(-39.,11.999,42.6549076365517));
#14945=CARTESIAN_POINT('Ctrl Pts',(-36.4057864376285,11.5393952892237,-41.4392098478797));
#14946=CARTESIAN_POINT('Ctrl Pts',(-36.0290527018395,11.6618321842216,-41.0829269289742));
#14947=CARTESIAN_POINT('Ctrl Pts',(-35.82,11.8304928695585,-40.5921283259566));
#14948=CARTESIAN_POINT('Ctrl Pts',(-35.82,11.999,-40.1017631885012));
#14949=CARTESIAN_POINT('Ctrl Pts',(-36.4909434481033,11.0432864081335,-41.3586801242917));
#14950=CARTESIAN_POINT('Ctrl Pts',(-36.1158779074116,11.134800660392,-41.0425786012136));
#14951=CARTESIAN_POINT('Ctrl Pts',(-35.8719852472521,11.2646572432849,-40.5937220654686));
#14952=CARTESIAN_POINT('Ctrl Pts',(-35.82,11.4009005986166,-40.1017631885012));
#14953=CARTESIAN_POINT('Ctrl Pts',(-36.8925618209624,10.2623626683276,-40.978885009669));
#14954=CARTESIAN_POINT('Ctrl Pts',(-36.6158996564775,10.2878399270512,-40.7735409797085));
#14955=CARTESIAN_POINT('Ctrl Pts',(-36.4019393644741,10.3242876389242,-40.4686682726953));
#14956=CARTESIAN_POINT('Ctrl Pts',(-36.3217497324737,10.3653196740806,-40.1017631885012));
#14957=CARTESIAN_POINT('Ctrl Pts',(-37.5415071243594,10.,-40.3652022886002));
#14958=CARTESIAN_POINT('Ctrl Pts',(-37.4585767674438,9.99983821581029,-40.3034936819906));
#14959=CARTESIAN_POINT('Ctrl Pts',(-37.3942404991018,10.0004268655626,-40.2117398831231));
#14960=CARTESIAN_POINT('Ctrl Pts',(-37.3704254489624,10.,-40.1017631885012));
#14961=CARTESIAN_POINT('Ctrl Pts',(-37.8192928932188,10.,-40.102510925221));
#14962=CARTESIAN_POINT('Ctrl Pts',(-37.8191045263509,10.,-40.1023117346783));
#14963=CARTESIAN_POINT('Ctrl Pts',(-37.819,10.,-40.1020373398265));
#14964=CARTESIAN_POINT('Ctrl Pts',(-37.819,10.,-40.1017631885012));
#14965=CARTESIAN_POINT('',(-35.82,11.999,-40.1017631885012));
#14966=CARTESIAN_POINT('Origin',(-37.819,11.999,-40.1017631885012));
#14967=CARTESIAN_POINT('Ctrl Pts',(-35.82,11.999,-40.1017631885012));
#14968=CARTESIAN_POINT('Ctrl Pts',(-35.82,11.8304928695585,-40.5921283259566));
#14969=CARTESIAN_POINT('Ctrl Pts',(-36.0290527018395,11.6618321842216,-41.0829269289742));
#14970=CARTESIAN_POINT('Ctrl Pts',(-36.4057864376285,11.5393952892237,-41.4392098478797));
#14971=CARTESIAN_POINT('Origin',(-37.819,11.999,-11.6218702245004));
#14972=CARTESIAN_POINT('',(-35.82,11.999,42.653841047197));
#14973=CARTESIAN_POINT('Origin',(-37.819,11.999,42.653841047197));
#14974=CARTESIAN_POINT('',(-35.82,11.999,-11.6218702245004));
#14975=CARTESIAN_POINT('Ctrl Pts',(-35.82,11.9990000000044,42.6538410471881));
#14976=CARTESIAN_POINT('Ctrl Pts',(-35.8199999999979,11.8478247715478,43.0616017587334));
#14977=CARTESIAN_POINT('Ctrl Pts',(-36.06183707239,11.5959706489242,43.7409043441977));
#14978=CARTESIAN_POINT('Ctrl Pts',(-36.8923567115542,11.3551958852352,44.3903035861217));
#14979=CARTESIAN_POINT('Ctrl Pts',(-37.5107732923652,11.3037334415474,44.5291022402942));
#14980=CARTESIAN_POINT('Ctrl Pts',(-37.82,11.3037334415474,44.5291022402942));
#14981=CARTESIAN_POINT('Ctrl Pts',(-35.8199999999987,11.4009005986202,42.6538410471881));
#14982=CARTESIAN_POINT('Ctrl Pts',(-35.8666382734579,11.2786706353301,43.0629270121168));
#14983=CARTESIAN_POINT('Ctrl Pts',(-36.1669291059893,11.083866562968,43.69255794532));
#14984=CARTESIAN_POINT('Ctrl Pts',(-36.9724672347601,10.9071303020544,44.2525714544604));
#14985=CARTESIAN_POINT('Ctrl Pts',(-37.5369917123326,10.8697895338963,44.3681228592675));
#14986=CARTESIAN_POINT('Ctrl Pts',(-37.82,10.8697895338963,44.3681228592675));
#14987=CARTESIAN_POINT('Ctrl Pts',(-36.3217622752668,10.3653301222216,42.6538410471903));
#14988=CARTESIAN_POINT('Ctrl Pts',(-36.3937039545626,10.3285184616552,42.9589401556264));
#14989=CARTESIAN_POINT('Ctrl Pts',(-36.666646308792,10.2731407876265,43.3902476449602));
#14990=CARTESIAN_POINT('Ctrl Pts',(-37.2456158918599,10.2249476228194,43.7422011203159));
#14991=CARTESIAN_POINT('Ctrl Pts',(-37.6290028084323,10.2152131937329,43.8127177737744));
#14992=CARTESIAN_POINT('Ctrl Pts',(-37.82,10.2152131937329,43.8127177737744));
#14993=CARTESIAN_POINT('Ctrl Pts',(-37.3704254489618,10.,42.653841047195));
#14994=CARTESIAN_POINT('Ctrl Pts',(-37.3917909878326,10.0003829600491,42.7452946916831));
#14995=CARTESIAN_POINT('Ctrl Pts',(-37.4736900647178,10.0001550472236,42.8749040884702));
#14996=CARTESIAN_POINT('Ctrl Pts',(-37.6473816342835,10.0003062955587,42.9807610744786));
#14997=CARTESIAN_POINT('Ctrl Pts',(-37.7626587756036,10.,43.0020382932332));
#14998=CARTESIAN_POINT('Ctrl Pts',(-37.82,10.,43.0020382932332));
#14999=CARTESIAN_POINT('Ctrl Pts',(-37.819,10.,42.653841047197));
#15000=CARTESIAN_POINT('Ctrl Pts',(-37.819,10.,42.6540729672277));
#15001=CARTESIAN_POINT('Ctrl Pts',(-37.8191209185362,10.,42.6544593324796));
#15002=CARTESIAN_POINT('Ctrl Pts',(-37.8195361783558,10.,42.6548286917463));
#15003=CARTESIAN_POINT('Ctrl Pts',(-37.8198453866462,10.,42.6549076365517));
#15004=CARTESIAN_POINT('Ctrl Pts',(-37.82,10.,42.6549076365517));
#15005=CARTESIAN_POINT('',(-37.82,11.3037334415474,44.5291022402942));
#15006=CARTESIAN_POINT('Origin',(-37.82,11.999,42.6549076365517));
#15007=CARTESIAN_POINT('Ctrl Pts',(-37.82,11.3037334415474,44.5291022402942));
#15008=CARTESIAN_POINT('Ctrl Pts',(-37.5107732923652,11.3037334415474,44.5291022402942));
#15009=CARTESIAN_POINT('Ctrl Pts',(-36.8923567115542,11.3551958852352,44.3903035861217));
#15010=CARTESIAN_POINT('Ctrl Pts',(-36.06183707239,11.5959706489242,43.7409043441977));
#15011=CARTESIAN_POINT('Ctrl Pts',(-35.8199999999979,11.8478247715478,43.0616017587334));
#15012=CARTESIAN_POINT('Ctrl Pts',(-35.82,11.9990000000044,42.6538410471881));
#15013=CARTESIAN_POINT('Origin',(0.,11.999,42.6549076365517));
#15014=CARTESIAN_POINT('',(0.,11.303733441549,44.5291022402948));
#15015=CARTESIAN_POINT('Ctrl Pts',(-39.4082039672141,11.3641151797037,-44.3662465415405));
#15016=CARTESIAN_POINT('Ctrl Pts',(-39.1837101833435,11.398951949883,-44.2722879545782));
#15017=CARTESIAN_POINT('Ctrl Pts',(-38.9786950385258,11.4484583685513,-44.1387632521044));
#15018=CARTESIAN_POINT('Ctrl Pts',(-38.8092135819204,11.507376468828,-43.9798525195729));
#15019=CARTESIAN_POINT('Ctrl Pts',(-39.4708275378063,10.9291731295081,-44.2347125349393));
#15020=CARTESIAN_POINT('Ctrl Pts',(-39.2605218273608,10.9548956893122,-44.1540680557885));
#15021=CARTESIAN_POINT('Ctrl Pts',(-39.0648123270302,10.9917492008562,-44.0386551171123));
#15022=CARTESIAN_POINT('Ctrl Pts',(-38.8964368872738,11.0361475806791,-43.8980748088545));
#15023=CARTESIAN_POINT('Ctrl Pts',(-39.5999969752804,10.5478519723335,-43.963406164499));
#15024=CARTESIAN_POINT('Ctrl Pts',(-39.4244074317167,10.5633372383812,-43.8994687625565));
#15025=CARTESIAN_POINT('Ctrl Pts',(-39.2591069991839,10.5856464973363,-43.8075961503054));
#15026=CARTESIAN_POINT('Ctrl Pts',(-39.1139375778216,10.6125391403855,-43.6941532940643));
#15027=CARTESIAN_POINT('Ctrl Pts',(-39.7671379431527,10.3045060203652,-43.6123447196863));
#15028=CARTESIAN_POINT('Ctrl Pts',(-39.6382920672909,10.3132424973445,-43.5664614932582));
#15029=CARTESIAN_POINT('Ctrl Pts',(-39.5160147142126,10.3257460787589,-43.5004081062221));
#15030=CARTESIAN_POINT('Ctrl Pts',(-39.4081041615809,10.3409658991993,-43.4183523519627));
#15031=CARTESIAN_POINT('Ctrl Pts',(-38.8092135819204,11.507376468828,-43.9798525195729));
#15032=CARTESIAN_POINT('Ctrl Pts',(-38.9786950385258,11.4484583685513,-44.1387632521044));
#15033=CARTESIAN_POINT('Ctrl Pts',(-39.1837101833435,11.398951949883,-44.2722879545782));
#15034=CARTESIAN_POINT('Ctrl Pts',(-39.4082039672141,11.3641151797037,-44.3662465415405));
#15035=CARTESIAN_POINT('Origin',(-40.2234271247462,0.,-75.));
#15036=CARTESIAN_POINT('',(-39.9999999999781,0.,-42.4874808980032));
#15037=CARTESIAN_POINT('Origin',(-39.9999999999737,0.,-75.));
#15038=CARTESIAN_POINT('',(-38.8092135623731,23.3951839509358,-51.604816049064));
#15039=CARTESIAN_POINT('Origin',(-38.8092135623731,-1.11022302462516E-15,
-75.));
#15040=CARTESIAN_POINT('',(-40.2234271247462,22.9809703885627,-52.0190296114371));
#15041=CARTESIAN_POINT('Origin',(-40.2234271247462,24.3951839509358,-50.604816049064));
#15042=CARTESIAN_POINT('',(-40.2234271247462,0.,-42.5));
#15043=CARTESIAN_POINT('Origin',(-40.2234271247462,0.,-75.));
#15044=CARTESIAN_POINT('Origin',(-40.2234271247462,0.,-40.5));
#15045=CARTESIAN_POINT('Origin',(-37.6075,0.,-75.));
#15046=CARTESIAN_POINT('',(-36.4057864376269,25.0946635689315,-49.9053364310683));
#15047=CARTESIAN_POINT('Origin',(-36.4057864376269,-2.22044604925031E-15,
-75.));
#15048=CARTESIAN_POINT('',(-35.82,25.5088771313046,-49.4911228686952));
#15049=CARTESIAN_POINT('Origin',(36.9,0.,75.));
#15050=CARTESIAN_POINT('',(36.9,0.,44.82));
#15051=CARTESIAN_POINT('',(36.9,10.6766620467449,46.7716226548603));
#15052=CARTESIAN_POINT('Origin',(36.9,0.,75.));
#15053=CARTESIAN_POINT('',(36.9,0.,55.5));
#15054=CARTESIAN_POINT('',(36.9,0.,25.985281374242));
#15055=CARTESIAN_POINT('',(36.9,4.44089209850063E-15,94.5));
#15056=CARTESIAN_POINT('Origin',(36.9,0.,75.));
#15057=CARTESIAN_POINT('',(36.9,0.,105.18));
#15058=CARTESIAN_POINT('',(36.9,0.,25.985281374242));
#15059=CARTESIAN_POINT('',(36.9,21.34048265621,96.34048265621));
#15060=CARTESIAN_POINT('Origin',(36.9,0.,75.));
#15061=CARTESIAN_POINT('',(36.9,30.18,87.50096531242));
#15062=CARTESIAN_POINT('',(36.9,26.0999974619286,91.5809678504914));
#15063=CARTESIAN_POINT('',(36.9,30.18,81.3277168077136));
#15064=CARTESIAN_POINT('',(36.9,30.18,-33.0000000000001));
#15065=CARTESIAN_POINT('',(36.9,28.1800000000001,77.8354893755785));
#15066=CARTESIAN_POINT('Ctrl Pts',(36.9,30.1800000000001,81.3277168077136));
#15067=CARTESIAN_POINT('Ctrl Pts',(36.9,30.1800000000001,80.9166191627575));
#15068=CARTESIAN_POINT('Ctrl Pts',(36.9,30.1027905126627,80.4293815111166));
#15069=CARTESIAN_POINT('Ctrl Pts',(36.9,29.86751142295,79.6268835964868));
#15070=CARTESIAN_POINT('Ctrl Pts',(36.9,29.6629856629581,79.1594558043737));
#15071=CARTESIAN_POINT('Ctrl Pts',(36.9,29.2627203982504,78.5271669956474));
#15072=CARTESIAN_POINT('Ctrl Pts',(36.9,29.0206252815742,78.2242376662763));
#15073=CARTESIAN_POINT('Ctrl Pts',(36.9,28.6688775587017,77.9775786966359));
#15074=CARTESIAN_POINT('Ctrl Pts',(36.9,28.5566530391728,77.9165367653583));
#15075=CARTESIAN_POINT('Ctrl Pts',(36.9,28.3723333244799,77.8540349770605));
#15076=CARTESIAN_POINT('Ctrl Pts',(36.9,28.2681688125297,77.8354893755785));
#15077=CARTESIAN_POINT('Ctrl Pts',(36.9,28.1800000000001,77.8354893755785));
#15078=CARTESIAN_POINT('',(36.9,26.68,77.8354893755785));
#15079=CARTESIAN_POINT('',(36.9,31.68,77.8354893755785));
#15080=CARTESIAN_POINT('',(36.9,26.68,72.1645106243779));
#15081=CARTESIAN_POINT('',(36.9,26.68,74.9999999999999));
#15082=CARTESIAN_POINT('',(36.9,28.1800000000001,72.1645106243779));
#15083=CARTESIAN_POINT('',(36.9,31.68,72.1645106243779));
#15084=CARTESIAN_POINT('',(36.9,30.18,68.6722831922428));
#15085=CARTESIAN_POINT('Ctrl Pts',(36.9,28.1800000000001,72.1645106243779));
#15086=CARTESIAN_POINT('Ctrl Pts',(36.9,28.2681688125297,72.1645106243779));
#15087=CARTESIAN_POINT('Ctrl Pts',(36.9,28.3723333244799,72.1459650228959));
#15088=CARTESIAN_POINT('Ctrl Pts',(36.9,28.5566530391728,72.0834632345981));
#15089=CARTESIAN_POINT('Ctrl Pts',(36.9,28.6688775587017,72.0224213033205));
#15090=CARTESIAN_POINT('Ctrl Pts',(36.9,29.0206252815742,71.7757623336801));
#15091=CARTESIAN_POINT('Ctrl Pts',(36.9,29.2627203982504,71.472833004309));
#15092=CARTESIAN_POINT('Ctrl Pts',(36.9,29.662985662958,70.8405441955827));
#15093=CARTESIAN_POINT('Ctrl Pts',(36.9,29.86751142295,70.3731164034696));
#15094=CARTESIAN_POINT('Ctrl Pts',(36.9,30.1027905126627,69.5706184888398));
#15095=CARTESIAN_POINT('Ctrl Pts',(36.9,30.1800000000001,69.0833808371989));
#15096=CARTESIAN_POINT('Ctrl Pts',(36.9,30.1800000000001,68.6722831922428));
#15097=CARTESIAN_POINT('',(36.9,30.18,66.2749606132656));
#15098=CARTESIAN_POINT('',(36.9,30.18,-33.0000000000001));
#15099=CARTESIAN_POINT('',(36.9,13.1787795454861,49.2737401542622));
#15100=CARTESIAN_POINT('',(36.9,23.7499996095707,76.3499999999999));
#15101=CARTESIAN_POINT('Origin',(36.9,23.7499996095707,74.9999999999999));
#15102=CARTESIAN_POINT('Origin',(40.,0.,75.));
#15103=CARTESIAN_POINT('',(40.,22.2738636073763,52.7261363926238));
#15104=CARTESIAN_POINT('Origin',(40.,0.,75.));
#15105=CARTESIAN_POINT('',(40.,30.68,61.1322727852476));
#15106=CARTESIAN_POINT('',(40.,22.2738636073763,52.7261363926238));
#15107=CARTESIAN_POINT('',(40.,30.68,88.8677272147525));
#15108=CARTESIAN_POINT('',(40.,30.68,-33.0000000000001));
#15109=CARTESIAN_POINT('',(40.,22.2738636073762,97.2738636073762));
#15110=CARTESIAN_POINT('',(40.,27.0333784130949,92.5143488016577));
#15111=CARTESIAN_POINT('',(40.,0.,106.5));
#15112=CARTESIAN_POINT('Origin',(40.,0.,75.));
#15113=CARTESIAN_POINT('',(40.,2.38806125833734E-15,94.5));
#15114=CARTESIAN_POINT('',(40.,0.,25.985281374242));
#15115=CARTESIAN_POINT('',(40.,0.,55.5));
#15116=CARTESIAN_POINT('Origin',(40.,0.,75.));
#15117=CARTESIAN_POINT('',(40.,0.,25.985281374242));
#15118=CARTESIAN_POINT('',(40.,23.7499996095707,76.3499999999999));
#15119=CARTESIAN_POINT('Origin',(40.,23.7499996095707,74.9999999999999));
#15120=CARTESIAN_POINT('Origin',(39.,0.,75.));
#15121=CARTESIAN_POINT('',(39.,22.9809703885628,52.0190296114372));
#15122=CARTESIAN_POINT('Origin',(39.,0.,75.));
#15123=CARTESIAN_POINT('Origin',(39.,22.2738636073763,52.7261363926238));
#15124=CARTESIAN_POINT('Origin',(0.,0.,75.));
#15125=CARTESIAN_POINT('',(37.82,22.9809703885628,52.0190296114372));
#15126=CARTESIAN_POINT('Origin',(37.82,0.,75.));
#15127=CARTESIAN_POINT('',(40.,22.9809703885628,52.0190296114372));
#15128=CARTESIAN_POINT('Origin',(37.82,0.,75.));
#15129=CARTESIAN_POINT('',(35.82,24.3951839509359,50.6048160490641));
#15130=CARTESIAN_POINT('Origin',(35.82,0.,75.));
#15131=CARTESIAN_POINT('Origin',(37.82,24.3951839509359,50.6048160490641));
#15132=CARTESIAN_POINT('Origin',(35.82,-31.8921933117678,-23.75));
#15133=CARTESIAN_POINT('',(35.82,26.0946635689315,-48.9053364310683));
#15134=CARTESIAN_POINT('Origin',(35.82,0.,-75.));
#15135=CARTESIAN_POINT('',(35.82,30.68,-53.4906728621368));
#15136=CARTESIAN_POINT('',(35.82,-2.70390152012219,-20.1067713420148));
#15137=CARTESIAN_POINT('',(35.82,30.68,56.8896320981283));
#15138=CARTESIAN_POINT('',(35.82,30.68,-82.3750000000001));
#15139=CARTESIAN_POINT('',(35.82,-8.265364377006,17.9442677211221));
#15140=CARTESIAN_POINT('Origin',(37.82,0.,-75.));
#15141=CARTESIAN_POINT('',(36.4057864376269,25.0946635689315,-49.9053364310683));
#15142=CARTESIAN_POINT('Origin',(36.4057864376269,-2.22044604925031E-15,
-75.));
#15143=CARTESIAN_POINT('Origin',(37.82,26.0946635689315,-48.9053364310683));
#15144=CARTESIAN_POINT('Origin',(0.,0.,-23.0294372515161));
#15145=CARTESIAN_POINT('',(0.,0.,55.5));
#15146=CARTESIAN_POINT('',(33.5,0.,44.82));
#15147=CARTESIAN_POINT('',(0.,0.,44.82));
#15148=CARTESIAN_POINT('',(33.5,0.,40.1339545392441));
#15149=CARTESIAN_POINT('',(33.5,0.,-23.389718625758));
#15150=CARTESIAN_POINT('',(-33.5,0.,40.1339545392441));
#15151=CARTESIAN_POINT('',(0.,0.,40.1339545392441));
#15152=CARTESIAN_POINT('',(-33.5,0.,44.82));
#15153=CARTESIAN_POINT('',(-33.5,0.,-23.389718625758));
#15154=CARTESIAN_POINT('',(-36.9,0.,44.82));
#15155=CARTESIAN_POINT('',(0.,0.,44.82));
#15156=CARTESIAN_POINT('',(-36.9,0.,55.5));
#15157=CARTESIAN_POINT('',(-36.9,0.,25.985281374242));
#15158=CARTESIAN_POINT('',(-40.,0.,55.5));
#15159=CARTESIAN_POINT('',(0.,0.,55.5));
#15160=CARTESIAN_POINT('',(-40.,0.,25.985281374242));
#15161=CARTESIAN_POINT('',(-50.,0.,-42.5));
#15162=CARTESIAN_POINT('',(-51.,0.,-42.5));
#15163=CARTESIAN_POINT('',(-51.,0.,-43.5));
#15164=CARTESIAN_POINT('Origin',(-50.,0.,-43.5));
#15165=CARTESIAN_POINT('',(-51.,-2.38806125833734E-15,-55.5));
#15166=CARTESIAN_POINT('',(-51.,0.,-49.014718625758));
#15167=CARTESIAN_POINT('',(-47.9,-2.38806125833734E-15,-55.5));
#15168=CARTESIAN_POINT('',(0.,0.,-55.5));
#15169=CARTESIAN_POINT('',(-47.9,0.,-44.82));
#15170=CARTESIAN_POINT('',(-47.9,0.,-49.014718625758));
#15171=CARTESIAN_POINT('',(-33.5,0.,-44.82));
#15172=CARTESIAN_POINT('',(-51.,0.,-44.82));
#15173=CARTESIAN_POINT('',(-33.5,0.,37.5091741676846));
#15174=CARTESIAN_POINT('',(-33.5,0.,-23.389718625758));
#15175=CARTESIAN_POINT('',(33.5,0.,37.5091741676846));
#15176=CARTESIAN_POINT('',(0.,0.,37.5091741676846));
#15177=CARTESIAN_POINT('',(33.5,0.,-44.82));
#15178=CARTESIAN_POINT('',(33.5,0.,-23.389718625758));
#15179=CARTESIAN_POINT('',(47.9,0.,-44.82));
#15180=CARTESIAN_POINT('',(51.,0.,-44.82));
#15181=CARTESIAN_POINT('',(47.9,2.38806125833734E-15,-55.5));
#15182=CARTESIAN_POINT('',(47.9,0.,-49.014718625758));
#15183=CARTESIAN_POINT('',(51.,2.38806125833734E-15,-55.5));
#15184=CARTESIAN_POINT('',(0.,0.,-55.5));
#15185=CARTESIAN_POINT('',(51.,0.,-43.5));
#15186=CARTESIAN_POINT('',(51.,0.,-49.014718625758));
#15187=CARTESIAN_POINT('',(50.,0.,-42.5));
#15188=CARTESIAN_POINT('Origin',(50.,0.,-43.5));
#15189=CARTESIAN_POINT('',(51.,0.,-42.5));
#15190=CARTESIAN_POINT('Origin',(-37.82,0.,-75.));
#15191=CARTESIAN_POINT('',(-35.82,26.0946635689315,-48.9053364310683));
#15192=CARTESIAN_POINT('Origin',(-35.82,0.,-75.));
#15193=CARTESIAN_POINT('Origin',(-37.82,26.0946635689315,-48.9053364310683));
#15194=CARTESIAN_POINT('Origin',(-35.82,-31.8921933117678,-23.75));
#15195=CARTESIAN_POINT('',(-35.82,24.3951839509359,50.6048160490641));
#15196=CARTESIAN_POINT('Origin',(-35.82,0.,75.));
#15197=CARTESIAN_POINT('',(-35.82,30.68,56.8896320981283));
#15198=CARTESIAN_POINT('',(-35.82,-8.265364377006,17.9442677211221));
#15199=CARTESIAN_POINT('',(-35.82,30.68,-53.4906728621368));
#15200=CARTESIAN_POINT('',(-35.82,30.68,-82.3750000000001));
#15201=CARTESIAN_POINT('',(-35.82,-2.70390152012219,-20.1067713420148));
#15202=CARTESIAN_POINT('Origin',(-37.82,0.,75.));
#15203=CARTESIAN_POINT('',(-37.82,22.9809703885628,52.0190296114372));
#15204=CARTESIAN_POINT('Origin',(-37.82,0.,75.));
#15205=CARTESIAN_POINT('Origin',(-37.82,24.3951839509359,50.6048160490641));
#15206=CARTESIAN_POINT('Origin',(-33.5,31.68,-51.8068039247018));
#15207=CARTESIAN_POINT('',(33.5,30.18,-51.8068039247018));
#15208=CARTESIAN_POINT('',(-33.5,30.18,-51.8068039247018));
#15209=CARTESIAN_POINT('',(-16.75,30.18,-51.8068039247018));
#15210=CARTESIAN_POINT('',(33.5,31.68,-51.8068039247018));
#15211=CARTESIAN_POINT('',(33.5,31.68,-51.8068039247018));
#15212=CARTESIAN_POINT('',(-33.5,31.68,-51.8068039247018));
#15213=CARTESIAN_POINT('',(-16.75,31.68,-51.8068039247018));
#15214=CARTESIAN_POINT('',(-33.5,31.68,-51.8068039247018));
#15215=CARTESIAN_POINT('Origin',(0.,30.1800000000001,-141.));
#15216=CARTESIAN_POINT('',(-33.5,30.18,-62.4990346875799));
#15217=CARTESIAN_POINT('',(-33.5,30.18,-82.3750000000001));
#15218=CARTESIAN_POINT('',(-47.9,30.18,-62.4990346875799));
#15219=CARTESIAN_POINT('',(-25.5,30.18,-62.4990346875799));
#15220=CARTESIAN_POINT('',(-47.9,30.18,-87.50096531242));
#15221=CARTESIAN_POINT('',(-47.9,30.18,-108.));
#15222=CARTESIAN_POINT('',(-39.2,30.18,-87.50096531242));
#15223=CARTESIAN_POINT('',(-25.5,30.18,-87.50096531242));
#15224=CARTESIAN_POINT('',(-39.2,30.1800000000001,-123.));
#15225=CARTESIAN_POINT('',(-39.2,30.1800000000001,-121.155454559665));
#15226=CARTESIAN_POINT('',(-36.1568542495045,30.1800000000001,-123.));
#15227=CARTESIAN_POINT('',(-17.6994897427881,30.1800000000001,-123.));
#15228=CARTESIAN_POINT('',(-30.5000000000138,30.18,-120.999999999987));
#15229=CARTESIAN_POINT('Origin',(-30.4999999999906,30.1800000000001,-130.));
#15230=CARTESIAN_POINT('',(-15.5000000000356,30.1800000000001,-121.000000000059));
#15231=CARTESIAN_POINT('',(-7.74999999996972,30.1800000000001,-121.000000000096));
#15232=CARTESIAN_POINT('',(-9.84314575061029,30.18,-123.));
#15233=CARTESIAN_POINT('Origin',(-15.5000000000094,30.1800000000001,-130.));
#15234=CARTESIAN_POINT('',(9.84314575060085,30.1800000000001,-123.));
#15235=CARTESIAN_POINT('',(5.3005102572587,30.1800000000001,-123.));
#15236=CARTESIAN_POINT('',(15.5000000000582,30.18,-121.000000000059));
#15237=CARTESIAN_POINT('Origin',(15.5,30.1800000000001,-130.));
#15238=CARTESIAN_POINT('',(30.4999999999918,30.1800000000001,-120.999999999987));
#15239=CARTESIAN_POINT('',(15.2499999999478,30.1800000000001,-121.00000000006));
#15240=CARTESIAN_POINT('',(36.1568542495045,30.18,-123.));
#15241=CARTESIAN_POINT('Origin',(30.4999999999906,30.1800000000001,-130.));
#15242=CARTESIAN_POINT('',(39.2,30.1800000000001,-123.));
#15243=CARTESIAN_POINT('',(21.1,30.1800000000001,-123.));
#15244=CARTESIAN_POINT('',(39.2,30.18,-87.50096531242));
#15245=CARTESIAN_POINT('',(39.2,30.1800000000001,-121.155454559665));
#15246=CARTESIAN_POINT('',(47.9,30.18,-87.50096531242));
#15247=CARTESIAN_POINT('',(25.5,30.18,-87.50096531242));
#15248=CARTESIAN_POINT('',(47.9,30.18,-62.4990346875799));
#15249=CARTESIAN_POINT('',(47.9,30.18,-108.));
#15250=CARTESIAN_POINT('',(33.5,30.18,-62.4990346875799));
#15251=CARTESIAN_POINT('',(25.5,30.18,-62.4990346875799));
#15252=CARTESIAN_POINT('',(33.5,30.18,-82.3750000000001));
#15253=CARTESIAN_POINT('',(-23.75,30.1800000000002,-60.4986869196822));
#15254=CARTESIAN_POINT('',(-21.25,30.1800000000002,-57.9986869196822));
#15255=CARTESIAN_POINT('Origin',(-23.75,30.1800000000002,-57.9986869196822));
#15256=CARTESIAN_POINT('',(-26.2499999999999,30.1800000000002,-60.4986869196822));
#15257=CARTESIAN_POINT('',(-39.375,30.1800000000002,-60.4986869196822));
#15258=CARTESIAN_POINT('',(-28.7499999999999,30.1800000000002,-57.9986869196822));
#15259=CARTESIAN_POINT('Origin',(-26.2499999999999,30.1800000000002,-57.9986869196822));
#15260=CARTESIAN_POINT('',(-28.7499999999999,30.1800000000002,-55.4986869196822));
#15261=CARTESIAN_POINT('',(-28.7499999999999,30.1800000000002,-67.8326767931745));
#15262=CARTESIAN_POINT('',(-26.2499999999999,30.1800000000002,-52.9986869196822));
#15263=CARTESIAN_POINT('Origin',(-26.2499999999999,30.1800000000002,-55.4986869196822));
#15264=CARTESIAN_POINT('',(-23.75,30.1800000000002,-52.9986869196822));
#15265=CARTESIAN_POINT('',(-35.625,30.1800000000002,-52.9986869196822));
#15266=CARTESIAN_POINT('',(-21.25,30.1800000000002,-55.4986869196822));
#15267=CARTESIAN_POINT('Origin',(-23.75,30.1800000000002,-55.4986869196822));
#15268=CARTESIAN_POINT('',(-21.25,30.1800000000002,-71.5826767931745));
#15269=CARTESIAN_POINT('',(-11.25,30.1800000000002,-60.4986869196822));
#15270=CARTESIAN_POINT('',(-8.75,30.1800000000002,-57.9986869196822));
#15271=CARTESIAN_POINT('Origin',(-11.25,30.1800000000002,-57.9986869196822));
#15272=CARTESIAN_POINT('',(-13.7499999999999,30.1800000000002,-60.4986869196822));
#15273=CARTESIAN_POINT('',(-26.875,30.1800000000002,-60.4986869196822));
#15274=CARTESIAN_POINT('',(-16.2499999999999,30.1800000000002,-57.9986869196822));
#15275=CARTESIAN_POINT('Origin',(-13.7499999999999,30.1800000000002,-57.9986869196822));
#15276=CARTESIAN_POINT('',(-16.2499999999999,30.1800000000002,-55.4986869196822));
#15277=CARTESIAN_POINT('',(-16.2499999999999,30.1800000000002,-67.8326767931745));
#15278=CARTESIAN_POINT('',(-13.7499999999999,30.1800000000002,-52.9986869196822));
#15279=CARTESIAN_POINT('Origin',(-13.7499999999999,30.1800000000002,-55.4986869196822));
#15280=CARTESIAN_POINT('',(-11.25,30.1800000000002,-52.9986869196822));
#15281=CARTESIAN_POINT('',(-23.125,30.1800000000002,-52.9986869196822));
#15282=CARTESIAN_POINT('',(-8.75,30.1800000000002,-55.4986869196822));
#15283=CARTESIAN_POINT('Origin',(-11.25,30.1800000000002,-55.4986869196822));
#15284=CARTESIAN_POINT('',(-8.75,30.1800000000002,-71.5826767931745));
#15285=CARTESIAN_POINT('',(1.25,30.1800000000002,-60.4986869196822));
#15286=CARTESIAN_POINT('',(3.75,30.1800000000002,-57.9986869196822));
#15287=CARTESIAN_POINT('Origin',(1.25,30.1800000000002,-57.9986869196822));
#15288=CARTESIAN_POINT('',(-1.24999999999991,30.1800000000002,-60.4986869196822));
#15289=CARTESIAN_POINT('',(-14.375,30.1800000000002,-60.4986869196822));
#15290=CARTESIAN_POINT('',(-3.74999999999991,30.1800000000002,-57.9986869196822));
#15291=CARTESIAN_POINT('Origin',(-1.24999999999991,30.1800000000002,-57.9986869196822));
#15292=CARTESIAN_POINT('',(-3.7499999999999,30.1800000000002,-55.4986869196822));
#15293=CARTESIAN_POINT('',(-3.74999999999992,30.1800000000002,-67.8326767931745));
#15294=CARTESIAN_POINT('',(-1.2499999999999,30.1800000000002,-52.9986869196822));
#15295=CARTESIAN_POINT('Origin',(-1.2499999999999,30.1800000000002,-55.4986869196822));
#15296=CARTESIAN_POINT('',(1.25,30.1800000000002,-52.9986869196822));
#15297=CARTESIAN_POINT('',(-10.625,30.1800000000002,-52.9986869196822));
#15298=CARTESIAN_POINT('',(3.75,30.1800000000002,-55.4986869196822));
#15299=CARTESIAN_POINT('Origin',(1.25,30.1800000000002,-55.4986869196822));
#15300=CARTESIAN_POINT('',(3.75,30.1800000000002,-71.5826767931745));
#15301=CARTESIAN_POINT('',(13.75,30.1800000000002,-60.4986869196822));
#15302=CARTESIAN_POINT('',(16.25,30.1800000000002,-57.9986869196822));
#15303=CARTESIAN_POINT('Origin',(13.75,30.1800000000002,-57.9986869196822));
#15304=CARTESIAN_POINT('',(11.2500000000001,30.1800000000002,-60.4986869196822));
#15305=CARTESIAN_POINT('',(-1.87499999999996,30.1800000000002,-60.4986869196822));
#15306=CARTESIAN_POINT('',(8.7500000000001,30.1800000000002,-57.9986869196822));
#15307=CARTESIAN_POINT('Origin',(11.2500000000001,30.1800000000002,-57.9986869196822));
#15308=CARTESIAN_POINT('',(8.7500000000001,30.1800000000002,-55.4986869196822));
#15309=CARTESIAN_POINT('',(8.75000000000008,30.1800000000002,-67.8326767931745));
#15310=CARTESIAN_POINT('',(11.2500000000001,30.1800000000002,-52.9986869196822));
#15311=CARTESIAN_POINT('Origin',(11.2500000000001,30.1800000000002,-55.4986869196822));
#15312=CARTESIAN_POINT('',(13.75,30.1800000000002,-52.9986869196822));
#15313=CARTESIAN_POINT('',(1.875,30.1800000000002,-52.9986869196822));
#15314=CARTESIAN_POINT('',(16.25,30.1800000000002,-55.4986869196822));
#15315=CARTESIAN_POINT('Origin',(13.75,30.1800000000002,-55.4986869196822));
#15316=CARTESIAN_POINT('',(16.25,30.1800000000002,-71.5826767931745));
#15317=CARTESIAN_POINT('',(26.25,30.1800000000002,-60.4986869196822));
#15318=CARTESIAN_POINT('',(28.75,30.1800000000002,-57.9986869196822));
#15319=CARTESIAN_POINT('Origin',(26.25,30.1800000000002,-57.9986869196822));
#15320=CARTESIAN_POINT('',(23.7500000000001,30.1800000000002,-60.4986869196822));
#15321=CARTESIAN_POINT('',(10.625,30.1800000000002,-60.4986869196822));
#15322=CARTESIAN_POINT('',(21.2500000000001,30.1800000000002,-57.9986869196822));
#15323=CARTESIAN_POINT('Origin',(23.7500000000001,30.1800000000002,-57.9986869196822));
#15324=CARTESIAN_POINT('',(21.2500000000001,30.1800000000002,-55.4986869196822));
#15325=CARTESIAN_POINT('',(21.2500000000001,30.1800000000002,-67.8326767931745));
#15326=CARTESIAN_POINT('',(23.7500000000001,30.1800000000002,-52.9986869196822));
#15327=CARTESIAN_POINT('Origin',(23.7500000000001,30.1800000000002,-55.4986869196822));
#15328=CARTESIAN_POINT('',(26.25,30.1800000000002,-52.9986869196822));
#15329=CARTESIAN_POINT('',(14.375,30.1800000000002,-52.9986869196822));
#15330=CARTESIAN_POINT('',(28.75,30.1800000000002,-55.4986869196822));
#15331=CARTESIAN_POINT('Origin',(26.25,30.1800000000002,-55.4986869196822));
#15332=CARTESIAN_POINT('',(28.75,30.1800000000002,-71.5826767931745));
#15333=CARTESIAN_POINT('',(-23.75,30.1800000000001,-72.1653535863488));
#15334=CARTESIAN_POINT('',(-21.25,30.1800000000001,-69.6653535863488));
#15335=CARTESIAN_POINT('Origin',(-23.75,30.1800000000001,-69.6653535863488));
#15336=CARTESIAN_POINT('',(-26.2499999999999,30.1800000000001,-72.1653535863488));
#15337=CARTESIAN_POINT('',(-39.375,30.1800000000001,-72.1653535863488));
#15338=CARTESIAN_POINT('',(-28.7499999999999,30.1800000000001,-69.6653535863488));
#15339=CARTESIAN_POINT('Origin',(-26.2499999999999,30.1800000000001,-69.6653535863488));
#15340=CARTESIAN_POINT('',(-28.7499999999999,30.1800000000001,-67.1653535863489));
#15341=CARTESIAN_POINT('',(-28.7499999999999,30.1800000000001,-79.4993434598412));
#15342=CARTESIAN_POINT('',(-26.2499999999999,30.1800000000001,-64.6653535863489));
#15343=CARTESIAN_POINT('Origin',(-26.2499999999999,30.1800000000001,-67.1653535863489));
#15344=CARTESIAN_POINT('',(-23.75,30.1800000000001,-64.6653535863489));
#15345=CARTESIAN_POINT('',(-35.625,30.1800000000001,-64.6653535863489));
#15346=CARTESIAN_POINT('',(-21.25,30.1800000000001,-67.1653535863489));
#15347=CARTESIAN_POINT('Origin',(-23.75,30.1800000000001,-67.1653535863489));
#15348=CARTESIAN_POINT('',(-21.25,30.1800000000001,-83.2493434598412));
#15349=CARTESIAN_POINT('',(-11.25,30.1800000000001,-72.1653535863488));
#15350=CARTESIAN_POINT('',(-8.75,30.1800000000001,-69.6653535863488));
#15351=CARTESIAN_POINT('Origin',(-11.25,30.1800000000001,-69.6653535863488));
#15352=CARTESIAN_POINT('',(-13.7499999999999,30.1800000000001,-72.1653535863488));
#15353=CARTESIAN_POINT('',(-26.875,30.1800000000001,-72.1653535863488));
#15354=CARTESIAN_POINT('',(-16.2499999999999,30.1800000000001,-69.6653535863488));
#15355=CARTESIAN_POINT('Origin',(-13.7499999999999,30.1800000000001,-69.6653535863488));
#15356=CARTESIAN_POINT('',(-16.2499999999999,30.1800000000001,-67.1653535863489));
#15357=CARTESIAN_POINT('',(-16.2499999999999,30.1800000000001,-79.4993434598412));
#15358=CARTESIAN_POINT('',(-13.7499999999999,30.1800000000001,-64.6653535863489));
#15359=CARTESIAN_POINT('Origin',(-13.7499999999999,30.1800000000001,-67.1653535863489));
#15360=CARTESIAN_POINT('',(-11.25,30.1800000000001,-64.6653535863489));
#15361=CARTESIAN_POINT('',(-23.125,30.1800000000001,-64.6653535863489));
#15362=CARTESIAN_POINT('',(-8.75,30.1800000000001,-67.1653535863489));
#15363=CARTESIAN_POINT('Origin',(-11.25,30.1800000000001,-67.1653535863489));
#15364=CARTESIAN_POINT('',(-8.75,30.1800000000001,-83.2493434598412));
#15365=CARTESIAN_POINT('',(1.25,30.1800000000001,-72.1653535863488));
#15366=CARTESIAN_POINT('',(3.75,30.1800000000001,-69.6653535863488));
#15367=CARTESIAN_POINT('Origin',(1.25,30.1800000000001,-69.6653535863488));
#15368=CARTESIAN_POINT('',(-1.2499999999999,30.1800000000001,-72.1653535863488));
#15369=CARTESIAN_POINT('',(-14.375,30.1800000000001,-72.1653535863488));
#15370=CARTESIAN_POINT('',(-3.7499999999999,30.1800000000001,-69.6653535863488));
#15371=CARTESIAN_POINT('Origin',(-1.2499999999999,30.1800000000001,-69.6653535863488));
#15372=CARTESIAN_POINT('',(-3.7499999999999,30.1800000000001,-67.1653535863489));
#15373=CARTESIAN_POINT('',(-3.74999999999992,30.1800000000001,-79.4993434598412));
#15374=CARTESIAN_POINT('',(-1.2499999999999,30.1800000000001,-64.6653535863489));
#15375=CARTESIAN_POINT('Origin',(-1.2499999999999,30.1800000000001,-67.1653535863489));
#15376=CARTESIAN_POINT('',(1.25,30.1800000000001,-64.6653535863489));
#15377=CARTESIAN_POINT('',(-10.625,30.1800000000001,-64.6653535863489));
#15378=CARTESIAN_POINT('',(3.75,30.1800000000001,-67.1653535863489));
#15379=CARTESIAN_POINT('Origin',(1.25,30.1800000000001,-67.1653535863489));
#15380=CARTESIAN_POINT('',(3.75,30.1800000000001,-83.2493434598412));
#15381=CARTESIAN_POINT('',(13.75,30.1800000000001,-72.1653535863488));
#15382=CARTESIAN_POINT('',(16.25,30.1800000000001,-69.6653535863488));
#15383=CARTESIAN_POINT('Origin',(13.75,30.1800000000001,-69.6653535863488));
#15384=CARTESIAN_POINT('',(11.2500000000001,30.1800000000001,-72.1653535863488));
#15385=CARTESIAN_POINT('',(-1.87499999999996,30.1800000000001,-72.1653535863488));
#15386=CARTESIAN_POINT('',(8.7500000000001,30.1800000000001,-69.6653535863488));
#15387=CARTESIAN_POINT('Origin',(11.2500000000001,30.1800000000001,-69.6653535863488));
#15388=CARTESIAN_POINT('',(8.7500000000001,30.1800000000001,-67.1653535863489));
#15389=CARTESIAN_POINT('',(8.75000000000008,30.1800000000001,-79.4993434598412));
#15390=CARTESIAN_POINT('',(11.2500000000001,30.1800000000001,-64.6653535863489));
#15391=CARTESIAN_POINT('Origin',(11.2500000000001,30.1800000000001,-67.1653535863489));
#15392=CARTESIAN_POINT('',(13.75,30.1800000000001,-64.6653535863489));
#15393=CARTESIAN_POINT('',(1.875,30.1800000000001,-64.6653535863489));
#15394=CARTESIAN_POINT('',(16.25,30.1800000000001,-67.1653535863489));
#15395=CARTESIAN_POINT('Origin',(13.75,30.1800000000001,-67.1653535863489));
#15396=CARTESIAN_POINT('',(16.25,30.1800000000001,-83.2493434598412));
#15397=CARTESIAN_POINT('',(26.25,30.1800000000001,-72.1653535863488));
#15398=CARTESIAN_POINT('',(28.75,30.1800000000001,-69.6653535863488));
#15399=CARTESIAN_POINT('Origin',(26.25,30.1800000000001,-69.6653535863488));
#15400=CARTESIAN_POINT('',(23.7500000000001,30.1800000000001,-72.1653535863488));
#15401=CARTESIAN_POINT('',(10.625,30.1800000000001,-72.1653535863488));
#15402=CARTESIAN_POINT('',(21.2500000000001,30.1800000000001,-69.6653535863488));
#15403=CARTESIAN_POINT('Origin',(23.7500000000001,30.1800000000001,-69.6653535863488));
#15404=CARTESIAN_POINT('',(21.2500000000001,30.1800000000001,-67.1653535863489));
#15405=CARTESIAN_POINT('',(21.2500000000001,30.1800000000001,-79.4993434598412));
#15406=CARTESIAN_POINT('',(23.7500000000001,30.1800000000001,-64.6653535863489));
#15407=CARTESIAN_POINT('Origin',(23.7500000000001,30.1800000000001,-67.1653535863489));
#15408=CARTESIAN_POINT('',(26.25,30.1800000000001,-64.6653535863489));
#15409=CARTESIAN_POINT('',(14.375,30.1800000000001,-64.6653535863489));
#15410=CARTESIAN_POINT('',(28.75,30.1800000000001,-67.1653535863489));
#15411=CARTESIAN_POINT('Origin',(26.25,30.1800000000001,-67.1653535863489));
#15412=CARTESIAN_POINT('',(28.75,30.1800000000001,-83.2493434598412));
#15413=CARTESIAN_POINT('',(-23.75,30.1800000000001,-83.8320202530155));
#15414=CARTESIAN_POINT('',(-21.25,30.1800000000001,-81.3320202530155));
#15415=CARTESIAN_POINT('Origin',(-23.75,30.1800000000001,-81.3320202530155));
#15416=CARTESIAN_POINT('',(-26.2499999999999,30.1800000000001,-83.8320202530155));
#15417=CARTESIAN_POINT('',(-39.375,30.1800000000001,-83.8320202530155));
#15418=CARTESIAN_POINT('',(-28.7499999999999,30.1800000000001,-81.3320202530155));
#15419=CARTESIAN_POINT('Origin',(-26.2499999999999,30.1800000000001,-81.3320202530155));
#15420=CARTESIAN_POINT('',(-28.7499999999999,30.1800000000001,-78.8320202530156));
#15421=CARTESIAN_POINT('',(-28.7499999999999,30.1800000000001,-91.1660101265079));
#15422=CARTESIAN_POINT('',(-26.2499999999999,30.1800000000001,-76.3320202530156));
#15423=CARTESIAN_POINT('Origin',(-26.2499999999999,30.1800000000001,-78.8320202530156));
#15424=CARTESIAN_POINT('',(-23.75,30.1800000000001,-76.3320202530156));
#15425=CARTESIAN_POINT('',(-35.625,30.1800000000001,-76.3320202530156));
#15426=CARTESIAN_POINT('',(-21.25,30.1800000000001,-78.8320202530156));
#15427=CARTESIAN_POINT('Origin',(-23.75,30.1800000000001,-78.8320202530156));
#15428=CARTESIAN_POINT('',(-21.25,30.1800000000001,-94.9160101265078));
#15429=CARTESIAN_POINT('',(-11.25,30.1800000000001,-83.8320202530155));
#15430=CARTESIAN_POINT('',(-8.75,30.1800000000001,-81.3320202530155));
#15431=CARTESIAN_POINT('Origin',(-11.25,30.1800000000001,-81.3320202530155));
#15432=CARTESIAN_POINT('',(-13.7499999999999,30.1800000000001,-83.8320202530155));
#15433=CARTESIAN_POINT('',(-26.875,30.1800000000001,-83.8320202530155));
#15434=CARTESIAN_POINT('',(-16.2499999999999,30.1800000000001,-81.3320202530155));
#15435=CARTESIAN_POINT('Origin',(-13.7499999999999,30.1800000000001,-81.3320202530155));
#15436=CARTESIAN_POINT('',(-16.2499999999999,30.1800000000001,-78.8320202530156));
#15437=CARTESIAN_POINT('',(-16.2499999999999,30.1800000000001,-91.1660101265079));
#15438=CARTESIAN_POINT('',(-13.7499999999999,30.1800000000001,-76.3320202530156));
#15439=CARTESIAN_POINT('Origin',(-13.7499999999999,30.1800000000001,-78.8320202530156));
#15440=CARTESIAN_POINT('',(-11.25,30.1800000000001,-76.3320202530156));
#15441=CARTESIAN_POINT('',(-23.125,30.1800000000001,-76.3320202530156));
#15442=CARTESIAN_POINT('',(-8.75,30.1800000000001,-78.8320202530156));
#15443=CARTESIAN_POINT('Origin',(-11.25,30.1800000000001,-78.8320202530156));
#15444=CARTESIAN_POINT('',(-8.75,30.1800000000001,-94.9160101265078));
#15445=CARTESIAN_POINT('',(1.25,30.1800000000001,-83.8320202530155));
#15446=CARTESIAN_POINT('',(3.75,30.1800000000001,-81.3320202530155));
#15447=CARTESIAN_POINT('Origin',(1.25,30.1800000000001,-81.3320202530155));
#15448=CARTESIAN_POINT('',(-1.2499999999999,30.1800000000001,-83.8320202530155));
#15449=CARTESIAN_POINT('',(-14.375,30.1800000000001,-83.8320202530155));
#15450=CARTESIAN_POINT('',(-3.7499999999999,30.1800000000001,-81.3320202530155));
#15451=CARTESIAN_POINT('Origin',(-1.2499999999999,30.1800000000001,-81.3320202530155));
#15452=CARTESIAN_POINT('',(-3.7499999999999,30.1800000000001,-78.8320202530156));
#15453=CARTESIAN_POINT('',(-3.74999999999992,30.1800000000001,-91.1660101265079));
#15454=CARTESIAN_POINT('',(-1.2499999999999,30.1800000000001,-76.3320202530156));
#15455=CARTESIAN_POINT('Origin',(-1.2499999999999,30.1800000000001,-78.8320202530156));
#15456=CARTESIAN_POINT('',(1.25,30.1800000000001,-76.3320202530156));
#15457=CARTESIAN_POINT('',(-10.625,30.1800000000001,-76.3320202530156));
#15458=CARTESIAN_POINT('',(3.75,30.1800000000001,-78.8320202530156));
#15459=CARTESIAN_POINT('Origin',(1.25,30.1800000000001,-78.8320202530156));
#15460=CARTESIAN_POINT('',(3.75,30.1800000000001,-94.9160101265078));
#15461=CARTESIAN_POINT('',(13.75,30.1800000000001,-83.8320202530155));
#15462=CARTESIAN_POINT('',(16.25,30.1800000000001,-81.3320202530155));
#15463=CARTESIAN_POINT('Origin',(13.75,30.1800000000001,-81.3320202530155));
#15464=CARTESIAN_POINT('',(11.2500000000001,30.1800000000001,-83.8320202530155));
#15465=CARTESIAN_POINT('',(-1.87499999999996,30.1800000000001,-83.8320202530155));
#15466=CARTESIAN_POINT('',(8.7500000000001,30.1800000000001,-81.3320202530155));
#15467=CARTESIAN_POINT('Origin',(11.2500000000001,30.1800000000001,-81.3320202530155));
#15468=CARTESIAN_POINT('',(8.7500000000001,30.1800000000001,-78.8320202530156));
#15469=CARTESIAN_POINT('',(8.75000000000008,30.1800000000001,-91.1660101265079));
#15470=CARTESIAN_POINT('',(11.2500000000001,30.1800000000001,-76.3320202530156));
#15471=CARTESIAN_POINT('Origin',(11.2500000000001,30.1800000000001,-78.8320202530156));
#15472=CARTESIAN_POINT('',(13.75,30.1800000000001,-76.3320202530156));
#15473=CARTESIAN_POINT('',(1.875,30.1800000000001,-76.3320202530156));
#15474=CARTESIAN_POINT('',(16.25,30.1800000000001,-78.8320202530156));
#15475=CARTESIAN_POINT('Origin',(13.75,30.1800000000001,-78.8320202530156));
#15476=CARTESIAN_POINT('',(16.25,30.1800000000001,-94.9160101265078));
#15477=CARTESIAN_POINT('',(26.25,30.1800000000001,-83.8320202530155));
#15478=CARTESIAN_POINT('',(28.75,30.1800000000001,-81.3320202530155));
#15479=CARTESIAN_POINT('Origin',(26.25,30.1800000000001,-81.3320202530155));
#15480=CARTESIAN_POINT('',(23.7500000000001,30.1800000000001,-83.8320202530155));
#15481=CARTESIAN_POINT('',(10.625,30.1800000000001,-83.8320202530155));
#15482=CARTESIAN_POINT('',(21.2500000000001,30.1800000000001,-81.3320202530155));
#15483=CARTESIAN_POINT('Origin',(23.7500000000001,30.1800000000001,-81.3320202530155));
#15484=CARTESIAN_POINT('',(21.2500000000001,30.1800000000001,-78.8320202530156));
#15485=CARTESIAN_POINT('',(21.2500000000001,30.1800000000001,-91.1660101265079));
#15486=CARTESIAN_POINT('',(23.7500000000001,30.1800000000001,-76.3320202530156));
#15487=CARTESIAN_POINT('Origin',(23.7500000000001,30.1800000000001,-78.8320202530156));
#15488=CARTESIAN_POINT('',(26.25,30.1800000000001,-76.3320202530156));
#15489=CARTESIAN_POINT('',(14.375,30.1800000000001,-76.3320202530156));
#15490=CARTESIAN_POINT('',(28.75,30.1800000000001,-78.8320202530156));
#15491=CARTESIAN_POINT('Origin',(26.25,30.1800000000001,-78.8320202530156));
#15492=CARTESIAN_POINT('',(28.75,30.1800000000001,-94.9160101265078));
#15493=CARTESIAN_POINT('',(-23.75,30.1800000000001,-95.4986869196822));
#15494=CARTESIAN_POINT('',(-21.25,30.1800000000001,-92.9986869196822));
#15495=CARTESIAN_POINT('Origin',(-23.75,30.1800000000001,-92.9986869196822));
#15496=CARTESIAN_POINT('',(-26.2499999999999,30.1800000000001,-95.4986869196822));
#15497=CARTESIAN_POINT('',(-39.375,30.1800000000001,-95.4986869196822));
#15498=CARTESIAN_POINT('',(-28.7499999999999,30.1800000000001,-92.9986869196822));
#15499=CARTESIAN_POINT('Origin',(-26.2499999999999,30.1800000000001,-92.9986869196822));
#15500=CARTESIAN_POINT('',(-28.7499999999999,30.1800000000001,-90.4986869196822));
#15501=CARTESIAN_POINT('',(-28.7499999999999,30.1800000000001,-102.832676793175));
#15502=CARTESIAN_POINT('',(-26.2499999999999,30.1800000000001,-87.9986869196822));
#15503=CARTESIAN_POINT('Origin',(-26.2499999999999,30.1800000000001,-90.4986869196822));
#15504=CARTESIAN_POINT('',(-23.75,30.1800000000001,-87.9986869196822));
#15505=CARTESIAN_POINT('',(-35.625,30.1800000000001,-87.9986869196822));
#15506=CARTESIAN_POINT('',(-21.25,30.1800000000001,-90.4986869196822));
#15507=CARTESIAN_POINT('Origin',(-23.75,30.1800000000001,-90.4986869196822));
#15508=CARTESIAN_POINT('',(-21.25,30.1800000000001,-106.582676793174));
#15509=CARTESIAN_POINT('',(-11.25,30.1800000000001,-95.4986869196822));
#15510=CARTESIAN_POINT('',(-8.75,30.1800000000001,-92.9986869196822));
#15511=CARTESIAN_POINT('Origin',(-11.25,30.1800000000001,-92.9986869196822));
#15512=CARTESIAN_POINT('',(-13.7499999999999,30.1800000000001,-95.4986869196822));
#15513=CARTESIAN_POINT('',(-26.875,30.1800000000001,-95.4986869196822));
#15514=CARTESIAN_POINT('',(-16.2499999999999,30.1800000000001,-92.9986869196822));
#15515=CARTESIAN_POINT('Origin',(-13.7499999999999,30.1800000000001,-92.9986869196822));
#15516=CARTESIAN_POINT('',(-16.2499999999999,30.1800000000001,-90.4986869196822));
#15517=CARTESIAN_POINT('',(-16.2499999999999,30.1800000000001,-102.832676793175));
#15518=CARTESIAN_POINT('',(-13.7499999999999,30.1800000000001,-87.9986869196822));
#15519=CARTESIAN_POINT('Origin',(-13.7499999999999,30.1800000000001,-90.4986869196822));
#15520=CARTESIAN_POINT('',(-11.25,30.1800000000001,-87.9986869196822));
#15521=CARTESIAN_POINT('',(-23.125,30.1800000000001,-87.9986869196822));
#15522=CARTESIAN_POINT('',(-8.75,30.1800000000001,-90.4986869196822));
#15523=CARTESIAN_POINT('Origin',(-11.25,30.1800000000001,-90.4986869196822));
#15524=CARTESIAN_POINT('',(-8.75,30.1800000000001,-106.582676793174));
#15525=CARTESIAN_POINT('',(1.25,30.1800000000001,-95.4986869196822));
#15526=CARTESIAN_POINT('',(3.75,30.1800000000001,-92.9986869196822));
#15527=CARTESIAN_POINT('Origin',(1.25,30.1800000000001,-92.9986869196822));
#15528=CARTESIAN_POINT('',(-1.2499999999999,30.1800000000001,-95.4986869196822));
#15529=CARTESIAN_POINT('',(-14.375,30.1800000000001,-95.4986869196822));
#15530=CARTESIAN_POINT('',(-3.7499999999999,30.1800000000001,-92.9986869196822));
#15531=CARTESIAN_POINT('Origin',(-1.2499999999999,30.1800000000001,-92.9986869196822));
#15532=CARTESIAN_POINT('',(-3.7499999999999,30.1800000000001,-90.4986869196822));
#15533=CARTESIAN_POINT('',(-3.74999999999992,30.1800000000001,-102.832676793175));
#15534=CARTESIAN_POINT('',(-1.2499999999999,30.1800000000001,-87.9986869196822));
#15535=CARTESIAN_POINT('Origin',(-1.2499999999999,30.1800000000001,-90.4986869196822));
#15536=CARTESIAN_POINT('',(1.25,30.1800000000001,-87.9986869196822));
#15537=CARTESIAN_POINT('',(-10.625,30.1800000000001,-87.9986869196822));
#15538=CARTESIAN_POINT('',(3.75,30.1800000000001,-90.4986869196822));
#15539=CARTESIAN_POINT('Origin',(1.25,30.1800000000001,-90.4986869196822));
#15540=CARTESIAN_POINT('',(3.75,30.1800000000001,-106.582676793174));
#15541=CARTESIAN_POINT('',(13.75,30.1800000000001,-95.4986869196822));
#15542=CARTESIAN_POINT('',(16.25,30.1800000000001,-92.9986869196822));
#15543=CARTESIAN_POINT('Origin',(13.75,30.1800000000001,-92.9986869196822));
#15544=CARTESIAN_POINT('',(11.2500000000001,30.1800000000001,-95.4986869196822));
#15545=CARTESIAN_POINT('',(-1.87499999999995,30.1800000000001,-95.4986869196822));
#15546=CARTESIAN_POINT('',(8.7500000000001,30.1800000000001,-92.9986869196822));
#15547=CARTESIAN_POINT('Origin',(11.2500000000001,30.1800000000001,-92.9986869196822));
#15548=CARTESIAN_POINT('',(8.7500000000001,30.1800000000001,-90.4986869196822));
#15549=CARTESIAN_POINT('',(8.75000000000008,30.1800000000001,-102.832676793175));
#15550=CARTESIAN_POINT('',(11.2500000000001,30.1800000000001,-87.9986869196822));
#15551=CARTESIAN_POINT('Origin',(11.2500000000001,30.1800000000001,-90.4986869196822));
#15552=CARTESIAN_POINT('',(13.75,30.1800000000001,-87.9986869196822));
#15553=CARTESIAN_POINT('',(1.875,30.1800000000001,-87.9986869196822));
#15554=CARTESIAN_POINT('',(16.25,30.1800000000001,-90.4986869196822));
#15555=CARTESIAN_POINT('Origin',(13.75,30.1800000000001,-90.4986869196822));
#15556=CARTESIAN_POINT('',(16.25,30.1800000000001,-106.582676793174));
#15557=CARTESIAN_POINT('',(26.25,30.1800000000001,-95.4986869196822));
#15558=CARTESIAN_POINT('',(28.75,30.1800000000001,-92.9986869196822));
#15559=CARTESIAN_POINT('Origin',(26.25,30.1800000000001,-92.9986869196822));
#15560=CARTESIAN_POINT('',(23.7500000000001,30.1800000000001,-95.4986869196822));
#15561=CARTESIAN_POINT('',(10.625,30.1800000000001,-95.4986869196822));
#15562=CARTESIAN_POINT('',(21.2500000000001,30.1800000000001,-92.9986869196822));
#15563=CARTESIAN_POINT('Origin',(23.7500000000001,30.1800000000001,-92.9986869196822));
#15564=CARTESIAN_POINT('',(21.2500000000001,30.1800000000001,-90.4986869196822));
#15565=CARTESIAN_POINT('',(21.2500000000001,30.1800000000001,-102.832676793175));
#15566=CARTESIAN_POINT('',(23.7500000000001,30.1800000000001,-87.9986869196822));
#15567=CARTESIAN_POINT('Origin',(23.7500000000001,30.1800000000001,-90.4986869196822));
#15568=CARTESIAN_POINT('',(26.25,30.1800000000001,-87.9986869196822));
#15569=CARTESIAN_POINT('',(14.375,30.1800000000001,-87.9986869196822));
#15570=CARTESIAN_POINT('',(28.75,30.1800000000001,-90.4986869196822));
#15571=CARTESIAN_POINT('Origin',(26.25,30.1800000000001,-90.4986869196822));
#15572=CARTESIAN_POINT('',(28.75,30.1800000000001,-106.582676793174));
#15573=CARTESIAN_POINT('',(-23.75,30.1800000000001,-107.165353586349));
#15574=CARTESIAN_POINT('',(-21.25,30.1800000000001,-104.665353586349));
#15575=CARTESIAN_POINT('Origin',(-23.75,30.1800000000001,-104.665353586349));
#15576=CARTESIAN_POINT('',(-26.2499999999999,30.1800000000001,-107.165353586349));
#15577=CARTESIAN_POINT('',(-39.375,30.1800000000001,-107.165353586349));
#15578=CARTESIAN_POINT('',(-28.7499999999999,30.1800000000001,-104.665353586349));
#15579=CARTESIAN_POINT('Origin',(-26.2499999999999,30.1800000000001,-104.665353586349));
#15580=CARTESIAN_POINT('',(-28.7499999999999,30.1800000000001,-102.165353586349));
#15581=CARTESIAN_POINT('',(-28.7499999999999,30.1800000000001,-114.499343459841));
#15582=CARTESIAN_POINT('',(-26.2499999999999,30.1800000000001,-99.6653535863489));
#15583=CARTESIAN_POINT('Origin',(-26.2499999999999,30.1800000000001,-102.165353586349));
#15584=CARTESIAN_POINT('',(-23.75,30.1800000000001,-99.6653535863489));
#15585=CARTESIAN_POINT('',(-35.625,30.1800000000001,-99.6653535863489));
#15586=CARTESIAN_POINT('',(-21.25,30.1800000000001,-102.165353586349));
#15587=CARTESIAN_POINT('Origin',(-23.75,30.1800000000001,-102.165353586349));
#15588=CARTESIAN_POINT('',(-21.25,30.1800000000001,-118.249343459841));
#15589=CARTESIAN_POINT('',(-11.25,30.1800000000001,-107.165353586349));
#15590=CARTESIAN_POINT('',(-8.74999999999999,30.1800000000001,-104.665353586349));
#15591=CARTESIAN_POINT('Origin',(-11.25,30.1800000000001,-104.665353586349));
#15592=CARTESIAN_POINT('',(-13.7499999999999,30.1800000000001,-107.165353586349));
#15593=CARTESIAN_POINT('',(-26.875,30.1800000000001,-107.165353586349));
#15594=CARTESIAN_POINT('',(-16.2499999999999,30.1800000000001,-104.665353586349));
#15595=CARTESIAN_POINT('Origin',(-13.7499999999999,30.1800000000001,-104.665353586349));
#15596=CARTESIAN_POINT('',(-16.2499999999999,30.1800000000001,-102.165353586349));
#15597=CARTESIAN_POINT('',(-16.2499999999999,30.1800000000001,-114.499343459841));
#15598=CARTESIAN_POINT('',(-13.7499999999999,30.1800000000001,-99.6653535863489));
#15599=CARTESIAN_POINT('Origin',(-13.7499999999999,30.1800000000001,-102.165353586349));
#15600=CARTESIAN_POINT('',(-11.25,30.1800000000001,-99.6653535863489));
#15601=CARTESIAN_POINT('',(-23.125,30.1800000000001,-99.6653535863489));
#15602=CARTESIAN_POINT('',(-8.74999999999999,30.1800000000001,-102.165353586349));
#15603=CARTESIAN_POINT('Origin',(-11.25,30.1800000000001,-102.165353586349));
#15604=CARTESIAN_POINT('',(-8.74999999999999,30.1800000000001,-118.249343459841));
#15605=CARTESIAN_POINT('',(1.25000000000001,30.1800000000001,-107.165353586349));
#15606=CARTESIAN_POINT('',(3.75000000000001,30.1800000000001,-104.665353586349));
#15607=CARTESIAN_POINT('Origin',(1.25000000000001,30.1800000000001,-104.665353586349));
#15608=CARTESIAN_POINT('',(-1.2499999999999,30.1800000000001,-107.165353586349));
#15609=CARTESIAN_POINT('',(-14.375,30.1800000000001,-107.165353586349));
#15610=CARTESIAN_POINT('',(-3.7499999999999,30.1800000000001,-104.665353586349));
#15611=CARTESIAN_POINT('Origin',(-1.2499999999999,30.1800000000001,-104.665353586349));
#15612=CARTESIAN_POINT('',(-3.74999999999989,30.1800000000001,-102.165353586349));
#15613=CARTESIAN_POINT('',(-3.74999999999992,30.1800000000001,-114.499343459841));
#15614=CARTESIAN_POINT('',(-1.24999999999989,30.1800000000001,-99.6653535863489));
#15615=CARTESIAN_POINT('Origin',(-1.24999999999989,30.1800000000001,-102.165353586349));
#15616=CARTESIAN_POINT('',(1.25000000000001,30.1800000000001,-99.6653535863489));
#15617=CARTESIAN_POINT('',(-10.625,30.1800000000001,-99.6653535863489));
#15618=CARTESIAN_POINT('',(3.75000000000001,30.1800000000001,-102.165353586349));
#15619=CARTESIAN_POINT('Origin',(1.25000000000001,30.1800000000001,-102.165353586349));
#15620=CARTESIAN_POINT('',(3.75000000000001,30.1800000000001,-118.249343459841));
#15621=CARTESIAN_POINT('',(13.75,30.1800000000001,-107.165353586349));
#15622=CARTESIAN_POINT('',(16.25,30.1800000000001,-104.665353586349));
#15623=CARTESIAN_POINT('Origin',(13.75,30.1800000000001,-104.665353586349));
#15624=CARTESIAN_POINT('',(11.2500000000001,30.1800000000001,-107.165353586349));
#15625=CARTESIAN_POINT('',(-1.87499999999995,30.1800000000001,-107.165353586349));
#15626=CARTESIAN_POINT('',(8.7500000000001,30.1800000000001,-104.665353586349));
#15627=CARTESIAN_POINT('Origin',(11.2500000000001,30.1800000000001,-104.665353586349));
#15628=CARTESIAN_POINT('',(8.7500000000001,30.1800000000001,-102.165353586349));
#15629=CARTESIAN_POINT('',(8.75000000000008,30.1800000000001,-114.499343459841));
#15630=CARTESIAN_POINT('',(11.2500000000001,30.1800000000001,-99.6653535863489));
#15631=CARTESIAN_POINT('Origin',(11.2500000000001,30.1800000000001,-102.165353586349));
#15632=CARTESIAN_POINT('',(13.75,30.1800000000001,-99.6653535863489));
#15633=CARTESIAN_POINT('',(1.875,30.1800000000001,-99.6653535863489));
#15634=CARTESIAN_POINT('',(16.25,30.1800000000001,-102.165353586349));
#15635=CARTESIAN_POINT('Origin',(13.75,30.1800000000001,-102.165353586349));
#15636=CARTESIAN_POINT('',(16.25,30.1800000000001,-118.249343459841));
#15637=CARTESIAN_POINT('',(-23.75,30.18,-118.832020253016));
#15638=CARTESIAN_POINT('',(-21.25,30.18,-116.332020253016));
#15639=CARTESIAN_POINT('Origin',(-23.75,30.1800000000001,-116.332020253016));
#15640=CARTESIAN_POINT('',(-26.2499999999999,30.18,-118.832020253016));
#15641=CARTESIAN_POINT('',(-39.375,30.18,-118.832020253016));
#15642=CARTESIAN_POINT('',(-28.7499999999999,30.18,-116.332020253016));
#15643=CARTESIAN_POINT('Origin',(-26.2499999999999,30.1800000000001,-116.332020253016));
#15644=CARTESIAN_POINT('',(-28.7499999999999,30.18,-113.832020253016));
#15645=CARTESIAN_POINT('',(-28.7499999999999,30.1800000000001,-126.166010126508));
#15646=CARTESIAN_POINT('',(-26.2499999999999,30.18,-111.332020253016));
#15647=CARTESIAN_POINT('Origin',(-26.2499999999999,30.1800000000001,-113.832020253016));
#15648=CARTESIAN_POINT('',(-23.75,30.18,-111.332020253016));
#15649=CARTESIAN_POINT('',(-35.625,30.18,-111.332020253016));
#15650=CARTESIAN_POINT('',(-21.25,30.18,-113.832020253016));
#15651=CARTESIAN_POINT('Origin',(-23.75,30.1800000000001,-113.832020253016));
#15652=CARTESIAN_POINT('',(-21.25,30.1800000000001,-129.916010126508));
#15653=CARTESIAN_POINT('',(-11.25,30.18,-118.832020253016));
#15654=CARTESIAN_POINT('',(-8.74999999999999,30.18,-116.332020253016));
#15655=CARTESIAN_POINT('Origin',(-11.25,30.1800000000001,-116.332020253016));
#15656=CARTESIAN_POINT('',(-13.7499999999999,30.18,-118.832020253016));
#15657=CARTESIAN_POINT('',(-26.875,30.18,-118.832020253016));
#15658=CARTESIAN_POINT('',(-16.2499999999999,30.18,-116.332020253016));
#15659=CARTESIAN_POINT('Origin',(-13.7499999999999,30.1800000000001,-116.332020253016));
#15660=CARTESIAN_POINT('',(-16.2499999999999,30.18,-113.832020253016));
#15661=CARTESIAN_POINT('',(-16.2499999999999,30.1800000000001,-126.166010126508));
#15662=CARTESIAN_POINT('',(-13.7499999999999,30.18,-111.332020253016));
#15663=CARTESIAN_POINT('Origin',(-13.7499999999999,30.1800000000001,-113.832020253016));
#15664=CARTESIAN_POINT('',(-11.25,30.18,-111.332020253016));
#15665=CARTESIAN_POINT('',(-23.125,30.18,-111.332020253016));
#15666=CARTESIAN_POINT('',(-8.74999999999999,30.18,-113.832020253016));
#15667=CARTESIAN_POINT('Origin',(-11.25,30.1800000000001,-113.832020253016));
#15668=CARTESIAN_POINT('',(-8.74999999999999,30.1800000000001,-129.916010126508));
#15669=CARTESIAN_POINT('',(1.25000000000001,30.18,-118.832020253016));
#15670=CARTESIAN_POINT('',(3.75000000000001,30.18,-116.332020253016));
#15671=CARTESIAN_POINT('Origin',(1.25000000000001,30.1800000000001,-116.332020253016));
#15672=CARTESIAN_POINT('',(-1.2499999999999,30.18,-118.832020253016));
#15673=CARTESIAN_POINT('',(-14.375,30.18,-118.832020253016));
#15674=CARTESIAN_POINT('',(-3.7499999999999,30.18,-116.332020253016));
#15675=CARTESIAN_POINT('Origin',(-1.2499999999999,30.1800000000001,-116.332020253016));
#15676=CARTESIAN_POINT('',(-3.74999999999989,30.18,-113.832020253016));
#15677=CARTESIAN_POINT('',(-3.74999999999992,30.1800000000001,-126.166010126508));
#15678=CARTESIAN_POINT('',(-1.24999999999989,30.18,-111.332020253016));
#15679=CARTESIAN_POINT('Origin',(-1.24999999999989,30.1800000000001,-113.832020253016));
#15680=CARTESIAN_POINT('',(1.25000000000001,30.18,-111.332020253016));
#15681=CARTESIAN_POINT('',(-10.625,30.18,-111.332020253016));
#15682=CARTESIAN_POINT('',(3.75000000000001,30.18,-113.832020253016));
#15683=CARTESIAN_POINT('Origin',(1.25000000000001,30.1800000000001,-113.832020253016));
#15684=CARTESIAN_POINT('',(3.75000000000001,30.1800000000001,-129.916010126508));
#15685=CARTESIAN_POINT('',(13.75,30.18,-118.832020253016));
#15686=CARTESIAN_POINT('',(16.25,30.18,-116.332020253016));
#15687=CARTESIAN_POINT('Origin',(13.75,30.1800000000001,-116.332020253016));
#15688=CARTESIAN_POINT('',(11.2500000000001,30.18,-118.832020253016));
#15689=CARTESIAN_POINT('',(-1.87499999999995,30.18,-118.832020253016));
#15690=CARTESIAN_POINT('',(8.7500000000001,30.18,-116.332020253016));
#15691=CARTESIAN_POINT('Origin',(11.2500000000001,30.1800000000001,-116.332020253016));
#15692=CARTESIAN_POINT('',(8.75000000000011,30.18,-113.832020253016));
#15693=CARTESIAN_POINT('',(8.75000000000009,30.1800000000001,-126.166010126508));
#15694=CARTESIAN_POINT('',(11.2500000000001,30.18,-111.332020253016));
#15695=CARTESIAN_POINT('Origin',(11.2500000000001,30.1800000000001,-113.832020253016));
#15696=CARTESIAN_POINT('',(13.75,30.18,-111.332020253016));
#15697=CARTESIAN_POINT('',(1.875,30.18,-111.332020253016));
#15698=CARTESIAN_POINT('',(16.25,30.18,-113.832020253016));
#15699=CARTESIAN_POINT('Origin',(13.75,30.1800000000001,-113.832020253016));
#15700=CARTESIAN_POINT('',(16.25,30.1800000000001,-129.916010126508));
#15701=CARTESIAN_POINT('',(26.25,30.18,-118.832020253016));
#15702=CARTESIAN_POINT('',(23.7500000000001,30.18,-118.832020253016));
#15703=CARTESIAN_POINT('',(10.625,30.18,-118.832020253016));
#15704=CARTESIAN_POINT('',(21.2500000000001,30.18,-116.332020253016));
#15705=CARTESIAN_POINT('Origin',(23.7500000000001,30.1800000000001,-116.332020253016));
#15706=CARTESIAN_POINT('',(21.2500000000001,30.18,-113.832020253016));
#15707=CARTESIAN_POINT('',(21.2500000000001,30.1800000000001,-126.166010126508));
#15708=CARTESIAN_POINT('',(23.7500000000001,30.18,-111.332020253016));
#15709=CARTESIAN_POINT('Origin',(23.7500000000001,30.1800000000001,-113.832020253016));
#15710=CARTESIAN_POINT('',(26.25,30.18,-111.332020253016));
#15711=CARTESIAN_POINT('',(14.375,30.18,-111.332020253016));
#15712=CARTESIAN_POINT('',(28.75,30.18,-113.832020253016));
#15713=CARTESIAN_POINT('Origin',(26.25,30.1800000000001,-113.832020253016));
#15714=CARTESIAN_POINT('',(28.75,30.18,-116.332020253016));
#15715=CARTESIAN_POINT('',(28.75,30.1800000000001,-129.916010126508));
#15716=CARTESIAN_POINT('Origin',(26.25,30.1800000000001,-116.332020253016));
#15717=CARTESIAN_POINT('',(26.25,30.1800000000001,-107.165353586349));
#15718=CARTESIAN_POINT('',(28.75,30.1800000000001,-104.665353586349));
#15719=CARTESIAN_POINT('Origin',(26.25,30.1800000000001,-104.665353586349));
#15720=CARTESIAN_POINT('',(23.7500000000001,30.1800000000001,-107.165353586349));
#15721=CARTESIAN_POINT('',(10.625,30.1800000000001,-107.165353586349));
#15722=CARTESIAN_POINT('',(21.2500000000001,30.1800000000001,-104.665353586349));
#15723=CARTESIAN_POINT('Origin',(23.7500000000001,30.1800000000001,-104.665353586349));
#15724=CARTESIAN_POINT('',(21.2500000000001,30.1800000000001,-102.165353586349));
#15725=CARTESIAN_POINT('',(21.2500000000001,30.1800000000001,-114.499343459841));
#15726=CARTESIAN_POINT('',(23.7500000000001,30.1800000000001,-99.6653535863489));
#15727=CARTESIAN_POINT('Origin',(23.7500000000001,30.1800000000001,-102.165353586349));
#15728=CARTESIAN_POINT('',(26.25,30.1800000000001,-99.6653535863489));
#15729=CARTESIAN_POINT('',(14.375,30.1800000000001,-99.6653535863489));
#15730=CARTESIAN_POINT('',(28.75,30.1800000000001,-102.165353586349));
#15731=CARTESIAN_POINT('Origin',(26.25,30.1800000000001,-102.165353586349));
#15732=CARTESIAN_POINT('',(28.75,30.1800000000001,-118.249343459841));
#15733=CARTESIAN_POINT('Origin',(-33.5,-31.8921933117678,-23.75));
#15734=CARTESIAN_POINT('',(-33.5,31.68,65.1501802328143));
#15735=CARTESIAN_POINT('',(-33.5,31.68,-82.3750000000001));
#15736=CARTESIAN_POINT('',(-33.5,30.18,63.6501802328157));
#15737=CARTESIAN_POINT('',(-33.5,3.06389975842619,36.5340799912656));
#15738=CARTESIAN_POINT('',(-33.5,7.20981976491107,40.68));
#15739=CARTESIAN_POINT('',(-33.5,-6.02809338415458,27.4420868474387));
#15740=CARTESIAN_POINT('',(-33.5,3.17082583231331,40.68));
#15741=CARTESIAN_POINT('',(-33.5,-12.3411867734284,40.68));
#15742=CARTESIAN_POINT('',(-33.5,-21.7024289537013,15.8067452139693));
#15743=CARTESIAN_POINT('',(-33.5,21.3404826562099,-53.6595173437899));
#15744=CARTESIAN_POINT('Origin',(-33.5,0.,-75.));
#15745=CARTESIAN_POINT('',(-33.5,5.31444913398657,-37.6334838215667));
#15746=CARTESIAN_POINT('Origin',(4.42576219534789E-15,23.6800000000001,
-121.385786437627));
#15747=CARTESIAN_POINT('',(-44.52,30.6800000000001,-125.258769783834));
#15748=CARTESIAN_POINT('',(-43.52,31.6800000000001,-121.385786437627));
#15749=CARTESIAN_POINT('Origin',(-51.52,23.6800000000001,-121.385786437627));
#15750=CARTESIAN_POINT('',(-40.3199999999999,31.6800000000001,-121.385786437627));
#15751=CARTESIAN_POINT('',(4.42576219534789E-15,31.6800000000001,-121.385786437627));
#15752=CARTESIAN_POINT('',(-40.32,23.6800000000001,-129.385786437627));
#15753=CARTESIAN_POINT('Origin',(-40.32,23.6800000000001,-121.385786437627));
#15754=CARTESIAN_POINT('',(-44.52,23.6800000000001,-129.385786437627));
#15755=CARTESIAN_POINT('',(4.42576219534789E-15,23.6800000000001,-129.385786437627));
#15756=CARTESIAN_POINT('Origin',(-44.52,23.6800000000001,-121.385786437627));
#15757=CARTESIAN_POINT('Origin',(0.,31.6800000000001,-141.));
#15758=CARTESIAN_POINT('',(-40.32,31.6800000000001,-130.203801512904));
#15759=CARTESIAN_POINT('',(-40.32,31.6800000000001,-135.292893218813));
#15760=CARTESIAN_POINT('',(-43.52,31.68,-93.1103679018718));
#15761=CARTESIAN_POINT('',(-43.52,31.6800000000001,-121.155454559665));
#15762=CARTESIAN_POINT('',(-43.52,31.68,-92.1103679018718));
#15763=CARTESIAN_POINT('Ctrl Pts',(-43.52,31.68,-92.1103679018718));
#15764=CARTESIAN_POINT('Ctrl Pts',(-43.52,31.68,-92.4437012352051));
#15765=CARTESIAN_POINT('Ctrl Pts',(-43.52,31.68,-92.7770345685384));
#15766=CARTESIAN_POINT('Ctrl Pts',(-43.52,31.68,-93.1103679018718));
#15767=CARTESIAN_POINT('',(-46.52,31.68,-88.2819407771256));
#15768=CARTESIAN_POINT('Ctrl Pts',(-46.5200000000001,31.68,-88.2819407771256));
#15769=CARTESIAN_POINT('Ctrl Pts',(-46.0092348454602,31.68,-88.2819407771256));
#15770=CARTESIAN_POINT('Ctrl Pts',(-45.257983978583,31.68,-88.5381507323788));
#15771=CARTESIAN_POINT('Ctrl Pts',(-43.9411032397772,31.68,-89.7271603000648));
#15772=CARTESIAN_POINT('Ctrl Pts',(-43.52,31.68,-91.0525386308817));
#15773=CARTESIAN_POINT('Ctrl Pts',(-43.52,31.68,-92.1103679018718));
#15774=CARTESIAN_POINT('',(-50.,31.68,-88.2819407771256));
#15775=CARTESIAN_POINT('',(-25.5,31.68,-88.2819407771256));
#15776=CARTESIAN_POINT('',(-50.,31.68,-61.7180592228743));
#15777=CARTESIAN_POINT('',(-50.,31.6800000000001,-108.));
#15778=CARTESIAN_POINT('',(-40.2234271247463,31.68,-61.7180592228744));
#15779=CARTESIAN_POINT('',(-25.5,31.68,-61.7180592228743));
#15780=CARTESIAN_POINT('',(-37.9927169814454,31.68,-60.4669823673178));
#15781=CARTESIAN_POINT('Ctrl Pts',(-37.9927169814454,31.68,-60.4669823673178));
#15782=CARTESIAN_POINT('Ctrl Pts',(-38.2124651735302,31.68,-60.7777532408711));
#15783=CARTESIAN_POINT('Ctrl Pts',(-38.8341628254786,31.68,-61.4194013611662));
#15784=CARTESIAN_POINT('Ctrl Pts',(-39.7126619702064,31.68,-61.7180592228744));
#15785=CARTESIAN_POINT('Ctrl Pts',(-40.2234271247463,31.68,-61.7180592228744));
#15786=CARTESIAN_POINT('',(-37.5844686909815,31.68,-59.8896320981282));
#15787=CARTESIAN_POINT('Ctrl Pts',(-37.5844686909815,31.68,-59.8896320981282));
#15788=CARTESIAN_POINT('Ctrl Pts',(-37.7205514544695,31.68,-60.0820821878581));
#15789=CARTESIAN_POINT('Ctrl Pts',(-37.8566342179574,31.68,-60.274532277588));
#15790=CARTESIAN_POINT('Ctrl Pts',(-37.9927169814454,31.68,-60.4669823673178));
#15791=CARTESIAN_POINT('',(-35.5892898566992,31.68,-57.0680231313264));
#15792=CARTESIAN_POINT('',(-44.5117183934875,31.68,-69.6862425773571));
#15793=CARTESIAN_POINT('',(-35.068541685414,31.68,-56.0316867002282));
#15794=CARTESIAN_POINT('Ctrl Pts',(-35.068541685414,31.68,-56.0316867002282));
#15795=CARTESIAN_POINT('Ctrl Pts',(-35.194375229476,31.68,-56.4036839038915));
#15796=CARTESIAN_POINT('Ctrl Pts',(-35.3678458361242,31.68,-56.7548539941228));
#15797=CARTESIAN_POINT('Ctrl Pts',(-35.5892898566992,31.68,-57.0680231313264));
#15798=CARTESIAN_POINT('',(-34.82,31.68,-54.4906728621367));
#15799=CARTESIAN_POINT('Ctrl Pts',(-34.82,31.68,-54.4906728621367));
#15800=CARTESIAN_POINT('Ctrl Pts',(-34.82,31.68,-55.0165262147405));
#15801=CARTESIAN_POINT('Ctrl Pts',(-34.9030121178174,31.68,-55.5423375626154));
#15802=CARTESIAN_POINT('Ctrl Pts',(-35.068541685414,31.68,-56.0316867002282));
#15803=CARTESIAN_POINT('',(-34.82,31.68,-53.4906728621368));
#15804=CARTESIAN_POINT('Ctrl Pts',(-34.82,31.68,-53.4906728621368));
#15805=CARTESIAN_POINT('Ctrl Pts',(-34.82,31.68,-53.8240061954701));
#15806=CARTESIAN_POINT('Ctrl Pts',(-34.82,31.68,-54.1573395288034));
#15807=CARTESIAN_POINT('Ctrl Pts',(-34.82,31.68,-54.4906728621367));
#15808=CARTESIAN_POINT('',(-34.82,31.68,56.8896320981283));
#15809=CARTESIAN_POINT('',(-34.82,31.68,-82.3750000000001));
#15810=CARTESIAN_POINT('',(-34.82,31.68,57.8896320981283));
#15811=CARTESIAN_POINT('Ctrl Pts',(-34.82,31.68,57.8896320981283));
#15812=CARTESIAN_POINT('Ctrl Pts',(-34.82,31.68,57.5562987647949));
#15813=CARTESIAN_POINT('Ctrl Pts',(-34.82,31.68,57.2229654314616));
#15814=CARTESIAN_POINT('Ctrl Pts',(-34.82,31.68,56.8896320981283));
#15815=CARTESIAN_POINT('',(-37.82,31.68,61.7180592228745));
#15816=CARTESIAN_POINT('Ctrl Pts',(-37.82,31.68,61.7180592228744));
#15817=CARTESIAN_POINT('Ctrl Pts',(-37.3092348454601,31.68,61.7180592228744));
#15818=CARTESIAN_POINT('Ctrl Pts',(-36.557910653436,31.68,61.4618869225818));
#15819=CARTESIAN_POINT('Ctrl Pts',(-35.2410319645718,31.68,60.2728642620577));
#15820=CARTESIAN_POINT('Ctrl Pts',(-34.82,31.68,58.9474613691184));
#15821=CARTESIAN_POINT('Ctrl Pts',(-34.82,31.68,57.8896320981283));
#15822=CARTESIAN_POINT('',(-39.,31.68,61.7180592228745));
#15823=CARTESIAN_POINT('',(-20.,31.68,61.7180592228745));
#15824=CARTESIAN_POINT('',(-39.,31.68,88.2819407771256));
#15825=CARTESIAN_POINT('',(-39.,31.68,-33.0000000000001));
#15826=CARTESIAN_POINT('',(39.,31.68,88.2819407771256));
#15827=CARTESIAN_POINT('',(0.,31.68,88.2819407771256));
#15828=CARTESIAN_POINT('',(39.,31.68,61.7180592228745));
#15829=CARTESIAN_POINT('',(39.,31.68,-33.0000000000001));
#15830=CARTESIAN_POINT('',(37.82,31.68,61.7180592228744));
#15831=CARTESIAN_POINT('',(20.,31.68,61.7180592228745));
#15832=CARTESIAN_POINT('',(34.82,31.68,57.8896320981283));
#15833=CARTESIAN_POINT('Ctrl Pts',(34.82,31.68,57.8896320981283));
#15834=CARTESIAN_POINT('Ctrl Pts',(34.82,31.68,58.6830040513708));
#15835=CARTESIAN_POINT('Ctrl Pts',(35.135323658725,31.68,60.0012359086196));
#15836=CARTESIAN_POINT('Ctrl Pts',(36.3075454438952,31.68,61.3715016177608));
#15837=CARTESIAN_POINT('Ctrl Pts',(37.3092348454601,31.68,61.7180592228744));
#15838=CARTESIAN_POINT('Ctrl Pts',(37.82,31.68,61.7180592228744));
#15839=CARTESIAN_POINT('',(34.82,31.68,56.8896320981283));
#15840=CARTESIAN_POINT('Ctrl Pts',(34.82,31.68,56.8896320981283));
#15841=CARTESIAN_POINT('Ctrl Pts',(34.82,31.68,57.2229654314616));
#15842=CARTESIAN_POINT('Ctrl Pts',(34.82,31.68,57.5562987647949));
#15843=CARTESIAN_POINT('Ctrl Pts',(34.82,31.68,57.8896320981283));
#15844=CARTESIAN_POINT('',(34.82,31.68,-53.4906728621368));
#15845=CARTESIAN_POINT('',(34.82,31.68,-82.3750000000001));
#15846=CARTESIAN_POINT('',(34.82,31.68,-54.4906728621367));
#15847=CARTESIAN_POINT('Ctrl Pts',(34.82,31.68,-54.4906728621367));
#15848=CARTESIAN_POINT('Ctrl Pts',(34.82,31.68,-54.1573395288034));
#15849=CARTESIAN_POINT('Ctrl Pts',(34.82,31.68,-53.8240061954701));
#15850=CARTESIAN_POINT('Ctrl Pts',(34.82,31.68,-53.4906728621368));
#15851=CARTESIAN_POINT('',(35.068541685414,31.68,-56.0316867002282));
#15852=CARTESIAN_POINT('Ctrl Pts',(35.068541685414,31.68,-56.0316867002282));
#15853=CARTESIAN_POINT('Ctrl Pts',(34.9030121178174,31.68,-55.5423375626154));
#15854=CARTESIAN_POINT('Ctrl Pts',(34.82,31.68,-55.0165262147405));
#15855=CARTESIAN_POINT('Ctrl Pts',(34.82,31.68,-54.4906728621367));
#15856=CARTESIAN_POINT('',(35.5892898566992,31.68,-57.0680231313264));
#15857=CARTESIAN_POINT('Ctrl Pts',(35.5892898566992,31.68,-57.0680231313264));
#15858=CARTESIAN_POINT('Ctrl Pts',(35.3678458361242,31.68,-56.7548539941228));
#15859=CARTESIAN_POINT('Ctrl Pts',(35.194375229476,31.68,-56.4036839038915));
#15860=CARTESIAN_POINT('Ctrl Pts',(35.068541685414,31.68,-56.0316867002282));
#15861=CARTESIAN_POINT('',(37.5844686909815,31.68,-59.8896320981282));
#15862=CARTESIAN_POINT('',(44.5117183934875,31.68,-69.6862425773571));
#15863=CARTESIAN_POINT('',(37.9927169814454,31.68,-60.4669823673178));
#15864=CARTESIAN_POINT('Ctrl Pts',(37.9927169814454,31.68,-60.4669823673178));
#15865=CARTESIAN_POINT('Ctrl Pts',(37.8566342179574,31.68,-60.274532277588));
#15866=CARTESIAN_POINT('Ctrl Pts',(37.7205514544695,31.68,-60.0820821878581));
#15867=CARTESIAN_POINT('Ctrl Pts',(37.5844686909815,31.68,-59.8896320981282));
#15868=CARTESIAN_POINT('',(40.2234271247462,31.68,-61.7180592228744));
#15869=CARTESIAN_POINT('Ctrl Pts',(40.2234271247463,31.68,-61.7180592228744));
#15870=CARTESIAN_POINT('Ctrl Pts',(39.7126619702064,31.68,-61.7180592228744));
#15871=CARTESIAN_POINT('Ctrl Pts',(38.8341628254787,31.68,-61.4194013611662));
#15872=CARTESIAN_POINT('Ctrl Pts',(38.2124651735302,31.68,-60.7777532408711));
#15873=CARTESIAN_POINT('Ctrl Pts',(37.9927169814454,31.68,-60.4669823673178));
#15874=CARTESIAN_POINT('',(50.,31.68,-61.7180592228744));
#15875=CARTESIAN_POINT('',(25.5,31.68,-61.7180592228744));
#15876=CARTESIAN_POINT('',(50.,31.68,-88.2819407771256));
#15877=CARTESIAN_POINT('',(50.,31.6800000000001,-108.));
#15878=CARTESIAN_POINT('',(46.5200000000001,31.68,-88.2819407771256));
#15879=CARTESIAN_POINT('',(25.5,31.68,-88.2819407771256));
#15880=CARTESIAN_POINT('',(43.52,31.68,-92.1103679018718));
#15881=CARTESIAN_POINT('Ctrl Pts',(43.52,31.68,-92.1103679018718));
#15882=CARTESIAN_POINT('Ctrl Pts',(43.52,31.68,-91.0525386308817));
#15883=CARTESIAN_POINT('Ctrl Pts',(43.9411032397772,31.68,-89.7271603000648));
#15884=CARTESIAN_POINT('Ctrl Pts',(45.257983978583,31.68,-88.5381507323787));
#15885=CARTESIAN_POINT('Ctrl Pts',(46.0092348454602,31.68,-88.2819407771256));
#15886=CARTESIAN_POINT('Ctrl Pts',(46.5200000000001,31.68,-88.2819407771256));
#15887=CARTESIAN_POINT('',(43.52,31.68,-93.1103679018718));
#15888=CARTESIAN_POINT('Ctrl Pts',(43.52,31.68,-93.1103679018718));
#15889=CARTESIAN_POINT('Ctrl Pts',(43.52,31.68,-92.7770345685384));
#15890=CARTESIAN_POINT('Ctrl Pts',(43.52,31.68,-92.4437012352051));
#15891=CARTESIAN_POINT('Ctrl Pts',(43.52,31.68,-92.1103679018718));
#15892=CARTESIAN_POINT('',(43.52,31.6800000000001,-121.385786437627));
#15893=CARTESIAN_POINT('',(43.52,31.6800000000001,-121.155454559665));
#15894=CARTESIAN_POINT('',(40.32,31.6800000000001,-121.385786437627));
#15895=CARTESIAN_POINT('',(4.42576219534789E-15,31.6800000000001,-121.385786437627));
#15896=CARTESIAN_POINT('',(40.32,31.6800000000001,-130.203801512904));
#15897=CARTESIAN_POINT('',(40.32,31.6800000000001,-137.333333333333));
#15898=CARTESIAN_POINT('',(36.9968042099517,31.6800000000001,-130.203801512904));
#15899=CARTESIAN_POINT('',(-18.6525,31.6800000000001,-130.203801512904));
#15900=CARTESIAN_POINT('',(30.5000000000493,31.6800000000001,-123.500000000136));
#15901=CARTESIAN_POINT('Origin',(30.4999999999906,31.6800000000001,-130.000000000075));
#15902=CARTESIAN_POINT('',(15.5000000000427,31.6800000000001,-123.500000000059));
#15903=CARTESIAN_POINT('',(7.75000000006668,31.6800000000001,-123.500000000019));
#15904=CARTESIAN_POINT('',(9.00319579005282,31.6800000000001,-130.203801512904));
#15905=CARTESIAN_POINT('Origin',(15.5000000000092,31.6800000000001,-130.));
#15906=CARTESIAN_POINT('',(-9.00319579004779,31.6800000000001,-130.203801512904));
#15907=CARTESIAN_POINT('',(-18.6525,31.6800000000001,-130.203801512904));
#15908=CARTESIAN_POINT('',(-15.5000000000425,31.6800000000001,-123.500000000059));
#15909=CARTESIAN_POINT('Origin',(-15.5000000000094,31.6800000000001,-130.));
#15910=CARTESIAN_POINT('',(-30.5000000000066,31.6800000000001,-123.500000000136));
#15911=CARTESIAN_POINT('',(-15.2500000000484,31.6800000000001,-123.500000000057));
#15912=CARTESIAN_POINT('',(-36.9968042100244,31.6800000000001,-130.203801512904));
#15913=CARTESIAN_POINT('Origin',(-30.4999999999906,31.6800000000001,-130.));
#15914=CARTESIAN_POINT('',(-18.6525,31.6800000000001,-130.203801512904));
#15915=CARTESIAN_POINT('',(33.5,31.68,65.1501802328143));
#15916=CARTESIAN_POINT('',(33.5,31.68,-96.403401962351));
#15917=CARTESIAN_POINT('',(0.,31.68,65.1501802328143));
#15918=CARTESIAN_POINT('',(15.4999999999811,31.68,68.500000000083));
#15919=CARTESIAN_POINT('',(15.5000000000189,31.68,81.4999999999606));
#15920=CARTESIAN_POINT('Origin',(15.5,31.68,75.0000000000218));
#15921=CARTESIAN_POINT('',(30.4999999999811,31.68,68.5000000000395));
#15922=CARTESIAN_POINT('',(15.2500000002948,31.68,68.5000000000838));
#15923=CARTESIAN_POINT('',(30.5000000000189,31.68,81.4999999999169));
#15924=CARTESIAN_POINT('Origin',(30.5,31.68,74.9999999999782));
#15925=CARTESIAN_POINT('',(7.75000000033134,31.68,81.4999999999827));
#15926=CARTESIAN_POINT('',(-21.25,31.6800000000002,-57.9986869196822));
#15927=CARTESIAN_POINT('',(-23.75,31.6800000000002,-60.4986869196822));
#15928=CARTESIAN_POINT('Origin',(-23.75,31.6800000000002,-57.9986869196822));
#15929=CARTESIAN_POINT('',(-21.25,31.6800000000002,-55.4986869196822));
#15930=CARTESIAN_POINT('',(-21.25,31.6800000000002,-71.5826767931745));
#15931=CARTESIAN_POINT('',(-23.75,31.6800000000002,-52.9986869196822));
#15932=CARTESIAN_POINT('Origin',(-23.75,31.6800000000002,-55.4986869196822));
#15933=CARTESIAN_POINT('',(-26.2499999999999,31.6800000000002,-52.9986869196822));
#15934=CARTESIAN_POINT('',(-35.625,31.6800000000002,-52.9986869196822));
#15935=CARTESIAN_POINT('',(-28.7499999999999,31.6800000000002,-55.4986869196822));
#15936=CARTESIAN_POINT('Origin',(-26.2499999999999,31.6800000000002,-55.4986869196822));
#15937=CARTESIAN_POINT('',(-28.7499999999999,31.6800000000002,-57.9986869196822));
#15938=CARTESIAN_POINT('',(-28.7499999999999,31.6800000000002,-67.8326767931745));
#15939=CARTESIAN_POINT('',(-26.2499999999999,31.6800000000002,-60.4986869196822));
#15940=CARTESIAN_POINT('Origin',(-26.2499999999999,31.6800000000002,-57.9986869196822));
#15941=CARTESIAN_POINT('',(-39.375,31.6800000000002,-60.4986869196822));
#15942=CARTESIAN_POINT('',(-8.75,31.6800000000002,-57.9986869196822));
#15943=CARTESIAN_POINT('',(-11.25,31.6800000000002,-60.4986869196822));
#15944=CARTESIAN_POINT('Origin',(-11.25,31.6800000000002,-57.9986869196822));
#15945=CARTESIAN_POINT('',(-8.75,31.6800000000002,-55.4986869196822));
#15946=CARTESIAN_POINT('',(-8.75,31.6800000000002,-71.5826767931745));
#15947=CARTESIAN_POINT('',(-11.25,31.6800000000002,-52.9986869196822));
#15948=CARTESIAN_POINT('Origin',(-11.25,31.6800000000002,-55.4986869196822));
#15949=CARTESIAN_POINT('',(-13.7499999999999,31.6800000000002,-52.9986869196822));
#15950=CARTESIAN_POINT('',(-23.125,31.6800000000002,-52.9986869196822));
#15951=CARTESIAN_POINT('',(-16.2499999999999,31.6800000000002,-55.4986869196822));
#15952=CARTESIAN_POINT('Origin',(-13.7499999999999,31.6800000000002,-55.4986869196822));
#15953=CARTESIAN_POINT('',(-16.2499999999999,31.6800000000002,-57.9986869196822));
#15954=CARTESIAN_POINT('',(-16.2499999999999,31.6800000000002,-67.8326767931745));
#15955=CARTESIAN_POINT('',(-13.7499999999999,31.6800000000002,-60.4986869196822));
#15956=CARTESIAN_POINT('Origin',(-13.7499999999999,31.6800000000002,-57.9986869196822));
#15957=CARTESIAN_POINT('',(-26.875,31.6800000000002,-60.4986869196822));
#15958=CARTESIAN_POINT('',(3.75,31.6800000000002,-57.9986869196822));
#15959=CARTESIAN_POINT('',(1.25,31.6800000000002,-60.4986869196822));
#15960=CARTESIAN_POINT('Origin',(1.25,31.6800000000002,-57.9986869196822));
#15961=CARTESIAN_POINT('',(3.75,31.6800000000002,-55.4986869196822));
#15962=CARTESIAN_POINT('',(3.75,31.6800000000002,-71.5826767931745));
#15963=CARTESIAN_POINT('',(1.25,31.6800000000002,-52.9986869196822));
#15964=CARTESIAN_POINT('Origin',(1.25,31.6800000000002,-55.4986869196822));
#15965=CARTESIAN_POINT('',(-1.2499999999999,31.6800000000002,-52.9986869196822));
#15966=CARTESIAN_POINT('',(-10.625,31.6800000000002,-52.9986869196822));
#15967=CARTESIAN_POINT('',(-3.7499999999999,31.6800000000002,-55.4986869196822));
#15968=CARTESIAN_POINT('Origin',(-1.2499999999999,31.6800000000002,-55.4986869196822));
#15969=CARTESIAN_POINT('',(-3.74999999999991,31.6800000000002,-57.9986869196822));
#15970=CARTESIAN_POINT('',(-3.74999999999992,31.6800000000002,-67.8326767931745));
#15971=CARTESIAN_POINT('',(-1.24999999999991,31.6800000000002,-60.4986869196822));
#15972=CARTESIAN_POINT('Origin',(-1.24999999999991,31.6800000000002,-57.9986869196822));
#15973=CARTESIAN_POINT('',(-14.375,31.6800000000002,-60.4986869196822));
#15974=CARTESIAN_POINT('',(16.25,31.6800000000002,-57.9986869196822));
#15975=CARTESIAN_POINT('',(13.75,31.6800000000002,-60.4986869196822));
#15976=CARTESIAN_POINT('Origin',(13.75,31.6800000000002,-57.9986869196822));
#15977=CARTESIAN_POINT('',(16.25,31.6800000000002,-55.4986869196822));
#15978=CARTESIAN_POINT('',(16.25,31.6800000000002,-71.5826767931745));
#15979=CARTESIAN_POINT('',(13.75,31.6800000000002,-52.9986869196822));
#15980=CARTESIAN_POINT('Origin',(13.75,31.6800000000002,-55.4986869196822));
#15981=CARTESIAN_POINT('',(11.2500000000001,31.6800000000002,-52.9986869196822));
#15982=CARTESIAN_POINT('',(1.875,31.6800000000002,-52.9986869196822));
#15983=CARTESIAN_POINT('',(8.7500000000001,31.6800000000002,-55.4986869196822));
#15984=CARTESIAN_POINT('Origin',(11.2500000000001,31.6800000000002,-55.4986869196822));
#15985=CARTESIAN_POINT('',(8.7500000000001,31.6800000000002,-57.9986869196822));
#15986=CARTESIAN_POINT('',(8.75000000000008,31.6800000000002,-67.8326767931745));
#15987=CARTESIAN_POINT('',(11.2500000000001,31.6800000000002,-60.4986869196822));
#15988=CARTESIAN_POINT('Origin',(11.2500000000001,31.6800000000002,-57.9986869196822));
#15989=CARTESIAN_POINT('',(-1.87499999999996,31.6800000000002,-60.4986869196822));
#15990=CARTESIAN_POINT('',(28.75,31.6800000000002,-57.9986869196822));
#15991=CARTESIAN_POINT('',(26.25,31.6800000000002,-60.4986869196822));
#15992=CARTESIAN_POINT('Origin',(26.25,31.6800000000002,-57.9986869196822));
#15993=CARTESIAN_POINT('',(28.75,31.6800000000002,-55.4986869196822));
#15994=CARTESIAN_POINT('',(28.75,31.6800000000002,-71.5826767931745));
#15995=CARTESIAN_POINT('',(26.25,31.6800000000002,-52.9986869196822));
#15996=CARTESIAN_POINT('Origin',(26.25,31.6800000000002,-55.4986869196822));
#15997=CARTESIAN_POINT('',(23.7500000000001,31.6800000000002,-52.9986869196822));
#15998=CARTESIAN_POINT('',(14.375,31.6800000000002,-52.9986869196822));
#15999=CARTESIAN_POINT('',(21.2500000000001,31.6800000000002,-55.4986869196822));
#16000=CARTESIAN_POINT('Origin',(23.7500000000001,31.6800000000002,-55.4986869196822));
#16001=CARTESIAN_POINT('',(21.2500000000001,31.6800000000002,-57.9986869196822));
#16002=CARTESIAN_POINT('',(21.2500000000001,31.6800000000002,-67.8326767931745));
#16003=CARTESIAN_POINT('',(23.7500000000001,31.6800000000002,-60.4986869196822));
#16004=CARTESIAN_POINT('Origin',(23.7500000000001,31.6800000000002,-57.9986869196822));
#16005=CARTESIAN_POINT('',(10.625,31.6800000000002,-60.4986869196822));
#16006=CARTESIAN_POINT('',(-21.25,31.6800000000001,-69.6653535863488));
#16007=CARTESIAN_POINT('',(-23.75,31.6800000000001,-72.1653535863488));
#16008=CARTESIAN_POINT('Origin',(-23.75,31.6800000000001,-69.6653535863488));
#16009=CARTESIAN_POINT('',(-21.25,31.6800000000001,-67.1653535863489));
#16010=CARTESIAN_POINT('',(-21.25,31.6800000000001,-83.2493434598412));
#16011=CARTESIAN_POINT('',(-23.75,31.6800000000001,-64.6653535863489));
#16012=CARTESIAN_POINT('Origin',(-23.75,31.6800000000001,-67.1653535863489));
#16013=CARTESIAN_POINT('',(-26.2499999999999,31.6800000000001,-64.6653535863489));
#16014=CARTESIAN_POINT('',(-35.625,31.6800000000001,-64.6653535863489));
#16015=CARTESIAN_POINT('',(-28.7499999999999,31.6800000000001,-67.1653535863489));
#16016=CARTESIAN_POINT('Origin',(-26.2499999999999,31.6800000000001,-67.1653535863489));
#16017=CARTESIAN_POINT('',(-28.7499999999999,31.6800000000001,-69.6653535863488));
#16018=CARTESIAN_POINT('',(-28.7499999999999,31.6800000000001,-79.4993434598412));
#16019=CARTESIAN_POINT('',(-26.2499999999999,31.6800000000001,-72.1653535863488));
#16020=CARTESIAN_POINT('Origin',(-26.2499999999999,31.6800000000001,-69.6653535863488));
#16021=CARTESIAN_POINT('',(-39.375,31.6800000000001,-72.1653535863488));
#16022=CARTESIAN_POINT('',(-8.75,31.6800000000001,-69.6653535863488));
#16023=CARTESIAN_POINT('',(-11.25,31.6800000000001,-72.1653535863488));
#16024=CARTESIAN_POINT('Origin',(-11.25,31.6800000000001,-69.6653535863488));
#16025=CARTESIAN_POINT('',(-8.75,31.6800000000001,-67.1653535863489));
#16026=CARTESIAN_POINT('',(-8.75,31.6800000000001,-83.2493434598412));
#16027=CARTESIAN_POINT('',(-11.25,31.6800000000001,-64.6653535863489));
#16028=CARTESIAN_POINT('Origin',(-11.25,31.6800000000001,-67.1653535863489));
#16029=CARTESIAN_POINT('',(-13.7499999999999,31.6800000000001,-64.6653535863489));
#16030=CARTESIAN_POINT('',(-23.125,31.6800000000001,-64.6653535863489));
#16031=CARTESIAN_POINT('',(-16.2499999999999,31.6800000000001,-67.1653535863489));
#16032=CARTESIAN_POINT('Origin',(-13.7499999999999,31.6800000000001,-67.1653535863489));
#16033=CARTESIAN_POINT('',(-16.2499999999999,31.6800000000001,-69.6653535863488));
#16034=CARTESIAN_POINT('',(-16.2499999999999,31.6800000000001,-79.4993434598412));
#16035=CARTESIAN_POINT('',(-13.7499999999999,31.6800000000001,-72.1653535863488));
#16036=CARTESIAN_POINT('Origin',(-13.7499999999999,31.6800000000001,-69.6653535863488));
#16037=CARTESIAN_POINT('',(-26.875,31.6800000000001,-72.1653535863488));
#16038=CARTESIAN_POINT('',(3.75,31.6800000000001,-69.6653535863488));
#16039=CARTESIAN_POINT('',(1.25,31.6800000000001,-72.1653535863488));
#16040=CARTESIAN_POINT('Origin',(1.25,31.6800000000001,-69.6653535863488));
#16041=CARTESIAN_POINT('',(3.75,31.6800000000001,-67.1653535863489));
#16042=CARTESIAN_POINT('',(3.75,31.6800000000001,-83.2493434598412));
#16043=CARTESIAN_POINT('',(1.25,31.6800000000001,-64.6653535863489));
#16044=CARTESIAN_POINT('Origin',(1.25,31.6800000000001,-67.1653535863489));
#16045=CARTESIAN_POINT('',(-1.2499999999999,31.6800000000001,-64.6653535863489));
#16046=CARTESIAN_POINT('',(-10.625,31.6800000000001,-64.6653535863489));
#16047=CARTESIAN_POINT('',(-3.7499999999999,31.6800000000001,-67.1653535863489));
#16048=CARTESIAN_POINT('Origin',(-1.2499999999999,31.6800000000001,-67.1653535863489));
#16049=CARTESIAN_POINT('',(-3.7499999999999,31.6800000000001,-69.6653535863488));
#16050=CARTESIAN_POINT('',(-3.74999999999992,31.6800000000001,-79.4993434598412));
#16051=CARTESIAN_POINT('',(-1.2499999999999,31.6800000000001,-72.1653535863488));
#16052=CARTESIAN_POINT('Origin',(-1.2499999999999,31.6800000000001,-69.6653535863488));
#16053=CARTESIAN_POINT('',(-14.375,31.6800000000001,-72.1653535863488));
#16054=CARTESIAN_POINT('',(16.25,31.6800000000001,-69.6653535863488));
#16055=CARTESIAN_POINT('',(13.75,31.6800000000001,-72.1653535863488));
#16056=CARTESIAN_POINT('Origin',(13.75,31.6800000000001,-69.6653535863488));
#16057=CARTESIAN_POINT('',(16.25,31.6800000000001,-67.1653535863489));
#16058=CARTESIAN_POINT('',(16.25,31.6800000000001,-83.2493434598412));
#16059=CARTESIAN_POINT('',(13.75,31.6800000000001,-64.6653535863489));
#16060=CARTESIAN_POINT('Origin',(13.75,31.6800000000001,-67.1653535863489));
#16061=CARTESIAN_POINT('',(11.2500000000001,31.6800000000001,-64.6653535863489));
#16062=CARTESIAN_POINT('',(1.875,31.6800000000001,-64.6653535863489));
#16063=CARTESIAN_POINT('',(8.7500000000001,31.6800000000001,-67.1653535863489));
#16064=CARTESIAN_POINT('Origin',(11.2500000000001,31.6800000000001,-67.1653535863489));
#16065=CARTESIAN_POINT('',(8.7500000000001,31.6800000000001,-69.6653535863488));
#16066=CARTESIAN_POINT('',(8.75000000000008,31.6800000000001,-79.4993434598412));
#16067=CARTESIAN_POINT('',(11.2500000000001,31.6800000000001,-72.1653535863488));
#16068=CARTESIAN_POINT('Origin',(11.2500000000001,31.6800000000001,-69.6653535863488));
#16069=CARTESIAN_POINT('',(-1.87499999999996,31.6800000000001,-72.1653535863488));
#16070=CARTESIAN_POINT('',(28.75,31.6800000000001,-69.6653535863488));
#16071=CARTESIAN_POINT('',(26.25,31.6800000000001,-72.1653535863488));
#16072=CARTESIAN_POINT('Origin',(26.25,31.6800000000001,-69.6653535863488));
#16073=CARTESIAN_POINT('',(28.75,31.6800000000001,-67.1653535863489));
#16074=CARTESIAN_POINT('',(28.75,31.6800000000001,-83.2493434598412));
#16075=CARTESIAN_POINT('',(26.25,31.6800000000001,-64.6653535863489));
#16076=CARTESIAN_POINT('Origin',(26.25,31.6800000000001,-67.1653535863489));
#16077=CARTESIAN_POINT('',(23.7500000000001,31.6800000000001,-64.6653535863489));
#16078=CARTESIAN_POINT('',(14.375,31.6800000000001,-64.6653535863489));
#16079=CARTESIAN_POINT('',(21.2500000000001,31.6800000000001,-67.1653535863489));
#16080=CARTESIAN_POINT('Origin',(23.7500000000001,31.6800000000001,-67.1653535863489));
#16081=CARTESIAN_POINT('',(21.2500000000001,31.6800000000001,-69.6653535863488));
#16082=CARTESIAN_POINT('',(21.2500000000001,31.6800000000001,-79.4993434598412));
#16083=CARTESIAN_POINT('',(23.7500000000001,31.6800000000001,-72.1653535863488));
#16084=CARTESIAN_POINT('Origin',(23.7500000000001,31.6800000000001,-69.6653535863488));
#16085=CARTESIAN_POINT('',(10.625,31.6800000000001,-72.1653535863488));
#16086=CARTESIAN_POINT('',(-21.25,31.6800000000001,-81.3320202530155));
#16087=CARTESIAN_POINT('',(-23.75,31.6800000000001,-83.8320202530155));
#16088=CARTESIAN_POINT('Origin',(-23.75,31.6800000000001,-81.3320202530155));
#16089=CARTESIAN_POINT('',(-21.25,31.6800000000001,-78.8320202530156));
#16090=CARTESIAN_POINT('',(-21.25,31.6800000000001,-94.9160101265078));
#16091=CARTESIAN_POINT('',(-23.75,31.6800000000001,-76.3320202530156));
#16092=CARTESIAN_POINT('Origin',(-23.75,31.6800000000001,-78.8320202530156));
#16093=CARTESIAN_POINT('',(-26.2499999999999,31.6800000000001,-76.3320202530156));
#16094=CARTESIAN_POINT('',(-35.625,31.6800000000001,-76.3320202530156));
#16095=CARTESIAN_POINT('',(-28.7499999999999,31.6800000000001,-78.8320202530156));
#16096=CARTESIAN_POINT('Origin',(-26.2499999999999,31.6800000000001,-78.8320202530156));
#16097=CARTESIAN_POINT('',(-28.7499999999999,31.6800000000001,-81.3320202530155));
#16098=CARTESIAN_POINT('',(-28.7499999999999,31.6800000000001,-91.1660101265079));
#16099=CARTESIAN_POINT('',(-26.2499999999999,31.6800000000001,-83.8320202530155));
#16100=CARTESIAN_POINT('Origin',(-26.2499999999999,31.6800000000001,-81.3320202530155));
#16101=CARTESIAN_POINT('',(-39.375,31.6800000000001,-83.8320202530155));
#16102=CARTESIAN_POINT('',(-8.75,31.6800000000001,-81.3320202530155));
#16103=CARTESIAN_POINT('',(-11.25,31.6800000000001,-83.8320202530155));
#16104=CARTESIAN_POINT('Origin',(-11.25,31.6800000000001,-81.3320202530155));
#16105=CARTESIAN_POINT('',(-8.75,31.6800000000001,-78.8320202530156));
#16106=CARTESIAN_POINT('',(-8.75,31.6800000000001,-94.9160101265078));
#16107=CARTESIAN_POINT('',(-11.25,31.6800000000001,-76.3320202530156));
#16108=CARTESIAN_POINT('Origin',(-11.25,31.6800000000001,-78.8320202530156));
#16109=CARTESIAN_POINT('',(-13.7499999999999,31.6800000000001,-76.3320202530156));
#16110=CARTESIAN_POINT('',(-23.125,31.6800000000001,-76.3320202530156));
#16111=CARTESIAN_POINT('',(-16.2499999999999,31.6800000000001,-78.8320202530156));
#16112=CARTESIAN_POINT('Origin',(-13.7499999999999,31.6800000000001,-78.8320202530156));
#16113=CARTESIAN_POINT('',(-16.2499999999999,31.6800000000001,-81.3320202530155));
#16114=CARTESIAN_POINT('',(-16.2499999999999,31.6800000000001,-91.1660101265079));
#16115=CARTESIAN_POINT('',(-13.7499999999999,31.6800000000001,-83.8320202530155));
#16116=CARTESIAN_POINT('Origin',(-13.7499999999999,31.6800000000001,-81.3320202530155));
#16117=CARTESIAN_POINT('',(-26.875,31.6800000000001,-83.8320202530155));
#16118=CARTESIAN_POINT('',(3.75,31.6800000000001,-81.3320202530155));
#16119=CARTESIAN_POINT('',(1.25,31.6800000000001,-83.8320202530155));
#16120=CARTESIAN_POINT('Origin',(1.25,31.6800000000001,-81.3320202530155));
#16121=CARTESIAN_POINT('',(3.75,31.6800000000001,-78.8320202530156));
#16122=CARTESIAN_POINT('',(3.75,31.6800000000001,-94.9160101265078));
#16123=CARTESIAN_POINT('',(1.25,31.6800000000001,-76.3320202530156));
#16124=CARTESIAN_POINT('Origin',(1.25,31.6800000000001,-78.8320202530156));
#16125=CARTESIAN_POINT('',(-1.2499999999999,31.6800000000001,-76.3320202530156));
#16126=CARTESIAN_POINT('',(-10.625,31.6800000000001,-76.3320202530156));
#16127=CARTESIAN_POINT('',(-3.7499999999999,31.6800000000001,-78.8320202530156));
#16128=CARTESIAN_POINT('Origin',(-1.2499999999999,31.6800000000001,-78.8320202530156));
#16129=CARTESIAN_POINT('',(-3.7499999999999,31.6800000000001,-81.3320202530155));
#16130=CARTESIAN_POINT('',(-3.74999999999992,31.6800000000001,-91.1660101265079));
#16131=CARTESIAN_POINT('',(-1.2499999999999,31.6800000000001,-83.8320202530155));
#16132=CARTESIAN_POINT('Origin',(-1.2499999999999,31.6800000000001,-81.3320202530155));
#16133=CARTESIAN_POINT('',(-14.375,31.6800000000001,-83.8320202530155));
#16134=CARTESIAN_POINT('',(16.25,31.6800000000001,-81.3320202530155));
#16135=CARTESIAN_POINT('',(13.75,31.6800000000001,-83.8320202530155));
#16136=CARTESIAN_POINT('Origin',(13.75,31.6800000000001,-81.3320202530155));
#16137=CARTESIAN_POINT('',(16.25,31.6800000000001,-78.8320202530156));
#16138=CARTESIAN_POINT('',(16.25,31.6800000000001,-94.9160101265078));
#16139=CARTESIAN_POINT('',(13.75,31.6800000000001,-76.3320202530156));
#16140=CARTESIAN_POINT('Origin',(13.75,31.6800000000001,-78.8320202530156));
#16141=CARTESIAN_POINT('',(11.2500000000001,31.6800000000001,-76.3320202530156));
#16142=CARTESIAN_POINT('',(1.875,31.6800000000001,-76.3320202530156));
#16143=CARTESIAN_POINT('',(8.7500000000001,31.6800000000001,-78.8320202530156));
#16144=CARTESIAN_POINT('Origin',(11.2500000000001,31.6800000000001,-78.8320202530156));
#16145=CARTESIAN_POINT('',(8.7500000000001,31.6800000000001,-81.3320202530155));
#16146=CARTESIAN_POINT('',(8.75000000000008,31.6800000000001,-91.1660101265079));
#16147=CARTESIAN_POINT('',(11.2500000000001,31.6800000000001,-83.8320202530155));
#16148=CARTESIAN_POINT('Origin',(11.2500000000001,31.6800000000001,-81.3320202530155));
#16149=CARTESIAN_POINT('',(-1.87499999999996,31.6800000000001,-83.8320202530155));
#16150=CARTESIAN_POINT('',(28.75,31.6800000000001,-81.3320202530155));
#16151=CARTESIAN_POINT('',(26.25,31.6800000000001,-83.8320202530155));
#16152=CARTESIAN_POINT('Origin',(26.25,31.6800000000001,-81.3320202530155));
#16153=CARTESIAN_POINT('',(28.75,31.6800000000001,-78.8320202530156));
#16154=CARTESIAN_POINT('',(28.75,31.6800000000001,-94.9160101265078));
#16155=CARTESIAN_POINT('',(26.25,31.6800000000001,-76.3320202530156));
#16156=CARTESIAN_POINT('Origin',(26.25,31.6800000000001,-78.8320202530156));
#16157=CARTESIAN_POINT('',(23.7500000000001,31.6800000000001,-76.3320202530156));
#16158=CARTESIAN_POINT('',(14.375,31.6800000000001,-76.3320202530156));
#16159=CARTESIAN_POINT('',(21.2500000000001,31.6800000000001,-78.8320202530156));
#16160=CARTESIAN_POINT('Origin',(23.7500000000001,31.6800000000001,-78.8320202530156));
#16161=CARTESIAN_POINT('',(21.2500000000001,31.6800000000001,-81.3320202530155));
#16162=CARTESIAN_POINT('',(21.2500000000001,31.6800000000001,-91.1660101265079));
#16163=CARTESIAN_POINT('',(23.7500000000001,31.6800000000001,-83.8320202530155));
#16164=CARTESIAN_POINT('Origin',(23.7500000000001,31.6800000000001,-81.3320202530155));
#16165=CARTESIAN_POINT('',(10.625,31.6800000000001,-83.8320202530155));
#16166=CARTESIAN_POINT('',(-21.25,31.6800000000001,-92.9986869196822));
#16167=CARTESIAN_POINT('',(-23.75,31.6800000000001,-95.4986869196822));
#16168=CARTESIAN_POINT('Origin',(-23.75,31.6800000000001,-92.9986869196822));
#16169=CARTESIAN_POINT('',(-21.25,31.6800000000001,-90.4986869196822));
#16170=CARTESIAN_POINT('',(-21.25,31.6800000000001,-106.582676793174));
#16171=CARTESIAN_POINT('',(-23.75,31.6800000000001,-87.9986869196822));
#16172=CARTESIAN_POINT('Origin',(-23.75,31.6800000000001,-90.4986869196822));
#16173=CARTESIAN_POINT('',(-26.2499999999999,31.6800000000001,-87.9986869196822));
#16174=CARTESIAN_POINT('',(-35.625,31.6800000000001,-87.9986869196822));
#16175=CARTESIAN_POINT('',(-28.7499999999999,31.6800000000001,-90.4986869196822));
#16176=CARTESIAN_POINT('Origin',(-26.2499999999999,31.6800000000001,-90.4986869196822));
#16177=CARTESIAN_POINT('',(-28.7499999999999,31.6800000000001,-92.9986869196822));
#16178=CARTESIAN_POINT('',(-28.7499999999999,31.6800000000001,-102.832676793175));
#16179=CARTESIAN_POINT('',(-26.2499999999999,31.6800000000001,-95.4986869196822));
#16180=CARTESIAN_POINT('Origin',(-26.2499999999999,31.6800000000001,-92.9986869196822));
#16181=CARTESIAN_POINT('',(-39.375,31.6800000000001,-95.4986869196822));
#16182=CARTESIAN_POINT('',(-8.75,31.6800000000001,-92.9986869196822));
#16183=CARTESIAN_POINT('',(-11.25,31.6800000000001,-95.4986869196822));
#16184=CARTESIAN_POINT('Origin',(-11.25,31.6800000000001,-92.9986869196822));
#16185=CARTESIAN_POINT('',(-8.75,31.6800000000001,-90.4986869196822));
#16186=CARTESIAN_POINT('',(-8.75,31.6800000000001,-106.582676793174));
#16187=CARTESIAN_POINT('',(-11.25,31.6800000000001,-87.9986869196822));
#16188=CARTESIAN_POINT('Origin',(-11.25,31.6800000000001,-90.4986869196822));
#16189=CARTESIAN_POINT('',(-13.7499999999999,31.6800000000001,-87.9986869196822));
#16190=CARTESIAN_POINT('',(-23.125,31.6800000000001,-87.9986869196822));
#16191=CARTESIAN_POINT('',(-16.2499999999999,31.6800000000001,-90.4986869196822));
#16192=CARTESIAN_POINT('Origin',(-13.7499999999999,31.6800000000001,-90.4986869196822));
#16193=CARTESIAN_POINT('',(-16.2499999999999,31.6800000000001,-92.9986869196822));
#16194=CARTESIAN_POINT('',(-16.2499999999999,31.6800000000001,-102.832676793175));
#16195=CARTESIAN_POINT('',(-13.7499999999999,31.6800000000001,-95.4986869196822));
#16196=CARTESIAN_POINT('Origin',(-13.7499999999999,31.6800000000001,-92.9986869196822));
#16197=CARTESIAN_POINT('',(-26.875,31.6800000000001,-95.4986869196822));
#16198=CARTESIAN_POINT('',(3.75,31.6800000000001,-92.9986869196822));
#16199=CARTESIAN_POINT('',(1.25,31.6800000000001,-95.4986869196822));
#16200=CARTESIAN_POINT('Origin',(1.25,31.6800000000001,-92.9986869196822));
#16201=CARTESIAN_POINT('',(3.75,31.6800000000001,-90.4986869196822));
#16202=CARTESIAN_POINT('',(3.75,31.6800000000001,-106.582676793174));
#16203=CARTESIAN_POINT('',(1.25,31.6800000000001,-87.9986869196822));
#16204=CARTESIAN_POINT('Origin',(1.25,31.6800000000001,-90.4986869196822));
#16205=CARTESIAN_POINT('',(-1.2499999999999,31.6800000000001,-87.9986869196822));
#16206=CARTESIAN_POINT('',(-10.625,31.6800000000001,-87.9986869196822));
#16207=CARTESIAN_POINT('',(-3.7499999999999,31.6800000000001,-90.4986869196822));
#16208=CARTESIAN_POINT('Origin',(-1.2499999999999,31.6800000000001,-90.4986869196822));
#16209=CARTESIAN_POINT('',(-3.7499999999999,31.6800000000001,-92.9986869196822));
#16210=CARTESIAN_POINT('',(-3.74999999999992,31.6800000000001,-102.832676793175));
#16211=CARTESIAN_POINT('',(-1.2499999999999,31.6800000000001,-95.4986869196822));
#16212=CARTESIAN_POINT('Origin',(-1.2499999999999,31.6800000000001,-92.9986869196822));
#16213=CARTESIAN_POINT('',(-14.375,31.6800000000001,-95.4986869196822));
#16214=CARTESIAN_POINT('',(16.25,31.6800000000001,-92.9986869196822));
#16215=CARTESIAN_POINT('',(13.75,31.6800000000001,-95.4986869196822));
#16216=CARTESIAN_POINT('Origin',(13.75,31.6800000000001,-92.9986869196822));
#16217=CARTESIAN_POINT('',(16.25,31.6800000000001,-90.4986869196822));
#16218=CARTESIAN_POINT('',(16.25,31.6800000000001,-106.582676793174));
#16219=CARTESIAN_POINT('',(13.75,31.6800000000001,-87.9986869196822));
#16220=CARTESIAN_POINT('Origin',(13.75,31.6800000000001,-90.4986869196822));
#16221=CARTESIAN_POINT('',(11.2500000000001,31.6800000000001,-87.9986869196822));
#16222=CARTESIAN_POINT('',(1.875,31.6800000000001,-87.9986869196822));
#16223=CARTESIAN_POINT('',(8.7500000000001,31.6800000000001,-90.4986869196822));
#16224=CARTESIAN_POINT('Origin',(11.2500000000001,31.6800000000001,-90.4986869196822));
#16225=CARTESIAN_POINT('',(8.7500000000001,31.6800000000001,-92.9986869196822));
#16226=CARTESIAN_POINT('',(8.75000000000008,31.6800000000001,-102.832676793175));
#16227=CARTESIAN_POINT('',(11.2500000000001,31.6800000000001,-95.4986869196822));
#16228=CARTESIAN_POINT('Origin',(11.2500000000001,31.6800000000001,-92.9986869196822));
#16229=CARTESIAN_POINT('',(-1.87499999999995,31.6800000000001,-95.4986869196822));
#16230=CARTESIAN_POINT('',(28.75,31.6800000000001,-92.9986869196822));
#16231=CARTESIAN_POINT('',(26.25,31.6800000000001,-95.4986869196822));
#16232=CARTESIAN_POINT('Origin',(26.25,31.6800000000001,-92.9986869196822));
#16233=CARTESIAN_POINT('',(28.75,31.6800000000001,-90.4986869196822));
#16234=CARTESIAN_POINT('',(28.75,31.6800000000001,-106.582676793174));
#16235=CARTESIAN_POINT('',(26.25,31.6800000000001,-87.9986869196822));
#16236=CARTESIAN_POINT('Origin',(26.25,31.6800000000001,-90.4986869196822));
#16237=CARTESIAN_POINT('',(23.7500000000001,31.6800000000001,-87.9986869196822));
#16238=CARTESIAN_POINT('',(14.375,31.6800000000001,-87.9986869196822));
#16239=CARTESIAN_POINT('',(21.2500000000001,31.6800000000001,-90.4986869196822));
#16240=CARTESIAN_POINT('Origin',(23.7500000000001,31.6800000000001,-90.4986869196822));
#16241=CARTESIAN_POINT('',(21.2500000000001,31.6800000000001,-92.9986869196822));
#16242=CARTESIAN_POINT('',(21.2500000000001,31.6800000000001,-102.832676793175));
#16243=CARTESIAN_POINT('',(23.7500000000001,31.6800000000001,-95.4986869196822));
#16244=CARTESIAN_POINT('Origin',(23.7500000000001,31.6800000000001,-92.9986869196822));
#16245=CARTESIAN_POINT('',(10.625,31.6800000000001,-95.4986869196822));
#16246=CARTESIAN_POINT('',(-21.25,31.6800000000001,-104.665353586349));
#16247=CARTESIAN_POINT('',(-23.75,31.6800000000001,-107.165353586349));
#16248=CARTESIAN_POINT('Origin',(-23.75,31.6800000000001,-104.665353586349));
#16249=CARTESIAN_POINT('',(-21.25,31.6800000000001,-102.165353586349));
#16250=CARTESIAN_POINT('',(-21.25,31.6800000000001,-118.249343459841));
#16251=CARTESIAN_POINT('',(-23.75,31.6800000000001,-99.6653535863489));
#16252=CARTESIAN_POINT('Origin',(-23.75,31.6800000000001,-102.165353586349));
#16253=CARTESIAN_POINT('',(-26.2499999999999,31.6800000000001,-99.6653535863489));
#16254=CARTESIAN_POINT('',(-35.625,31.6800000000001,-99.6653535863489));
#16255=CARTESIAN_POINT('',(-28.7499999999999,31.6800000000001,-102.165353586349));
#16256=CARTESIAN_POINT('Origin',(-26.2499999999999,31.6800000000001,-102.165353586349));
#16257=CARTESIAN_POINT('',(-28.7499999999999,31.6800000000001,-104.665353586349));
#16258=CARTESIAN_POINT('',(-28.7499999999999,31.6800000000001,-114.499343459841));
#16259=CARTESIAN_POINT('',(-26.2499999999999,31.6800000000001,-107.165353586349));
#16260=CARTESIAN_POINT('Origin',(-26.2499999999999,31.6800000000001,-104.665353586349));
#16261=CARTESIAN_POINT('',(-39.375,31.6800000000001,-107.165353586349));
#16262=CARTESIAN_POINT('',(-8.74999999999999,31.6800000000001,-104.665353586349));
#16263=CARTESIAN_POINT('',(-11.25,31.6800000000001,-107.165353586349));
#16264=CARTESIAN_POINT('Origin',(-11.25,31.6800000000001,-104.665353586349));
#16265=CARTESIAN_POINT('',(-8.74999999999999,31.6800000000001,-102.165353586349));
#16266=CARTESIAN_POINT('',(-8.74999999999999,31.6800000000001,-118.249343459841));
#16267=CARTESIAN_POINT('',(-11.25,31.6800000000001,-99.6653535863489));
#16268=CARTESIAN_POINT('Origin',(-11.25,31.6800000000001,-102.165353586349));
#16269=CARTESIAN_POINT('',(-13.7499999999999,31.6800000000001,-99.6653535863489));
#16270=CARTESIAN_POINT('',(-23.125,31.6800000000001,-99.6653535863489));
#16271=CARTESIAN_POINT('',(-16.2499999999999,31.6800000000001,-102.165353586349));
#16272=CARTESIAN_POINT('Origin',(-13.7499999999999,31.6800000000001,-102.165353586349));
#16273=CARTESIAN_POINT('',(-16.2499999999999,31.6800000000001,-104.665353586349));
#16274=CARTESIAN_POINT('',(-16.2499999999999,31.6800000000001,-114.499343459841));
#16275=CARTESIAN_POINT('',(-13.7499999999999,31.6800000000001,-107.165353586349));
#16276=CARTESIAN_POINT('Origin',(-13.7499999999999,31.6800000000001,-104.665353586349));
#16277=CARTESIAN_POINT('',(-26.875,31.6800000000001,-107.165353586349));
#16278=CARTESIAN_POINT('',(3.75000000000001,31.6800000000001,-104.665353586349));
#16279=CARTESIAN_POINT('',(1.25000000000001,31.6800000000001,-107.165353586349));
#16280=CARTESIAN_POINT('Origin',(1.25000000000001,31.6800000000001,-104.665353586349));
#16281=CARTESIAN_POINT('',(3.75000000000001,31.6800000000001,-102.165353586349));
#16282=CARTESIAN_POINT('',(3.75000000000001,31.6800000000001,-118.249343459841));
#16283=CARTESIAN_POINT('',(1.25000000000001,31.6800000000001,-99.6653535863489));
#16284=CARTESIAN_POINT('Origin',(1.25000000000001,31.6800000000001,-102.165353586349));
#16285=CARTESIAN_POINT('',(-1.24999999999989,31.6800000000001,-99.6653535863489));
#16286=CARTESIAN_POINT('',(-10.625,31.6800000000001,-99.6653535863489));
#16287=CARTESIAN_POINT('',(-3.74999999999989,31.6800000000001,-102.165353586349));
#16288=CARTESIAN_POINT('Origin',(-1.24999999999989,31.6800000000001,-102.165353586349));
#16289=CARTESIAN_POINT('',(-3.7499999999999,31.6800000000001,-104.665353586349));
#16290=CARTESIAN_POINT('',(-3.74999999999992,31.6800000000001,-114.499343459841));
#16291=CARTESIAN_POINT('',(-1.2499999999999,31.6800000000001,-107.165353586349));
#16292=CARTESIAN_POINT('Origin',(-1.2499999999999,31.6800000000001,-104.665353586349));
#16293=CARTESIAN_POINT('',(-14.375,31.6800000000001,-107.165353586349));
#16294=CARTESIAN_POINT('',(16.25,31.6800000000001,-104.665353586349));
#16295=CARTESIAN_POINT('',(13.75,31.6800000000001,-107.165353586349));
#16296=CARTESIAN_POINT('Origin',(13.75,31.6800000000001,-104.665353586349));
#16297=CARTESIAN_POINT('',(16.25,31.6800000000001,-102.165353586349));
#16298=CARTESIAN_POINT('',(16.25,31.6800000000001,-118.249343459841));
#16299=CARTESIAN_POINT('',(13.75,31.6800000000001,-99.6653535863489));
#16300=CARTESIAN_POINT('Origin',(13.75,31.6800000000001,-102.165353586349));
#16301=CARTESIAN_POINT('',(11.2500000000001,31.6800000000001,-99.6653535863489));
#16302=CARTESIAN_POINT('',(1.875,31.6800000000001,-99.6653535863489));
#16303=CARTESIAN_POINT('',(8.7500000000001,31.6800000000001,-102.165353586349));
#16304=CARTESIAN_POINT('Origin',(11.2500000000001,31.6800000000001,-102.165353586349));
#16305=CARTESIAN_POINT('',(8.7500000000001,31.6800000000001,-104.665353586349));
#16306=CARTESIAN_POINT('',(8.75000000000008,31.6800000000001,-114.499343459841));
#16307=CARTESIAN_POINT('',(11.2500000000001,31.6800000000001,-107.165353586349));
#16308=CARTESIAN_POINT('Origin',(11.2500000000001,31.6800000000001,-104.665353586349));
#16309=CARTESIAN_POINT('',(-1.87499999999995,31.6800000000001,-107.165353586349));
#16310=CARTESIAN_POINT('',(-21.25,31.6800000000001,-116.332020253016));
#16311=CARTESIAN_POINT('',(-23.75,31.6800000000001,-118.832020253016));
#16312=CARTESIAN_POINT('Origin',(-23.75,31.6800000000001,-116.332020253016));
#16313=CARTESIAN_POINT('',(-21.25,31.6800000000001,-113.832020253016));
#16314=CARTESIAN_POINT('',(-21.25,31.6800000000001,-129.916010126508));
#16315=CARTESIAN_POINT('',(-23.75,31.6800000000001,-111.332020253016));
#16316=CARTESIAN_POINT('Origin',(-23.75,31.6800000000001,-113.832020253016));
#16317=CARTESIAN_POINT('',(-26.2499999999999,31.6800000000001,-111.332020253016));
#16318=CARTESIAN_POINT('',(-35.625,31.6800000000001,-111.332020253016));
#16319=CARTESIAN_POINT('',(-28.7499999999999,31.6800000000001,-113.832020253016));
#16320=CARTESIAN_POINT('Origin',(-26.2499999999999,31.6800000000001,-113.832020253016));
#16321=CARTESIAN_POINT('',(-28.7499999999999,31.6800000000001,-116.332020253016));
#16322=CARTESIAN_POINT('',(-28.7499999999999,31.6800000000001,-126.166010126508));
#16323=CARTESIAN_POINT('',(-26.2499999999999,31.6800000000001,-118.832020253016));
#16324=CARTESIAN_POINT('Origin',(-26.2499999999999,31.6800000000001,-116.332020253016));
#16325=CARTESIAN_POINT('',(-39.375,31.6800000000001,-118.832020253016));
#16326=CARTESIAN_POINT('',(-8.74999999999999,31.6800000000001,-116.332020253016));
#16327=CARTESIAN_POINT('',(-11.25,31.6800000000001,-118.832020253016));
#16328=CARTESIAN_POINT('Origin',(-11.25,31.6800000000001,-116.332020253016));
#16329=CARTESIAN_POINT('',(-8.74999999999999,31.6800000000001,-113.832020253016));
#16330=CARTESIAN_POINT('',(-8.74999999999999,31.6800000000001,-129.916010126508));
#16331=CARTESIAN_POINT('',(-11.25,31.6800000000001,-111.332020253016));
#16332=CARTESIAN_POINT('Origin',(-11.25,31.6800000000001,-113.832020253016));
#16333=CARTESIAN_POINT('',(-13.7499999999999,31.6800000000001,-111.332020253016));
#16334=CARTESIAN_POINT('',(-23.125,31.6800000000001,-111.332020253016));
#16335=CARTESIAN_POINT('',(-16.2499999999999,31.6800000000001,-113.832020253016));
#16336=CARTESIAN_POINT('Origin',(-13.7499999999999,31.6800000000001,-113.832020253016));
#16337=CARTESIAN_POINT('',(-16.2499999999999,31.6800000000001,-116.332020253016));
#16338=CARTESIAN_POINT('',(-16.2499999999999,31.6800000000001,-126.166010126508));
#16339=CARTESIAN_POINT('',(-13.7499999999999,31.6800000000001,-118.832020253016));
#16340=CARTESIAN_POINT('Origin',(-13.7499999999999,31.6800000000001,-116.332020253016));
#16341=CARTESIAN_POINT('',(-26.875,31.6800000000001,-118.832020253016));
#16342=CARTESIAN_POINT('',(3.75000000000001,31.6800000000001,-116.332020253016));
#16343=CARTESIAN_POINT('',(1.25000000000001,31.6800000000001,-118.832020253016));
#16344=CARTESIAN_POINT('Origin',(1.25000000000001,31.6800000000001,-116.332020253016));
#16345=CARTESIAN_POINT('',(3.75000000000001,31.6800000000001,-113.832020253016));
#16346=CARTESIAN_POINT('',(3.75000000000001,31.6800000000001,-129.916010126508));
#16347=CARTESIAN_POINT('',(1.25000000000001,31.6800000000001,-111.332020253016));
#16348=CARTESIAN_POINT('Origin',(1.25000000000001,31.6800000000001,-113.832020253016));
#16349=CARTESIAN_POINT('',(-1.24999999999989,31.6800000000001,-111.332020253016));
#16350=CARTESIAN_POINT('',(-10.625,31.6800000000001,-111.332020253016));
#16351=CARTESIAN_POINT('',(-3.74999999999989,31.6800000000001,-113.832020253016));
#16352=CARTESIAN_POINT('Origin',(-1.24999999999989,31.6800000000001,-113.832020253016));
#16353=CARTESIAN_POINT('',(-3.7499999999999,31.6800000000001,-116.332020253016));
#16354=CARTESIAN_POINT('',(-3.74999999999992,31.6800000000001,-126.166010126508));
#16355=CARTESIAN_POINT('',(-1.2499999999999,31.6800000000001,-118.832020253016));
#16356=CARTESIAN_POINT('Origin',(-1.2499999999999,31.6800000000001,-116.332020253016));
#16357=CARTESIAN_POINT('',(-14.375,31.6800000000001,-118.832020253016));
#16358=CARTESIAN_POINT('',(16.25,31.6800000000001,-116.332020253016));
#16359=CARTESIAN_POINT('',(13.75,31.6800000000001,-118.832020253016));
#16360=CARTESIAN_POINT('Origin',(13.75,31.6800000000001,-116.332020253016));
#16361=CARTESIAN_POINT('',(16.25,31.6800000000001,-113.832020253016));
#16362=CARTESIAN_POINT('',(16.25,31.6800000000001,-129.916010126508));
#16363=CARTESIAN_POINT('',(13.75,31.6800000000001,-111.332020253016));
#16364=CARTESIAN_POINT('Origin',(13.75,31.6800000000001,-113.832020253016));
#16365=CARTESIAN_POINT('',(11.2500000000001,31.6800000000001,-111.332020253016));
#16366=CARTESIAN_POINT('',(1.875,31.6800000000001,-111.332020253016));
#16367=CARTESIAN_POINT('',(8.75000000000011,31.6800000000001,-113.832020253016));
#16368=CARTESIAN_POINT('Origin',(11.2500000000001,31.6800000000001,-113.832020253016));
#16369=CARTESIAN_POINT('',(8.7500000000001,31.6800000000001,-116.332020253016));
#16370=CARTESIAN_POINT('',(8.75000000000009,31.6800000000001,-126.166010126508));
#16371=CARTESIAN_POINT('',(11.2500000000001,31.6800000000001,-118.832020253016));
#16372=CARTESIAN_POINT('Origin',(11.2500000000001,31.6800000000001,-116.332020253016));
#16373=CARTESIAN_POINT('',(-1.87499999999995,31.6800000000001,-118.832020253016));
#16374=CARTESIAN_POINT('',(23.7500000000001,31.6800000000001,-107.165353586349));
#16375=CARTESIAN_POINT('',(26.25,31.6800000000001,-107.165353586349));
#16376=CARTESIAN_POINT('',(10.625,31.6800000000001,-107.165353586349));
#16377=CARTESIAN_POINT('',(28.75,31.6800000000001,-104.665353586349));
#16378=CARTESIAN_POINT('Origin',(26.25,31.6800000000001,-104.665353586349));
#16379=CARTESIAN_POINT('',(28.75,31.6800000000001,-102.165353586349));
#16380=CARTESIAN_POINT('',(28.75,31.6800000000001,-118.249343459841));
#16381=CARTESIAN_POINT('',(26.25,31.6800000000001,-99.6653535863489));
#16382=CARTESIAN_POINT('Origin',(26.25,31.6800000000001,-102.165353586349));
#16383=CARTESIAN_POINT('',(23.7500000000001,31.6800000000001,-99.6653535863489));
#16384=CARTESIAN_POINT('',(14.375,31.6800000000001,-99.6653535863489));
#16385=CARTESIAN_POINT('',(21.2500000000001,31.6800000000001,-102.165353586349));
#16386=CARTESIAN_POINT('Origin',(23.7500000000001,31.6800000000001,-102.165353586349));
#16387=CARTESIAN_POINT('',(21.2500000000001,31.6800000000001,-104.665353586349));
#16388=CARTESIAN_POINT('',(21.2500000000001,31.6800000000001,-114.499343459841));
#16389=CARTESIAN_POINT('Origin',(23.7500000000001,31.6800000000001,-104.665353586349));
#16390=CARTESIAN_POINT('',(-15.5000000000188,31.68,81.4999999999603));
#16391=CARTESIAN_POINT('',(-15.4999999999811,31.68,68.5000000000833));
#16392=CARTESIAN_POINT('Origin',(-15.5,31.68,75.0000000000218));
#16393=CARTESIAN_POINT('',(-30.5000000000189,31.68,81.4999999999169));
#16394=CARTESIAN_POINT('',(-15.2500000003314,31.68,81.499999999961));
#16395=CARTESIAN_POINT('',(-30.4999999999811,31.68,68.5000000000395));
#16396=CARTESIAN_POINT('Origin',(-30.5,31.68,74.9999999999782));
#16397=CARTESIAN_POINT('',(-7.75000000029478,31.68,68.5000000001056));
#16398=CARTESIAN_POINT('',(28.75,31.6800000000001,-116.332020253016));
#16399=CARTESIAN_POINT('',(26.25,31.6800000000001,-118.832020253016));
#16400=CARTESIAN_POINT('Origin',(26.25,31.6800000000001,-116.332020253016));
#16401=CARTESIAN_POINT('',(28.75,31.6800000000001,-113.832020253016));
#16402=CARTESIAN_POINT('',(28.75,31.6800000000001,-129.916010126508));
#16403=CARTESIAN_POINT('',(26.25,31.6800000000001,-111.332020253016));
#16404=CARTESIAN_POINT('Origin',(26.25,31.6800000000001,-113.832020253016));
#16405=CARTESIAN_POINT('',(23.7500000000001,31.6800000000001,-111.332020253016));
#16406=CARTESIAN_POINT('',(14.375,31.6800000000001,-111.332020253016));
#16407=CARTESIAN_POINT('',(21.2500000000001,31.6800000000001,-113.832020253016));
#16408=CARTESIAN_POINT('Origin',(23.7500000000001,31.6800000000001,-113.832020253016));
#16409=CARTESIAN_POINT('',(21.2500000000001,31.6800000000001,-116.332020253016));
#16410=CARTESIAN_POINT('',(21.2500000000001,31.6800000000001,-126.166010126508));
#16411=CARTESIAN_POINT('',(23.7500000000001,31.6800000000001,-118.832020253016));
#16412=CARTESIAN_POINT('Origin',(23.7500000000001,31.6800000000001,-116.332020253016));
#16413=CARTESIAN_POINT('',(10.625,31.6800000000001,-118.832020253016));
#16414=CARTESIAN_POINT('Origin',(-44.02,31.1800000000001,-121.155454559665));
#16415=CARTESIAN_POINT('',(-44.52,30.68,-93.1103679018718));
#16416=CARTESIAN_POINT('',(-44.52,30.6800000000001,-121.155454559665));
#16417=CARTESIAN_POINT('',(-44.52,30.68,-93.1103679018718));
#16418=CARTESIAN_POINT('Origin',(-44.52,-31.8921933123754,-101.310909119329));
#16419=CARTESIAN_POINT('',(-44.52,-2.50910403565285E-16,-129.385786437627));
#16420=CARTESIAN_POINT('',(-44.52,-30.6322034373742,-129.385786437627));
#16421=CARTESIAN_POINT('',(-44.52,0.,-109.5));
#16422=CARTESIAN_POINT('',(-44.52,0.,-62.1701731854225));
#16423=CARTESIAN_POINT('',(-44.52,24.3951839509359,-99.3951839509359));
#16424=CARTESIAN_POINT('Origin',(-44.52,0.,-75.));
#16425=CARTESIAN_POINT('',(-44.52,9.84440834300971,-113.945959558862));
#16426=CARTESIAN_POINT('',(-44.52,10.109257556819,-125.740635661995));
#16427=CARTESIAN_POINT('Origin',(-44.52,10.109257556819,-119.740635661995));
#16428=CARTESIAN_POINT('Origin',(4.42576219534789E-15,23.6800000000001,
-121.385786437627));
#16429=CARTESIAN_POINT('',(44.52,30.6800000000001,-125.258769783834));
#16430=CARTESIAN_POINT('',(44.52,23.6800000000001,-129.385786437627));
#16431=CARTESIAN_POINT('Origin',(44.52,23.6800000000001,-121.385786437627));
#16432=CARTESIAN_POINT('',(40.32,23.6800000000001,-129.385786437627));
#16433=CARTESIAN_POINT('',(4.42576219534789E-15,23.6800000000001,-129.385786437627));
#16434=CARTESIAN_POINT('Origin',(40.32,23.6800000000001,-121.385786437627));
#16435=CARTESIAN_POINT('Origin',(51.52,23.6800000000001,-121.385786437627));
#16436=CARTESIAN_POINT('Origin',(8.85152439069577E-15,-29.372213562373,
-129.385786437627));
#16437=CARTESIAN_POINT('',(44.52,2.50910403565284E-16,-129.385786437627));
#16438=CARTESIAN_POINT('',(44.52,-30.6322034373742,-129.385786437627));
#16439=CARTESIAN_POINT('',(42.2,1.22124532708766E-16,-129.385786437627));
#16440=CARTESIAN_POINT('',(4.42576219534788E-15,0.,-129.385786437627));
#16441=CARTESIAN_POINT('',(42.2,21.68,-129.385786437627));
#16442=CARTESIAN_POINT('',(42.2,-30.6322034373742,-129.385786437627));
#16443=CARTESIAN_POINT('',(40.32,23.56,-129.385786437627));
#16444=CARTESIAN_POINT('',(43.1630533905932,20.7169466094068,-129.385786437627));
#16445=CARTESIAN_POINT('',(40.32,30.18,-129.385786437627));
#16446=CARTESIAN_POINT('Origin',(44.52,-31.8921933123754,-101.310909119329));
#16447=CARTESIAN_POINT('',(44.52,30.68,-93.1103679018718));
#16448=CARTESIAN_POINT('',(44.52,30.6800000000001,-121.155454559665));
#16449=CARTESIAN_POINT('',(44.52,24.3951839509359,-99.3951839509359));
#16450=CARTESIAN_POINT('',(44.52,9.84440834300971,-113.945959558862));
#16451=CARTESIAN_POINT('',(44.52,0.,-109.5));
#16452=CARTESIAN_POINT('Origin',(44.52,0.,-75.));
#16453=CARTESIAN_POINT('',(44.52,0.,-62.1701731854225));
#16454=CARTESIAN_POINT('',(44.52,10.109257556819,-125.740635661995));
#16455=CARTESIAN_POINT('Origin',(44.52,10.109257556819,-119.740635661995));
#16456=CARTESIAN_POINT('Origin',(-18.6525,23.6800000000001,-130.203801512904));
#16457=CARTESIAN_POINT('',(-40.32,30.9233304381514,-133.6));
#16458=CARTESIAN_POINT('Origin',(-40.32,23.6800000000001,-130.203801512904));
#16459=CARTESIAN_POINT('',(-30.8078456478405,30.1857079528624,-134.859525305406));
#16460=CARTESIAN_POINT('Ctrl Pts',(-30.8078456478405,30.1857079528624,-134.859525305406));
#16461=CARTESIAN_POINT('Ctrl Pts',(-31.4276191735995,30.2014704162992,-134.837499517729));
#16462=CARTESIAN_POINT('Ctrl Pts',(-32.0781203196932,30.2691209034087,-134.745100978215));
#16463=CARTESIAN_POINT('Ctrl Pts',(-33.4282613173103,30.5058496729252,-134.382575431103));
#16464=CARTESIAN_POINT('Ctrl Pts',(-34.118673604496,30.6875430048077,-134.084346288315));
#16465=CARTESIAN_POINT('Ctrl Pts',(-35.0191146650929,30.9631233741297,-133.521214782661));
#16466=CARTESIAN_POINT('Ctrl Pts',(-35.3484659527074,31.0731308418533,-133.274933638413));
#16467=CARTESIAN_POINT('Ctrl Pts',(-35.9406068866969,31.2826252114987,-132.711853950427));
#16468=CARTESIAN_POINT('Ctrl Pts',(-36.202979156859,31.3813661723605,-132.394339512976));
#16469=CARTESIAN_POINT('Ctrl Pts',(-36.5874969157842,31.5282713295868,-131.782860035377));
#16470=CARTESIAN_POINT('Ctrl Pts',(-36.7500917950773,31.5917316524349,-131.442555401424));
#16471=CARTESIAN_POINT('Ctrl Pts',(-36.9400507504178,31.6634714448186,-130.794613646115));
#16472=CARTESIAN_POINT('Ctrl Pts',(-36.9877302740696,31.6800000000001,-130.493061315116));
#16473=CARTESIAN_POINT('Ctrl Pts',(-36.9968042100244,31.6800000000001,-130.203801512904));
#16474=CARTESIAN_POINT('',(-30.499999999983,30.1791384220389,-134.86869162642));
#16475=CARTESIAN_POINT('Ctrl Pts',(-30.8078456478405,30.1857079528624,-134.859525305406));
#16476=CARTESIAN_POINT('Ctrl Pts',(-30.7046891477575,30.1813074411584,-134.865674390976));
#16477=CARTESIAN_POINT('Ctrl Pts',(-30.601945971022,30.1791384220389,-134.86869162642));
#16478=CARTESIAN_POINT('Ctrl Pts',(-30.4999999999906,30.1791384220389,-134.86869162642));
#16479=CARTESIAN_POINT('',(-15.4999999999838,30.1791384220912,-134.868691626347));
#16480=CARTESIAN_POINT('',(-18.6525,30.1791384220802,-134.868691626363));
#16481=CARTESIAN_POINT('',(-15.1921543533022,30.1857079528625,-134.859525305406));
#16482=CARTESIAN_POINT('Ctrl Pts',(-15.5000000000094,30.1791384220876,-134.868691626352));
#16483=CARTESIAN_POINT('Ctrl Pts',(-15.3980540225196,30.179138422088,-134.868691626352));
#16484=CARTESIAN_POINT('Ctrl Pts',(-15.2953108473704,30.1813074414313,-134.865674390594));
#16485=CARTESIAN_POINT('Ctrl Pts',(-15.1921543533022,30.1857079528624,-134.859525305406));
#16486=CARTESIAN_POINT('Ctrl Pts',(-9.00319579004779,31.6800000000001,-130.203801512904));
#16487=CARTESIAN_POINT('Ctrl Pts',(-9.01226972600263,31.6800000000001,-130.493061315112));
#16488=CARTESIAN_POINT('Ctrl Pts',(-9.05994924965376,31.663471444819,-130.794613646108));
#16489=CARTESIAN_POINT('Ctrl Pts',(-9.24990820499141,31.5917316524369,-131.44255540141));
#16490=CARTESIAN_POINT('Ctrl Pts',(-9.41250308428242,31.5282713295901,-131.78286003536));
#16491=CARTESIAN_POINT('Ctrl Pts',(-9.79702084320253,31.3813661723667,-132.394339512953));
#16492=CARTESIAN_POINT('Ctrl Pts',(-10.0593931133611,31.282625211507,-132.711853950402));
#16493=CARTESIAN_POINT('Ctrl Pts',(-10.651534047343,31.0731308418658,-133.274933638382));
#16494=CARTESIAN_POINT('Ctrl Pts',(-10.9808853349533,30.9631233741444,-133.521214782629));
#16495=CARTESIAN_POINT('Ctrl Pts',(-11.8813263955402,30.6875430048274,-134.084346288279));
#16496=CARTESIAN_POINT('Ctrl Pts',(-12.5717386827189,30.5058496729482,-134.382575431065));
#16497=CARTESIAN_POINT('Ctrl Pts',(-13.9218796807043,30.2691209033692,-134.745100978277));
#16498=CARTESIAN_POINT('Ctrl Pts',(-14.5723808272075,30.2014704162493,-134.837499517798));
#16499=CARTESIAN_POINT('Ctrl Pts',(-15.1921543533022,30.1857079528624,-134.859525305406));
#16500=CARTESIAN_POINT('',(15.1921543533849,30.1857079528624,-134.859525305406));
#16501=CARTESIAN_POINT('Ctrl Pts',(15.1921543533849,30.1857079528624,-134.859525305406));
#16502=CARTESIAN_POINT('Ctrl Pts',(14.5723808272659,30.2014704162457,-134.837499517803));
#16503=CARTESIAN_POINT('Ctrl Pts',(13.9218796807329,30.2691209033663,-134.745100978282));
#16504=CARTESIAN_POINT('Ctrl Pts',(12.5717386827208,30.5058496729499,-134.382575431062));
#16505=CARTESIAN_POINT('Ctrl Pts',(11.8813263955426,30.6875430048288,-134.084346288277));
#16506=CARTESIAN_POINT('Ctrl Pts',(10.9808853349565,30.9631233741455,-133.521214782627));
#16507=CARTESIAN_POINT('Ctrl Pts',(10.6515340473464,31.0731308418666,-133.27493363838));
#16508=CARTESIAN_POINT('Ctrl Pts',(10.0593931133652,31.2826252115076,-132.7118539504));
#16509=CARTESIAN_POINT('Ctrl Pts',(9.79702084320678,31.3813661723672,-132.394339512952));
#16510=CARTESIAN_POINT('Ctrl Pts',(9.41250308428705,31.5282713295903,-131.782860035359));
#16511=CARTESIAN_POINT('Ctrl Pts',(9.24990820499618,31.5917316524371,-131.442555401409));
#16512=CARTESIAN_POINT('Ctrl Pts',(9.05994924965874,31.6634714448191,-130.794613646108));
#16513=CARTESIAN_POINT('Ctrl Pts',(9.01226972600767,31.6800000000001,-130.493061315112));
#16514=CARTESIAN_POINT('Ctrl Pts',(9.00319579005283,31.6800000000001,-130.203801512904));
#16515=CARTESIAN_POINT('',(15.4999999999838,30.1791384220912,-134.868691626347));
#16516=CARTESIAN_POINT('Ctrl Pts',(15.1921543533849,30.1857079528624,-134.859525305406));
#16517=CARTESIAN_POINT('Ctrl Pts',(15.295310853056,30.1813074411935,-134.865674390927));
#16518=CARTESIAN_POINT('Ctrl Pts',(15.3980540293815,30.1791384220912,-134.868691626347));
#16519=CARTESIAN_POINT('Ctrl Pts',(15.5000000000092,30.1791384220912,-134.868691626347));
#16520=CARTESIAN_POINT('',(30.4999999999466,30.179138422039,-134.86869162642));
#16521=CARTESIAN_POINT('',(-18.6525,30.1791384222103,-134.868691626181));
#16522=CARTESIAN_POINT('',(30.8078456478353,30.1857079528624,-134.859525305406));
#16523=CARTESIAN_POINT('Ctrl Pts',(30.4999999999906,30.179138422039,-134.86869162642));
#16524=CARTESIAN_POINT('Ctrl Pts',(30.6019238231517,30.179138422039,-134.86869162642));
#16525=CARTESIAN_POINT('Ctrl Pts',(30.7046691689019,30.1813065888886,-134.865675581901));
#16526=CARTESIAN_POINT('Ctrl Pts',(30.8078456478353,30.1857079528624,-134.859525305406));
#16527=CARTESIAN_POINT('Ctrl Pts',(36.9968042099517,31.6800000000001,-130.203801512904));
#16528=CARTESIAN_POINT('Ctrl Pts',(36.9877302739995,31.6800000000001,-130.493061315135));
#16529=CARTESIAN_POINT('Ctrl Pts',(36.9400507503447,31.6634714448163,-130.794613646158));
#16530=CARTESIAN_POINT('Ctrl Pts',(36.7500917949937,31.5917316524256,-131.442555401482));
#16531=CARTESIAN_POINT('Ctrl Pts',(36.5874969156999,31.5282713295759,-131.782860035431));
#16532=CARTESIAN_POINT('Ctrl Pts',(36.2029791567757,31.3813661723479,-132.394339513019));
#16533=CARTESIAN_POINT('Ctrl Pts',(35.9406068866154,31.2826252114859,-132.711853950465));
#16534=CARTESIAN_POINT('Ctrl Pts',(35.3484659526314,31.073130841841,-133.274933638442));
#16535=CARTESIAN_POINT('Ctrl Pts',(35.0191146650204,30.9631233741182,-133.521214782686));
#16536=CARTESIAN_POINT('Ctrl Pts',(34.1186736044361,30.6875430047992,-134.08434628833));
#16537=CARTESIAN_POINT('Ctrl Pts',(33.4282613172616,30.5058496729196,-134.382575431111));
#16538=CARTESIAN_POINT('Ctrl Pts',(32.0781203196668,30.2691209034072,-134.745100978217));
#16539=CARTESIAN_POINT('Ctrl Pts',(31.427619173584,30.2014704162989,-134.837499517729));
#16540=CARTESIAN_POINT('Ctrl Pts',(30.8078456478353,30.1857079528624,-134.859525305406));
#16541=CARTESIAN_POINT('',(40.32,30.9233304381514,-133.6));
#16542=CARTESIAN_POINT('Origin',(40.32,23.6800000000001,-130.203801512904));
#16543=CARTESIAN_POINT('',(37.305,26.6800000000001,-137.62));
#16544=CARTESIAN_POINT('Origin',(42.8671488653217,23.6800000000001,-130.203801512904));
#16545=CARTESIAN_POINT('',(37.2,26.68,-137.62));
#16546=CARTESIAN_POINT('',(-18.6525,26.6800000000001,-137.62));
#16547=CARTESIAN_POINT('',(-37.2,26.68,-137.62));
#16548=CARTESIAN_POINT('',(-18.6525,26.68,-137.62));
#16549=CARTESIAN_POINT('',(-37.305,26.6800000000001,-137.62));
#16550=CARTESIAN_POINT('',(-18.6525,26.6800000000001,-137.62));
#16551=CARTESIAN_POINT('Origin',(-42.8671488653217,23.6800000000001,-130.203801512904));
#16552=CARTESIAN_POINT('Origin',(30.4999999999459,31.68,-135.000000000014));
#16553=CARTESIAN_POINT('',(15.4999999999854,26.68,-134.562556682307));
#16554=CARTESIAN_POINT('',(15.4999999999831,31.6800000000001,-134.999999999936));
#16555=CARTESIAN_POINT('',(30.4999999999482,26.68,-134.562556682384));
#16556=CARTESIAN_POINT('',(26.749999999978,26.68,-134.562556682365));
#16557=CARTESIAN_POINT('',(30.4999999999459,31.6800000000001,-135.000000000013));
#16558=CARTESIAN_POINT('Origin',(15.5000000000092,31.68,-130.));
#16559=CARTESIAN_POINT('',(15.5000000000342,30.1857079528624,-125.13073361418));
#16560=CARTESIAN_POINT('Origin',(15.5000000000092,30.1857079528624,-130.));
#16561=CARTESIAN_POINT('',(15.5000000000326,26.68,-125.437443317688));
#16562=CARTESIAN_POINT('',(15.5000000000349,31.6800000000001,-125.000000000059));
#16563=CARTESIAN_POINT('Origin',(15.5000000000092,26.68,-130.));
#16564=CARTESIAN_POINT('Origin',(15.5000000000092,30.9328539764313,-130.));
#16565=CARTESIAN_POINT('',(15.5000000000342,30.1857079528624,-125.13073361418));
#16566=CARTESIAN_POINT('Origin',(-15.5000000000094,30.9328539764313,-130.));
#16567=CARTESIAN_POINT('',(-15.5000000000342,30.1857079528624,-125.13073361418));
#16568=CARTESIAN_POINT('Origin',(-15.5000000000094,30.1857079528624,-130.));
#16569=CARTESIAN_POINT('',(-15.5000000000342,30.1857079528624,-125.13073361418));
#16570=CARTESIAN_POINT('Origin',(-15.5000000000094,31.68,-130.));
#16571=CARTESIAN_POINT('',(-15.4999999999854,26.68,-134.562556682307));
#16572=CARTESIAN_POINT('',(-15.4999999999832,31.6800000000001,-134.999999999936));
#16573=CARTESIAN_POINT('',(-15.5000000000326,26.68,-125.437443317688));
#16574=CARTESIAN_POINT('Origin',(-15.5000000000094,26.68,-130.));
#16575=CARTESIAN_POINT('',(-15.5000000000349,31.6800000000001,-125.000000000059));
#16576=CARTESIAN_POINT('Origin',(-15.4999999999832,31.68,-134.999999999936));
#16577=CARTESIAN_POINT('',(-30.4999999999835,26.68,-134.562556682384));
#16578=CARTESIAN_POINT('',(-30.4999999999828,31.6800000000001,-135.000000000014));
#16579=CARTESIAN_POINT('',(-19.249999999999,26.68,-134.562556682326));
#16580=CARTESIAN_POINT('Origin',(-37.405,31.6800000000001,-137.62));
#16581=CARTESIAN_POINT('',(-37.305,26.5750000000001,-137.62));
#16582=CARTESIAN_POINT('',(-37.25125,26.6287500000001,-137.62));
#16583=CARTESIAN_POINT('',(-37.305,31.6800000000001,-137.62));
#16584=CARTESIAN_POINT('Origin',(-30.4999999999906,31.68,-130.));
#16585=CARTESIAN_POINT('',(-30.4999999999981,30.1857079528494,-125.130733614109));
#16586=CARTESIAN_POINT('Origin',(-30.4999999999906,30.1857079528624,-130.));
#16587=CARTESIAN_POINT('',(-30.4999999999977,26.68,-125.437443317616));
#16588=CARTESIAN_POINT('',(-30.4999999999983,31.6800000000001,-124.999999999987));
#16589=CARTESIAN_POINT('Origin',(-30.4999999999906,26.68,-130.));
#16590=CARTESIAN_POINT('Origin',(-30.4999999999906,30.9328539764313,-130.));
#16591=CARTESIAN_POINT('',(-30.4999999999981,30.1857079528494,-125.130733614109));
#16592=CARTESIAN_POINT('Origin',(33.5,-31.8921933117678,-23.75));
#16593=CARTESIAN_POINT('',(33.5,21.3404826562099,-53.6595173437899));
#16594=CARTESIAN_POINT('',(33.5,5.31444913398657,-37.6334838215667));
#16595=CARTESIAN_POINT('Origin',(33.5,0.,-75.));
#16596=CARTESIAN_POINT('',(33.5,3.17082583231331,40.68));
#16597=CARTESIAN_POINT('',(33.5,-21.7024289537013,15.8067452139693));
#16598=CARTESIAN_POINT('',(33.5,7.20981976491107,40.68));
#16599=CARTESIAN_POINT('',(33.5,-12.3411867734284,40.68));
#16600=CARTESIAN_POINT('',(33.5,30.18,63.6501802328157));
#16601=CARTESIAN_POINT('',(33.5,27.7555082288463,61.2256884693606));
#16602=CARTESIAN_POINT('',(33.5,3.06389975842619,36.5340799912656));
#16603=CARTESIAN_POINT('Origin',(40.,23.7499996095707,-75.0000000000001));
#16604=CARTESIAN_POINT('',(47.9,23.7499996095707,-73.65));
#16605=CARTESIAN_POINT('Origin',(47.9,23.7499996095707,-75.0000000000001));
#16606=CARTESIAN_POINT('',(51.,23.7499996095707,-73.65));
#16607=CARTESIAN_POINT('',(40.,23.7499996095707,-73.65));
#16608=CARTESIAN_POINT('Origin',(51.,23.7499996095707,-75.0000000000001));
#16609=CARTESIAN_POINT('Origin',(40.,23.7499996095707,-75.0000000000001));
#16610=CARTESIAN_POINT('',(-51.,23.7499996095707,-73.65));
#16611=CARTESIAN_POINT('Origin',(-51.,23.7499996095707,-75.0000000000001));
#16612=CARTESIAN_POINT('',(-47.9,23.7499996095707,-73.65));
#16613=CARTESIAN_POINT('',(40.,23.7499996095707,-73.65));
#16614=CARTESIAN_POINT('Origin',(-47.9,23.7499996095707,-75.0000000000001));
#16615=CARTESIAN_POINT('Origin',(40.,23.7499996095707,74.9999999999999));
#16616=CARTESIAN_POINT('',(40.,23.7499996095707,76.3499999999999));
#16617=CARTESIAN_POINT('Origin',(40.,23.7499996095707,74.9999999999999));
#16618=CARTESIAN_POINT('',(-40.,23.7499996095707,76.3499999999999));
#16619=CARTESIAN_POINT('Origin',(-40.,23.7499996095707,74.9999999999999));
#16620=CARTESIAN_POINT('',(-36.9,23.7499996095707,76.3499999999999));
#16621=CARTESIAN_POINT('',(40.,23.7499996095707,76.3499999999999));
#16622=CARTESIAN_POINT('Origin',(-36.9,23.7499996095707,74.9999999999999));
#16623=CARTESIAN_POINT('Ctrl Pts',(39.2,30.1800000000001,-123.));
#16624=CARTESIAN_POINT('Ctrl Pts',(39.6487989505128,30.1800000000001,-123.));
#16625=CARTESIAN_POINT('Ctrl Pts',(40.3184016563047,30.0241577490052,-122.948052583002));
#16626=CARTESIAN_POINT('Ctrl Pts',(41.6632644896538,29.1863447724854,-122.668781590829));
#16627=CARTESIAN_POINT('Ctrl Pts',(42.2,28.0775979010257,-122.299199300342));
#16628=CARTESIAN_POINT('Ctrl Pts',(42.2,27.1800000000001,-122.));
#16629=CARTESIAN_POINT('Ctrl Pts',(39.2,30.1800000000001,-123.598398600684));
#16630=CARTESIAN_POINT('Ctrl Pts',(39.7396917370004,30.1800000000001,-123.598398600684));
#16631=CARTESIAN_POINT('Ctrl Pts',(40.5296315752413,29.956191010647,-123.471173928269));
#16632=CARTESIAN_POINT('Ctrl Pts',(41.8383178789744,28.9581565989226,-122.934006863066));
#16633=CARTESIAN_POINT('Ctrl Pts',(42.2,27.9636172151812,-122.413179986186));
#16634=CARTESIAN_POINT('Ctrl Pts',(42.2,27.1800000000001,-122.));
#16635=CARTESIAN_POINT('Ctrl Pts',(39.2,29.677841867677,-124.634366461045));
#16636=CARTESIAN_POINT('Ctrl Pts',(39.8177890382287,29.677841867677,-124.634366461045));
#16637=CARTESIAN_POINT('Ctrl Pts',(40.7090638663179,29.4379275117719,-124.381291891912));
#16638=CARTESIAN_POINT('Ctrl Pts',(41.9724944083089,28.518236347001,-123.406087433937));
#16639=CARTESIAN_POINT('Ctrl Pts',(42.2,27.7641510149532,-122.612646186414));
#16640=CARTESIAN_POINT('Ctrl Pts',(42.2,27.1800000000001,-122.));
#16641=CARTESIAN_POINT('Ctrl Pts',(39.2,28.6287989505129,-125.));
#16642=CARTESIAN_POINT('Ctrl Pts',(39.7160018828789,28.6287989505129,-125.));
#16643=CARTESIAN_POINT('Ctrl Pts',(40.4750322328879,28.5206738549665,-124.793473533004));
#16644=CARTESIAN_POINT('Ctrl Pts',(41.7944824061197,28.0501533436976,-123.837829222083));
#16645=CARTESIAN_POINT('Ctrl Pts',(42.2,27.5646848147253,-122.812112386642));
#16646=CARTESIAN_POINT('Ctrl Pts',(42.2,27.1800000000001,-122.));
#16647=CARTESIAN_POINT('Ctrl Pts',(39.2,28.1800000000001,-125.));
#16648=CARTESIAN_POINT('Ctrl Pts',(39.6487989505128,28.1800000000001,-125.));
#16649=CARTESIAN_POINT('Ctrl Pts',(40.3184016563047,28.1280525830018,-124.844157749005));
#16650=CARTESIAN_POINT('Ctrl Pts',(41.6632644896538,27.8487815908285,-124.006344772485));
#16651=CARTESIAN_POINT('Ctrl Pts',(42.2,27.4791993003419,-122.897597901026));
#16652=CARTESIAN_POINT('Ctrl Pts',(42.2,27.1800000000001,-122.));
#16653=CARTESIAN_POINT('',(39.2,28.1800000000001,-125.));
#16654=CARTESIAN_POINT('',(42.2,27.1800000000001,-122.));
#16655=CARTESIAN_POINT('Origin',(39.2,27.1800000000001,-122.));
#16656=CARTESIAN_POINT('Origin',(39.2,27.1800000000001,-122.));
#16657=CARTESIAN_POINT('Origin',(39.2,28.1800000000001,-123.));
#16658=CARTESIAN_POINT('Origin',(39.2,27.1800000000001,-121.155454559665));
#16659=CARTESIAN_POINT('',(42.2,27.18,-90.50096531242));
#16660=CARTESIAN_POINT('',(42.2,27.1800000000001,-121.155454559665));
#16661=CARTESIAN_POINT('Origin',(39.2,27.18,-90.50096531242));
#16662=CARTESIAN_POINT('Origin',(39.2,-0.856096656187697,-122.));
#16663=CARTESIAN_POINT('',(39.2,24.68,-125.));
#16664=CARTESIAN_POINT('',(39.2,-0.856096656187697,-125.));
#16665=CARTESIAN_POINT('',(42.2,21.68,-122.));
#16666=CARTESIAN_POINT('Origin',(39.2,24.68,-122.));
#16667=CARTESIAN_POINT('',(42.2,-0.856096656187697,-122.));
#16668=CARTESIAN_POINT('Origin',(42.2,-31.8921933123754,-101.310909119329));
#16669=CARTESIAN_POINT('',(42.2,21.68,-115.655454559665));
#16670=CARTESIAN_POINT('',(42.2,0.,-105.18));
#16671=CARTESIAN_POINT('',(42.2,0.,-62.1701731854225));
#16672=CARTESIAN_POINT('',(42.2,21.34048265621,-96.34048265621));
#16673=CARTESIAN_POINT('Origin',(42.2,0.,-75.));
#16674=CARTESIAN_POINT('',(42.2,6.78970704828383,-110.891258264136));
#16675=CARTESIAN_POINT('',(42.2,11.559257556819,-119.740635661995));
#16676=CARTESIAN_POINT('Origin',(42.2,10.109257556819,-119.740635661995));
#16677=CARTESIAN_POINT('Ctrl Pts',(-42.2,27.1800000000001,-122.));
#16678=CARTESIAN_POINT('Ctrl Pts',(-42.2,27.8531984257693,-122.224399475256));
#16679=CARTESIAN_POINT('Ctrl Pts',(-41.8064357394236,28.9710266154282,-122.597008871809));
#16680=CARTESIAN_POINT('Ctrl Pts',(-40.5447153890606,29.9746629376068,-122.931554312536));
#16681=CARTESIAN_POINT('Ctrl Pts',(-39.6487989505128,30.1800000000001,-123.));
#16682=CARTESIAN_POINT('Ctrl Pts',(-39.2,30.1800000000001,-123.));
#16683=CARTESIAN_POINT('Ctrl Pts',(-42.2,27.1800000000001,-122.));
#16684=CARTESIAN_POINT('Ctrl Pts',(-42.2,27.7677129113859,-122.30988498964));
#16685=CARTESIAN_POINT('Ctrl Pts',(-41.9262575515972,28.7447427934523,-122.822604076831));
#16686=CARTESIAN_POINT('Ctrl Pts',(-40.7923643893817,29.8731036771206,-123.423811661908));
#16687=CARTESIAN_POINT('Ctrl Pts',(-39.7396917370004,30.1800000000001,-123.598398600684));
#16688=CARTESIAN_POINT('Ctrl Pts',(-39.2,30.1800000000001,-123.598398600684));
#16689=CARTESIAN_POINT('Ctrl Pts',(-42.2,27.1800000000001,-122.));
#16690=CARTESIAN_POINT('Ctrl Pts',(-42.2,27.618113261215,-122.459484639811));
#16691=CARTESIAN_POINT('Ctrl Pts',(-42.0139464650261,28.3459124240235,-123.223607561301));
#16692=CARTESIAN_POINT('Ctrl Pts',(-40.9998329613698,29.344837190072,-124.282757932509));
#16693=CARTESIAN_POINT('Ctrl Pts',(-39.8177890382287,29.677841867677,-124.634366461045));
#16694=CARTESIAN_POINT('Ctrl Pts',(-39.2,29.677841867677,-124.634366461045));
#16695=CARTESIAN_POINT('Ctrl Pts',(-42.2,27.1800000000001,-122.));
#16696=CARTESIAN_POINT('Ctrl Pts',(-42.2,27.468513611044,-122.609084289982));
#16697=CARTESIAN_POINT('Ctrl Pts',(-41.8966649327001,27.9481328046062,-123.623380475213));
#16698=CARTESIAN_POINT('Ctrl Pts',(-40.7285623011151,28.4813413497991,-124.71911850143));
#16699=CARTESIAN_POINT('Ctrl Pts',(-39.7160018828789,28.6287989505129,-125.));
#16700=CARTESIAN_POINT('Ctrl Pts',(-39.2,28.6287989505129,-125.));
#16701=CARTESIAN_POINT('Ctrl Pts',(-42.2,27.1800000000001,-122.));
#16702=CARTESIAN_POINT('Ctrl Pts',(-42.2,27.4043994752565,-122.673198425769));
#16703=CARTESIAN_POINT('Ctrl Pts',(-41.8064357394236,27.7770088718094,-123.791026615428));
#16704=CARTESIAN_POINT('Ctrl Pts',(-40.5447153890606,28.1115543125356,-124.794662937607));
#16705=CARTESIAN_POINT('Ctrl Pts',(-39.6487989505128,28.1800000000001,-125.));
#16706=CARTESIAN_POINT('Ctrl Pts',(-39.2,28.1800000000001,-125.));
#16707=CARTESIAN_POINT('',(-39.2,28.1800000000001,-125.));
#16708=CARTESIAN_POINT('Origin',(-39.2,28.1800000000001,-123.));
#16709=CARTESIAN_POINT('',(-42.2,27.1800000000001,-122.));
#16710=CARTESIAN_POINT('Origin',(-39.2,27.1800000000001,-122.));
#16711=CARTESIAN_POINT('Origin',(-39.2,27.1800000000001,-122.));
#16712=CARTESIAN_POINT('Origin',(-39.2,27.1800000000001,-121.155454559665));
#16713=CARTESIAN_POINT('',(-42.2,27.18,-90.50096531242));
#16714=CARTESIAN_POINT('Origin',(-39.2,27.18,-90.50096531242));
#16715=CARTESIAN_POINT('',(-42.2,27.1800000000001,-121.155454559665));
#16716=CARTESIAN_POINT('Origin',(-39.2,-0.856096656187697,-122.));
#16717=CARTESIAN_POINT('',(-42.2,21.68,-122.));
#16718=CARTESIAN_POINT('',(-42.2,-0.856096656187697,-122.));
#16719=CARTESIAN_POINT('',(-39.2,24.68,-125.));
#16720=CARTESIAN_POINT('Origin',(-39.2,24.68,-122.));
#16721=CARTESIAN_POINT('',(-39.2,-0.856096656187697,-125.));
#16722=CARTESIAN_POINT('Origin',(-17.6994897427881,28.18,-123.));
#16723=CARTESIAN_POINT('',(-36.1568542495045,28.18,-125.));
#16724=CARTESIAN_POINT('',(-17.6994897427881,28.18,-125.));
#16725=CARTESIAN_POINT('Origin',(-36.1568542495045,28.18,-123.));
#16726=CARTESIAN_POINT('Origin',(-35.3989794855763,30.18,-125.));
#16727=CARTESIAN_POINT('',(-37.2,26.68,-125.));
#16728=CARTESIAN_POINT('',(-37.1247448713941,26.755255128606,-125.));
#16729=CARTESIAN_POINT('',(-36.1568542495045,26.68,-125.));
#16730=CARTESIAN_POINT('',(-17.6994897427881,26.68,-125.));
#16731=CARTESIAN_POINT('',(-36.1568542495045,31.68,-125.));
#16732=CARTESIAN_POINT('Origin',(39.7,24.18,-115.655454559665));
#16733=CARTESIAN_POINT('',(37.2,26.68,-125.));
#16734=CARTESIAN_POINT('',(38.825,25.055,-125.));
#16735=CARTESIAN_POINT('',(37.2,26.68,-115.655454559665));
#16736=CARTESIAN_POINT('',(37.305,26.575,-137.62));
#16737=CARTESIAN_POINT('',(18.54875,45.3312500000001,-137.62));
#16738=CARTESIAN_POINT('',(40.32,23.56,-133.6));
#16739=CARTESIAN_POINT('',(41.1173462541769,22.7626537458232,-132.536871661098));
#16740=CARTESIAN_POINT('',(40.32,23.56,-124.661060613166));
#16741=CARTESIAN_POINT('Origin',(-23.0000000000361,26.68,-130.));
#16742=CARTESIAN_POINT('',(36.1568542495045,26.68,-125.));
#16743=CARTESIAN_POINT('',(21.1,26.68,-125.));
#16744=CARTESIAN_POINT('',(34.8997755273922,26.68,-124.555555555553));
#16745=CARTESIAN_POINT('Origin',(36.1568542495045,26.68,-123.));
#16746=CARTESIAN_POINT('',(30.5000000000014,26.68,-122.999999999987));
#16747=CARTESIAN_POINT('Origin',(30.4999999999906,26.68,-130.));
#16748=CARTESIAN_POINT('',(15.5000000000452,26.68,-123.000000000059));
#16749=CARTESIAN_POINT('',(30.5000000000014,26.68,-122.999999999987));
#16750=CARTESIAN_POINT('',(11.1002244726977,26.68,-124.555555555566));
#16751=CARTESIAN_POINT('Origin',(15.5,26.68,-130.));
#16752=CARTESIAN_POINT('',(9.84314575060085,26.68,-125.));
#16753=CARTESIAN_POINT('Origin',(9.84314575060085,26.68,-123.));
#16754=CARTESIAN_POINT('',(-9.84314575061029,26.68,-125.));
#16755=CARTESIAN_POINT('',(5.3005102572587,26.68,-125.));
#16756=CARTESIAN_POINT('',(-11.1002244727072,26.68,-124.555555555566));
#16757=CARTESIAN_POINT('Origin',(-9.84314575061029,26.68,-123.));
#16758=CARTESIAN_POINT('',(-15.5000000000452,26.68,-123.000000000059));
#16759=CARTESIAN_POINT('Origin',(-15.5000000000094,26.68,-130.));
#16760=CARTESIAN_POINT('',(-30.5000000000087,26.68,-122.999999999987));
#16761=CARTESIAN_POINT('',(-30.5000000000014,26.68,-122.999999999987));
#16762=CARTESIAN_POINT('',(-34.8997755273922,26.68,-124.555555555553));
#16763=CARTESIAN_POINT('Origin',(-30.4999999999906,26.68,-130.));
#16764=CARTESIAN_POINT('Origin',(-36.1568542495045,26.68,-123.));
#16765=CARTESIAN_POINT('',(-37.2,26.68,-115.655454559665));
#16766=CARTESIAN_POINT('',(-26.7500000000279,26.68,-125.437443317747));
#16767=CARTESIAN_POINT('',(30.500000000033,26.68,-125.437443317766));
#16768=CARTESIAN_POINT('Origin',(30.4999999999906,26.68,-130.000000000075));
#16769=CARTESIAN_POINT('',(19.2500000000438,26.68,-125.437443317708));
#16770=CARTESIAN_POINT('Origin',(-39.7,24.18,-115.655454559665));
#16771=CARTESIAN_POINT('',(-40.32,23.5600000000001,-129.385786437627));
#16772=CARTESIAN_POINT('',(-40.32,23.56,-133.6));
#16773=CARTESIAN_POINT('',(-40.3199999999999,23.5600000000001,-122.620620498646));
#16774=CARTESIAN_POINT('',(-42.2625668424121,21.6174331575879,-131.009910876784));
#16775=CARTESIAN_POINT('',(-42.2,21.68,-129.385786437627));
#16776=CARTESIAN_POINT('',(-42.2,21.68,-115.655454559665));
#16777=CARTESIAN_POINT('',(-43.1630533905932,20.7169466094068,-129.385786437627));
#16778=CARTESIAN_POINT('Origin',(-42.2,-31.8921933123754,-101.310909119329));
#16779=CARTESIAN_POINT('',(-42.2,21.34048265621,-96.34048265621));
#16780=CARTESIAN_POINT('',(-42.2,6.78970704828383,-110.891258264136));
#16781=CARTESIAN_POINT('',(-42.2,0.,-105.18));
#16782=CARTESIAN_POINT('Origin',(-42.2,0.,-75.));
#16783=CARTESIAN_POINT('',(-42.2,-1.22124532708767E-16,-129.385786437627));
#16784=CARTESIAN_POINT('',(-42.2,0.,-62.1701731854225));
#16785=CARTESIAN_POINT('',(-42.2,-30.6322034373742,-129.385786437627));
#16786=CARTESIAN_POINT('',(-42.2,11.559257556819,-119.740635661995));
#16787=CARTESIAN_POINT('Origin',(-42.2,10.109257556819,-119.740635661995));
#16788=CARTESIAN_POINT('Origin',(36.1568542495045,28.18,-123.));
#16789=CARTESIAN_POINT('',(34.8997755273922,28.1800000000001,-124.555555555553));
#16790=CARTESIAN_POINT('Origin',(36.1568542495045,28.1800000000001,-123.));
#16791=CARTESIAN_POINT('',(36.1568542495045,28.18,-125.));
#16792=CARTESIAN_POINT('Origin',(36.1568542495045,28.18,-123.));
#16793=CARTESIAN_POINT('Origin',(36.1568542495045,28.18,-123.));
#16794=CARTESIAN_POINT('Origin',(36.1568542495045,31.68,-123.));
#16795=CARTESIAN_POINT('',(36.1568542495045,31.68,-125.));
#16796=CARTESIAN_POINT('',(34.8997755273922,31.68,-124.555555555553));
#16797=CARTESIAN_POINT('Origin',(21.1,28.18,-123.));
#16798=CARTESIAN_POINT('',(21.1,28.18,-125.));
#16799=CARTESIAN_POINT('Origin',(9.84314575060085,28.1800000000001,-123.));
#16800=CARTESIAN_POINT('',(11.1002244726977,28.1800000000001,-124.555555555566));
#16801=CARTESIAN_POINT('',(9.84314575060085,28.18,-125.));
#16802=CARTESIAN_POINT('Origin',(9.84314575060085,28.1800000000001,-123.));
#16803=CARTESIAN_POINT('Origin',(9.84314575060085,28.1800000000001,-123.));
#16804=CARTESIAN_POINT('Origin',(9.84314575060085,28.18,-123.));
#16805=CARTESIAN_POINT('Origin',(15.5,28.1800000000001,-130.));
#16806=CARTESIAN_POINT('',(15.5000000000452,28.1800000000001,-123.000000000059));
#16807=CARTESIAN_POINT('Origin',(15.5000000000582,28.1800000000001,-121.000000000059));
#16808=CARTESIAN_POINT('Origin',(15.5,28.1800000000001,-130.));
#16809=CARTESIAN_POINT('Origin',(15.2499999999478,28.18,-121.00000000006));
#16810=CARTESIAN_POINT('',(30.5000000000014,28.18,-122.999999999987));
#16811=CARTESIAN_POINT('Origin',(30.4999999999918,28.18,-120.999999999987));
#16812=CARTESIAN_POINT('',(15.2499999999574,28.18,-123.00000000006));
#16813=CARTESIAN_POINT('Origin',(30.4999999999906,28.1800000000001,-130.));
#16814=CARTESIAN_POINT('Origin',(30.4999999999906,28.1800000000001,-130.));
#16815=CARTESIAN_POINT('Origin',(-9.84314575061029,28.18,-123.));
#16816=CARTESIAN_POINT('',(-9.84314575061029,28.18,-125.));
#16817=CARTESIAN_POINT('',(-11.1002244727072,28.1800000000001,-124.555555555566));
#16818=CARTESIAN_POINT('Origin',(-9.84314575061029,28.18,-123.));
#16819=CARTESIAN_POINT('Origin',(-9.84314575061029,28.18,-123.));
#16820=CARTESIAN_POINT('Origin',(-9.84314575061029,28.1800000000001,-123.));
#16821=CARTESIAN_POINT('Origin',(5.3005102572587,28.18,-123.));
#16822=CARTESIAN_POINT('',(5.3005102572587,28.18,-125.));
#16823=CARTESIAN_POINT('Origin',(-36.1568542495045,28.1800000000001,-123.));
#16824=CARTESIAN_POINT('',(-34.8997755273922,28.1800000000001,-124.555555555553));
#16825=CARTESIAN_POINT('Origin',(-36.1568542495045,28.1800000000001,-123.));
#16826=CARTESIAN_POINT('Origin',(-36.1568542495045,28.1800000000001,-123.));
#16827=CARTESIAN_POINT('Origin',(-30.4999999999906,28.1800000000001,-130.));
#16828=CARTESIAN_POINT('',(-30.5000000000087,28.1800000000001,-122.999999999987));
#16829=CARTESIAN_POINT('Origin',(-30.5000000000138,28.1800000000001,-120.999999999987));
#16830=CARTESIAN_POINT('Origin',(-30.4999999999906,28.1800000000001,-130.));
#16831=CARTESIAN_POINT('Origin',(-7.74999999996972,28.18,-121.000000000096));
#16832=CARTESIAN_POINT('',(-15.5000000000452,28.18,-123.000000000059));
#16833=CARTESIAN_POINT('Origin',(-15.5000000000356,28.18,-121.000000000059));
#16834=CARTESIAN_POINT('',(-7.74999999997934,28.18,-123.000000000096));
#16835=CARTESIAN_POINT('Origin',(-15.5000000000094,28.1800000000001,-130.));
#16836=CARTESIAN_POINT('Origin',(-15.5000000000094,28.1800000000001,-130.));
#16837=CARTESIAN_POINT('Origin',(-36.1568542495045,31.68,-123.));
#16838=CARTESIAN_POINT('',(-34.8997755273922,31.68,-124.555555555553));
#16839=CARTESIAN_POINT('Origin',(-9.84314575061029,31.68,-123.));
#16840=CARTESIAN_POINT('',(-9.84314575061029,31.68,-125.));
#16841=CARTESIAN_POINT('',(-11.1002244727072,31.68,-124.555555555566));
#16842=CARTESIAN_POINT('Origin',(9.84314575060085,31.68,-123.));
#16843=CARTESIAN_POINT('',(11.1002244726977,31.68,-124.555555555566));
#16844=CARTESIAN_POINT('',(9.84314575060085,31.68,-125.));
#16845=CARTESIAN_POINT('Origin',(42.2,30.18,-125.));
#16846=CARTESIAN_POINT('Origin',(30.4999999999906,31.68,-130.));
#16847=CARTESIAN_POINT('',(30.5000000000014,31.68,-122.999999999987));
#16848=CARTESIAN_POINT('Origin',(30.5000000000014,31.68,-122.999999999987));
#16849=CARTESIAN_POINT('',(15.5000000000452,31.68,-123.000000000059));
#16850=CARTESIAN_POINT('Origin',(15.5,31.68,-130.));
#16851=CARTESIAN_POINT('Origin',(10.6010205145174,30.18,-125.));
#16852=CARTESIAN_POINT('Origin',(-15.5000000000094,31.68,-130.));
#16853=CARTESIAN_POINT('',(-15.5000000000452,31.68,-123.000000000059));
#16854=CARTESIAN_POINT('Origin',(45.77,10.109257556819,-119.740635661995));
#16855=CARTESIAN_POINT('',(47.02,10.109257556819,-123.240635661995));
#16856=CARTESIAN_POINT('',(45.77,10.109257556819,-124.490635661995));
#16857=CARTESIAN_POINT('Origin',(47.02,10.109257556819,-119.740635661995));
#16858=CARTESIAN_POINT('Origin',(44.52,10.109257556819,-119.740635661995));
#16859=CARTESIAN_POINT('',(47.02,10.109257556819,-122.240635661995));
#16860=CARTESIAN_POINT('Origin',(47.02,10.109257556819,-119.740635661995));
#16861=CARTESIAN_POINT('',(44.52,10.109257556819,-122.240635661995));
#16862=CARTESIAN_POINT('',(44.52,10.109257556819,-122.240635661995));
#16863=CARTESIAN_POINT('Origin',(44.52,10.109257556819,-119.740635661995));
#16864=CARTESIAN_POINT('Origin',(47.02,10.109257556819,-119.740635661995));
#16865=CARTESIAN_POINT('Origin',(23.7500000000001,31.6799999999997,-102.165353586349));
#16866=CARTESIAN_POINT('',(21.2500000000001,31.6799999999997,-102.165353586349));
#16867=CARTESIAN_POINT('',(23.7500000000001,31.6799999999997,-99.6653535863489));
#16868=CARTESIAN_POINT('Origin',(-37.405,31.6800000000001,-137.62));
#16869=CARTESIAN_POINT('',(37.305,30.18,-137.62));
#16870=CARTESIAN_POINT('Origin',(26.25,31.6799999999997,-104.665353586349));
#16871=CARTESIAN_POINT('',(26.25,31.6799999999997,-107.165353586349));
#16872=CARTESIAN_POINT('',(28.75,31.6799999999997,-104.665353586349));
#16873=CARTESIAN_POINT('Origin',(21.2500000000001,31.6799999999997,-107.165353586349));
#16874=CARTESIAN_POINT('',(23.7500000000001,31.6799999999997,-107.165353586349));
#16875=CARTESIAN_POINT('Origin',(26.25,31.6799999999997,-113.832020253016));
#16876=CARTESIAN_POINT('',(28.75,31.6799999999997,-113.832020253016));
#16877=CARTESIAN_POINT('',(26.25,31.6799999999997,-111.332020253016));
#16878=CARTESIAN_POINT('Origin',(28.75,31.6799999999997,-118.832020253016));
#16879=CARTESIAN_POINT('',(28.75,31.6799999999997,-116.332020253016));
#16880=CARTESIAN_POINT('Origin',(43.02,10.109257556819,-119.740635661995));
#16881=CARTESIAN_POINT('',(44.52,11.559257556819,-119.740635661995));
#16882=CARTESIAN_POINT('Origin',(44.52,10.109257556819,-119.740635661995));
#16883=CARTESIAN_POINT('',(43.02,11.559257556819,-119.740635661995));
#16884=CARTESIAN_POINT('Origin',(44.52,-31.8921933123754,-101.310909119329));
#16885=CARTESIAN_POINT('Origin',(-45.77,10.109257556819,-119.740635661995));
#16886=CARTESIAN_POINT('',(-47.02,10.109257556819,-123.240635661995));
#16887=CARTESIAN_POINT('',(-45.77,10.109257556819,-124.490635661995));
#16888=CARTESIAN_POINT('Origin',(-47.02,10.109257556819,-119.740635661995));
#16889=CARTESIAN_POINT('Origin',(-43.02,10.109257556819,-119.740635661995));
#16890=CARTESIAN_POINT('',(-44.52,11.559257556819,-119.740635661995));
#16891=CARTESIAN_POINT('Origin',(-44.52,10.109257556819,-119.740635661995));
#16892=CARTESIAN_POINT('',(-43.02,11.559257556819,-119.740635661995));
#16893=CARTESIAN_POINT('Origin',(-44.52,10.109257556819,-119.740635661995));
#16894=CARTESIAN_POINT('',(-47.02,10.109257556819,-122.240635661995));
#16895=CARTESIAN_POINT('Origin',(-47.02,10.109257556819,-119.740635661995));
#16896=CARTESIAN_POINT('',(-44.52,10.109257556819,-122.240635661995));
#16897=CARTESIAN_POINT('',(-44.52,10.109257556819,-122.240635661995));
#16898=CARTESIAN_POINT('Origin',(-44.52,10.109257556819,-119.740635661995));
#16899=CARTESIAN_POINT('Origin',(-47.02,10.109257556819,-119.740635661995));
#16900=CARTESIAN_POINT('Origin',(-21.25,31.6799999999998,-60.4986869196822));
#16901=CARTESIAN_POINT('',(-21.25,31.6799999999998,-57.9986869196822));
#16902=CARTESIAN_POINT('',(-21.25,31.6799999999998,-55.4986869196822));
#16903=CARTESIAN_POINT('Origin',(-23.75,31.6799999999998,-55.4986869196822));
#16904=CARTESIAN_POINT('',(-23.75,31.6799999999998,-52.9986869196822));
#16905=CARTESIAN_POINT('Origin',(-21.25,31.6799999999998,-52.9986869196822));
#16906=CARTESIAN_POINT('',(-26.2499999999999,31.6799999999998,-52.9986869196822));
#16907=CARTESIAN_POINT('Origin',(-26.2499999999999,31.6799999999998,-55.4986869196822));
#16908=CARTESIAN_POINT('',(-28.7499999999999,31.6799999999998,-55.4986869196822));
#16909=CARTESIAN_POINT('Origin',(-28.7499999999999,31.6799999999998,-52.9986869196822));
#16910=CARTESIAN_POINT('',(-28.7499999999999,31.6799999999998,-57.9986869196822));
#16911=CARTESIAN_POINT('Origin',(-26.2499999999999,31.6799999999998,-57.9986869196822));
#16912=CARTESIAN_POINT('',(-26.2499999999999,31.6799999999998,-60.4986869196822));
#16913=CARTESIAN_POINT('Origin',(-28.7499999999999,31.6799999999998,-60.4986869196822));
#16914=CARTESIAN_POINT('',(-23.75,31.6799999999998,-60.4986869196822));
#16915=CARTESIAN_POINT('Origin',(-23.75,31.6799999999998,-57.9986869196822));
#16916=CARTESIAN_POINT('Origin',(-8.75,31.6799999999998,-60.4986869196822));
#16917=CARTESIAN_POINT('',(-8.75,31.6799999999998,-57.9986869196822));
#16918=CARTESIAN_POINT('',(-8.75,31.6799999999998,-55.4986869196822));
#16919=CARTESIAN_POINT('Origin',(-11.25,31.6799999999998,-55.4986869196822));
#16920=CARTESIAN_POINT('',(-11.25,31.6799999999998,-52.9986869196822));
#16921=CARTESIAN_POINT('Origin',(-8.75,31.6799999999998,-52.9986869196822));
#16922=CARTESIAN_POINT('',(-13.7499999999999,31.6799999999998,-52.9986869196822));
#16923=CARTESIAN_POINT('Origin',(-13.7499999999999,31.6799999999998,-55.4986869196822));
#16924=CARTESIAN_POINT('',(-16.2499999999999,31.6799999999998,-55.4986869196822));
#16925=CARTESIAN_POINT('Origin',(-16.2499999999999,31.6799999999998,-52.9986869196822));
#16926=CARTESIAN_POINT('',(-16.2499999999999,31.6799999999998,-57.9986869196822));
#16927=CARTESIAN_POINT('Origin',(-13.7499999999999,31.6799999999998,-57.9986869196822));
#16928=CARTESIAN_POINT('',(-13.7499999999999,31.6799999999998,-60.4986869196822));
#16929=CARTESIAN_POINT('Origin',(-16.2499999999999,31.6799999999998,-60.4986869196822));
#16930=CARTESIAN_POINT('',(-11.25,31.6799999999998,-60.4986869196822));
#16931=CARTESIAN_POINT('Origin',(-11.25,31.6799999999998,-57.9986869196822));
#16932=CARTESIAN_POINT('Origin',(3.75,31.6799999999998,-60.4986869196822));
#16933=CARTESIAN_POINT('',(3.75,31.6799999999998,-57.9986869196822));
#16934=CARTESIAN_POINT('',(3.75,31.6799999999998,-55.4986869196822));
#16935=CARTESIAN_POINT('Origin',(1.25,31.6799999999998,-55.4986869196822));
#16936=CARTESIAN_POINT('',(1.25,31.6799999999998,-52.9986869196822));
#16937=CARTESIAN_POINT('Origin',(3.75,31.6799999999998,-52.9986869196822));
#16938=CARTESIAN_POINT('',(-1.2499999999999,31.6799999999998,-52.9986869196822));
#16939=CARTESIAN_POINT('Origin',(-1.2499999999999,31.6799999999998,-55.4986869196822));
#16940=CARTESIAN_POINT('',(-3.7499999999999,31.6799999999998,-55.4986869196822));
#16941=CARTESIAN_POINT('Origin',(-3.7499999999999,31.6799999999998,-52.9986869196822));
#16942=CARTESIAN_POINT('',(-3.74999999999991,31.6799999999998,-57.9986869196822));
#16943=CARTESIAN_POINT('Origin',(-1.24999999999991,31.6799999999998,-57.9986869196822));
#16944=CARTESIAN_POINT('',(-1.24999999999991,31.6799999999998,-60.4986869196822));
#16945=CARTESIAN_POINT('Origin',(-3.74999999999991,31.6799999999998,-60.4986869196822));
#16946=CARTESIAN_POINT('',(1.25,31.6799999999998,-60.4986869196822));
#16947=CARTESIAN_POINT('Origin',(1.25,31.6799999999998,-57.9986869196822));
#16948=CARTESIAN_POINT('Origin',(16.25,31.6799999999998,-60.4986869196822));
#16949=CARTESIAN_POINT('',(16.25,31.6799999999998,-57.9986869196822));
#16950=CARTESIAN_POINT('',(16.25,31.6799999999998,-55.4986869196822));
#16951=CARTESIAN_POINT('Origin',(13.75,31.6799999999998,-55.4986869196822));
#16952=CARTESIAN_POINT('',(13.75,31.6799999999998,-52.9986869196822));
#16953=CARTESIAN_POINT('Origin',(16.25,31.6799999999998,-52.9986869196822));
#16954=CARTESIAN_POINT('',(11.2500000000001,31.6799999999998,-52.9986869196822));
#16955=CARTESIAN_POINT('Origin',(11.2500000000001,31.6799999999998,-55.4986869196822));
#16956=CARTESIAN_POINT('',(8.7500000000001,31.6799999999998,-55.4986869196822));
#16957=CARTESIAN_POINT('Origin',(8.7500000000001,31.6799999999998,-52.9986869196822));
#16958=CARTESIAN_POINT('',(8.7500000000001,31.6799999999998,-57.9986869196822));
#16959=CARTESIAN_POINT('Origin',(11.2500000000001,31.6799999999998,-57.9986869196822));
#16960=CARTESIAN_POINT('',(11.2500000000001,31.6799999999998,-60.4986869196822));
#16961=CARTESIAN_POINT('Origin',(8.75000000000009,31.6799999999998,-60.4986869196822));
#16962=CARTESIAN_POINT('',(13.75,31.6799999999998,-60.4986869196822));
#16963=CARTESIAN_POINT('Origin',(13.75,31.6799999999998,-57.9986869196822));
#16964=CARTESIAN_POINT('Origin',(28.75,31.6799999999998,-60.4986869196822));
#16965=CARTESIAN_POINT('',(28.75,31.6799999999998,-57.9986869196822));
#16966=CARTESIAN_POINT('',(28.75,31.6799999999998,-55.4986869196822));
#16967=CARTESIAN_POINT('Origin',(26.25,31.6799999999998,-55.4986869196822));
#16968=CARTESIAN_POINT('',(26.25,31.6799999999998,-52.9986869196822));
#16969=CARTESIAN_POINT('Origin',(28.75,31.6799999999998,-52.9986869196822));
#16970=CARTESIAN_POINT('',(23.7500000000001,31.6799999999998,-52.9986869196822));
#16971=CARTESIAN_POINT('Origin',(23.7500000000001,31.6799999999998,-55.4986869196822));
#16972=CARTESIAN_POINT('',(21.2500000000001,31.6799999999998,-55.4986869196822));
#16973=CARTESIAN_POINT('Origin',(21.2500000000001,31.6799999999998,-52.9986869196822));
#16974=CARTESIAN_POINT('',(21.2500000000001,31.6799999999998,-57.9986869196822));
#16975=CARTESIAN_POINT('Origin',(23.7500000000001,31.6799999999998,-57.9986869196822));
#16976=CARTESIAN_POINT('',(23.7500000000001,31.6799999999998,-60.4986869196822));
#16977=CARTESIAN_POINT('Origin',(21.2500000000001,31.6799999999998,-60.4986869196822));
#16978=CARTESIAN_POINT('',(26.25,31.6799999999998,-60.4986869196822));
#16979=CARTESIAN_POINT('Origin',(26.25,31.6799999999998,-57.9986869196822));
#16980=CARTESIAN_POINT('Origin',(-21.25,31.6799999999997,-72.1653535863488));
#16981=CARTESIAN_POINT('',(-21.25,31.6799999999997,-69.6653535863488));
#16982=CARTESIAN_POINT('',(-21.25,31.6799999999997,-67.1653535863489));
#16983=CARTESIAN_POINT('Origin',(-23.75,31.6799999999997,-67.1653535863489));
#16984=CARTESIAN_POINT('',(-23.75,31.6799999999997,-64.6653535863489));
#16985=CARTESIAN_POINT('Origin',(-21.25,31.6799999999998,-64.6653535863489));
#16986=CARTESIAN_POINT('',(-26.2499999999999,31.6799999999998,-64.6653535863489));
#16987=CARTESIAN_POINT('Origin',(-26.2499999999999,31.6799999999998,-67.1653535863489));
#16988=CARTESIAN_POINT('',(-28.7499999999999,31.6799999999998,-67.1653535863489));
#16989=CARTESIAN_POINT('Origin',(-28.7499999999999,31.6799999999998,-64.6653535863489));
#16990=CARTESIAN_POINT('',(-28.7499999999999,31.6799999999997,-69.6653535863488));
#16991=CARTESIAN_POINT('Origin',(-26.2499999999999,31.6799999999997,-69.6653535863488));
#16992=CARTESIAN_POINT('',(-26.2499999999999,31.6799999999997,-72.1653535863488));
#16993=CARTESIAN_POINT('Origin',(-28.7499999999999,31.6799999999997,-72.1653535863488));
#16994=CARTESIAN_POINT('',(-23.75,31.6799999999997,-72.1653535863488));
#16995=CARTESIAN_POINT('Origin',(-23.75,31.6799999999997,-69.6653535863488));
#16996=CARTESIAN_POINT('Origin',(-8.75,31.6799999999997,-72.1653535863488));
#16997=CARTESIAN_POINT('',(-8.75,31.6799999999997,-69.6653535863488));
#16998=CARTESIAN_POINT('',(-8.75,31.6799999999997,-67.1653535863489));
#16999=CARTESIAN_POINT('Origin',(-11.25,31.6799999999997,-67.1653535863489));
#17000=CARTESIAN_POINT('',(-11.25,31.6799999999997,-64.6653535863489));
#17001=CARTESIAN_POINT('Origin',(-8.75,31.6799999999998,-64.6653535863489));
#17002=CARTESIAN_POINT('',(-13.7499999999999,31.6799999999998,-64.6653535863489));
#17003=CARTESIAN_POINT('Origin',(-13.7499999999999,31.6799999999998,-67.1653535863489));
#17004=CARTESIAN_POINT('',(-16.2499999999999,31.6799999999998,-67.1653535863489));
#17005=CARTESIAN_POINT('Origin',(-16.2499999999999,31.6799999999998,-64.6653535863489));
#17006=CARTESIAN_POINT('',(-16.2499999999999,31.6799999999997,-69.6653535863488));
#17007=CARTESIAN_POINT('Origin',(-13.7499999999999,31.6799999999997,-69.6653535863488));
#17008=CARTESIAN_POINT('',(-13.7499999999999,31.6799999999997,-72.1653535863488));
#17009=CARTESIAN_POINT('Origin',(-16.2499999999999,31.6799999999997,-72.1653535863488));
#17010=CARTESIAN_POINT('',(-11.25,31.6799999999997,-72.1653535863488));
#17011=CARTESIAN_POINT('Origin',(-11.25,31.6799999999997,-69.6653535863488));
#17012=CARTESIAN_POINT('Origin',(3.75,31.6799999999997,-72.1653535863488));
#17013=CARTESIAN_POINT('',(3.75,31.6799999999997,-69.6653535863488));
#17014=CARTESIAN_POINT('',(3.75,31.6799999999997,-67.1653535863489));
#17015=CARTESIAN_POINT('Origin',(1.25,31.6799999999997,-67.1653535863489));
#17016=CARTESIAN_POINT('',(1.25,31.6799999999997,-64.6653535863489));
#17017=CARTESIAN_POINT('Origin',(3.75,31.6799999999998,-64.6653535863489));
#17018=CARTESIAN_POINT('',(-1.2499999999999,31.6799999999998,-64.6653535863489));
#17019=CARTESIAN_POINT('Origin',(-1.2499999999999,31.6799999999998,-67.1653535863489));
#17020=CARTESIAN_POINT('',(-3.7499999999999,31.6799999999998,-67.1653535863489));
#17021=CARTESIAN_POINT('Origin',(-3.74999999999989,31.6799999999998,-64.6653535863489));
#17022=CARTESIAN_POINT('',(-3.7499999999999,31.6799999999997,-69.6653535863488));
#17023=CARTESIAN_POINT('Origin',(-1.2499999999999,31.6799999999997,-69.6653535863488));
#17024=CARTESIAN_POINT('',(-1.2499999999999,31.6799999999997,-72.1653535863488));
#17025=CARTESIAN_POINT('Origin',(-3.74999999999991,31.6799999999997,-72.1653535863488));
#17026=CARTESIAN_POINT('',(1.25,31.6799999999997,-72.1653535863488));
#17027=CARTESIAN_POINT('Origin',(1.25,31.6799999999997,-69.6653535863488));
#17028=CARTESIAN_POINT('Origin',(16.25,31.6799999999997,-72.1653535863488));
#17029=CARTESIAN_POINT('',(16.25,31.6799999999997,-69.6653535863488));
#17030=CARTESIAN_POINT('',(16.25,31.6799999999997,-67.1653535863489));
#17031=CARTESIAN_POINT('Origin',(13.75,31.6799999999997,-67.1653535863489));
#17032=CARTESIAN_POINT('',(13.75,31.6799999999997,-64.6653535863489));
#17033=CARTESIAN_POINT('Origin',(16.25,31.6799999999998,-64.6653535863489));
#17034=CARTESIAN_POINT('',(11.2500000000001,31.6799999999998,-64.6653535863489));
#17035=CARTESIAN_POINT('Origin',(11.2500000000001,31.6799999999998,-67.1653535863489));
#17036=CARTESIAN_POINT('',(8.7500000000001,31.6799999999998,-67.1653535863489));
#17037=CARTESIAN_POINT('Origin',(8.7500000000001,31.6799999999998,-64.6653535863489));
#17038=CARTESIAN_POINT('',(8.7500000000001,31.6799999999997,-69.6653535863488));
#17039=CARTESIAN_POINT('Origin',(11.2500000000001,31.6799999999997,-69.6653535863488));
#17040=CARTESIAN_POINT('',(11.2500000000001,31.6799999999997,-72.1653535863488));
#17041=CARTESIAN_POINT('Origin',(8.75000000000009,31.6799999999997,-72.1653535863488));
#17042=CARTESIAN_POINT('',(13.75,31.6799999999997,-72.1653535863488));
#17043=CARTESIAN_POINT('Origin',(13.75,31.6799999999997,-69.6653535863488));
#17044=CARTESIAN_POINT('Origin',(28.75,31.6799999999997,-72.1653535863488));
#17045=CARTESIAN_POINT('',(28.75,31.6799999999997,-69.6653535863488));
#17046=CARTESIAN_POINT('',(28.75,31.6799999999997,-67.1653535863489));
#17047=CARTESIAN_POINT('Origin',(26.25,31.6799999999997,-67.1653535863489));
#17048=CARTESIAN_POINT('',(26.25,31.6799999999997,-64.6653535863489));
#17049=CARTESIAN_POINT('Origin',(28.75,31.6799999999998,-64.6653535863489));
#17050=CARTESIAN_POINT('',(23.7500000000001,31.6799999999998,-64.6653535863489));
#17051=CARTESIAN_POINT('Origin',(23.7500000000001,31.6799999999998,-67.1653535863489));
#17052=CARTESIAN_POINT('',(21.2500000000001,31.6799999999998,-67.1653535863489));
#17053=CARTESIAN_POINT('Origin',(21.2500000000001,31.6799999999998,-64.6653535863489));
#17054=CARTESIAN_POINT('',(21.2500000000001,31.6799999999997,-69.6653535863488));
#17055=CARTESIAN_POINT('Origin',(23.7500000000001,31.6799999999997,-69.6653535863488));
#17056=CARTESIAN_POINT('',(23.7500000000001,31.6799999999997,-72.1653535863488));
#17057=CARTESIAN_POINT('Origin',(21.2500000000001,31.6799999999997,-72.1653535863488));
#17058=CARTESIAN_POINT('',(26.25,31.6799999999997,-72.1653535863488));
#17059=CARTESIAN_POINT('Origin',(26.25,31.6799999999997,-69.6653535863488));
#17060=CARTESIAN_POINT('Origin',(-21.25,31.6799999999997,-83.8320202530155));
#17061=CARTESIAN_POINT('',(-21.25,31.6799999999997,-81.3320202530155));
#17062=CARTESIAN_POINT('',(-21.25,31.6799999999997,-78.8320202530156));
#17063=CARTESIAN_POINT('Origin',(-23.75,31.6799999999997,-78.8320202530156));
#17064=CARTESIAN_POINT('',(-23.75,31.6799999999997,-76.3320202530156));
#17065=CARTESIAN_POINT('Origin',(-21.25,31.6799999999997,-76.3320202530156));
#17066=CARTESIAN_POINT('',(-26.2499999999999,31.6799999999997,-76.3320202530156));
#17067=CARTESIAN_POINT('Origin',(-26.2499999999999,31.6799999999997,-78.8320202530156));
#17068=CARTESIAN_POINT('',(-28.7499999999999,31.6799999999997,-78.8320202530156));
#17069=CARTESIAN_POINT('Origin',(-28.7499999999999,31.6799999999997,-76.3320202530156));
#17070=CARTESIAN_POINT('',(-28.7499999999999,31.6799999999997,-81.3320202530155));
#17071=CARTESIAN_POINT('Origin',(-26.2499999999999,31.6799999999997,-81.3320202530155));
#17072=CARTESIAN_POINT('',(-26.2499999999999,31.6799999999997,-83.8320202530155));
#17073=CARTESIAN_POINT('Origin',(-28.7499999999999,31.6799999999997,-83.8320202530155));
#17074=CARTESIAN_POINT('',(-23.75,31.6799999999997,-83.8320202530155));
#17075=CARTESIAN_POINT('Origin',(-23.75,31.6799999999997,-81.3320202530155));
#17076=CARTESIAN_POINT('Origin',(-8.75,31.6799999999997,-83.8320202530155));
#17077=CARTESIAN_POINT('',(-8.75,31.6799999999997,-81.3320202530155));
#17078=CARTESIAN_POINT('',(-8.75,31.6799999999997,-78.8320202530156));
#17079=CARTESIAN_POINT('Origin',(-11.25,31.6799999999997,-78.8320202530156));
#17080=CARTESIAN_POINT('',(-11.25,31.6799999999997,-76.3320202530156));
#17081=CARTESIAN_POINT('Origin',(-8.75,31.6799999999997,-76.3320202530156));
#17082=CARTESIAN_POINT('',(-13.7499999999999,31.6799999999997,-76.3320202530156));
#17083=CARTESIAN_POINT('Origin',(-13.7499999999999,31.6799999999997,-78.8320202530156));
#17084=CARTESIAN_POINT('',(-16.2499999999999,31.6799999999997,-78.8320202530156));
#17085=CARTESIAN_POINT('Origin',(-16.2499999999999,31.6799999999997,-76.3320202530156));
#17086=CARTESIAN_POINT('',(-16.2499999999999,31.6799999999997,-81.3320202530155));
#17087=CARTESIAN_POINT('Origin',(-13.7499999999999,31.6799999999997,-81.3320202530155));
#17088=CARTESIAN_POINT('',(-13.7499999999999,31.6799999999997,-83.8320202530155));
#17089=CARTESIAN_POINT('Origin',(-16.2499999999999,31.6799999999997,-83.8320202530155));
#17090=CARTESIAN_POINT('',(-11.25,31.6799999999997,-83.8320202530155));
#17091=CARTESIAN_POINT('Origin',(-11.25,31.6799999999997,-81.3320202530155));
#17092=CARTESIAN_POINT('Origin',(3.75,31.6799999999997,-83.8320202530155));
#17093=CARTESIAN_POINT('',(3.75,31.6799999999997,-81.3320202530155));
#17094=CARTESIAN_POINT('',(3.75,31.6799999999997,-78.8320202530156));
#17095=CARTESIAN_POINT('Origin',(1.25,31.6799999999997,-78.8320202530156));
#17096=CARTESIAN_POINT('',(1.25,31.6799999999997,-76.3320202530156));
#17097=CARTESIAN_POINT('Origin',(3.75,31.6799999999997,-76.3320202530156));
#17098=CARTESIAN_POINT('',(-1.2499999999999,31.6799999999997,-76.3320202530156));
#17099=CARTESIAN_POINT('Origin',(-1.2499999999999,31.6799999999997,-78.8320202530156));
#17100=CARTESIAN_POINT('',(-3.7499999999999,31.6799999999997,-78.8320202530156));
#17101=CARTESIAN_POINT('Origin',(-3.74999999999989,31.6799999999997,-76.3320202530156));
#17102=CARTESIAN_POINT('',(-3.7499999999999,31.6799999999997,-81.3320202530155));
#17103=CARTESIAN_POINT('Origin',(-1.2499999999999,31.6799999999997,-81.3320202530155));
#17104=CARTESIAN_POINT('',(-1.2499999999999,31.6799999999997,-83.8320202530155));
#17105=CARTESIAN_POINT('Origin',(-3.74999999999991,31.6799999999997,-83.8320202530155));
#17106=CARTESIAN_POINT('',(1.25,31.6799999999997,-83.8320202530155));
#17107=CARTESIAN_POINT('Origin',(1.25,31.6799999999997,-81.3320202530155));
#17108=CARTESIAN_POINT('Origin',(16.25,31.6799999999997,-83.8320202530155));
#17109=CARTESIAN_POINT('',(16.25,31.6799999999997,-81.3320202530155));
#17110=CARTESIAN_POINT('',(16.25,31.6799999999997,-78.8320202530156));
#17111=CARTESIAN_POINT('Origin',(13.75,31.6799999999997,-78.8320202530156));
#17112=CARTESIAN_POINT('',(13.75,31.6799999999997,-76.3320202530156));
#17113=CARTESIAN_POINT('Origin',(16.25,31.6799999999997,-76.3320202530156));
#17114=CARTESIAN_POINT('',(11.2500000000001,31.6799999999997,-76.3320202530156));
#17115=CARTESIAN_POINT('Origin',(11.2500000000001,31.6799999999997,-78.8320202530156));
#17116=CARTESIAN_POINT('',(8.7500000000001,31.6799999999997,-78.8320202530156));
#17117=CARTESIAN_POINT('Origin',(8.75000000000011,31.6799999999997,-76.3320202530156));
#17118=CARTESIAN_POINT('',(8.7500000000001,31.6799999999997,-81.3320202530155));
#17119=CARTESIAN_POINT('Origin',(11.2500000000001,31.6799999999997,-81.3320202530155));
#17120=CARTESIAN_POINT('',(11.2500000000001,31.6799999999997,-83.8320202530155));
#17121=CARTESIAN_POINT('Origin',(8.75000000000009,31.6799999999997,-83.8320202530155));
#17122=CARTESIAN_POINT('',(13.75,31.6799999999997,-83.8320202530155));
#17123=CARTESIAN_POINT('Origin',(13.75,31.6799999999997,-81.3320202530155));
#17124=CARTESIAN_POINT('Origin',(28.75,31.6799999999997,-83.8320202530155));
#17125=CARTESIAN_POINT('',(28.75,31.6799999999997,-81.3320202530155));
#17126=CARTESIAN_POINT('',(28.75,31.6799999999997,-78.8320202530156));
#17127=CARTESIAN_POINT('Origin',(26.25,31.6799999999997,-78.8320202530156));
#17128=CARTESIAN_POINT('',(26.25,31.6799999999997,-76.3320202530156));
#17129=CARTESIAN_POINT('Origin',(28.75,31.6799999999997,-76.3320202530156));
#17130=CARTESIAN_POINT('',(23.7500000000001,31.6799999999997,-76.3320202530156));
#17131=CARTESIAN_POINT('Origin',(23.7500000000001,31.6799999999997,-78.8320202530156));
#17132=CARTESIAN_POINT('',(21.2500000000001,31.6799999999997,-78.8320202530156));
#17133=CARTESIAN_POINT('Origin',(21.2500000000001,31.6799999999997,-76.3320202530156));
#17134=CARTESIAN_POINT('',(21.2500000000001,31.6799999999997,-81.3320202530155));
#17135=CARTESIAN_POINT('Origin',(23.7500000000001,31.6799999999997,-81.3320202530155));
#17136=CARTESIAN_POINT('',(23.7500000000001,31.6799999999997,-83.8320202530155));
#17137=CARTESIAN_POINT('Origin',(21.2500000000001,31.6799999999997,-83.8320202530155));
#17138=CARTESIAN_POINT('',(26.25,31.6799999999997,-83.8320202530155));
#17139=CARTESIAN_POINT('Origin',(26.25,31.6799999999997,-81.3320202530155));
#17140=CARTESIAN_POINT('Origin',(-21.25,31.6799999999997,-95.4986869196822));
#17141=CARTESIAN_POINT('',(-21.25,31.6799999999997,-92.9986869196822));
#17142=CARTESIAN_POINT('',(-21.25,31.6799999999997,-90.4986869196822));
#17143=CARTESIAN_POINT('Origin',(-23.75,31.6799999999997,-90.4986869196822));
#17144=CARTESIAN_POINT('',(-23.75,31.6799999999997,-87.9986869196822));
#17145=CARTESIAN_POINT('Origin',(-21.25,31.6799999999997,-87.9986869196822));
#17146=CARTESIAN_POINT('',(-26.2499999999999,31.6799999999997,-87.9986869196822));
#17147=CARTESIAN_POINT('Origin',(-26.2499999999999,31.6799999999997,-90.4986869196822));
#17148=CARTESIAN_POINT('',(-28.7499999999999,31.6799999999997,-90.4986869196822));
#17149=CARTESIAN_POINT('Origin',(-28.7499999999999,31.6799999999997,-87.9986869196822));
#17150=CARTESIAN_POINT('',(-28.7499999999999,31.6799999999997,-92.9986869196822));
#17151=CARTESIAN_POINT('Origin',(-26.2499999999999,31.6799999999997,-92.9986869196822));
#17152=CARTESIAN_POINT('',(-26.2499999999999,31.6799999999997,-95.4986869196822));
#17153=CARTESIAN_POINT('Origin',(-28.7499999999999,31.6799999999997,-95.4986869196822));
#17154=CARTESIAN_POINT('',(-23.75,31.6799999999997,-95.4986869196822));
#17155=CARTESIAN_POINT('Origin',(-23.75,31.6799999999997,-92.9986869196822));
#17156=CARTESIAN_POINT('Origin',(-8.75,31.6799999999997,-95.4986869196822));
#17157=CARTESIAN_POINT('',(-8.75,31.6799999999997,-92.9986869196822));
#17158=CARTESIAN_POINT('',(-8.75,31.6799999999997,-90.4986869196822));
#17159=CARTESIAN_POINT('Origin',(-11.25,31.6799999999997,-90.4986869196822));
#17160=CARTESIAN_POINT('',(-11.25,31.6799999999997,-87.9986869196822));
#17161=CARTESIAN_POINT('Origin',(-8.75,31.6799999999997,-87.9986869196822));
#17162=CARTESIAN_POINT('',(-13.7499999999999,31.6799999999997,-87.9986869196822));
#17163=CARTESIAN_POINT('Origin',(-13.7499999999999,31.6799999999997,-90.4986869196822));
#17164=CARTESIAN_POINT('',(-16.2499999999999,31.6799999999997,-90.4986869196822));
#17165=CARTESIAN_POINT('Origin',(-16.2499999999999,31.6799999999997,-87.9986869196822));
#17166=CARTESIAN_POINT('',(-16.2499999999999,31.6799999999997,-92.9986869196822));
#17167=CARTESIAN_POINT('Origin',(-13.7499999999999,31.6799999999997,-92.9986869196822));
#17168=CARTESIAN_POINT('',(-13.7499999999999,31.6799999999997,-95.4986869196822));
#17169=CARTESIAN_POINT('Origin',(-16.2499999999999,31.6799999999997,-95.4986869196822));
#17170=CARTESIAN_POINT('',(-11.25,31.6799999999997,-95.4986869196822));
#17171=CARTESIAN_POINT('Origin',(-11.25,31.6799999999997,-92.9986869196822));
#17172=CARTESIAN_POINT('Origin',(3.75,31.6799999999997,-95.4986869196822));
#17173=CARTESIAN_POINT('',(3.75,31.6799999999997,-92.9986869196822));
#17174=CARTESIAN_POINT('',(3.75,31.6799999999997,-90.4986869196822));
#17175=CARTESIAN_POINT('Origin',(1.25,31.6799999999997,-90.4986869196822));
#17176=CARTESIAN_POINT('',(1.25,31.6799999999997,-87.9986869196822));
#17177=CARTESIAN_POINT('Origin',(3.75,31.6799999999997,-87.9986869196822));
#17178=CARTESIAN_POINT('',(-1.2499999999999,31.6799999999997,-87.9986869196822));
#17179=CARTESIAN_POINT('Origin',(-1.2499999999999,31.6799999999997,-90.4986869196822));
#17180=CARTESIAN_POINT('',(-3.7499999999999,31.6799999999997,-90.4986869196822));
#17181=CARTESIAN_POINT('Origin',(-3.74999999999989,31.6799999999997,-87.9986869196822));
#17182=CARTESIAN_POINT('',(-3.7499999999999,31.6799999999997,-92.9986869196822));
#17183=CARTESIAN_POINT('Origin',(-1.2499999999999,31.6799999999997,-92.9986869196822));
#17184=CARTESIAN_POINT('',(-1.2499999999999,31.6799999999997,-95.4986869196822));
#17185=CARTESIAN_POINT('Origin',(-3.74999999999991,31.6799999999997,-95.4986869196822));
#17186=CARTESIAN_POINT('',(1.25,31.6799999999997,-95.4986869196822));
#17187=CARTESIAN_POINT('Origin',(1.25,31.6799999999997,-92.9986869196822));
#17188=CARTESIAN_POINT('Origin',(16.25,31.6799999999997,-95.4986869196822));
#17189=CARTESIAN_POINT('',(16.25,31.6799999999997,-92.9986869196822));
#17190=CARTESIAN_POINT('',(16.25,31.6799999999997,-90.4986869196822));
#17191=CARTESIAN_POINT('Origin',(13.75,31.6799999999997,-90.4986869196822));
#17192=CARTESIAN_POINT('',(13.75,31.6799999999997,-87.9986869196822));
#17193=CARTESIAN_POINT('Origin',(16.25,31.6799999999997,-87.9986869196822));
#17194=CARTESIAN_POINT('',(11.2500000000001,31.6799999999997,-87.9986869196822));
#17195=CARTESIAN_POINT('Origin',(11.2500000000001,31.6799999999997,-90.4986869196822));
#17196=CARTESIAN_POINT('',(8.7500000000001,31.6799999999997,-90.4986869196822));
#17197=CARTESIAN_POINT('Origin',(8.75000000000011,31.6799999999997,-87.9986869196822));
#17198=CARTESIAN_POINT('',(8.7500000000001,31.6799999999997,-92.9986869196822));
#17199=CARTESIAN_POINT('Origin',(11.2500000000001,31.6799999999997,-92.9986869196822));
#17200=CARTESIAN_POINT('',(11.2500000000001,31.6799999999997,-95.4986869196822));
#17201=CARTESIAN_POINT('Origin',(8.7500000000001,31.6799999999997,-95.4986869196822));
#17202=CARTESIAN_POINT('',(13.75,31.6799999999997,-95.4986869196822));
#17203=CARTESIAN_POINT('Origin',(13.75,31.6799999999997,-92.9986869196822));
#17204=CARTESIAN_POINT('Origin',(28.75,31.6799999999997,-95.4986869196822));
#17205=CARTESIAN_POINT('',(28.75,31.6799999999997,-92.9986869196822));
#17206=CARTESIAN_POINT('',(28.75,31.6799999999997,-90.4986869196822));
#17207=CARTESIAN_POINT('Origin',(26.25,31.6799999999997,-90.4986869196822));
#17208=CARTESIAN_POINT('',(26.25,31.6799999999997,-87.9986869196822));
#17209=CARTESIAN_POINT('Origin',(28.75,31.6799999999997,-87.9986869196822));
#17210=CARTESIAN_POINT('',(23.7500000000001,31.6799999999997,-87.9986869196822));
#17211=CARTESIAN_POINT('Origin',(23.7500000000001,31.6799999999997,-90.4986869196822));
#17212=CARTESIAN_POINT('',(21.2500000000001,31.6799999999997,-90.4986869196822));
#17213=CARTESIAN_POINT('Origin',(21.2500000000001,31.6799999999997,-87.9986869196822));
#17214=CARTESIAN_POINT('',(21.2500000000001,31.6799999999997,-92.9986869196822));
#17215=CARTESIAN_POINT('Origin',(23.7500000000001,31.6799999999997,-92.9986869196822));
#17216=CARTESIAN_POINT('',(23.7500000000001,31.6799999999997,-95.4986869196822));
#17217=CARTESIAN_POINT('Origin',(21.2500000000001,31.6799999999997,-95.4986869196822));
#17218=CARTESIAN_POINT('',(26.25,31.6799999999997,-95.4986869196822));
#17219=CARTESIAN_POINT('Origin',(26.25,31.6799999999997,-92.9986869196822));
#17220=CARTESIAN_POINT('Origin',(-21.25,31.6799999999997,-107.165353586349));
#17221=CARTESIAN_POINT('',(-21.25,31.6799999999997,-104.665353586349));
#17222=CARTESIAN_POINT('',(-21.25,31.6799999999997,-102.165353586349));
#17223=CARTESIAN_POINT('Origin',(-23.75,31.6799999999997,-102.165353586349));
#17224=CARTESIAN_POINT('',(-23.75,31.6799999999997,-99.6653535863489));
#17225=CARTESIAN_POINT('Origin',(-21.25,31.6799999999997,-99.6653535863489));
#17226=CARTESIAN_POINT('',(-26.2499999999999,31.6799999999997,-99.6653535863489));
#17227=CARTESIAN_POINT('Origin',(-26.2499999999999,31.6799999999997,-102.165353586349));
#17228=CARTESIAN_POINT('',(-28.7499999999999,31.6799999999997,-102.165353586349));
#17229=CARTESIAN_POINT('Origin',(-28.7499999999999,31.6799999999997,-99.6653535863489));
#17230=CARTESIAN_POINT('',(-28.7499999999999,31.6799999999997,-104.665353586349));
#17231=CARTESIAN_POINT('Origin',(-26.2499999999999,31.6799999999997,-104.665353586349));
#17232=CARTESIAN_POINT('',(-26.2499999999999,31.6799999999997,-107.165353586349));
#17233=CARTESIAN_POINT('Origin',(-28.7499999999999,31.6799999999997,-107.165353586349));
#17234=CARTESIAN_POINT('',(-23.75,31.6799999999997,-107.165353586349));
#17235=CARTESIAN_POINT('Origin',(-23.75,31.6799999999997,-104.665353586349));
#17236=CARTESIAN_POINT('Origin',(-8.74999999999999,31.6799999999997,-107.165353586349));
#17237=CARTESIAN_POINT('',(-8.74999999999999,31.6799999999997,-104.665353586349));
#17238=CARTESIAN_POINT('',(-8.74999999999999,31.6799999999997,-102.165353586349));
#17239=CARTESIAN_POINT('Origin',(-11.25,31.6799999999997,-102.165353586349));
#17240=CARTESIAN_POINT('',(-11.25,31.6799999999997,-99.6653535863489));
#17241=CARTESIAN_POINT('Origin',(-8.74999999999999,31.6799999999997,-99.6653535863489));
#17242=CARTESIAN_POINT('',(-13.7499999999999,31.6799999999997,-99.6653535863489));
#17243=CARTESIAN_POINT('Origin',(-13.7499999999999,31.6799999999997,-102.165353586349));
#17244=CARTESIAN_POINT('',(-16.2499999999999,31.6799999999997,-102.165353586349));
#17245=CARTESIAN_POINT('Origin',(-16.2499999999999,31.6799999999997,-99.6653535863489));
#17246=CARTESIAN_POINT('',(-16.2499999999999,31.6799999999997,-104.665353586349));
#17247=CARTESIAN_POINT('Origin',(-13.7499999999999,31.6799999999997,-104.665353586349));
#17248=CARTESIAN_POINT('',(-13.7499999999999,31.6799999999997,-107.165353586349));
#17249=CARTESIAN_POINT('Origin',(-16.2499999999999,31.6799999999997,-107.165353586349));
#17250=CARTESIAN_POINT('',(-11.25,31.6799999999997,-107.165353586349));
#17251=CARTESIAN_POINT('Origin',(-11.25,31.6799999999997,-104.665353586349));
#17252=CARTESIAN_POINT('Origin',(3.75000000000001,31.6799999999997,-107.165353586349));
#17253=CARTESIAN_POINT('',(3.75000000000001,31.6799999999997,-104.665353586349));
#17254=CARTESIAN_POINT('',(3.75000000000001,31.6799999999997,-102.165353586349));
#17255=CARTESIAN_POINT('Origin',(1.25000000000001,31.6799999999997,-102.165353586349));
#17256=CARTESIAN_POINT('',(1.25000000000001,31.6799999999997,-99.6653535863489));
#17257=CARTESIAN_POINT('Origin',(3.75000000000001,31.6799999999997,-99.6653535863489));
#17258=CARTESIAN_POINT('',(-1.24999999999989,31.6799999999997,-99.6653535863489));
#17259=CARTESIAN_POINT('Origin',(-1.24999999999989,31.6799999999997,-102.165353586349));
#17260=CARTESIAN_POINT('',(-3.74999999999989,31.6799999999997,-102.165353586349));
#17261=CARTESIAN_POINT('Origin',(-3.74999999999989,31.6799999999997,-99.6653535863489));
#17262=CARTESIAN_POINT('',(-3.7499999999999,31.6799999999997,-104.665353586349));
#17263=CARTESIAN_POINT('Origin',(-1.2499999999999,31.6799999999997,-104.665353586349));
#17264=CARTESIAN_POINT('',(-1.2499999999999,31.6799999999997,-107.165353586349));
#17265=CARTESIAN_POINT('Origin',(-3.7499999999999,31.6799999999997,-107.165353586349));
#17266=CARTESIAN_POINT('',(1.25000000000001,31.6799999999997,-107.165353586349));
#17267=CARTESIAN_POINT('Origin',(1.25000000000001,31.6799999999997,-104.665353586349));
#17268=CARTESIAN_POINT('Origin',(16.25,31.6799999999997,-107.165353586349));
#17269=CARTESIAN_POINT('',(16.25,31.6799999999997,-104.665353586349));
#17270=CARTESIAN_POINT('',(16.25,31.6799999999997,-102.165353586349));
#17271=CARTESIAN_POINT('Origin',(13.75,31.6799999999997,-102.165353586349));
#17272=CARTESIAN_POINT('',(13.75,31.6799999999997,-99.6653535863489));
#17273=CARTESIAN_POINT('Origin',(16.25,31.6799999999997,-99.6653535863489));
#17274=CARTESIAN_POINT('',(11.2500000000001,31.6799999999997,-99.6653535863489));
#17275=CARTESIAN_POINT('Origin',(11.2500000000001,31.6799999999997,-102.165353586349));
#17276=CARTESIAN_POINT('',(8.7500000000001,31.6799999999997,-102.165353586349));
#17277=CARTESIAN_POINT('Origin',(8.75000000000011,31.6799999999997,-99.6653535863489));
#17278=CARTESIAN_POINT('',(8.7500000000001,31.6799999999997,-104.665353586349));
#17279=CARTESIAN_POINT('Origin',(11.2500000000001,31.6799999999997,-104.665353586349));
#17280=CARTESIAN_POINT('',(11.2500000000001,31.6799999999997,-107.165353586349));
#17281=CARTESIAN_POINT('Origin',(8.7500000000001,31.6799999999997,-107.165353586349));
#17282=CARTESIAN_POINT('',(13.75,31.6799999999997,-107.165353586349));
#17283=CARTESIAN_POINT('Origin',(13.75,31.6799999999997,-104.665353586349));
#17284=CARTESIAN_POINT('Origin',(28.75,31.6799999999997,-107.165353586349));
#17285=CARTESIAN_POINT('',(28.75,31.6799999999997,-102.165353586349));
#17286=CARTESIAN_POINT('Origin',(26.25,31.6799999999997,-102.165353586349));
#17287=CARTESIAN_POINT('',(26.25,31.6799999999997,-99.6653535863489));
#17288=CARTESIAN_POINT('Origin',(28.75,31.6799999999997,-99.6653535863489));
#17289=CARTESIAN_POINT('Origin',(21.2500000000001,31.6799999999997,-99.6653535863489));
#17290=CARTESIAN_POINT('',(21.2500000000001,31.6799999999997,-104.665353586349));
#17291=CARTESIAN_POINT('Origin',(23.7500000000001,31.6799999999997,-104.665353586349));
#17292=CARTESIAN_POINT('Origin',(-21.25,31.6799999999997,-118.832020253016));
#17293=CARTESIAN_POINT('',(-21.25,31.6799999999997,-116.332020253016));
#17294=CARTESIAN_POINT('',(-21.25,31.6799999999997,-113.832020253016));
#17295=CARTESIAN_POINT('Origin',(-23.75,31.6799999999997,-113.832020253016));
#17296=CARTESIAN_POINT('',(-23.75,31.6799999999997,-111.332020253016));
#17297=CARTESIAN_POINT('Origin',(-21.25,31.6799999999997,-111.332020253016));
#17298=CARTESIAN_POINT('',(-26.2499999999999,31.6799999999997,-111.332020253016));
#17299=CARTESIAN_POINT('Origin',(-26.2499999999999,31.6799999999997,-113.832020253016));
#17300=CARTESIAN_POINT('',(-28.7499999999999,31.6799999999997,-113.832020253016));
#17301=CARTESIAN_POINT('Origin',(-28.7499999999999,31.6799999999997,-111.332020253016));
#17302=CARTESIAN_POINT('',(-28.7499999999999,31.6799999999997,-116.332020253016));
#17303=CARTESIAN_POINT('Origin',(-26.2499999999999,31.6799999999997,-116.332020253016));
#17304=CARTESIAN_POINT('',(-26.2499999999999,31.6799999999997,-118.832020253016));
#17305=CARTESIAN_POINT('Origin',(-28.7499999999999,31.6799999999997,-118.832020253016));
#17306=CARTESIAN_POINT('',(-23.75,31.6799999999997,-118.832020253016));
#17307=CARTESIAN_POINT('Origin',(-23.75,31.6799999999997,-116.332020253016));
#17308=CARTESIAN_POINT('Origin',(-8.74999999999999,31.6799999999997,-118.832020253016));
#17309=CARTESIAN_POINT('',(-8.74999999999999,31.6799999999997,-116.332020253016));
#17310=CARTESIAN_POINT('',(-8.74999999999999,31.6799999999997,-113.832020253016));
#17311=CARTESIAN_POINT('Origin',(-11.25,31.6799999999997,-113.832020253016));
#17312=CARTESIAN_POINT('',(-11.25,31.6799999999997,-111.332020253016));
#17313=CARTESIAN_POINT('Origin',(-8.74999999999999,31.6799999999997,-111.332020253016));
#17314=CARTESIAN_POINT('',(-13.7499999999999,31.6799999999997,-111.332020253016));
#17315=CARTESIAN_POINT('Origin',(-13.7499999999999,31.6799999999997,-113.832020253016));
#17316=CARTESIAN_POINT('',(-16.2499999999999,31.6799999999997,-113.832020253016));
#17317=CARTESIAN_POINT('Origin',(-16.2499999999999,31.6799999999997,-111.332020253016));
#17318=CARTESIAN_POINT('',(-16.2499999999999,31.6799999999997,-116.332020253016));
#17319=CARTESIAN_POINT('Origin',(-13.7499999999999,31.6799999999997,-116.332020253016));
#17320=CARTESIAN_POINT('',(-13.7499999999999,31.6799999999997,-118.832020253016));
#17321=CARTESIAN_POINT('Origin',(-16.2499999999999,31.6799999999997,-118.832020253016));
#17322=CARTESIAN_POINT('',(-11.25,31.6799999999997,-118.832020253016));
#17323=CARTESIAN_POINT('Origin',(-11.25,31.6799999999997,-116.332020253016));
#17324=CARTESIAN_POINT('Origin',(3.75000000000001,31.6799999999997,-118.832020253016));
#17325=CARTESIAN_POINT('',(3.75000000000001,31.6799999999997,-116.332020253016));
#17326=CARTESIAN_POINT('',(3.75000000000001,31.6799999999997,-113.832020253016));
#17327=CARTESIAN_POINT('Origin',(1.25000000000001,31.6799999999997,-113.832020253016));
#17328=CARTESIAN_POINT('',(1.25000000000001,31.6799999999997,-111.332020253016));
#17329=CARTESIAN_POINT('Origin',(3.75000000000001,31.6799999999997,-111.332020253016));
#17330=CARTESIAN_POINT('',(-1.24999999999989,31.6799999999997,-111.332020253016));
#17331=CARTESIAN_POINT('Origin',(-1.24999999999989,31.6799999999997,-113.832020253016));
#17332=CARTESIAN_POINT('',(-3.74999999999989,31.6799999999997,-113.832020253016));
#17333=CARTESIAN_POINT('Origin',(-3.74999999999989,31.6799999999997,-111.332020253016));
#17334=CARTESIAN_POINT('',(-3.7499999999999,31.6799999999997,-116.332020253016));
#17335=CARTESIAN_POINT('Origin',(-1.2499999999999,31.6799999999997,-116.332020253016));
#17336=CARTESIAN_POINT('',(-1.2499999999999,31.6799999999997,-118.832020253016));
#17337=CARTESIAN_POINT('Origin',(-3.7499999999999,31.6799999999997,-118.832020253016));
#17338=CARTESIAN_POINT('',(1.25000000000001,31.6799999999997,-118.832020253016));
#17339=CARTESIAN_POINT('Origin',(1.25000000000001,31.6799999999997,-116.332020253016));
#17340=CARTESIAN_POINT('Origin',(16.25,31.6799999999997,-118.832020253016));
#17341=CARTESIAN_POINT('',(16.25,31.6799999999997,-116.332020253016));
#17342=CARTESIAN_POINT('',(16.25,31.6799999999997,-113.832020253016));
#17343=CARTESIAN_POINT('Origin',(13.75,31.6799999999997,-113.832020253016));
#17344=CARTESIAN_POINT('',(13.75,31.6799999999997,-111.332020253016));
#17345=CARTESIAN_POINT('Origin',(16.25,31.6799999999997,-111.332020253016));
#17346=CARTESIAN_POINT('',(11.2500000000001,31.6799999999997,-111.332020253016));
#17347=CARTESIAN_POINT('Origin',(11.2500000000001,31.6799999999997,-113.832020253016));
#17348=CARTESIAN_POINT('',(8.75000000000011,31.6799999999997,-113.832020253016));
#17349=CARTESIAN_POINT('Origin',(8.75000000000011,31.6799999999997,-111.332020253016));
#17350=CARTESIAN_POINT('',(8.7500000000001,31.6799999999997,-116.332020253016));
#17351=CARTESIAN_POINT('Origin',(11.2500000000001,31.6799999999997,-116.332020253016));
#17352=CARTESIAN_POINT('',(11.2500000000001,31.6799999999997,-118.832020253016));
#17353=CARTESIAN_POINT('Origin',(8.7500000000001,31.6799999999997,-118.832020253016));
#17354=CARTESIAN_POINT('',(13.75,31.6799999999997,-118.832020253016));
#17355=CARTESIAN_POINT('Origin',(13.75,31.6799999999997,-116.332020253016));
#17356=CARTESIAN_POINT('Origin',(-51.,21.34048265621,-96.34048265621));
#17357=CARTESIAN_POINT('',(-47.9,21.34048265621,-96.34048265621));
#17358=CARTESIAN_POINT('',(-47.9,21.34048265621,-96.34048265621));
#17359=CARTESIAN_POINT('',(-51.,21.34048265621,-96.34048265621));
#17360=CARTESIAN_POINT('Origin',(-51.,30.8595122676473,-63.1785469552272));
#17361=CARTESIAN_POINT('',(-47.9,21.3404826562099,-53.6595173437899));
#17362=CARTESIAN_POINT('',(-44.52,21.3404826562099,-53.6595173437899));
#17363=CARTESIAN_POINT('',(-47.9,26.0999974619286,-58.4190321495085));
#17364=CARTESIAN_POINT('Origin',(51.,21.34048265621,-96.34048265621));
#17365=CARTESIAN_POINT('',(47.9,21.34048265621,-96.34048265621));
#17366=CARTESIAN_POINT('',(51.,21.34048265621,-96.34048265621));
#17367=CARTESIAN_POINT('',(47.9,21.34048265621,-96.34048265621));
#17368=CARTESIAN_POINT('Origin',(51.,30.8595122676473,-63.1785469552272));
#17369=CARTESIAN_POINT('',(47.9,21.3404826562099,-53.6595173437899));
#17370=CARTESIAN_POINT('',(47.9,26.0999974619286,-58.4190321495085));
#17371=CARTESIAN_POINT('',(51.,21.3404826562099,-53.6595173437899));
#17372=CARTESIAN_POINT('Origin',(0.,-10.1674823323072,29.9664722074343));
#17373=CARTESIAN_POINT('',(33.5,2.86604546089612,43.));
#17374=CARTESIAN_POINT('',(33.5,-29.0277781292966,11.1061764113675));
#17375=CARTESIAN_POINT('',(-33.5,2.86604546089612,43.));
#17376=CARTESIAN_POINT('',(0.,2.86604546089612,43.));
#17377=CARTESIAN_POINT('',(-33.5,-29.0277781292966,11.1061764113675));
#17378=CARTESIAN_POINT('Origin',(0.,2.86604546089612,43.));
#17379=CARTESIAN_POINT('',(-33.5,6.90503939435997,43.));
#17380=CARTESIAN_POINT('',(-33.5,-14.5130739254359,43.));
#17381=CARTESIAN_POINT('',(33.5,6.90503939435997,43.));
#17382=CARTESIAN_POINT('',(33.5,-14.5130739254359,43.));
#17383=CARTESIAN_POINT('',(0.,6.90503939435997,43.));
#17384=CARTESIAN_POINT('Origin',(0.,7.20981976491107,40.68));
#17385=CARTESIAN_POINT('',(0.,7.20981976491107,40.68));
#17386=CARTESIAN_POINT('',(0.,3.17082583231331,40.68));
#17387=CARTESIAN_POINT('Origin',(-33.5,-31.8921933117678,-23.75));
#17388=CARTESIAN_POINT('',(-33.5,10.6766620467449,46.7716226548603));
#17389=CARTESIAN_POINT('',(-33.5,-19.4817687803504,16.6131918198012));
#17390=CARTESIAN_POINT('Origin',(-33.5,0.,75.));
#17391=CARTESIAN_POINT('Origin',(0.,32.5,65.9701802328136));
#17392=CARTESIAN_POINT('',(0.,30.18,63.6501802328157));
#17393=CARTESIAN_POINT('Origin',(0.,32.4999999999565,65.9701802417237));
#17394=CARTESIAN_POINT('Origin',(0.,0.,75.));
#17395=CARTESIAN_POINT('',(-36.9,4.44089209850063E-15,94.5));
#17396=CARTESIAN_POINT('',(-40.,-2.38806125833734E-15,94.5));
#17397=CARTESIAN_POINT('',(0.,0.,94.5));
#17398=CARTESIAN_POINT('Origin',(-40.,0.,75.));
#17399=CARTESIAN_POINT('Origin',(-36.9,0.,75.));
#17400=CARTESIAN_POINT('Origin',(33.5,-31.8921933117678,-23.75));
#17401=CARTESIAN_POINT('',(33.5,10.6766620467449,46.7716226548603));
#17402=CARTESIAN_POINT('Origin',(33.5,0.,75.));
#17403=CARTESIAN_POINT('',(33.5,-19.4817687803504,16.6131918198012));
#17404=CARTESIAN_POINT('Origin',(0.,30.8595122676472,86.8214530447728));
#17405=CARTESIAN_POINT('',(-36.9,21.34048265621,96.34048265621));
#17406=CARTESIAN_POINT('',(0.,21.34048265621,96.34048265621));
#17407=CARTESIAN_POINT('',(-36.9,30.18,87.50096531242));
#17408=CARTESIAN_POINT('',(-36.9,26.0999974619286,91.5809678504914));
#17409=CARTESIAN_POINT('',(0.,30.18,87.50096531242));
#17410=CARTESIAN_POINT('Origin',(0.,0.,-75.));
#17411=CARTESIAN_POINT('',(-51.,0.,-94.5));
#17412=CARTESIAN_POINT('Origin',(-51.,0.,-75.));
#17413=CARTESIAN_POINT('',(-47.9,0.,-94.5));
#17414=CARTESIAN_POINT('',(0.,0.,-94.5));
#17415=CARTESIAN_POINT('Origin',(-47.9,0.,-75.));
#17416=CARTESIAN_POINT('Origin',(-51.,0.,-75.));
#17417=CARTESIAN_POINT('Origin',(-47.9,0.,-75.));
#17418=CARTESIAN_POINT('Origin',(-51.,0.,-75.));
#17419=CARTESIAN_POINT('',(-47.9,0.,-105.18));
#17420=CARTESIAN_POINT('',(-51.,0.,-105.18));
#17421=CARTESIAN_POINT('Origin',(-47.9,0.,-75.));
#17422=CARTESIAN_POINT('Origin',(-47.9,2.22044604925031E-14,-75.));
#17423=CARTESIAN_POINT('',(-47.9,0.,-49.014718625758));
#17424=CARTESIAN_POINT('Origin',(0.,0.,-75.));
#17425=CARTESIAN_POINT('',(47.9,0.,-94.5));
#17426=CARTESIAN_POINT('Origin',(47.9,0.,-75.));
#17427=CARTESIAN_POINT('',(51.,0.,-94.5));
#17428=CARTESIAN_POINT('',(0.,0.,-94.5));
#17429=CARTESIAN_POINT('Origin',(51.,0.,-75.));
#17430=CARTESIAN_POINT('Origin',(47.9,2.22044604925031E-14,-75.));
#17431=CARTESIAN_POINT('Origin',(47.9,0.,-75.));
#17432=CARTESIAN_POINT('',(47.9,0.,-105.18));
#17433=CARTESIAN_POINT('Origin',(47.9,0.,-75.));
#17434=CARTESIAN_POINT('',(47.9,0.,-49.014718625758));
#17435=CARTESIAN_POINT('Origin',(51.,0.,-75.));
#17436=CARTESIAN_POINT('Origin',(51.,0.,-75.));
#17437=CARTESIAN_POINT('',(51.,0.,-105.18));
#17438=CARTESIAN_POINT('Origin',(0.,0.,75.));
#17439=CARTESIAN_POINT('',(-36.9,0.,105.18));
#17440=CARTESIAN_POINT('',(0.,0.,105.18));
#17441=CARTESIAN_POINT('Origin',(-36.9,0.,75.));
#17442=CARTESIAN_POINT('Origin',(0.,0.,75.));
#17443=CARTESIAN_POINT('',(0.,10.6766620467449,46.7716226548603));
#17444=CARTESIAN_POINT('Origin',(0.,0.,75.));
#17445=CARTESIAN_POINT('',(-36.9,10.6766620467449,46.7716226548603));
#17446=CARTESIAN_POINT('',(0.,10.6766620467449,46.7716226548603));
#17447=CARTESIAN_POINT('Origin',(-36.9,0.,75.));
#17448=CARTESIAN_POINT('Origin',(0.,3.17082583231331,40.68));
#17449=CARTESIAN_POINT('Origin',(0.,0.,75.));
#17450=CARTESIAN_POINT('',(0.,0.,94.5));
#17451=CARTESIAN_POINT('Origin',(-30.4999999999906,31.68,-130.));
#17452=CARTESIAN_POINT('',(-30.5000000000087,31.68,-122.999999999987));
#17453=CARTESIAN_POINT('Origin',(-15.5000000000452,31.68,-123.000000000059));
#17454=CARTESIAN_POINT('Origin',(23.0000000000001,26.68,74.9999999999999));
#17455=CARTESIAN_POINT('',(30.5000000000203,26.68,81.9999999999169));
#17456=CARTESIAN_POINT('Origin',(30.5,26.68,74.9999999999782));
#17457=CARTESIAN_POINT('',(15.5000000000203,26.68,81.9999999999603));
#17458=CARTESIAN_POINT('',(30.5000000000203,26.68,81.9999999999169));
#17459=CARTESIAN_POINT('',(15.4999999999797,26.68,68.0000000000833));
#17460=CARTESIAN_POINT('Origin',(15.5,26.68,75.0000000000218));
#17461=CARTESIAN_POINT('',(30.4999999999797,26.68,68.0000000000395));
#17462=CARTESIAN_POINT('',(15.4999999999797,26.68,68.0000000000833));
#17463=CARTESIAN_POINT('Origin',(30.5,26.68,74.9999999999782));
#17464=CARTESIAN_POINT('',(15.4999999999867,26.68,70.4374433177127));
#17465=CARTESIAN_POINT('',(15.5000000000132,26.68,79.5625566823307));
#17466=CARTESIAN_POINT('Origin',(15.5,26.68,75.0000000000218));
#17467=CARTESIAN_POINT('',(30.5000000000133,26.68,79.5625566822873));
#17468=CARTESIAN_POINT('',(19.2500000000133,26.68,79.5625566823198));
#17469=CARTESIAN_POINT('',(30.4999999999868,26.68,70.4374433176691));
#17470=CARTESIAN_POINT('Origin',(30.5,26.68,74.9999999999782));
#17471=CARTESIAN_POINT('',(26.7499999999868,26.68,70.43744331768));
#17472=CARTESIAN_POINT('Origin',(30.5,31.68,74.9999999999782));
#17473=CARTESIAN_POINT('',(30.5000000000203,28.18,81.9999999999169));
#17474=CARTESIAN_POINT('Origin',(30.5,28.1800000000001,74.9999999999782));
#17475=CARTESIAN_POINT('',(30.5000000000203,31.68,81.9999999999169));
#17476=CARTESIAN_POINT('Origin',(30.5000000000203,31.68,81.9999999999169));
#17477=CARTESIAN_POINT('',(15.5000000000203,28.1800000000001,81.9999999999603));
#17478=CARTESIAN_POINT('',(15.2500000003328,28.18,81.999999999961));
#17479=CARTESIAN_POINT('',(15.5000000000203,31.68,81.9999999999603));
#17480=CARTESIAN_POINT('Origin',(15.5000000000145,31.68,79.9999999999603));
#17481=CARTESIAN_POINT('',(30.5000000000142,30.1857079528625,79.8692663857954));
#17482=CARTESIAN_POINT('',(15.5000000000141,30.1857079528625,79.8692663858388));
#17483=CARTESIAN_POINT('',(7.75000000032662,30.1857079528624,79.8692663858612));
#17484=CARTESIAN_POINT('',(30.5000000000145,31.68,79.9999999999169));
#17485=CARTESIAN_POINT('',(15.5000000000145,31.68,79.9999999999603));
#17486=CARTESIAN_POINT('Origin',(15.4999999999797,31.68,68.0000000000833));
#17487=CARTESIAN_POINT('',(30.4999999999797,28.1800000000001,68.0000000000395));
#17488=CARTESIAN_POINT('',(15.4999999999797,28.1800000000001,68.0000000000833));
#17489=CARTESIAN_POINT('',(7.75000000029503,28.18,68.0000000001059));
#17490=CARTESIAN_POINT('',(30.4999999999797,31.68,68.0000000000395));
#17491=CARTESIAN_POINT('',(15.4999999999797,31.68,68.0000000000833));
#17492=CARTESIAN_POINT('Origin',(15.5,31.68,75.0000000000218));
#17493=CARTESIAN_POINT('Origin',(15.5,28.1800000000001,75.0000000000218));
#17494=CARTESIAN_POINT('Origin',(30.5,31.68,74.9999999999782));
#17495=CARTESIAN_POINT('',(30.4999999999859,30.1857079528624,70.130733614161));
#17496=CARTESIAN_POINT('Origin',(30.5,30.1857079528625,74.9999999999782));
#17497=CARTESIAN_POINT('',(30.4999999999855,31.68,70.0000000000395));
#17498=CARTESIAN_POINT('Origin',(-36.9,0.,75.));
#17499=CARTESIAN_POINT('',(-36.9,30.18,66.2749606132656));
#17500=CARTESIAN_POINT('',(-36.9,13.1787795454861,49.2737401542622));
#17501=CARTESIAN_POINT('',(-36.9,30.18,68.6722831922428));
#17502=CARTESIAN_POINT('',(-36.9,30.18,-33.0000000000001));
#17503=CARTESIAN_POINT('',(-36.9,28.1800000000001,72.1645106243779));
#17504=CARTESIAN_POINT('Ctrl Pts',(-36.9,30.1800000000001,68.6722831922428));
#17505=CARTESIAN_POINT('Ctrl Pts',(-36.9,30.1800000000001,69.083380837199));
#17506=CARTESIAN_POINT('Ctrl Pts',(-36.9,30.1027905126627,69.5706184888398));
#17507=CARTESIAN_POINT('Ctrl Pts',(-36.9,29.86751142295,70.3731164034696));
#17508=CARTESIAN_POINT('Ctrl Pts',(-36.9,29.6629856629581,70.8405441955827));
#17509=CARTESIAN_POINT('Ctrl Pts',(-36.9,29.2627203982504,71.4728330043091));
#17510=CARTESIAN_POINT('Ctrl Pts',(-36.9,29.0206252815742,71.7757623336801));
#17511=CARTESIAN_POINT('Ctrl Pts',(-36.9,28.6688775587017,72.0224213033206));
#17512=CARTESIAN_POINT('Ctrl Pts',(-36.9,28.5566530391728,72.0834632345981));
#17513=CARTESIAN_POINT('Ctrl Pts',(-36.9,28.3723333244799,72.1459650228959));
#17514=CARTESIAN_POINT('Ctrl Pts',(-36.9,28.2681688125297,72.1645106243779));
#17515=CARTESIAN_POINT('Ctrl Pts',(-36.9,28.1800000000001,72.1645106243779));
#17516=CARTESIAN_POINT('',(-36.9,26.68,72.1645106243779));
#17517=CARTESIAN_POINT('',(-36.9,31.68,72.1645106243779));
#17518=CARTESIAN_POINT('',(-36.9,26.68,77.8354893755785));
#17519=CARTESIAN_POINT('',(-36.9,26.68,74.9999999999999));
#17520=CARTESIAN_POINT('',(-36.9,28.1800000000001,77.8354893755785));
#17521=CARTESIAN_POINT('',(-36.9,31.68,77.8354893755785));
#17522=CARTESIAN_POINT('',(-36.9,30.18,81.3277168077136));
#17523=CARTESIAN_POINT('Ctrl Pts',(-36.9,28.1800000000001,77.8354893755785));
#17524=CARTESIAN_POINT('Ctrl Pts',(-36.9,28.2681688125297,77.8354893755785));
#17525=CARTESIAN_POINT('Ctrl Pts',(-36.9,28.3723333244799,77.8540349770605));
#17526=CARTESIAN_POINT('Ctrl Pts',(-36.9,28.5566530391728,77.9165367653583));
#17527=CARTESIAN_POINT('Ctrl Pts',(-36.9,28.6688775587017,77.9775786966359));
#17528=CARTESIAN_POINT('Ctrl Pts',(-36.9,29.0206252815742,78.2242376662763));
#17529=CARTESIAN_POINT('Ctrl Pts',(-36.9,29.2627203982504,78.5271669956474));
#17530=CARTESIAN_POINT('Ctrl Pts',(-36.9,29.6629856629581,79.1594558043737));
#17531=CARTESIAN_POINT('Ctrl Pts',(-36.9,29.86751142295,79.6268835964868));
#17532=CARTESIAN_POINT('Ctrl Pts',(-36.9,30.1027905126627,80.4293815111166));
#17533=CARTESIAN_POINT('Ctrl Pts',(-36.9,30.1800000000001,80.9166191627575));
#17534=CARTESIAN_POINT('Ctrl Pts',(-36.9,30.1800000000001,81.3277168077136));
#17535=CARTESIAN_POINT('',(-36.9,30.18,-33.0000000000001));
#17536=CARTESIAN_POINT('',(-36.9,0.,25.985281374242));
#17537=CARTESIAN_POINT('Origin',(-23.0000000000001,26.68,74.9999999999999));
#17538=CARTESIAN_POINT('',(-30.4999999999797,26.68,68.0000000000395));
#17539=CARTESIAN_POINT('Origin',(-30.5,26.68,74.9999999999782));
#17540=CARTESIAN_POINT('',(-15.4999999999797,26.68,68.0000000000833));
#17541=CARTESIAN_POINT('',(-15.4999999999797,26.68,68.0000000000833));
#17542=CARTESIAN_POINT('',(-15.5000000000203,26.68,81.9999999999603));
#17543=CARTESIAN_POINT('Origin',(-15.5,26.68,75.0000000000218));
#17544=CARTESIAN_POINT('',(-30.5000000000203,26.68,81.9999999999169));
#17545=CARTESIAN_POINT('',(-30.5000000000203,26.68,81.9999999999169));
#17546=CARTESIAN_POINT('Origin',(-30.5,26.68,74.9999999999782));
#17547=CARTESIAN_POINT('',(-30.4999999999868,26.68,70.4374433176691));
#17548=CARTESIAN_POINT('',(-30.5000000000133,26.68,79.5625566822873));
#17549=CARTESIAN_POINT('Origin',(-30.5,26.68,74.9999999999782));
#17550=CARTESIAN_POINT('',(-15.5000000000132,26.68,79.5625566823307));
#17551=CARTESIAN_POINT('',(-26.7500000000133,26.68,79.5625566822982));
#17552=CARTESIAN_POINT('',(-15.4999999999867,26.68,70.4374433177127));
#17553=CARTESIAN_POINT('Origin',(-15.5,26.68,75.0000000000218));
#17554=CARTESIAN_POINT('',(-19.2499999999868,26.68,70.4374433177018));
#17555=CARTESIAN_POINT('Origin',(-30.5,31.68,74.9999999999782));
#17556=CARTESIAN_POINT('',(-30.5000000000141,30.1857079528624,79.8692663857954));
#17557=CARTESIAN_POINT('',(-30.4999999999859,30.1857079528625,70.130733614161));
#17558=CARTESIAN_POINT('Origin',(-30.5,30.1857079528625,74.9999999999782));
#17559=CARTESIAN_POINT('',(-30.5000000000145,31.68,79.9999999999169));
#17560=CARTESIAN_POINT('',(-30.4999999999855,31.68,70.0000000000395));
#17561=CARTESIAN_POINT('Origin',(-15.5000000000203,31.68,81.9999999999603));
#17562=CARTESIAN_POINT('',(-30.5000000000203,28.1800000000001,81.9999999999169));
#17563=CARTESIAN_POINT('',(-15.5000000000203,28.18,81.9999999999603));
#17564=CARTESIAN_POINT('',(-7.75000000033272,28.18,81.9999999999827));
#17565=CARTESIAN_POINT('',(-30.5000000000203,31.68,81.9999999999169));
#17566=CARTESIAN_POINT('',(-15.5000000000203,31.68,81.9999999999603));
#17567=CARTESIAN_POINT('Origin',(-15.5,31.68,75.0000000000218));
#17568=CARTESIAN_POINT('',(-15.4999999999797,28.1800000000001,68.0000000000833));
#17569=CARTESIAN_POINT('Origin',(-15.5,28.1800000000001,75.0000000000218));
#17570=CARTESIAN_POINT('',(-15.4999999999797,31.68,68.0000000000833));
#17571=CARTESIAN_POINT('Origin',(-30.5,31.68,74.9999999999782));
#17572=CARTESIAN_POINT('',(-30.4999999999797,28.1800000000001,68.0000000000395));
#17573=CARTESIAN_POINT('Origin',(-30.5,28.1800000000001,74.9999999999782));
#17574=CARTESIAN_POINT('',(-30.4999999999797,31.68,68.0000000000395));
#17575=CARTESIAN_POINT('Origin',(-30.5,31.68,74.9999999999782));
#17576=CARTESIAN_POINT('Origin',(-30.5,28.1800000000001,74.9999999999782));
#17577=CARTESIAN_POINT('Origin',(-30.4999999999797,31.68,68.0000000000395));
#17578=CARTESIAN_POINT('',(-15.250000000295,28.18,68.000000000084));
#17579=CARTESIAN_POINT('Origin',(-15.4999999999854,31.68,70.000000000083));
#17580=CARTESIAN_POINT('',(-15.4999999999858,30.1857079528625,70.1307336142045));
#17581=CARTESIAN_POINT('',(-7.75000000029951,30.1857079528624,70.130733614227));
#17582=CARTESIAN_POINT('',(-15.4999999999854,31.68,70.000000000083));
#17583=CARTESIAN_POINT('Origin',(28.75,31.6799999999997,-111.332020253016));
#17584=CARTESIAN_POINT('',(23.7500000000001,31.6799999999997,-111.332020253016));
#17585=CARTESIAN_POINT('Origin',(23.7500000000001,31.6799999999997,-113.832020253016));
#17586=CARTESIAN_POINT('',(21.2500000000001,31.6799999999997,-113.832020253016));
#17587=CARTESIAN_POINT('Origin',(21.2500000000001,31.6799999999997,-111.332020253016));
#17588=CARTESIAN_POINT('',(21.2500000000001,31.6799999999997,-116.332020253016));
#17589=CARTESIAN_POINT('Origin',(23.7500000000001,31.6799999999997,-116.332020253016));
#17590=CARTESIAN_POINT('',(23.7500000000001,31.6799999999997,-118.832020253016));
#17591=CARTESIAN_POINT('Origin',(21.2500000000001,31.6799999999997,-118.832020253016));
#17592=CARTESIAN_POINT('',(26.25,31.6799999999997,-118.832020253016));
#17593=CARTESIAN_POINT('Origin',(26.25,31.6799999999997,-116.332020253016));
#17594=CARTESIAN_POINT('Origin',(37.6075,0.,-75.));
#17595=CARTESIAN_POINT('',(39.395,22.9809703885627,-52.0190296114371));
#17596=CARTESIAN_POINT('Origin',(-37.6075,8.2188902377103,-34.7290427178429));
#17597=CARTESIAN_POINT('',(-38.8092135623731,30.8139745962156,-59.0236066943438));
#17598=CARTESIAN_POINT('',(-36.8140347280908,30.8139745962156,-56.2019977275419));
#17599=CARTESIAN_POINT('',(-45.736463264879,30.8139745962156,-68.8202171735726));
#17600=CARTESIAN_POINT('',(-38.8092135623731,20.1416819955428,-48.351314093671));
#17601=CARTESIAN_POINT('',(-36.4057864376269,30.76867106564,-55.5793439277767));
#17602=CARTESIAN_POINT('',(-36.4057864376269,-3.70390152012219,-21.1067713420148));
#17603=CARTESIAN_POINT('Ctrl Pts',(-36.8140347280908,30.8139745962156,-56.2019977275419));
#17604=CARTESIAN_POINT('Ctrl Pts',(-36.6849083826707,30.8139745962156,-56.0193854985892));
#17605=CARTESIAN_POINT('Ctrl Pts',(-36.5511980197936,30.7970243022988,-55.8133401960618));
#17606=CARTESIAN_POINT('Ctrl Pts',(-36.4057864376269,30.76867106564,-55.5793439277767));
#17607=CARTESIAN_POINT('Origin',(51.,0.,-75.));
#17608=CARTESIAN_POINT('',(50.,0.,-107.5));
#17609=CARTESIAN_POINT('',(50.,22.9809703885628,-97.9809703885628));
#17610=CARTESIAN_POINT('Origin',(50.,0.,-75.));
#17611=CARTESIAN_POINT('',(46.52,0.,-107.5));
#17612=CARTESIAN_POINT('',(51.,0.,-107.5));
#17613=CARTESIAN_POINT('',(46.52,22.9809703885628,-97.9809703885628));
#17614=CARTESIAN_POINT('Origin',(46.52,0.,-75.));
#17615=CARTESIAN_POINT('',(51.,22.9809703885628,-97.9809703885628));
#17616=CARTESIAN_POINT('Origin',(46.52,0.,-75.));
#17617=CARTESIAN_POINT('Origin',(46.52,0.,-109.5));
#17618=CARTESIAN_POINT('Origin',(46.52,24.3951839509359,-99.3951839509359));
#17619=CARTESIAN_POINT('Origin',(-51.,0.,-75.));
#17620=CARTESIAN_POINT('',(-50.,22.9809703885628,-97.9809703885628));
#17621=CARTESIAN_POINT('',(-50.,0.,-107.5));
#17622=CARTESIAN_POINT('Origin',(-50.,0.,-75.));
#17623=CARTESIAN_POINT('',(-46.52,22.9809703885628,-97.9809703885628));
#17624=CARTESIAN_POINT('',(-51.,22.9809703885628,-97.9809703885628));
#17625=CARTESIAN_POINT('',(-46.52,0.,-107.5));
#17626=CARTESIAN_POINT('Origin',(-46.52,0.,-75.));
#17627=CARTESIAN_POINT('',(-51.,0.,-107.5));
#17628=CARTESIAN_POINT('Origin',(-46.52,9.84440834300971,-113.945959558862));
#17629=CARTESIAN_POINT('',(-44.6470166537926,30.6880994154356,-92.1103679018717));
#17630=CARTESIAN_POINT('Ctrl Pts',(-44.52,30.68,-93.1103679018718));
#17631=CARTESIAN_POINT('Ctrl Pts',(-44.52,30.68,-92.7770345685384));
#17632=CARTESIAN_POINT('Ctrl Pts',(-44.5616474439012,30.6771675624394,-92.4437012352051));
#17633=CARTESIAN_POINT('Ctrl Pts',(-44.6470166537926,30.6880994154356,-92.1103679018718));
#17634=CARTESIAN_POINT('Origin',(-46.52,24.3951839509359,-99.3951839509359));
#17635=CARTESIAN_POINT('',(-46.52,30.9728932188135,-89.9890475583121));
#17636=CARTESIAN_POINT('',(-46.52,8.43019478063662,-112.531745996489));
#17637=CARTESIAN_POINT('Ctrl Pts',(-44.6470166537926,30.6880994154356,-92.1103679018717));
#17638=CARTESIAN_POINT('Ctrl Pts',(-44.8568689482455,30.7149718022926,-91.2909768719367));
#17639=CARTESIAN_POINT('Ctrl Pts',(-45.4278237309281,30.8404160978253,-90.4660413748145));
#17640=CARTESIAN_POINT('Ctrl Pts',(-46.1365704111635,30.9556711447373,-90.0392863694841));
#17641=CARTESIAN_POINT('Ctrl Pts',(-46.3704003498291,30.9728932188135,-89.9890475583121));
#17642=CARTESIAN_POINT('Ctrl Pts',(-46.52,30.9728932188135,-89.9890475583121));
#17643=CARTESIAN_POINT('Origin',(-46.52,0.,-75.));
#17644=CARTESIAN_POINT('Origin',(-46.52,0.,-109.5));
#17645=CARTESIAN_POINT('Origin',(37.82,-8.265364377006,17.9442677211221));
#17646=CARTESIAN_POINT('',(37.82,30.9728932188135,60.0109524416879));
#17647=CARTESIAN_POINT('',(35.9470166537926,30.6880994154355,57.8896320981283));
#17648=CARTESIAN_POINT('Ctrl Pts',(37.82,30.9728932188135,60.0109524416879));
#17649=CARTESIAN_POINT('Ctrl Pts',(37.6704003498291,30.9728932188135,60.0109524416879));
#17650=CARTESIAN_POINT('Ctrl Pts',(37.3587829937736,30.9502555156811,59.9523529393832));
#17651=CARTESIAN_POINT('Ctrl Pts',(36.5963120079629,30.8094026591687,59.395425067166));
#17652=CARTESIAN_POINT('Ctrl Pts',(36.1044058746323,30.7082537055783,58.5041753705796));
#17653=CARTESIAN_POINT('Ctrl Pts',(35.9470166537926,30.6880994154355,57.8896320981283));
#17654=CARTESIAN_POINT('',(37.82,-9.67957793937909,19.3584812834952));
#17655=CARTESIAN_POINT('Ctrl Pts',(35.9470166537926,30.6880994154355,57.8896320981283));
#17656=CARTESIAN_POINT('Ctrl Pts',(35.8616474439012,30.6771675624393,57.5562987647949));
#17657=CARTESIAN_POINT('Ctrl Pts',(35.82,30.68,57.2229654314616));
#17658=CARTESIAN_POINT('Ctrl Pts',(35.82,30.68,56.8896320981283));
#17659=CARTESIAN_POINT('Origin',(0.,0.,75.));
#17660=CARTESIAN_POINT('',(-39.,22.9809703885628,52.0190296114372));
#17661=CARTESIAN_POINT('Origin',(-39.,0.,75.));
#17662=CARTESIAN_POINT('',(-40.,22.9809703885628,52.0190296114372));
#17663=CARTESIAN_POINT('Origin',(-37.82,-8.265364377006,17.9442677211221));
#17664=CARTESIAN_POINT('',(-35.9470166537926,30.6880994154355,57.8896320981283));
#17665=CARTESIAN_POINT('Ctrl Pts',(-35.82,30.68,56.8896320981283));
#17666=CARTESIAN_POINT('Ctrl Pts',(-35.82,30.68,57.2229654314616));
#17667=CARTESIAN_POINT('Ctrl Pts',(-35.8616474439012,30.6771675624393,57.5562987647949));
#17668=CARTESIAN_POINT('Ctrl Pts',(-35.9470166537926,30.6880994154355,57.8896320981283));
#17669=CARTESIAN_POINT('',(-37.82,30.9728932188135,60.0109524416879));
#17670=CARTESIAN_POINT('',(-37.82,-9.67957793937909,19.3584812834952));
#17671=CARTESIAN_POINT('Ctrl Pts',(-35.9470166537926,30.6880994154355,57.8896320981283));
#17672=CARTESIAN_POINT('Ctrl Pts',(-36.1568689482455,30.7149718022925,58.7090231280633));
#17673=CARTESIAN_POINT('Ctrl Pts',(-36.7278281202844,30.8403863988235,59.5340758567761));
#17674=CARTESIAN_POINT('Ctrl Pts',(-37.4365978804686,30.9556566345378,59.9607665034709));
#17675=CARTESIAN_POINT('Ctrl Pts',(-37.6704003498291,30.9728932188135,60.0109524416879));
#17676=CARTESIAN_POINT('Ctrl Pts',(-37.82,30.9728932188135,60.0109524416879));
#17677=CARTESIAN_POINT('Origin',(-51.,32.5,-61.5380592228744));
#17678=CARTESIAN_POINT('',(-50.,22.9809703885627,-52.0190296114371));
#17679=CARTESIAN_POINT('',(-50.,30.9728932188135,-60.0109524416878));
#17680=CARTESIAN_POINT('',(-50.,27.7404851942814,-56.7785444171557));
#17681=CARTESIAN_POINT('',(-44.52,22.9809703885627,-52.0190296114371));
#17682=CARTESIAN_POINT('',(-40.2234271247462,30.9728932188135,-60.0109524416878));
#17683=CARTESIAN_POINT('',(-40.2234271247462,19.7274684331697,-48.7655276560441));
#17684=CARTESIAN_POINT('',(-25.5,30.9728932188135,-60.0109524416878));
#17685=CARTESIAN_POINT('Origin',(-51.,0.,-75.));
#17686=CARTESIAN_POINT('Origin',(-50.,0.,-75.));
#17687=CARTESIAN_POINT('Origin',(-40.2234271247462,21.1416819955428,-47.351314093671));
#17688=CARTESIAN_POINT('',(-39.2757684422668,30.8593357470493,-59.5597279787597));
#17689=CARTESIAN_POINT('Ctrl Pts',(-40.2234271247462,30.9728932188135,-60.0109524416878));
#17690=CARTESIAN_POINT('Ctrl Pts',(-40.0738274745753,30.9728932188135,-60.0109524416878));
#17691=CARTESIAN_POINT('Ctrl Pts',(-39.8011267045283,30.9519420015456,-59.9566667827863));
#17692=CARTESIAN_POINT('Ctrl Pts',(-39.4343858078743,30.8890470407875,-59.7101374655381));
#17693=CARTESIAN_POINT('Ctrl Pts',(-39.2757684422668,30.8593357470493,-59.5597279787597));
#17694=CARTESIAN_POINT('Ctrl Pts',(-39.2757684422668,30.8593357470493,-59.5597279787597));
#17695=CARTESIAN_POINT('Ctrl Pts',(-39.1013803518094,30.8266703717283,-59.3943638454854));
#17696=CARTESIAN_POINT('Ctrl Pts',(-38.9452963258611,30.8139745962156,-59.2160567840736));
#17697=CARTESIAN_POINT('Ctrl Pts',(-38.8092135623731,30.8139745962156,-59.0236066943438));
#17698=CARTESIAN_POINT('Origin',(-37.82,-2.70390152012219,-20.1067713420148));
#17699=CARTESIAN_POINT('',(-35.9470166537926,30.6880994154356,-54.4906728621367));
#17700=CARTESIAN_POINT('Ctrl Pts',(-36.4057864376269,30.76867106564,-55.5793439277767));
#17701=CARTESIAN_POINT('Ctrl Pts',(-36.2145026547611,30.7313733876713,-55.2715301298171));
#17702=CARTESIAN_POINT('Ctrl Pts',(-36.0513355033611,30.7014578420822,-54.8979971175731));
#17703=CARTESIAN_POINT('Ctrl Pts',(-35.9470166537926,30.6880994154356,-54.4906728621367));
#17704=CARTESIAN_POINT('Ctrl Pts',(-35.9470166537926,30.6880994154356,-54.4906728621367));
#17705=CARTESIAN_POINT('Ctrl Pts',(-35.8616474439012,30.6771675624394,-54.1573395288034));
#17706=CARTESIAN_POINT('Ctrl Pts',(-35.82,30.68,-53.8240061954701));
#17707=CARTESIAN_POINT('Ctrl Pts',(-35.82,30.68,-53.4906728621368));
#17708=CARTESIAN_POINT('Origin',(37.82,-2.70390152012219,-20.1067713420148));
#17709=CARTESIAN_POINT('',(35.9470166537926,30.6880994154356,-54.4906728621367));
#17710=CARTESIAN_POINT('',(36.4057864376269,30.76867106564,-55.5793439277767));
#17711=CARTESIAN_POINT('Ctrl Pts',(35.9470166537926,30.6880994154356,-54.4906728621367));
#17712=CARTESIAN_POINT('Ctrl Pts',(36.0513355033611,30.7014578420822,-54.8979971175731));
#17713=CARTESIAN_POINT('Ctrl Pts',(36.2145026547611,30.7313733876713,-55.2715301298172));
#17714=CARTESIAN_POINT('Ctrl Pts',(36.4057864376269,30.76867106564,-55.5793439277767));
#17715=CARTESIAN_POINT('Ctrl Pts',(35.82,30.68,-53.4906728621368));
#17716=CARTESIAN_POINT('Ctrl Pts',(35.82,30.68,-53.8240061954701));
#17717=CARTESIAN_POINT('Ctrl Pts',(35.8616474439012,30.6771675624394,-54.1573395288034));
#17718=CARTESIAN_POINT('Ctrl Pts',(35.9470166537926,30.6880994154356,-54.4906728621367));
#17719=CARTESIAN_POINT('',(36.4057864376269,-3.70390152012219,-21.1067713420148));
#17720=CARTESIAN_POINT('Origin',(37.6075,8.2188902377103,-34.7290427178429));
#17721=CARTESIAN_POINT('',(36.8140347280908,30.8139745962156,-56.2019977275419));
#17722=CARTESIAN_POINT('',(38.8092135623731,30.8139745962156,-59.0236066943438));
#17723=CARTESIAN_POINT('',(45.736463264879,30.8139745962156,-68.8202171735726));
#17724=CARTESIAN_POINT('Ctrl Pts',(36.4057864376269,30.76867106564,-55.5793439277767));
#17725=CARTESIAN_POINT('Ctrl Pts',(36.5511980197936,30.7970243022988,-55.8133401960618));
#17726=CARTESIAN_POINT('Ctrl Pts',(36.6849083826707,30.8139745962156,-56.0193854985892));
#17727=CARTESIAN_POINT('Ctrl Pts',(36.8140347280908,30.8139745962156,-56.2019977275419));
#17728=CARTESIAN_POINT('',(38.8092135623731,20.1416819955428,-48.351314093671));
#17729=CARTESIAN_POINT('Origin',(40.2234271247462,21.1416819955428,-47.351314093671));
#17730=CARTESIAN_POINT('',(39.2757684422668,30.8593357470493,-59.5597279787597));
#17731=CARTESIAN_POINT('',(40.2234271247462,30.9728932188135,-60.0109524416878));
#17732=CARTESIAN_POINT('Ctrl Pts',(39.2757684422668,30.8593357470493,-59.5597279787597));
#17733=CARTESIAN_POINT('Ctrl Pts',(39.4343858078743,30.8890470407875,-59.7101374655381));
#17734=CARTESIAN_POINT('Ctrl Pts',(39.8011267045283,30.9519420015456,-59.9566667827863));
#17735=CARTESIAN_POINT('Ctrl Pts',(40.0738274745753,30.9728932188135,-60.0109524416878));
#17736=CARTESIAN_POINT('Ctrl Pts',(40.2234271247462,30.9728932188135,-60.0109524416878));
#17737=CARTESIAN_POINT('Ctrl Pts',(38.8092135623731,30.8139745962156,-59.0236066943438));
#17738=CARTESIAN_POINT('Ctrl Pts',(38.9452963258611,30.8139745962156,-59.2160567840736));
#17739=CARTESIAN_POINT('Ctrl Pts',(39.1013803518094,30.8266703717283,-59.3943638454854));
#17740=CARTESIAN_POINT('Ctrl Pts',(39.2757684422668,30.8593357470493,-59.5597279787597));
#17741=CARTESIAN_POINT('',(40.2234271247462,19.7274684331697,-48.7655276560441));
#17742=CARTESIAN_POINT('Origin',(51.,32.5,-61.5380592228744));
#17743=CARTESIAN_POINT('',(50.,30.9728932188135,-60.0109524416878));
#17744=CARTESIAN_POINT('',(50.,22.9809703885627,-52.0190296114371));
#17745=CARTESIAN_POINT('',(50.,27.7404851942814,-56.7785444171557));
#17746=CARTESIAN_POINT('',(25.5,30.9728932188135,-60.0109524416878));
#17747=CARTESIAN_POINT('',(51.,22.9809703885627,-52.0190296114371));
#17748=CARTESIAN_POINT('Origin',(51.,22.9809703885628,-97.9809703885628));
#17749=CARTESIAN_POINT('',(50.,30.9728932188135,-89.9890475583121));
#17750=CARTESIAN_POINT('',(50.,22.9809703885628,-97.9809703885628));
#17751=CARTESIAN_POINT('',(46.52,30.9728932188135,-89.9890475583121));
#17752=CARTESIAN_POINT('',(46.52,8.43019478063662,-112.531745996489));
#17753=CARTESIAN_POINT('',(25.5,30.9728932188135,-89.9890475583121));
#17754=CARTESIAN_POINT('Origin',(46.52,9.84440834300971,-113.945959558862));
#17755=CARTESIAN_POINT('',(44.6470166537926,30.6880994154356,-92.1103679018718));
#17756=CARTESIAN_POINT('Ctrl Pts',(44.6470166537926,30.6880994154356,-92.1103679018718));
#17757=CARTESIAN_POINT('Ctrl Pts',(44.5616474439012,30.6771675624394,-92.4437012352051));
#17758=CARTESIAN_POINT('Ctrl Pts',(44.52,30.68,-92.7770345685384));
#17759=CARTESIAN_POINT('Ctrl Pts',(44.52,30.68,-93.1103679018718));
#17760=CARTESIAN_POINT('Ctrl Pts',(46.52,30.9728932188135,-89.9890475583121));
#17761=CARTESIAN_POINT('Ctrl Pts',(46.3704003498291,30.9728932188135,-89.9890475583121));
#17762=CARTESIAN_POINT('Ctrl Pts',(46.1365704111635,30.9556711447373,-90.0392863694841));
#17763=CARTESIAN_POINT('Ctrl Pts',(45.4278237309281,30.8404160978252,-90.4660413748145));
#17764=CARTESIAN_POINT('Ctrl Pts',(44.8568689482455,30.7149718022926,-91.2909768719367));
#17765=CARTESIAN_POINT('Ctrl Pts',(44.6470166537926,30.6880994154356,-92.1103679018718));
#17766=CARTESIAN_POINT('Ctrl Pts',(35.82,30.68,56.8896320981283));
#17767=CARTESIAN_POINT('Ctrl Pts',(35.82,30.68,57.2229654314616));
#17768=CARTESIAN_POINT('Ctrl Pts',(35.8616474439012,30.6771675624393,57.5562987647949));
#17769=CARTESIAN_POINT('Ctrl Pts',(35.9470166537926,30.6880994154355,57.8896320981283));
#17770=CARTESIAN_POINT('Ctrl Pts',(35.4866666666667,31.0133333333333,56.8896320981283));
#17771=CARTESIAN_POINT('Ctrl Pts',(35.4866666666667,31.0133333333333,57.2229654314616));
#17772=CARTESIAN_POINT('Ctrl Pts',(35.5144316292675,31.0114450416262,57.5562987647949));
#17773=CARTESIAN_POINT('Ctrl Pts',(35.5713444358617,31.0187329436237,57.8896320981283));
#17774=CARTESIAN_POINT('Ctrl Pts',(35.1533333333333,31.3466666666667,56.8896320981283));
#17775=CARTESIAN_POINT('Ctrl Pts',(35.1533333333333,31.3466666666667,57.2229654314616));
#17776=CARTESIAN_POINT('Ctrl Pts',(35.1672158146337,31.3457225208131,57.5562987647949));
#17777=CARTESIAN_POINT('Ctrl Pts',(35.1956722179309,31.3493664718118,57.8896320981283));
#17778=CARTESIAN_POINT('Ctrl Pts',(34.82,31.68,56.8896320981283));
#17779=CARTESIAN_POINT('Ctrl Pts',(34.82,31.68,57.2229654314616));
#17780=CARTESIAN_POINT('Ctrl Pts',(34.82,31.68,57.5562987647949));
#17781=CARTESIAN_POINT('Ctrl Pts',(34.82,31.68,57.8896320981283));
#17782=CARTESIAN_POINT('',(35.9470166537926,30.6880994154355,57.8896320981283));
#17783=CARTESIAN_POINT('',(34.82,31.68,56.8896320981283));
#17784=CARTESIAN_POINT('Ctrl Pts',(35.9470166537926,30.6880994154356,-54.4906728621367));
#17785=CARTESIAN_POINT('Ctrl Pts',(35.8616474439012,30.6771675624394,-54.1573395288034));
#17786=CARTESIAN_POINT('Ctrl Pts',(35.82,30.68,-53.8240061954701));
#17787=CARTESIAN_POINT('Ctrl Pts',(35.82,30.68,-53.4906728621368));
#17788=CARTESIAN_POINT('Ctrl Pts',(35.5713444358617,31.0187329436237,-54.4906728621367));
#17789=CARTESIAN_POINT('Ctrl Pts',(35.5144316292675,31.0114450416263,-54.1573395288034));
#17790=CARTESIAN_POINT('Ctrl Pts',(35.4866666666667,31.0133333333334,-53.8240061954701));
#17791=CARTESIAN_POINT('Ctrl Pts',(35.4866666666667,31.0133333333334,-53.4906728621368));
#17792=CARTESIAN_POINT('Ctrl Pts',(35.1956722179309,31.3493664718119,-54.4906728621367));
#17793=CARTESIAN_POINT('Ctrl Pts',(35.1672158146337,31.3457225208131,-54.1573395288034));
#17794=CARTESIAN_POINT('Ctrl Pts',(35.1533333333333,31.3466666666667,-53.8240061954701));
#17795=CARTESIAN_POINT('Ctrl Pts',(35.1533333333333,31.3466666666667,-53.4906728621368));
#17796=CARTESIAN_POINT('Ctrl Pts',(34.82,31.68,-54.4906728621367));
#17797=CARTESIAN_POINT('Ctrl Pts',(34.82,31.68,-54.1573395288034));
#17798=CARTESIAN_POINT('Ctrl Pts',(34.82,31.68,-53.8240061954701));
#17799=CARTESIAN_POINT('Ctrl Pts',(34.82,31.68,-53.4906728621368));
#17800=CARTESIAN_POINT('',(35.82,30.68,-53.4906728621368));
#17801=CARTESIAN_POINT('',(34.82,31.68,-54.4906728621367));
#17802=CARTESIAN_POINT('Origin',(35.32,31.18,-82.3750000000001));
#17803=CARTESIAN_POINT('Ctrl Pts',(36.8140347280908,30.8139745962156,-56.2019977275419));
#17804=CARTESIAN_POINT('Ctrl Pts',(36.6849083826707,30.8139745962156,-56.0193854985892));
#17805=CARTESIAN_POINT('Ctrl Pts',(36.5511980197936,30.7970243022988,-55.8133401960618));
#17806=CARTESIAN_POINT('Ctrl Pts',(36.4057864376269,30.76867106564,-55.5793439277767));
#17807=CARTESIAN_POINT('Ctrl Pts',(36.4057864376269,31.1026497308104,-56.4906728621367));
#17808=CARTESIAN_POINT('Ctrl Pts',(36.2458875338219,31.1026497308104,-56.2645416637671));
#17809=CARTESIAN_POINT('Ctrl Pts',(36.0989237563544,31.0913495348659,-56.010121432005));
#17810=CARTESIAN_POINT('Ctrl Pts',(35.9600381868892,31.0724473770934,-55.7301248519272));
#17811=CARTESIAN_POINT('Ctrl Pts',(35.997538147163,31.3913248654052,-56.7793479967316));
#17812=CARTESIAN_POINT('Ctrl Pts',(35.806866684973,31.3913248654052,-56.5096978289449));
#17813=CARTESIAN_POINT('Ctrl Pts',(35.6466494929152,31.385674767433,-56.2069026679483));
#17814=CARTESIAN_POINT('Ctrl Pts',(35.5142899361516,31.3762236885467,-55.8809057760777));
#17815=CARTESIAN_POINT('Ctrl Pts',(35.5892898566992,31.68,-57.0680231313264));
#17816=CARTESIAN_POINT('Ctrl Pts',(35.3678458361242,31.68,-56.7548539941228));
#17817=CARTESIAN_POINT('Ctrl Pts',(35.194375229476,31.68,-56.4036839038915));
#17818=CARTESIAN_POINT('Ctrl Pts',(35.068541685414,31.68,-56.0316867002282));
#17819=CARTESIAN_POINT('',(36.4057864376269,30.76867106564,-55.5793439277767));
#17820=CARTESIAN_POINT('',(35.5892898566992,31.68,-57.0680231313264));
#17821=CARTESIAN_POINT('Ctrl Pts',(36.4057864376269,30.76867106564,-55.5793439277767));
#17822=CARTESIAN_POINT('Ctrl Pts',(36.2145026547611,30.7313733876713,-55.2715301298172));
#17823=CARTESIAN_POINT('Ctrl Pts',(36.0513355033611,30.7014578420822,-54.8979971175731));
#17824=CARTESIAN_POINT('Ctrl Pts',(35.9470166537926,30.6880994154356,-54.4906728621367));
#17825=CARTESIAN_POINT('Ctrl Pts',(35.9600381868892,31.0724473770934,-55.7301248519272));
#17826=CARTESIAN_POINT('Ctrl Pts',(35.7773391424466,31.0475822584475,-55.3617992740832));
#17827=CARTESIAN_POINT('Ctrl Pts',(35.6408903355741,31.0276385613882,-54.9375068166289));
#17828=CARTESIAN_POINT('Ctrl Pts',(35.5713444358617,31.0187329436237,-54.4906728621367));
#17829=CARTESIAN_POINT('Ctrl Pts',(35.5142899361516,31.3762236885467,-55.8809057760777));
#17830=CARTESIAN_POINT('Ctrl Pts',(35.340175630132,31.3637911292238,-55.4520684183493));
#17831=CARTESIAN_POINT('Ctrl Pts',(35.230445167787,31.3538192806941,-54.9770165156847));
#17832=CARTESIAN_POINT('Ctrl Pts',(35.1956722179309,31.3493664718119,-54.4906728621367));
#17833=CARTESIAN_POINT('Ctrl Pts',(35.068541685414,31.68,-56.0316867002282));
#17834=CARTESIAN_POINT('Ctrl Pts',(34.9030121178174,31.68,-55.5423375626154));
#17835=CARTESIAN_POINT('Ctrl Pts',(34.82,31.68,-55.0165262147405));
#17836=CARTESIAN_POINT('Ctrl Pts',(34.82,31.68,-54.4906728621367));
#17837=CARTESIAN_POINT('Ctrl Pts',(39.2757684422668,30.8593357470493,-59.5597279787597));
#17838=CARTESIAN_POINT('Ctrl Pts',(39.1013803518094,30.8266703717283,-59.3943638454854));
#17839=CARTESIAN_POINT('Ctrl Pts',(38.9452963258611,30.8139745962156,-59.2160567840736));
#17840=CARTESIAN_POINT('Ctrl Pts',(38.8092135623731,30.8139745962156,-59.0236066943438));
#17841=CARTESIAN_POINT('Ctrl Pts',(38.848084621993,31.1328904980329,-59.8621461082791));
#17842=CARTESIAN_POINT('Ctrl Pts',(38.6864649738588,31.1111135811522,-59.687753322853));
#17843=CARTESIAN_POINT('Ctrl Pts',(38.5370480353972,31.1026497308104,-59.5047319186684));
#17844=CARTESIAN_POINT('Ctrl Pts',(38.4009652719092,31.1026497308104,-59.3122818289386));
#17845=CARTESIAN_POINT('Ctrl Pts',(38.4204008017192,31.4064452490165,-60.1645642377985));
#17846=CARTESIAN_POINT('Ctrl Pts',(38.2715495959081,31.3955567905761,-59.9811428002204));
#17847=CARTESIAN_POINT('Ctrl Pts',(38.1287997449333,31.3913248654052,-59.7934070532633));
#17848=CARTESIAN_POINT('Ctrl Pts',(37.9927169814454,31.3913248654052,-59.6009569635334));
#17849=CARTESIAN_POINT('Ctrl Pts',(37.9927169814454,31.68,-60.4669823673178));
#17850=CARTESIAN_POINT('Ctrl Pts',(37.8566342179574,31.68,-60.274532277588));
#17851=CARTESIAN_POINT('Ctrl Pts',(37.7205514544695,31.68,-60.0820821878581));
#17852=CARTESIAN_POINT('Ctrl Pts',(37.5844686909815,31.68,-59.8896320981282));
#17853=CARTESIAN_POINT('',(38.8092135623731,30.8139745962156,-59.0236066943438));
#17854=CARTESIAN_POINT('',(37.9927169814454,31.68,-60.4669823673178));
#17855=CARTESIAN_POINT('Origin',(45.1240908291833,31.2469872981078,-69.2532298754649));
#17856=CARTESIAN_POINT('Ctrl Pts',(-38.8092135623731,30.8139745962156,-59.0236066943438));
#17857=CARTESIAN_POINT('Ctrl Pts',(-38.9452963258611,30.8139745962156,-59.2160567840736));
#17858=CARTESIAN_POINT('Ctrl Pts',(-39.1013803518094,30.8266703717283,-59.3943638454854));
#17859=CARTESIAN_POINT('Ctrl Pts',(-39.2757684422668,30.8593357470493,-59.5597279787597));
#17860=CARTESIAN_POINT('Ctrl Pts',(-38.4009652719092,31.1026497308104,-59.3122818289386));
#17861=CARTESIAN_POINT('Ctrl Pts',(-38.5370480353972,31.1026497308104,-59.5047319186684));
#17862=CARTESIAN_POINT('Ctrl Pts',(-38.6864649738588,31.1111135811522,-59.687753322853));
#17863=CARTESIAN_POINT('Ctrl Pts',(-38.848084621993,31.1328904980329,-59.8621461082791));
#17864=CARTESIAN_POINT('Ctrl Pts',(-37.9927169814454,31.3913248654052,-59.6009569635334));
#17865=CARTESIAN_POINT('Ctrl Pts',(-38.1287997449333,31.3913248654052,-59.7934070532633));
#17866=CARTESIAN_POINT('Ctrl Pts',(-38.2715495959081,31.3955567905761,-59.9811428002204));
#17867=CARTESIAN_POINT('Ctrl Pts',(-38.4204008017192,31.4064452490165,-60.1645642377985));
#17868=CARTESIAN_POINT('Ctrl Pts',(-37.5844686909815,31.68,-59.8896320981282));
#17869=CARTESIAN_POINT('Ctrl Pts',(-37.7205514544695,31.68,-60.0820821878581));
#17870=CARTESIAN_POINT('Ctrl Pts',(-37.8566342179574,31.68,-60.274532277588));
#17871=CARTESIAN_POINT('Ctrl Pts',(-37.9927169814454,31.68,-60.4669823673178));
#17872=CARTESIAN_POINT('',(-39.2757684422668,30.8593357470493,-59.5597279787597));
#17873=CARTESIAN_POINT('',(-37.5844686909815,31.68,-59.8896320981282));
#17874=CARTESIAN_POINT('Ctrl Pts',(44.52,30.68,-93.1103679018718));
#17875=CARTESIAN_POINT('Ctrl Pts',(44.52,30.68,-92.7770345685384));
#17876=CARTESIAN_POINT('Ctrl Pts',(44.5616474439012,30.6771675624394,-92.4437012352051));
#17877=CARTESIAN_POINT('Ctrl Pts',(44.6470166537926,30.6880994154356,-92.1103679018718));
#17878=CARTESIAN_POINT('Ctrl Pts',(44.1866666666667,31.0133333333334,-93.1103679018718));
#17879=CARTESIAN_POINT('Ctrl Pts',(44.1866666666667,31.0133333333334,-92.7770345685384));
#17880=CARTESIAN_POINT('Ctrl Pts',(44.2144316292675,31.0114450416263,-92.4437012352051));
#17881=CARTESIAN_POINT('Ctrl Pts',(44.2713444358617,31.0187329436237,-92.1103679018718));
#17882=CARTESIAN_POINT('Ctrl Pts',(43.8533333333333,31.3466666666667,-93.1103679018718));
#17883=CARTESIAN_POINT('Ctrl Pts',(43.8533333333333,31.3466666666667,-92.7770345685384));
#17884=CARTESIAN_POINT('Ctrl Pts',(43.8672158146337,31.3457225208132,-92.4437012352051));
#17885=CARTESIAN_POINT('Ctrl Pts',(43.8956722179309,31.3493664718119,-92.1103679018718));
#17886=CARTESIAN_POINT('Ctrl Pts',(43.52,31.68,-93.1103679018718));
#17887=CARTESIAN_POINT('Ctrl Pts',(43.52,31.68,-92.7770345685384));
#17888=CARTESIAN_POINT('Ctrl Pts',(43.52,31.68,-92.4437012352051));
#17889=CARTESIAN_POINT('Ctrl Pts',(43.52,31.68,-92.1103679018718));
#17890=CARTESIAN_POINT('',(44.6470166537926,30.6880994154356,-92.1103679018718));
#17891=CARTESIAN_POINT('',(43.52,31.68,-93.1103679018718));
#17892=CARTESIAN_POINT('Ctrl Pts',(40.2234271247462,30.9728932188135,-60.0109524416878));
#17893=CARTESIAN_POINT('Ctrl Pts',(40.0738274745753,30.9728932188135,-60.0109524416878));
#17894=CARTESIAN_POINT('Ctrl Pts',(39.8011267045283,30.9519420015456,-59.9566667827863));
#17895=CARTESIAN_POINT('Ctrl Pts',(39.4343858078743,30.8890470407875,-59.7101374655381));
#17896=CARTESIAN_POINT('Ctrl Pts',(39.2757684422668,30.8593357470493,-59.5597279787597));
#17897=CARTESIAN_POINT('Ctrl Pts',(40.2234271247462,31.208595479209,-60.5799880354167));
#17898=CARTESIAN_POINT('Ctrl Pts',(39.953438973119,31.208595479209,-60.5799880354167));
#17899=CARTESIAN_POINT('Ctrl Pts',(39.4788054115118,31.1946280010304,-60.4442449755796));
#17900=CARTESIAN_POINT('Ctrl Pts',(39.0270789297596,31.1526980271917,-60.0660093906491));
#17901=CARTESIAN_POINT('Ctrl Pts',(38.848084621993,31.1328904980329,-59.8621461082791));
#17902=CARTESIAN_POINT('Ctrl Pts',(40.2234271247463,31.4442977396045,-61.1490236291455));
#17903=CARTESIAN_POINT('Ctrl Pts',(39.8330504716627,31.4442977396045,-61.1490236291455));
#17904=CARTESIAN_POINT('Ctrl Pts',(39.1564841184952,31.4373140005152,-60.9318231683729));
#17905=CARTESIAN_POINT('Ctrl Pts',(38.6197720516449,31.4163490135958,-60.4218813157601));
#17906=CARTESIAN_POINT('Ctrl Pts',(38.4204008017192,31.4064452490165,-60.1645642377985));
#17907=CARTESIAN_POINT('Ctrl Pts',(40.2234271247463,31.68,-61.7180592228744));
#17908=CARTESIAN_POINT('Ctrl Pts',(39.7126619702064,31.68,-61.7180592228744));
#17909=CARTESIAN_POINT('Ctrl Pts',(38.8341628254787,31.68,-61.4194013611662));
#17910=CARTESIAN_POINT('Ctrl Pts',(38.2124651735302,31.68,-60.7777532408711));
#17911=CARTESIAN_POINT('Ctrl Pts',(37.9927169814454,31.68,-60.4669823673178));
#17912=CARTESIAN_POINT('',(40.2234271247462,31.68,-61.7180592228744));
#17913=CARTESIAN_POINT('Origin',(25.5,31.3264466094068,-60.8645058322811));
#17914=CARTESIAN_POINT('',(50.5453289254261,31.1346710745739,-60.4015187351563));
#17915=CARTESIAN_POINT('Origin',(50.,31.9728932188135,-62.4251660040609));
#17916=CARTESIAN_POINT('',(50.,31.68,-61.7180592228744));
#17917=CARTESIAN_POINT('Origin',(25.5,31.3264466094068,-89.1354941677189));
#17918=CARTESIAN_POINT('',(50.5453289254261,31.1346710745739,-89.5984812648437));
#17919=CARTESIAN_POINT('Origin',(50.,31.9728932188135,-87.5748339959391));
#17920=CARTESIAN_POINT('',(46.5200000000001,31.68,-88.2819407771256));
#17921=CARTESIAN_POINT('',(50.7071067811866,30.9728932188135,-89.9890475583121));
#17922=CARTESIAN_POINT('Ctrl Pts',(44.6470166537926,30.6880994154356,-92.1103679018718));
#17923=CARTESIAN_POINT('Ctrl Pts',(44.8568689482455,30.7149718022926,-91.2909768719367));
#17924=CARTESIAN_POINT('Ctrl Pts',(45.4278237309281,30.8404160978252,-90.4660413748145));
#17925=CARTESIAN_POINT('Ctrl Pts',(46.1365704111635,30.9556711447373,-90.0392863694841));
#17926=CARTESIAN_POINT('Ctrl Pts',(46.3704003498291,30.9728932188135,-89.9890475583121));
#17927=CARTESIAN_POINT('Ctrl Pts',(46.52,30.9728932188135,-89.9890475583121));
#17928=CARTESIAN_POINT('Ctrl Pts',(44.2713444358617,31.0187329436237,-92.1103679018718));
#17929=CARTESIAN_POINT('Ctrl Pts',(44.411245965497,31.0366478681951,-91.2114974582517));
#17930=CARTESIAN_POINT('Ctrl Pts',(44.9322502338778,31.1202773985502,-90.2197476832313));
#17931=CARTESIAN_POINT('Ctrl Pts',(45.84370826697,31.1971140964915,-89.5389078237823));
#17932=CARTESIAN_POINT('Ctrl Pts',(46.2500118483728,31.208595479209,-89.4200119645833));
#17933=CARTESIAN_POINT('Ctrl Pts',(46.52,31.208595479209,-89.4200119645833));
#17934=CARTESIAN_POINT('Ctrl Pts',(43.8956722179309,31.3493664718119,-92.1103679018718));
#17935=CARTESIAN_POINT('Ctrl Pts',(43.9656229827485,31.3583239340976,-91.1320180445667));
#17936=CARTESIAN_POINT('Ctrl Pts',(44.4366767368275,31.4001386992751,-89.973453991648));
#17937=CARTESIAN_POINT('Ctrl Pts',(45.5508461227765,31.4385570482458,-89.0385292780805));
#17938=CARTESIAN_POINT('Ctrl Pts',(46.1296233469165,31.4442977396045,-88.8509763708544));
#17939=CARTESIAN_POINT('Ctrl Pts',(46.5200000000001,31.4442977396045,-88.8509763708544));
#17940=CARTESIAN_POINT('Ctrl Pts',(43.52,31.68,-92.1103679018718));
#17941=CARTESIAN_POINT('Ctrl Pts',(43.52,31.68,-91.0525386308817));
#17942=CARTESIAN_POINT('Ctrl Pts',(43.9411032397772,31.68,-89.7271603000648));
#17943=CARTESIAN_POINT('Ctrl Pts',(45.257983978583,31.68,-88.5381507323787));
#17944=CARTESIAN_POINT('Ctrl Pts',(46.0092348454602,31.68,-88.2819407771256));
#17945=CARTESIAN_POINT('Ctrl Pts',(46.5200000000001,31.68,-88.2819407771256));
#17946=CARTESIAN_POINT('Origin',(44.02,31.1800000000001,-121.155454559665));
#17947=CARTESIAN_POINT('Ctrl Pts',(-44.6470166537926,30.6880994154356,-92.1103679018718));
#17948=CARTESIAN_POINT('Ctrl Pts',(-44.5616474439012,30.6771675624394,-92.4437012352051));
#17949=CARTESIAN_POINT('Ctrl Pts',(-44.52,30.68,-92.7770345685384));
#17950=CARTESIAN_POINT('Ctrl Pts',(-44.52,30.68,-93.1103679018718));
#17951=CARTESIAN_POINT('Ctrl Pts',(-44.2713444358617,31.0187329436237,-92.1103679018718));
#17952=CARTESIAN_POINT('Ctrl Pts',(-44.2144316292675,31.0114450416263,-92.4437012352051));
#17953=CARTESIAN_POINT('Ctrl Pts',(-44.1866666666667,31.0133333333334,-92.7770345685384));
#17954=CARTESIAN_POINT('Ctrl Pts',(-44.1866666666667,31.0133333333334,-93.1103679018718));
#17955=CARTESIAN_POINT('Ctrl Pts',(-43.8956722179309,31.3493664718119,-92.1103679018718));
#17956=CARTESIAN_POINT('Ctrl Pts',(-43.8672158146337,31.3457225208132,-92.4437012352051));
#17957=CARTESIAN_POINT('Ctrl Pts',(-43.8533333333333,31.3466666666667,-92.7770345685384));
#17958=CARTESIAN_POINT('Ctrl Pts',(-43.8533333333333,31.3466666666667,-93.1103679018718));
#17959=CARTESIAN_POINT('Ctrl Pts',(-43.52,31.68,-92.1103679018718));
#17960=CARTESIAN_POINT('Ctrl Pts',(-43.52,31.68,-92.4437012352051));
#17961=CARTESIAN_POINT('Ctrl Pts',(-43.52,31.68,-92.7770345685384));
#17962=CARTESIAN_POINT('Ctrl Pts',(-43.52,31.68,-93.1103679018718));
#17963=CARTESIAN_POINT('',(-43.52,31.68,-92.1103679018718));
#17964=CARTESIAN_POINT('Ctrl Pts',(-46.52,30.9728932188135,-89.9890475583121));
#17965=CARTESIAN_POINT('Ctrl Pts',(-46.3704003498291,30.9728932188135,-89.9890475583121));
#17966=CARTESIAN_POINT('Ctrl Pts',(-46.1365704111635,30.9556711447373,-90.0392863694841));
#17967=CARTESIAN_POINT('Ctrl Pts',(-45.4278237309281,30.8404160978253,-90.4660413748145));
#17968=CARTESIAN_POINT('Ctrl Pts',(-44.8568689482455,30.7149718022926,-91.2909768719367));
#17969=CARTESIAN_POINT('Ctrl Pts',(-44.6470166537926,30.6880994154356,-92.1103679018717));
#17970=CARTESIAN_POINT('Ctrl Pts',(-46.52,31.208595479209,-89.4200119645833));
#17971=CARTESIAN_POINT('Ctrl Pts',(-46.2500118483728,31.208595479209,-89.4200119645833));
#17972=CARTESIAN_POINT('Ctrl Pts',(-45.84370826697,31.1971140964915,-89.5389078237823));
#17973=CARTESIAN_POINT('Ctrl Pts',(-44.9322502338778,31.1202773985502,-90.2197476832313));
#17974=CARTESIAN_POINT('Ctrl Pts',(-44.411245965497,31.0366478681951,-91.2114974582517));
#17975=CARTESIAN_POINT('Ctrl Pts',(-44.2713444358617,31.0187329436237,-92.1103679018717));
#17976=CARTESIAN_POINT('Ctrl Pts',(-46.5200000000001,31.4442977396045,-88.8509763708544));
#17977=CARTESIAN_POINT('Ctrl Pts',(-46.1296233469165,31.4442977396045,-88.8509763708544));
#17978=CARTESIAN_POINT('Ctrl Pts',(-45.5508461227765,31.4385570482458,-89.0385292780805));
#17979=CARTESIAN_POINT('Ctrl Pts',(-44.4366767368275,31.4001386992751,-89.973453991648));
#17980=CARTESIAN_POINT('Ctrl Pts',(-43.9656229827485,31.3583239340976,-91.1320180445667));
#17981=CARTESIAN_POINT('Ctrl Pts',(-43.8956722179309,31.3493664718119,-92.1103679018718));
#17982=CARTESIAN_POINT('Ctrl Pts',(-46.5200000000001,31.68,-88.2819407771256));
#17983=CARTESIAN_POINT('Ctrl Pts',(-46.0092348454602,31.68,-88.2819407771256));
#17984=CARTESIAN_POINT('Ctrl Pts',(-45.257983978583,31.68,-88.5381507323788));
#17985=CARTESIAN_POINT('Ctrl Pts',(-43.9411032397772,31.68,-89.7271603000648));
#17986=CARTESIAN_POINT('Ctrl Pts',(-43.52,31.68,-91.0525386308817));
#17987=CARTESIAN_POINT('Ctrl Pts',(-43.52,31.68,-92.1103679018718));
#17988=CARTESIAN_POINT('',(-46.52,31.68,-88.2819407771256));
#17989=CARTESIAN_POINT('Ctrl Pts',(-39.2757684422668,30.8593357470493,-59.5597279787597));
#17990=CARTESIAN_POINT('Ctrl Pts',(-39.4343858078743,30.8890470407875,-59.7101374655381));
#17991=CARTESIAN_POINT('Ctrl Pts',(-39.8011267045283,30.9519420015456,-59.9566667827863));
#17992=CARTESIAN_POINT('Ctrl Pts',(-40.0738274745753,30.9728932188135,-60.0109524416878));
#17993=CARTESIAN_POINT('Ctrl Pts',(-40.2234271247462,30.9728932188135,-60.0109524416878));
#17994=CARTESIAN_POINT('Ctrl Pts',(-38.848084621993,31.1328904980329,-59.8621461082791));
#17995=CARTESIAN_POINT('Ctrl Pts',(-39.0270789297596,31.1526980271917,-60.0660093906491));
#17996=CARTESIAN_POINT('Ctrl Pts',(-39.4788054115118,31.1946280010304,-60.4442449755796));
#17997=CARTESIAN_POINT('Ctrl Pts',(-39.953438973119,31.208595479209,-60.5799880354167));
#17998=CARTESIAN_POINT('Ctrl Pts',(-40.2234271247462,31.208595479209,-60.5799880354167));
#17999=CARTESIAN_POINT('Ctrl Pts',(-38.4204008017192,31.4064452490165,-60.1645642377985));
#18000=CARTESIAN_POINT('Ctrl Pts',(-38.6197720516449,31.4163490135958,-60.4218813157601));
#18001=CARTESIAN_POINT('Ctrl Pts',(-39.1564841184952,31.4373140005152,-60.9318231683729));
#18002=CARTESIAN_POINT('Ctrl Pts',(-39.8330504716627,31.4442977396045,-61.1490236291455));
#18003=CARTESIAN_POINT('Ctrl Pts',(-40.2234271247463,31.4442977396045,-61.1490236291455));
#18004=CARTESIAN_POINT('Ctrl Pts',(-37.9927169814454,31.68,-60.4669823673178));
#18005=CARTESIAN_POINT('Ctrl Pts',(-38.2124651735302,31.68,-60.7777532408711));
#18006=CARTESIAN_POINT('Ctrl Pts',(-38.8341628254786,31.68,-61.4194013611662));
#18007=CARTESIAN_POINT('Ctrl Pts',(-39.7126619702064,31.68,-61.7180592228744));
#18008=CARTESIAN_POINT('Ctrl Pts',(-40.2234271247463,31.68,-61.7180592228744));
#18009=CARTESIAN_POINT('',(-40.2234271247463,31.68,-61.7180592228744));
#18010=CARTESIAN_POINT('Ctrl Pts',(-36.4057864376269,30.76867106564,-55.5793439277767));
#18011=CARTESIAN_POINT('Ctrl Pts',(-36.5511980197936,30.7970243022988,-55.8133401960618));
#18012=CARTESIAN_POINT('Ctrl Pts',(-36.6849083826707,30.8139745962156,-56.0193854985892));
#18013=CARTESIAN_POINT('Ctrl Pts',(-36.8140347280908,30.8139745962156,-56.2019977275419));
#18014=CARTESIAN_POINT('Ctrl Pts',(-35.9600381868892,31.0724473770934,-55.7301248519272));
#18015=CARTESIAN_POINT('Ctrl Pts',(-36.0989237563544,31.0913495348659,-56.010121432005));
#18016=CARTESIAN_POINT('Ctrl Pts',(-36.2458875338219,31.1026497308104,-56.2645416637671));
#18017=CARTESIAN_POINT('Ctrl Pts',(-36.4057864376269,31.1026497308104,-56.4906728621367));
#18018=CARTESIAN_POINT('Ctrl Pts',(-35.5142899361516,31.3762236885467,-55.8809057760777));
#18019=CARTESIAN_POINT('Ctrl Pts',(-35.6466494929152,31.385674767433,-56.2069026679483));
#18020=CARTESIAN_POINT('Ctrl Pts',(-35.806866684973,31.3913248654052,-56.5096978289449));
#18021=CARTESIAN_POINT('Ctrl Pts',(-35.997538147163,31.3913248654052,-56.7793479967316));
#18022=CARTESIAN_POINT('Ctrl Pts',(-35.068541685414,31.68,-56.0316867002282));
#18023=CARTESIAN_POINT('Ctrl Pts',(-35.194375229476,31.68,-56.4036839038915));
#18024=CARTESIAN_POINT('Ctrl Pts',(-35.3678458361242,31.68,-56.7548539941228));
#18025=CARTESIAN_POINT('Ctrl Pts',(-35.5892898566992,31.68,-57.0680231313264));
#18026=CARTESIAN_POINT('',(-36.8140347280908,30.8139745962156,-56.2019977275419));
#18027=CARTESIAN_POINT('',(-35.068541685414,31.68,-56.0316867002282));
#18028=CARTESIAN_POINT('Origin',(-45.1240908291833,31.2469872981078,-69.2532298754649));
#18029=CARTESIAN_POINT('Ctrl Pts',(-35.82,30.68,-53.4906728621368));
#18030=CARTESIAN_POINT('Ctrl Pts',(-35.82,30.68,-53.8240061954701));
#18031=CARTESIAN_POINT('Ctrl Pts',(-35.8616474439012,30.6771675624394,-54.1573395288034));
#18032=CARTESIAN_POINT('Ctrl Pts',(-35.9470166537926,30.6880994154356,-54.4906728621367));
#18033=CARTESIAN_POINT('Ctrl Pts',(-35.4866666666667,31.0133333333334,-53.4906728621368));
#18034=CARTESIAN_POINT('Ctrl Pts',(-35.4866666666667,31.0133333333334,-53.8240061954701));
#18035=CARTESIAN_POINT('Ctrl Pts',(-35.5144316292675,31.0114450416263,-54.1573395288034));
#18036=CARTESIAN_POINT('Ctrl Pts',(-35.5713444358617,31.0187329436237,-54.4906728621367));
#18037=CARTESIAN_POINT('Ctrl Pts',(-35.1533333333333,31.3466666666667,-53.4906728621368));
#18038=CARTESIAN_POINT('Ctrl Pts',(-35.1533333333333,31.3466666666667,-53.8240061954701));
#18039=CARTESIAN_POINT('Ctrl Pts',(-35.1672158146337,31.3457225208131,-54.1573395288034));
#18040=CARTESIAN_POINT('Ctrl Pts',(-35.1956722179309,31.3493664718119,-54.4906728621367));
#18041=CARTESIAN_POINT('Ctrl Pts',(-34.82,31.68,-53.4906728621368));
#18042=CARTESIAN_POINT('Ctrl Pts',(-34.82,31.68,-53.8240061954701));
#18043=CARTESIAN_POINT('Ctrl Pts',(-34.82,31.68,-54.1573395288034));
#18044=CARTESIAN_POINT('Ctrl Pts',(-34.82,31.68,-54.4906728621367));
#18045=CARTESIAN_POINT('',(-35.9470166537926,30.6880994154356,-54.4906728621367));
#18046=CARTESIAN_POINT('',(-34.82,31.68,-53.4906728621368));
#18047=CARTESIAN_POINT('Ctrl Pts',(-35.9470166537926,30.6880994154356,-54.4906728621367));
#18048=CARTESIAN_POINT('Ctrl Pts',(-36.0513355033611,30.7014578420822,-54.8979971175731));
#18049=CARTESIAN_POINT('Ctrl Pts',(-36.2145026547611,30.7313733876713,-55.2715301298171));
#18050=CARTESIAN_POINT('Ctrl Pts',(-36.4057864376269,30.76867106564,-55.5793439277767));
#18051=CARTESIAN_POINT('Ctrl Pts',(-35.5713444358617,31.0187329436237,-54.4906728621367));
#18052=CARTESIAN_POINT('Ctrl Pts',(-35.6408903355741,31.0276385613882,-54.9375068166289));
#18053=CARTESIAN_POINT('Ctrl Pts',(-35.7773391424466,31.0475822584475,-55.3617992740832));
#18054=CARTESIAN_POINT('Ctrl Pts',(-35.9600381868892,31.0724473770934,-55.7301248519272));
#18055=CARTESIAN_POINT('Ctrl Pts',(-35.1956722179309,31.3493664718119,-54.4906728621367));
#18056=CARTESIAN_POINT('Ctrl Pts',(-35.230445167787,31.3538192806941,-54.9770165156847));
#18057=CARTESIAN_POINT('Ctrl Pts',(-35.340175630132,31.3637911292238,-55.4520684183493));
#18058=CARTESIAN_POINT('Ctrl Pts',(-35.5142899361516,31.3762236885467,-55.8809057760777));
#18059=CARTESIAN_POINT('Ctrl Pts',(-34.82,31.68,-54.4906728621367));
#18060=CARTESIAN_POINT('Ctrl Pts',(-34.82,31.68,-55.0165262147405));
#18061=CARTESIAN_POINT('Ctrl Pts',(-34.9030121178174,31.68,-55.5423375626154));
#18062=CARTESIAN_POINT('Ctrl Pts',(-35.068541685414,31.68,-56.0316867002282));
#18063=CARTESIAN_POINT('Ctrl Pts',(-35.9470166537926,30.6880994154355,57.8896320981283));
#18064=CARTESIAN_POINT('Ctrl Pts',(-35.8616474439012,30.6771675624393,57.5562987647949));
#18065=CARTESIAN_POINT('Ctrl Pts',(-35.82,30.68,57.2229654314616));
#18066=CARTESIAN_POINT('Ctrl Pts',(-35.82,30.68,56.8896320981283));
#18067=CARTESIAN_POINT('Ctrl Pts',(-35.5713444358617,31.0187329436237,57.8896320981283));
#18068=CARTESIAN_POINT('Ctrl Pts',(-35.5144316292675,31.0114450416262,57.5562987647949));
#18069=CARTESIAN_POINT('Ctrl Pts',(-35.4866666666667,31.0133333333333,57.2229654314616));
#18070=CARTESIAN_POINT('Ctrl Pts',(-35.4866666666667,31.0133333333333,56.8896320981283));
#18071=CARTESIAN_POINT('Ctrl Pts',(-35.1956722179309,31.3493664718118,57.8896320981283));
#18072=CARTESIAN_POINT('Ctrl Pts',(-35.1672158146337,31.3457225208131,57.5562987647949));
#18073=CARTESIAN_POINT('Ctrl Pts',(-35.1533333333333,31.3466666666667,57.2229654314616));
#18074=CARTESIAN_POINT('Ctrl Pts',(-35.1533333333333,31.3466666666667,56.8896320981283));
#18075=CARTESIAN_POINT('Ctrl Pts',(-34.82,31.68,57.8896320981283));
#18076=CARTESIAN_POINT('Ctrl Pts',(-34.82,31.68,57.5562987647949));
#18077=CARTESIAN_POINT('Ctrl Pts',(-34.82,31.68,57.2229654314616));
#18078=CARTESIAN_POINT('Ctrl Pts',(-34.82,31.68,56.8896320981283));
#18079=CARTESIAN_POINT('',(-35.82,30.68,56.8896320981283));
#18080=CARTESIAN_POINT('',(-34.82,31.68,57.8896320981283));
#18081=CARTESIAN_POINT('Origin',(-35.32,31.18,-82.3750000000001));
#18082=CARTESIAN_POINT('Ctrl Pts',(-37.82,30.9728932188135,60.0109524416879));
#18083=CARTESIAN_POINT('Ctrl Pts',(-37.6704003498291,30.9728932188135,60.0109524416879));
#18084=CARTESIAN_POINT('Ctrl Pts',(-37.4365978804686,30.9556566345378,59.9607665034709));
#18085=CARTESIAN_POINT('Ctrl Pts',(-36.7278281202844,30.8403863988235,59.5340758567761));
#18086=CARTESIAN_POINT('Ctrl Pts',(-36.1568689482455,30.7149718022925,58.7090231280633));
#18087=CARTESIAN_POINT('Ctrl Pts',(-35.9470166537926,30.6880994154355,57.8896320981283));
#18088=CARTESIAN_POINT('Ctrl Pts',(-37.82,31.208595479209,60.5799880354167));
#18089=CARTESIAN_POINT('Ctrl Pts',(-37.5500118483727,31.208595479209,60.5799880354167));
#18090=CARTESIAN_POINT('Ctrl Pts',(-37.1437021381244,31.1971044230252,60.4611399765079));
#18091=CARTESIAN_POINT('Ctrl Pts',(-36.2322294017135,31.1202575992157,59.7803386585366));
#18092=CARTESIAN_POINT('Ctrl Pts',(-35.711245965497,31.036647868195,58.7885025417484));
#18093=CARTESIAN_POINT('Ctrl Pts',(-35.5713444358617,31.0187329436237,57.8896320981283));
#18094=CARTESIAN_POINT('Ctrl Pts',(-37.82,31.4442977396045,61.1490236291456));
#18095=CARTESIAN_POINT('Ctrl Pts',(-37.4296233469164,31.4442977396045,61.1490236291456));
#18096=CARTESIAN_POINT('Ctrl Pts',(-36.8508063957802,31.4385522115126,60.9615134495449));
#18097=CARTESIAN_POINT('Ctrl Pts',(-35.7366306831427,31.4001287996078,60.0266014602972));
#18098=CARTESIAN_POINT('Ctrl Pts',(-35.2656229827485,31.3583239340975,58.8679819554334));
#18099=CARTESIAN_POINT('Ctrl Pts',(-35.1956722179309,31.3493664718118,57.8896320981283));
#18100=CARTESIAN_POINT('Ctrl Pts',(-37.82,31.68,61.7180592228744));
#18101=CARTESIAN_POINT('Ctrl Pts',(-37.3092348454601,31.68,61.7180592228744));
#18102=CARTESIAN_POINT('Ctrl Pts',(-36.557910653436,31.68,61.4618869225818));
#18103=CARTESIAN_POINT('Ctrl Pts',(-35.2410319645718,31.68,60.2728642620577));
#18104=CARTESIAN_POINT('Ctrl Pts',(-34.82,31.68,58.9474613691184));
#18105=CARTESIAN_POINT('Ctrl Pts',(-34.82,31.68,57.8896320981283));
#18106=CARTESIAN_POINT('',(-37.82,31.68,61.7180592228745));
#18107=CARTESIAN_POINT('Ctrl Pts',(35.9470166537926,30.6880994154355,57.8896320981283));
#18108=CARTESIAN_POINT('Ctrl Pts',(36.1044058746323,30.7082537055783,58.5041753705796));
#18109=CARTESIAN_POINT('Ctrl Pts',(36.5963120079629,30.8094026591687,59.395425067166));
#18110=CARTESIAN_POINT('Ctrl Pts',(37.3587829937736,30.9502555156811,59.9523529393832));
#18111=CARTESIAN_POINT('Ctrl Pts',(37.6704003498291,30.9728932188135,60.0109524416879));
#18112=CARTESIAN_POINT('Ctrl Pts',(37.82,30.9728932188135,60.0109524416879));
#18113=CARTESIAN_POINT('Ctrl Pts',(35.5713444358617,31.0187329436237,57.8896320981283));
#18114=CARTESIAN_POINT('Ctrl Pts',(35.6762705830882,31.0321691370522,58.5637849308433));
#18115=CARTESIAN_POINT('Ctrl Pts',(36.1093158915503,31.0996017727791,59.5973620143172));
#18116=CARTESIAN_POINT('Ctrl Pts',(37.0083704771475,31.1935036771208,60.4254024988424));
#18117=CARTESIAN_POINT('Ctrl Pts',(37.5500118483727,31.208595479209,60.5799880354167));
#18118=CARTESIAN_POINT('Ctrl Pts',(37.82,31.208595479209,60.5799880354167));
#18119=CARTESIAN_POINT('Ctrl Pts',(35.1956722179309,31.3493664718118,57.8896320981283));
#18120=CARTESIAN_POINT('Ctrl Pts',(35.2481352915441,31.3560845685261,58.6233944911071));
#18121=CARTESIAN_POINT('Ctrl Pts',(35.6223197751376,31.3898008863896,59.7992989614684));
#18122=CARTESIAN_POINT('Ctrl Pts',(36.6579579605213,31.4367518385604,60.8984520583016));
#18123=CARTESIAN_POINT('Ctrl Pts',(37.4296233469164,31.4442977396045,61.1490236291456));
#18124=CARTESIAN_POINT('Ctrl Pts',(37.82,31.4442977396045,61.1490236291456));
#18125=CARTESIAN_POINT('Ctrl Pts',(34.82,31.68,57.8896320981283));
#18126=CARTESIAN_POINT('Ctrl Pts',(34.82,31.68,58.6830040513708));
#18127=CARTESIAN_POINT('Ctrl Pts',(35.135323658725,31.68,60.0012359086196));
#18128=CARTESIAN_POINT('Ctrl Pts',(36.3075454438952,31.68,61.3715016177608));
#18129=CARTESIAN_POINT('Ctrl Pts',(37.3092348454601,31.68,61.7180592228744));
#18130=CARTESIAN_POINT('Ctrl Pts',(37.82,31.68,61.7180592228744));
#18131=CARTESIAN_POINT('',(37.82,31.68,61.7180592228744));
#18132=CARTESIAN_POINT('Origin',(-25.5,31.3264466094068,-60.8645058322811));
#18133=CARTESIAN_POINT('',(-50.5453289254261,31.1346710745739,-60.4015187351563));
#18134=CARTESIAN_POINT('Origin',(-50.,31.9728932188135,-62.4251660040609));
#18135=CARTESIAN_POINT('',(-50.,31.68,-61.7180592228743));
#18136=CARTESIAN_POINT('Origin',(-51.,2.22044604925031E-14,-75.));
#18137=CARTESIAN_POINT('',(-51.,0.,-106.5));
#18138=CARTESIAN_POINT('',(-51.,22.2738636073763,-97.2738636073762));
#18139=CARTESIAN_POINT('Origin',(-51.,0.,-75.));
#18140=CARTESIAN_POINT('',(-51.,0.,-49.014718625758));
#18141=CARTESIAN_POINT('',(-51.,22.2738636073761,-52.7261363926237));
#18142=CARTESIAN_POINT('Origin',(-51.,0.,-75.));
#18143=CARTESIAN_POINT('',(-51.,30.68,-61.1322727852475));
#18144=CARTESIAN_POINT('',(-51.,27.0333784130948,-57.4856511983423));
#18145=CARTESIAN_POINT('',(-51.,30.6800000000001,-88.8677272147525));
#18146=CARTESIAN_POINT('',(-51.,30.6800000000001,-108.));
#18147=CARTESIAN_POINT('',(-51.,22.2738636073762,-97.2738636073763));
#18148=CARTESIAN_POINT('Origin',(-50.,27.0333784130948,-57.4856511983423));
#18149=CARTESIAN_POINT('Origin',(-50.,31.68,-62.1322727852475));
#18150=CARTESIAN_POINT('Origin',(-50.,22.2738636073761,-52.7261363926237));
#18151=CARTESIAN_POINT('Origin',(-50.,0.,-75.));
#18152=CARTESIAN_POINT('Origin',(-50.5,31.1800000000001,-108.));
#18153=CARTESIAN_POINT('',(-50.5453289254261,31.1346710745739,-89.5984812648437));
#18154=CARTESIAN_POINT('Origin',(-50.,31.6800000000001,-87.8677272147525));
#18155=CARTESIAN_POINT('',(-50.,31.68,-88.2819407771256));
#18156=CARTESIAN_POINT('Origin',(-25.5,31.3264466094068,-89.1354941677189));
#18157=CARTESIAN_POINT('',(-50.,30.9728932188135,-89.9890475583121));
#18158=CARTESIAN_POINT('Origin',(-50.,31.9728932188135,-87.5748339959391));
#18159=CARTESIAN_POINT('',(-25.5,30.9728932188135,-89.9890475583121));
#18160=CARTESIAN_POINT('Origin',(-51.,22.9809703885628,-97.9809703885628));
#18161=CARTESIAN_POINT('',(-50.,22.9809703885628,-97.9809703885628));
#18162=CARTESIAN_POINT('Origin',(-50.,0.,-75.));
#18163=CARTESIAN_POINT('Origin',(-50.,0.,-106.5));
#18164=CARTESIAN_POINT('Origin',(-50.,22.2738636073763,-97.2738636073762));
#18165=CARTESIAN_POINT('Origin',(-50.,22.2738636073762,-97.2738636073763));
#18166=CARTESIAN_POINT('Origin',(50.5,31.1800000000001,-108.));
#18167=CARTESIAN_POINT('',(51.,30.68,-61.1322727852475));
#18168=CARTESIAN_POINT('Origin',(50.,31.68,-62.1322727852475));
#18169=CARTESIAN_POINT('',(51.,30.6800000000001,-88.8677272147525));
#18170=CARTESIAN_POINT('',(51.,30.6800000000001,-108.));
#18171=CARTESIAN_POINT('Origin',(50.,31.68,-87.8677272147525));
#18172=CARTESIAN_POINT('Origin',(0.,0.,-23.0294372515161));
#18173=CARTESIAN_POINT('',(51.,0.,-106.5));
#18174=CARTESIAN_POINT('Origin',(50.,0.,-106.5));
#18175=CARTESIAN_POINT('',(51.,0.,-49.014718625758));
#18176=CARTESIAN_POINT('Origin',(50.,0.,-75.));
#18177=CARTESIAN_POINT('',(51.,22.2738636073763,-97.2738636073762));
#18178=CARTESIAN_POINT('Origin',(50.,22.2738636073763,-97.2738636073762));
#18179=CARTESIAN_POINT('Origin',(51.,0.,-75.));
#18180=CARTESIAN_POINT('Origin',(50.,22.2738636073762,-97.2738636073763));
#18181=CARTESIAN_POINT('',(51.,22.2738636073762,-97.2738636073763));
#18182=CARTESIAN_POINT('Origin',(51.,0.,-75.));
#18183=CARTESIAN_POINT('Origin',(50.,0.,-75.));
#18184=CARTESIAN_POINT('Origin',(51.,2.22044604925031E-14,-75.));
#18185=CARTESIAN_POINT('',(51.,22.2738636073761,-52.7261363926237));
#18186=CARTESIAN_POINT('',(51.,27.0333784130948,-57.4856511983423));
#18187=CARTESIAN_POINT('Origin',(51.,0.,-75.));
#18188=CARTESIAN_POINT('Origin',(50.,27.0333784130948,-57.4856511983423));
#18189=CARTESIAN_POINT('Origin',(50.,22.2738636073761,-52.7261363926237));
#18190=CARTESIAN_POINT('Origin',(50.,0.,-75.));
#18191=CARTESIAN_POINT('Origin',(-40.,0.,75.));
#18192=CARTESIAN_POINT('',(-40.,0.,106.5));
#18193=CARTESIAN_POINT('',(-40.,0.,25.985281374242));
#18194=CARTESIAN_POINT('',(-40.,22.2738636073762,97.2738636073762));
#18195=CARTESIAN_POINT('Origin',(-40.,0.,75.));
#18196=CARTESIAN_POINT('',(-40.,30.68,88.8677272147525));
#18197=CARTESIAN_POINT('',(-40.,27.0333784130949,92.5143488016577));
#18198=CARTESIAN_POINT('',(-40.,30.68,61.1322727852476));
#18199=CARTESIAN_POINT('',(-40.,30.68,-33.0000000000001));
#18200=CARTESIAN_POINT('',(-40.,22.2738636073763,52.7261363926238));
#18201=CARTESIAN_POINT('',(-40.,22.2738636073763,52.7261363926238));
#18202=CARTESIAN_POINT('Origin',(-40.,0.,75.));
#18203=CARTESIAN_POINT('Origin',(0.,0.,-23.0294372515161));
#18204=CARTESIAN_POINT('',(39.,0.,107.5));
#18205=CARTESIAN_POINT('Origin',(39.,0.,106.5));
#18206=CARTESIAN_POINT('',(-39.,0.,107.5));
#18207=CARTESIAN_POINT('',(0.,0.,107.5));
#18208=CARTESIAN_POINT('Origin',(-39.,0.,106.5));
#18209=CARTESIAN_POINT('Origin',(-39.,27.0333784130949,92.5143488016577));
#18210=CARTESIAN_POINT('',(-39.5453289254261,31.1346710745739,89.5984812648437));
#18211=CARTESIAN_POINT('Origin',(-39.,31.68,87.8677272147525));
#18212=CARTESIAN_POINT('',(-39.,22.9809703885628,97.9809703885628));
#18213=CARTESIAN_POINT('Origin',(-39.,22.2738636073762,97.2738636073762));
#18214=CARTESIAN_POINT('',(-39.,30.9728932188134,89.9890475583122));
#18215=CARTESIAN_POINT('',(-39.,27.7404851942814,93.2214555828442));
#18216=CARTESIAN_POINT('Origin',(-39.,31.9728932188135,87.5748339959391));
#18217=CARTESIAN_POINT('Origin',(-39.,0.,75.));
#18218=CARTESIAN_POINT('Origin',(-39.,0.,75.));
#18219=CARTESIAN_POINT('Origin',(-39.5,31.18,-33.0000000000001));
#18220=CARTESIAN_POINT('',(-39.5453289254261,31.1346710745739,60.4015187351564));
#18221=CARTESIAN_POINT('Origin',(-39.,31.68,62.1322727852476));
#18222=CARTESIAN_POINT('',(-39.7071067811866,30.9728932188134,89.9890475583122));
#18223=CARTESIAN_POINT('',(-39.,31.68,61.7180592228745));
#18224=CARTESIAN_POINT('Origin',(-20.,31.3264466094067,60.8645058322812));
#18225=CARTESIAN_POINT('',(-39.,30.9728932188135,60.0109524416879));
#18226=CARTESIAN_POINT('Origin',(-39.,31.9728932188134,62.425166004061));
#18227=CARTESIAN_POINT('',(-20.,30.9728932188135,60.0109524416879));
#18228=CARTESIAN_POINT('Origin',(-40.,22.9809703885628,52.0190296114372));
#18229=CARTESIAN_POINT('',(-39.,22.9809703885628,52.0190296114372));
#18230=CARTESIAN_POINT('Origin',(-39.,0.,75.));
#18231=CARTESIAN_POINT('Origin',(-39.,22.2738636073763,52.7261363926238));
#18232=CARTESIAN_POINT('Origin',(-39.,22.2738636073763,52.7261363926238));
#18233=CARTESIAN_POINT('Origin',(40.,22.9809703885628,52.0190296114372));
#18234=CARTESIAN_POINT('',(39.,30.9728932188135,60.0109524416879));
#18235=CARTESIAN_POINT('',(39.,22.9809703885628,52.0190296114372));
#18236=CARTESIAN_POINT('',(20.,30.9728932188135,60.0109524416879));
#18237=CARTESIAN_POINT('Origin',(20.,31.3264466094067,60.8645058322812));
#18238=CARTESIAN_POINT('',(39.5453289254261,31.1346710745739,60.4015187351564));
#18239=CARTESIAN_POINT('Origin',(39.,31.9728932188135,62.425166004061));
#18240=CARTESIAN_POINT('',(39.7071067811865,30.9728932188135,60.0109524416879));
#18241=CARTESIAN_POINT('Origin',(39.,22.2738636073763,52.7261363926238));
#18242=CARTESIAN_POINT('Origin',(39.,31.68,62.1322727852476));
#18243=CARTESIAN_POINT('Origin',(39.5,31.18,-33.0000000000001));
#18244=CARTESIAN_POINT('',(39.5453289254261,31.1346710745739,89.5984812648437));
#18245=CARTESIAN_POINT('Origin',(39.,31.68,87.8677272147525));
#18246=CARTESIAN_POINT('',(39.,31.68,88.2819407771256));
#18247=CARTESIAN_POINT('Origin',(0.,31.3264466094067,89.1354941677189));
#18248=CARTESIAN_POINT('',(39.,30.9728932188134,89.9890475583122));
#18249=CARTESIAN_POINT('Origin',(39.,31.9728932188135,87.5748339959391));
#18250=CARTESIAN_POINT('',(0.,30.9728932188134,89.9890475583122));
#18251=CARTESIAN_POINT('Origin',(0.,32.5,88.4619407771256));
#18252=CARTESIAN_POINT('',(39.,22.9809703885628,97.9809703885628));
#18253=CARTESIAN_POINT('',(39.,27.7404851942814,93.2214555828442));
#18254=CARTESIAN_POINT('',(0.,22.9809703885628,97.9809703885628));
#18255=CARTESIAN_POINT('Origin',(0.,0.,75.));
#18256=CARTESIAN_POINT('Origin',(39.,0.,75.));
#18257=CARTESIAN_POINT('Origin',(39.,27.0333784130949,92.5143488016577));
#18258=CARTESIAN_POINT('Origin',(39.,22.2738636073762,97.2738636073762));
#18259=CARTESIAN_POINT('Origin',(39.,0.,75.));
#18260=CARTESIAN_POINT('Origin',(0.,30.1800000000001,-141.));
#18261=CARTESIAN_POINT('',(32.7076430189708,30.18,66.2749606132656));
#18262=CARTESIAN_POINT('Origin',(30.5,30.18,74.9999999999782));
#18263=CARTESIAN_POINT('',(0.,30.18,66.2749606132656));
#18264=CARTESIAN_POINT('Origin',(30.5,31.68,74.9999999999782));
#18265=CARTESIAN_POINT('Origin',(30.5,28.1800000000001,74.9999999999782));
#18266=CARTESIAN_POINT('Origin',(7.75000000028919,28.18,66.0000000001059));
#18267=CARTESIAN_POINT('',(30.4999999999746,30.1632604209957,66.2582210342568));
#18268=CARTESIAN_POINT('',(15.4999999999747,30.1632604210007,66.2582210342618));
#18269=CARTESIAN_POINT('',(7.75000000028995,30.1632604210033,66.2582210342644));
#18270=CARTESIAN_POINT('Origin',(30.4999999999739,28.1800000000001,66.0000000000395));
#18271=CARTESIAN_POINT('Origin',(15.4999999999739,28.1800000000001,66.0000000000833));
#18272=CARTESIAN_POINT('Origin',(30.5,28.1800000000001,74.9999999999782));
#18273=CARTESIAN_POINT('',(30.5000000000261,30.18,83.9999999999169));
#18274=CARTESIAN_POINT('Origin',(30.5,30.18,74.9999999999782));
#18275=CARTESIAN_POINT('Origin',(30.5000000000261,28.18,83.9999999999169));
#18276=CARTESIAN_POINT('Origin',(15.2500000003385,28.18,83.999999999961));
#18277=CARTESIAN_POINT('',(15.5000000000261,30.18,83.9999999999603));
#18278=CARTESIAN_POINT('',(15.2500000003385,30.18,83.999999999961));
#18279=CARTESIAN_POINT('Origin',(15.5000000000261,28.1800000000001,83.9999999999603));
#18280=CARTESIAN_POINT('Origin',(15.5,28.1800000000001,75.0000000000218));
#18281=CARTESIAN_POINT('',(13.2923569812023,30.18,66.2749606132656));
#18282=CARTESIAN_POINT('Origin',(15.5,30.18,75.0000000000218));
#18283=CARTESIAN_POINT('Ctrl Pts',(15.5,30.1632604210007,66.2582210342619));
#18284=CARTESIAN_POINT('Ctrl Pts',(15.0069923761052,30.1632604210007,66.2582210342619));
#18285=CARTESIAN_POINT('Ctrl Pts',(14.4154710602262,30.1704686681988,66.2654292814619));
#18286=CARTESIAN_POINT('Ctrl Pts',(13.7256052787393,30.1779446782349,66.2729052914999));
#18287=CARTESIAN_POINT('Ctrl Pts',(13.4892961508491,30.1800000000001,66.2749606132656));
#18288=CARTESIAN_POINT('Ctrl Pts',(13.2923569812022,30.1800000000001,66.2749606132656));
#18289=CARTESIAN_POINT('Origin',(30.5,28.1800000000001,74.9999999999782));
#18290=CARTESIAN_POINT('Ctrl Pts',(32.707643018971,30.1800000000001,66.2749606132656));
#18291=CARTESIAN_POINT('Ctrl Pts',(32.5107038493093,30.1800000000001,66.2749606132656));
#18292=CARTESIAN_POINT('Ctrl Pts',(32.2743947214013,30.1779446782343,66.2729052914993));
#18293=CARTESIAN_POINT('Ctrl Pts',(31.5845289398604,30.1704686681959,66.265429281459));
#18294=CARTESIAN_POINT('Ctrl Pts',(30.9930076239342,30.1632604209957,66.2582210342568));
#18295=CARTESIAN_POINT('Ctrl Pts',(30.5,30.1632604209957,66.2582210342568));
#18296=CARTESIAN_POINT('Origin',(0.,30.1800000000001,-141.));
#18297=CARTESIAN_POINT('',(-30.5000000000261,30.18,83.9999999999169));
#18298=CARTESIAN_POINT('Origin',(-30.5,30.18,74.9999999999782));
#18299=CARTESIAN_POINT('',(-15.5000000000261,30.18,83.9999999999603));
#18300=CARTESIAN_POINT('',(-7.75000000033851,30.18,83.9999999999827));
#18301=CARTESIAN_POINT('',(-13.2923569812023,30.18,66.2749606132656));
#18302=CARTESIAN_POINT('Origin',(-15.5,30.18,75.0000000000218));
#18303=CARTESIAN_POINT('',(0.,30.18,66.2749606132656));
#18304=CARTESIAN_POINT('Origin',(0.,30.1800000000001,-141.));
#18305=CARTESIAN_POINT('',(-32.7076430189708,30.18,66.2749606132656));
#18306=CARTESIAN_POINT('Origin',(-30.5,30.18,74.9999999999782));
#18307=CARTESIAN_POINT('',(0.,30.18,66.2749606132656));
#18308=CARTESIAN_POINT('Origin',(0.,6.90503939362025,43.0000000007397));
#18309=CARTESIAN_POINT('',(-15.4999999999747,30.1632604210007,66.2582210342619));
#18310=CARTESIAN_POINT('Ctrl Pts',(-13.2923569812022,30.1800000000001,66.2749606132656));
#18311=CARTESIAN_POINT('Ctrl Pts',(-13.4892961508491,30.1800000000001,66.2749606132656));
#18312=CARTESIAN_POINT('Ctrl Pts',(-13.7256052787393,30.1779446782349,66.2729052914999));
#18313=CARTESIAN_POINT('Ctrl Pts',(-14.4154710602262,30.1704686681988,66.2654292814619));
#18314=CARTESIAN_POINT('Ctrl Pts',(-15.0069923761051,30.1632604210007,66.2582210342619));
#18315=CARTESIAN_POINT('Ctrl Pts',(-15.5,30.1632604210007,66.2582210342619));
#18316=CARTESIAN_POINT('',(-30.4999999999746,30.1632604209956,66.2582210342568));
#18317=CARTESIAN_POINT('',(-15.2500000002899,30.1632604210008,66.2582210342619));
#18318=CARTESIAN_POINT('Ctrl Pts',(-30.5,30.1632604209957,66.2582210342568));
#18319=CARTESIAN_POINT('Ctrl Pts',(-30.9930076239342,30.1632604209957,66.2582210342568));
#18320=CARTESIAN_POINT('Ctrl Pts',(-31.5845289398603,30.1704686681959,66.265429281459));
#18321=CARTESIAN_POINT('Ctrl Pts',(-32.2743947214013,30.1779446782343,66.2729052914993));
#18322=CARTESIAN_POINT('Ctrl Pts',(-32.5107038493093,30.1800000000001,66.2749606132656));
#18323=CARTESIAN_POINT('Ctrl Pts',(-32.707643018971,30.1800000000001,66.2749606132656));
#18324=CARTESIAN_POINT('Origin',(-15.2500000002892,28.18,66.000000000084));
#18325=CARTESIAN_POINT('Origin',(-15.4999999999739,28.1800000000001,66.0000000000833));
#18326=CARTESIAN_POINT('Origin',(-30.4999999999739,28.1800000000001,66.0000000000395));
#18327=CARTESIAN_POINT('Origin',(-30.5,28.1800000000001,74.9999999999782));
#18328=CARTESIAN_POINT('Origin',(-15.5,28.1800000000001,75.0000000000218));
#18329=CARTESIAN_POINT('Origin',(-15.5000000000261,28.18,83.9999999999603));
#18330=CARTESIAN_POINT('Origin',(-7.75000000033851,28.18,83.9999999999827));
#18331=CARTESIAN_POINT('Origin',(-30.5000000000261,28.1800000000001,83.9999999999169));
#18332=CARTESIAN_POINT('Origin',(-30.5,28.1800000000001,74.9999999999782));
#18333=CARTESIAN_POINT('Origin',(-15.5,31.68,75.0000000000218));
#18334=CARTESIAN_POINT('',(-15.5000000000141,30.1857079528625,79.8692663858388));
#18335=CARTESIAN_POINT('Origin',(-15.5,30.1857079528625,75.0000000000218));
#18336=CARTESIAN_POINT('',(-15.5000000000145,31.68,79.9999999999603));
#18337=CARTESIAN_POINT('Origin',(-30.5000000000145,31.68,79.9999999999169));
#18338=CARTESIAN_POINT('',(-15.2500000003266,30.1857079528624,79.8692663858396));
#18339=CARTESIAN_POINT('Origin',(-7.75000000029714,30.9328539764312,69.3153668071663));
#18340=CARTESIAN_POINT('',(-15.4999999999811,31.68,68.5000000000833));
#18341=CARTESIAN_POINT('',(-30.4999999999859,30.1857079528625,70.130733614161));
#18342=CARTESIAN_POINT('Origin',(-30.5,30.9328539764313,74.9999999999782));
#18343=CARTESIAN_POINT('',(-30.5000000000141,30.1857079528624,79.8692663857954));
#18344=CARTESIAN_POINT('Origin',(-15.250000000329,30.9328539764312,80.6846331929003));
#18345=CARTESIAN_POINT('',(-15.5000000000141,30.1857079528625,79.8692663858388));
#18346=CARTESIAN_POINT('Origin',(-15.5,30.9328539764313,75.0000000000218));
#18347=CARTESIAN_POINT('Origin',(15.5,31.68,75.0000000000218));
#18348=CARTESIAN_POINT('',(15.4999999999858,30.1857079528625,70.1307336142045));
#18349=CARTESIAN_POINT('Origin',(15.5,30.1857079528625,75.0000000000218));
#18350=CARTESIAN_POINT('',(15.4999999999855,31.68,70.000000000083));
#18351=CARTESIAN_POINT('Origin',(30.4999999999855,31.68,70.0000000000395));
#18352=CARTESIAN_POINT('',(15.2500000002995,30.1857079528624,70.1307336142053));
#18353=CARTESIAN_POINT('Origin',(7.75000000032898,30.9328539764312,80.684633192922));
#18354=CARTESIAN_POINT('',(15.5000000000189,31.68,81.4999999999606));
#18355=CARTESIAN_POINT('',(30.5000000000142,30.1857079528625,79.8692663857954));
#18356=CARTESIAN_POINT('Origin',(30.5,30.9328539764313,74.9999999999782));
#18357=CARTESIAN_POINT('',(30.4999999999859,30.1857079528624,70.130733614161));
#18358=CARTESIAN_POINT('Origin',(15.2500000002972,30.9328539764312,69.3153668071445));
#18359=CARTESIAN_POINT('',(15.4999999999858,30.1857079528625,70.1307336142045));
#18360=CARTESIAN_POINT('Origin',(15.5,30.9328539764313,75.0000000000218));
#18361=CARTESIAN_POINT('Origin',(30.4999999999906,31.68,-130.000000000075));
#18362=CARTESIAN_POINT('',(30.5000000000346,30.1857079528624,-125.130733614258));
#18363=CARTESIAN_POINT('',(30.5000000000352,31.6800000000001,-125.000000000136));
#18364=CARTESIAN_POINT('Origin',(30.4999999999906,30.1857079528624,-130.000000000075));
#18365=CARTESIAN_POINT('Origin',(15.5000000000349,31.68,-125.000000000059));
#18366=CARTESIAN_POINT('',(7.75000000005822,30.1857079528624,-125.13073361414));
#18367=CARTESIAN_POINT('Origin',(7.75000000006245,30.9328539764312,-124.315366807079));
#18368=CARTESIAN_POINT('',(30.5000000000346,30.1857079528624,-125.130733614258));
#18369=CARTESIAN_POINT('Origin',(30.4999999999906,30.9328539764313,-130.000000000075));
#18370=CARTESIAN_POINT('Origin',(-30.4999999999983,31.68,-125.000000000136));
#18371=CARTESIAN_POINT('',(-15.25000000004,30.1857079528624,-125.130733614179));
#18372=CARTESIAN_POINT('Origin',(-15.2500000000442,30.9328539764312,-124.315366807118));
#18373=CARTESIAN_POINT('Origin',(0.,0.,-23.0294372515161));
#18374=CARTESIAN_POINT('',(4.42576219534788E-15,0.,-129.385786437627));
#18375=CARTESIAN_POINT('Origin',(-44.52,-31.8921933123754,-101.310909119329));
#18376=CARTESIAN_POINT('Origin',(40.32,31.6800000000001,-133.666666666667));
#18377=CARTESIAN_POINT('',(40.32,31.6800000000001,-133.6));
#18378=CARTESIAN_POINT('Origin',(37.245,31.6800000000001,-137.7));
#18379=CARTESIAN_POINT('Origin',(-40.36,31.6800000000001,-133.546666666667));
#18380=CARTESIAN_POINT('',(-40.32,31.6800000000001,-133.6));
#18381=CARTESIAN_POINT('Origin',(8.85152439069577E-15,-29.372213562373,
-129.385786437627));
#18382=CARTESIAN_POINT('',(-40.32,30.18,-129.385786437627));
#18383=CARTESIAN_POINT('Origin',(-40.32,31.6800000000001,-129.585786437627));
#18384=UNCERTAINTY_MEASURE_WITH_UNIT(LENGTH_MEASURE(0.01),#18388,
'DISTANCE_ACCURACY_VALUE',
'Maximum model space distance between geometric entities at asserted c
onnectivities');
#18385=UNCERTAINTY_MEASURE_WITH_UNIT(LENGTH_MEASURE(0.01),#18388,
'DISTANCE_ACCURACY_VALUE',
'Maximum model space distance between geometric entities at asserted c
onnectivities');
#18386=(
GEOMETRIC_REPRESENTATION_CONTEXT(3)
GLOBAL_UNCERTAINTY_ASSIGNED_CONTEXT((#18384))
GLOBAL_UNIT_ASSIGNED_CONTEXT((#18388,#18390,#18391))
REPRESENTATION_CONTEXT('','3D')
);
#18387=(
GEOMETRIC_REPRESENTATION_CONTEXT(3)
GLOBAL_UNCERTAINTY_ASSIGNED_CONTEXT((#18385))
GLOBAL_UNIT_ASSIGNED_CONTEXT((#18388,#18390,#18391))
REPRESENTATION_CONTEXT('','3D')
);
#18388=(
LENGTH_UNIT()
NAMED_UNIT(*)
SI_UNIT(.MILLI.,.METRE.)
);
#18389=(
LENGTH_UNIT()
NAMED_UNIT(*)
SI_UNIT(.CENTI.,.METRE.)
);
#18390=(
NAMED_UNIT(*)
PLANE_ANGLE_UNIT()
SI_UNIT($,.RADIAN.)
);
#18391=(
NAMED_UNIT(*)
SI_UNIT($,.STERADIAN.)
SOLID_ANGLE_UNIT()
);
#18392=SHAPE_DEFINITION_REPRESENTATION(#18393,#18394);
#18393=PRODUCT_DEFINITION_SHAPE('',$,#18396);
#18394=SHAPE_REPRESENTATION('',(#10296),#18386);
#18395=PRODUCT_DEFINITION_CONTEXT('part definition',#18400,'design');
#18396=PRODUCT_DEFINITION('Part222','Part222',#18397,#18395);
#18397=PRODUCT_DEFINITION_FORMATION('',$,#18402);
#18398=PRODUCT_RELATED_PRODUCT_CATEGORY('Part222','Part222',(#18402));
#18399=APPLICATION_PROTOCOL_DEFINITION('international standard',
'automotive_design',2009,#18400);
#18400=APPLICATION_CONTEXT(
'Core Data for Automotive Mechanical Design Process');
#18401=PRODUCT_CONTEXT('part definition',#18400,'mechanical');
#18402=PRODUCT('Part222','Part222',$,(#18401));
#18403=PRESENTATION_STYLE_ASSIGNMENT((#18405));
#18404=PRESENTATION_STYLE_ASSIGNMENT((#18406));
#18405=SURFACE_STYLE_USAGE(.BOTH.,#18411);
#18406=SURFACE_STYLE_USAGE(.BOTH.,#18412);
#18407=SURFACE_STYLE_RENDERING_WITH_PROPERTIES($,#18419,(#18409));
#18408=SURFACE_STYLE_RENDERING_WITH_PROPERTIES($,#18420,(#18410));
#18409=SURFACE_STYLE_TRANSPARENT(0.);
#18410=SURFACE_STYLE_TRANSPARENT(0.);
#18411=SURFACE_SIDE_STYLE('',(#18413,#18407));
#18412=SURFACE_SIDE_STYLE('',(#18414,#18408));
#18413=SURFACE_STYLE_FILL_AREA(#18415);
#18414=SURFACE_STYLE_FILL_AREA(#18416);
#18415=FILL_AREA_STYLE('',(#18417));
#18416=FILL_AREA_STYLE('',(#18418));
#18417=FILL_AREA_STYLE_COLOUR('',#18419);
#18418=FILL_AREA_STYLE_COLOUR('',#18420);
#18419=COLOUR_RGB('',0.866666666666667,0.486274509803922,0.0588235294117647);
#18420=COLOUR_RGB('',1.,0.52156862745098,1.);
ENDSEC;
END-ISO-10303-21;
