ISO-10303-21;
HEADER;
/* Generated by software containing ST-Developer
 * from STEP Tools, Inc. (www.steptools.com) 
 */

FILE_DESCRIPTION(
/* description */ (''),
/* implementation_level */ '2;1');

FILE_NAME(
/* name */ '',
/* time_stamp */ '2026-05-15T23:09:34+03:00',
/* author */ ('katya_notebook'),
/* organization */ (''),
/* preprocessor_version */ 'ST-DEVELOPER v20',
/* originating_system */ 'Autodesk Inventor 2024',
/* authorisation */ '');

FILE_SCHEMA (('AUTOMOTIVE_DESIGN { 1 0 10303 214 3 1 1 }'));
ENDSEC;

DATA;
#10=MECHANICAL_DESIGN_GEOMETRIC_PRESENTATION_REPRESENTATION('',(#13,#14),
#2743);
#11=SHAPE_REPRESENTATION_RELATIONSHIP('SRR','None',#2750,#12);
#12=ADVANCED_BREP_SHAPE_REPRESENTATION('',(#18,#19),#2742);
#13=STYLED_ITEM('',(#2759),#18);
#14=STYLED_ITEM('',(#2759),#19);
#15=B_SPLINE_CURVE_WITH_KNOTS('',3,(#2403,#2404,#2405,#2406,#2407,#2408,
#2409,#2410,#2411,#2412,#2413,#2414,#2415,#2416,#2417),.UNSPECIFIED.,.F.,
 .F.,(4,2,3,2,2,2,4),(1.13801520419425,1.14335093162041,1.27685679020519,
1.39451549979599,1.51217420938679,1.56272556717289,1.59499892454335),
 .UNSPECIFIED.);
#16=CONICAL_SURFACE('',#1677,4.,0.785398163397452);
#17=CONICAL_SURFACE('',#1694,3.5,0.785398163397451);
#18=MANIFOLD_SOLID_BREP('\X2\04220432043504400434043E0435\X0\ \X2\04420435043B043E\X0\1',
#1635);
#19=MANIFOLD_SOLID_BREP('\X2\04220432043504400434043E0435\X0\ \X2\04420435043B043E\X0\1',
#1636);
#20=FACE_BOUND('',#178,.T.);
#21=FACE_BOUND('',#179,.T.);
#22=FACE_BOUND('',#186,.T.);
#23=FACE_BOUND('',#187,.T.);
#24=FACE_BOUND('',#201,.T.);
#25=FACE_BOUND('',#202,.T.);
#26=FACE_BOUND('',#203,.T.);
#27=FACE_BOUND('',#204,.T.);
#28=FACE_BOUND('',#205,.T.);
#29=FACE_BOUND('',#206,.T.);
#30=FACE_BOUND('',#207,.T.);
#31=FACE_BOUND('',#211,.T.);
#32=FACE_BOUND('',#220,.T.);
#33=FACE_BOUND('',#221,.T.);
#34=FACE_BOUND('',#265,.T.);
#35=FACE_BOUND('',#266,.T.);
#36=FACE_BOUND('',#270,.T.);
#37=FACE_BOUND('',#271,.T.);
#38=FACE_BOUND('',#272,.T.);
#39=FACE_BOUND('',#273,.T.);
#40=FACE_BOUND('',#274,.T.);
#41=FACE_BOUND('',#275,.T.);
#42=FACE_BOUND('',#276,.T.);
#43=FACE_BOUND('',#277,.T.);
#44=FACE_BOUND('',#278,.T.);
#45=PLANE('',#1665);
#46=PLANE('',#1666);
#47=PLANE('',#1667);
#48=PLANE('',#1668);
#49=PLANE('',#1669);
#50=PLANE('',#1670);
#51=PLANE('',#1671);
#52=PLANE('',#1672);
#53=PLANE('',#1673);
#54=PLANE('',#1674);
#55=PLANE('',#1675);
#56=PLANE('',#1676);
#57=PLANE('',#1680);
#58=PLANE('',#1687);
#59=PLANE('',#1688);
#60=PLANE('',#1693);
#61=PLANE('',#1697);
#62=PLANE('',#1721);
#63=PLANE('',#1724);
#64=PLANE('',#1726);
#65=PLANE('',#1728);
#66=PLANE('',#1729);
#67=PLANE('',#1732);
#68=PLANE('',#1733);
#69=PLANE('',#1736);
#70=PLANE('',#1749);
#71=PLANE('',#1750);
#72=PLANE('',#1751);
#73=PLANE('',#1752);
#74=PLANE('',#1755);
#75=PLANE('',#1756);
#76=PLANE('',#1757);
#77=PLANE('',#1758);
#78=PLANE('',#1765);
#79=PLANE('',#1766);
#80=PLANE('',#1767);
#81=PLANE('',#1768);
#82=PLANE('',#1769);
#83=PLANE('',#1770);
#84=PLANE('',#1771);
#85=PLANE('',#1774);
#86=PLANE('',#1779);
#87=PLANE('',#1784);
#88=PLANE('',#1789);
#89=PLANE('',#1794);
#90=PLANE('',#1797);
#91=PLANE('',#1798);
#92=PLANE('',#1799);
#93=PLANE('',#1800);
#94=PLANE('',#1801);
#95=PLANE('',#1802);
#96=FACE_OUTER_BOUND('',#175,.T.);
#97=FACE_OUTER_BOUND('',#176,.T.);
#98=FACE_OUTER_BOUND('',#177,.T.);
#99=FACE_OUTER_BOUND('',#180,.T.);
#100=FACE_OUTER_BOUND('',#181,.T.);
#101=FACE_OUTER_BOUND('',#182,.T.);
#102=FACE_OUTER_BOUND('',#183,.T.);
#103=FACE_OUTER_BOUND('',#184,.T.);
#104=FACE_OUTER_BOUND('',#185,.T.);
#105=FACE_OUTER_BOUND('',#188,.T.);
#106=FACE_OUTER_BOUND('',#189,.T.);
#107=FACE_OUTER_BOUND('',#190,.T.);
#108=FACE_OUTER_BOUND('',#191,.T.);
#109=FACE_OUTER_BOUND('',#192,.T.);
#110=FACE_OUTER_BOUND('',#193,.T.);
#111=FACE_OUTER_BOUND('',#194,.T.);
#112=FACE_OUTER_BOUND('',#195,.T.);
#113=FACE_OUTER_BOUND('',#196,.T.);
#114=FACE_OUTER_BOUND('',#197,.T.);
#115=FACE_OUTER_BOUND('',#198,.T.);
#116=FACE_OUTER_BOUND('',#199,.T.);
#117=FACE_OUTER_BOUND('',#200,.T.);
#118=FACE_OUTER_BOUND('',#208,.T.);
#119=FACE_OUTER_BOUND('',#209,.T.);
#120=FACE_OUTER_BOUND('',#210,.T.);
#121=FACE_OUTER_BOUND('',#212,.T.);
#122=FACE_OUTER_BOUND('',#213,.T.);
#123=FACE_OUTER_BOUND('',#214,.T.);
#124=FACE_OUTER_BOUND('',#215,.T.);
#125=FACE_OUTER_BOUND('',#216,.T.);
#126=FACE_OUTER_BOUND('',#217,.T.);
#127=FACE_OUTER_BOUND('',#218,.T.);
#128=FACE_OUTER_BOUND('',#219,.T.);
#129=FACE_OUTER_BOUND('',#222,.T.);
#130=FACE_OUTER_BOUND('',#223,.T.);
#131=FACE_OUTER_BOUND('',#224,.T.);
#132=FACE_OUTER_BOUND('',#225,.T.);
#133=FACE_OUTER_BOUND('',#226,.T.);
#134=FACE_OUTER_BOUND('',#227,.T.);
#135=FACE_OUTER_BOUND('',#228,.T.);
#136=FACE_OUTER_BOUND('',#229,.T.);
#137=FACE_OUTER_BOUND('',#230,.T.);
#138=FACE_OUTER_BOUND('',#231,.T.);
#139=FACE_OUTER_BOUND('',#232,.T.);
#140=FACE_OUTER_BOUND('',#233,.T.);
#141=FACE_OUTER_BOUND('',#234,.T.);
#142=FACE_OUTER_BOUND('',#235,.T.);
#143=FACE_OUTER_BOUND('',#236,.T.);
#144=FACE_OUTER_BOUND('',#237,.T.);
#145=FACE_OUTER_BOUND('',#238,.T.);
#146=FACE_OUTER_BOUND('',#239,.T.);
#147=FACE_OUTER_BOUND('',#240,.T.);
#148=FACE_OUTER_BOUND('',#241,.T.);
#149=FACE_OUTER_BOUND('',#242,.T.);
#150=FACE_OUTER_BOUND('',#243,.T.);
#151=FACE_OUTER_BOUND('',#244,.T.);
#152=FACE_OUTER_BOUND('',#245,.T.);
#153=FACE_OUTER_BOUND('',#246,.T.);
#154=FACE_OUTER_BOUND('',#247,.T.);
#155=FACE_OUTER_BOUND('',#248,.T.);
#156=FACE_OUTER_BOUND('',#249,.T.);
#157=FACE_OUTER_BOUND('',#250,.T.);
#158=FACE_OUTER_BOUND('',#251,.T.);
#159=FACE_OUTER_BOUND('',#252,.T.);
#160=FACE_OUTER_BOUND('',#253,.T.);
#161=FACE_OUTER_BOUND('',#254,.T.);
#162=FACE_OUTER_BOUND('',#255,.T.);
#163=FACE_OUTER_BOUND('',#256,.T.);
#164=FACE_OUTER_BOUND('',#257,.T.);
#165=FACE_OUTER_BOUND('',#258,.T.);
#166=FACE_OUTER_BOUND('',#259,.T.);
#167=FACE_OUTER_BOUND('',#260,.T.);
#168=FACE_OUTER_BOUND('',#261,.T.);
#169=FACE_OUTER_BOUND('',#262,.T.);
#170=FACE_OUTER_BOUND('',#263,.T.);
#171=FACE_OUTER_BOUND('',#264,.T.);
#172=FACE_OUTER_BOUND('',#267,.T.);
#173=FACE_OUTER_BOUND('',#268,.T.);
#174=FACE_OUTER_BOUND('',#269,.T.);
#175=EDGE_LOOP('',(#1064,#1065,#1066,#1067));
#176=EDGE_LOOP('',(#1068,#1069,#1070,#1071));
#177=EDGE_LOOP('',(#1072,#1073,#1074,#1075));
#178=EDGE_LOOP('',(#1076));
#179=EDGE_LOOP('',(#1077));
#180=EDGE_LOOP('',(#1078,#1079,#1080,#1081,#1082,#1083,#1084,#1085));
#181=EDGE_LOOP('',(#1086,#1087,#1088,#1089));
#182=EDGE_LOOP('',(#1090,#1091,#1092,#1093));
#183=EDGE_LOOP('',(#1094,#1095,#1096,#1097));
#184=EDGE_LOOP('',(#1098,#1099,#1100,#1101,#1102));
#185=EDGE_LOOP('',(#1103,#1104,#1105,#1106));
#186=EDGE_LOOP('',(#1107));
#187=EDGE_LOOP('',(#1108));
#188=EDGE_LOOP('',(#1109,#1110,#1111,#1112,#1113));
#189=EDGE_LOOP('',(#1114,#1115,#1116,#1117));
#190=EDGE_LOOP('',(#1118,#1119,#1120,#1121));
#191=EDGE_LOOP('',(#1122,#1123,#1124,#1125,#1126,#1127,#1128,#1129));
#192=EDGE_LOOP('',(#1130,#1131,#1132,#1133));
#193=EDGE_LOOP('',(#1134,#1135,#1136,#1137));
#194=EDGE_LOOP('',(#1138,#1139,#1140,#1141,#1142,#1143,#1144,#1145,#1146,
#1147));
#195=EDGE_LOOP('',(#1148,#1149,#1150,#1151));
#196=EDGE_LOOP('',(#1152,#1153,#1154,#1155,#1156,#1157));
#197=EDGE_LOOP('',(#1158,#1159,#1160,#1161,#1162,#1163,#1164));
#198=EDGE_LOOP('',(#1165,#1166,#1167,#1168));
#199=EDGE_LOOP('',(#1169,#1170,#1171,#1172));
#200=EDGE_LOOP('',(#1173,#1174,#1175,#1176,#1177,#1178,#1179,#1180,#1181,
#1182,#1183,#1184,#1185,#1186,#1187,#1188,#1189,#1190,#1191,#1192,#1193,
#1194,#1195,#1196,#1197,#1198,#1199,#1200,#1201,#1202,#1203,#1204));
#201=EDGE_LOOP('',(#1205));
#202=EDGE_LOOP('',(#1206));
#203=EDGE_LOOP('',(#1207));
#204=EDGE_LOOP('',(#1208,#1209,#1210,#1211));
#205=EDGE_LOOP('',(#1212));
#206=EDGE_LOOP('',(#1213,#1214,#1215,#1216));
#207=EDGE_LOOP('',(#1217,#1218,#1219,#1220));
#208=EDGE_LOOP('',(#1221,#1222,#1223,#1224,#1225,#1226));
#209=EDGE_LOOP('',(#1227,#1228,#1229,#1230));
#210=EDGE_LOOP('',(#1231,#1232,#1233,#1234,#1235,#1236,#1237,#1238,#1239,
#1240,#1241));
#211=EDGE_LOOP('',(#1242));
#212=EDGE_LOOP('',(#1243,#1244,#1245));
#213=EDGE_LOOP('',(#1246,#1247));
#214=EDGE_LOOP('',(#1248,#1249,#1250,#1251));
#215=EDGE_LOOP('',(#1252,#1253,#1254,#1255,#1256,#1257));
#216=EDGE_LOOP('',(#1258,#1259,#1260,#1261));
#217=EDGE_LOOP('',(#1262,#1263,#1264,#1265));
#218=EDGE_LOOP('',(#1266,#1267,#1268,#1269,#1270,#1271,#1272,#1273));
#219=EDGE_LOOP('',(#1274,#1275,#1276,#1277));
#220=EDGE_LOOP('',(#1278));
#221=EDGE_LOOP('',(#1279));
#222=EDGE_LOOP('',(#1280,#1281,#1282,#1283));
#223=EDGE_LOOP('',(#1284,#1285,#1286,#1287));
#224=EDGE_LOOP('',(#1288,#1289,#1290,#1291,#1292,#1293,#1294,#1295));
#225=EDGE_LOOP('',(#1296,#1297,#1298,#1299,#1300,#1301,#1302,#1303,#1304,
#1305));
#226=EDGE_LOOP('',(#1306,#1307,#1308,#1309));
#227=EDGE_LOOP('',(#1310,#1311,#1312,#1313));
#228=EDGE_LOOP('',(#1314,#1315,#1316,#1317));
#229=EDGE_LOOP('',(#1318,#1319,#1320,#1321));
#230=EDGE_LOOP('',(#1322,#1323,#1324,#1325));
#231=EDGE_LOOP('',(#1326,#1327,#1328,#1329));
#232=EDGE_LOOP('',(#1330,#1331,#1332,#1333));
#233=EDGE_LOOP('',(#1334,#1335,#1336,#1337));
#234=EDGE_LOOP('',(#1338,#1339,#1340,#1341));
#235=EDGE_LOOP('',(#1342,#1343,#1344,#1345));
#236=EDGE_LOOP('',(#1346,#1347,#1348,#1349,#1350,#1351));
#237=EDGE_LOOP('',(#1352,#1353,#1354,#1355));
#238=EDGE_LOOP('',(#1356,#1357,#1358,#1359,#1360,#1361));
#239=EDGE_LOOP('',(#1362,#1363,#1364,#1365,#1366,#1367));
#240=EDGE_LOOP('',(#1368,#1369,#1370,#1371));
#241=EDGE_LOOP('',(#1372,#1373,#1374,#1375));
#242=EDGE_LOOP('',(#1376,#1377,#1378,#1379));
#243=EDGE_LOOP('',(#1380,#1381,#1382,#1383));
#244=EDGE_LOOP('',(#1384,#1385,#1386,#1387));
#245=EDGE_LOOP('',(#1388,#1389,#1390,#1391,#1392,#1393,#1394,#1395));
#246=EDGE_LOOP('',(#1396,#1397,#1398,#1399,#1400));
#247=EDGE_LOOP('',(#1401,#1402,#1403,#1404));
#248=EDGE_LOOP('',(#1405,#1406,#1407,#1408));
#249=EDGE_LOOP('',(#1409,#1410,#1411,#1412));
#250=EDGE_LOOP('',(#1413,#1414,#1415,#1416));
#251=EDGE_LOOP('',(#1417,#1418,#1419,#1420));
#252=EDGE_LOOP('',(#1421,#1422,#1423,#1424));
#253=EDGE_LOOP('',(#1425,#1426,#1427,#1428));
#254=EDGE_LOOP('',(#1429,#1430,#1431,#1432));
#255=EDGE_LOOP('',(#1433,#1434,#1435,#1436));
#256=EDGE_LOOP('',(#1437,#1438,#1439,#1440));
#257=EDGE_LOOP('',(#1441,#1442,#1443,#1444));
#258=EDGE_LOOP('',(#1445,#1446,#1447,#1448));
#259=EDGE_LOOP('',(#1449,#1450,#1451,#1452));
#260=EDGE_LOOP('',(#1453,#1454,#1455,#1456));
#261=EDGE_LOOP('',(#1457,#1458,#1459,#1460));
#262=EDGE_LOOP('',(#1461,#1462,#1463,#1464,#1465));
#263=EDGE_LOOP('',(#1466,#1467,#1468,#1469,#1470,#1471));
#264=EDGE_LOOP('',(#1472,#1473,#1474,#1475));
#265=EDGE_LOOP('',(#1476));
#266=EDGE_LOOP('',(#1477));
#267=EDGE_LOOP('',(#1478,#1479,#1480,#1481));
#268=EDGE_LOOP('',(#1482,#1483,#1484,#1485));
#269=EDGE_LOOP('',(#1486,#1487,#1488,#1489,#1490,#1491,#1492,#1493,#1494,
#1495,#1496,#1497,#1498,#1499,#1500,#1501,#1502,#1503,#1504,#1505,#1506,
#1507,#1508,#1509,#1510,#1511));
#270=EDGE_LOOP('',(#1512));
#271=EDGE_LOOP('',(#1513));
#272=EDGE_LOOP('',(#1514));
#273=EDGE_LOOP('',(#1515));
#274=EDGE_LOOP('',(#1516));
#275=EDGE_LOOP('',(#1517,#1518,#1519,#1520));
#276=EDGE_LOOP('',(#1521));
#277=EDGE_LOOP('',(#1522,#1523,#1524,#1525));
#278=EDGE_LOOP('',(#1526,#1527,#1528,#1529));
#279=ELLIPSE('',#1661,4.79472704783302,2.1);
#280=ELLIPSE('',#1664,4.79472704783302,2.1);
#281=ELLIPSE('',#1681,2.9698484809835,2.1);
#282=ELLIPSE('',#1682,2.9698484809835,2.1);
#283=ELLIPSE('',#1683,2.9698484809835,2.1);
#284=ELLIPSE('',#1684,2.9698484809835,2.1);
#285=ELLIPSE('',#1686,2.82842712474619,2.);
#286=ELLIPSE('',#1689,2.47487373415291,1.75);
#287=ELLIPSE('',#1690,2.47487373415291,1.75);
#288=ELLIPSE('',#1691,2.9698484809835,2.1);
#289=ELLIPSE('',#1692,2.9698484809835,2.1);
#290=ELLIPSE('',#1718,2.82842712474619,2.);
#291=LINE('',#2265,#458);
#292=LINE('',#2271,#459);
#293=LINE('',#2276,#460);
#294=LINE('',#2278,#461);
#295=LINE('',#2280,#462);
#296=LINE('',#2281,#463);
#297=LINE('',#2284,#464);
#298=LINE('',#2286,#465);
#299=LINE('',#2288,#466);
#300=LINE('',#2290,#467);
#301=LINE('',#2292,#468);
#302=LINE('',#2294,#469);
#303=LINE('',#2295,#470);
#304=LINE('',#2299,#471);
#305=LINE('',#2300,#472);
#306=LINE('',#2301,#473);
#307=LINE('',#2304,#474);
#308=LINE('',#2305,#475);
#309=LINE('',#2308,#476);
#310=LINE('',#2309,#477);
#311=LINE('',#2312,#478);
#312=LINE('',#2313,#479);
#313=LINE('',#2316,#480);
#314=LINE('',#2317,#481);
#315=LINE('',#2320,#482);
#316=LINE('',#2321,#483);
#317=LINE('',#2324,#484);
#318=LINE('',#2325,#485);
#319=LINE('',#2327,#486);
#320=LINE('',#2332,#487);
#321=LINE('',#2334,#488);
#322=LINE('',#2336,#489);
#323=LINE('',#2337,#490);
#324=LINE('',#2342,#491);
#325=LINE('',#2349,#492);
#326=LINE('',#2351,#493);
#327=LINE('',#2352,#494);
#328=LINE('',#2354,#495);
#329=LINE('',#2360,#496);
#330=LINE('',#2364,#497);
#331=LINE('',#2367,#498);
#332=LINE('',#2370,#499);
#333=LINE('',#2372,#500);
#334=LINE('',#2374,#501);
#335=LINE('',#2375,#502);
#336=LINE('',#2381,#503);
#337=LINE('',#2385,#504);
#338=LINE('',#2390,#505);
#339=LINE('',#2394,#506);
#340=LINE('',#2396,#507);
#341=LINE('',#2398,#508);
#342=LINE('',#2399,#509);
#343=LINE('',#2422,#510);
#344=LINE('',#2424,#511);
#345=LINE('',#2426,#512);
#346=LINE('',#2428,#513);
#347=LINE('',#2430,#514);
#348=LINE('',#2438,#515);
#349=LINE('',#2442,#516);
#350=LINE('',#2448,#517);
#351=LINE('',#2454,#518);
#352=LINE('',#2460,#519);
#353=LINE('',#2466,#520);
#354=LINE('',#2469,#521);
#355=LINE('',#2478,#522);
#356=LINE('',#2480,#523);
#357=LINE('',#2482,#524);
#358=LINE('',#2483,#525);
#359=LINE('',#2488,#526);
#360=LINE('',#2490,#527);
#361=LINE('',#2492,#528);
#362=LINE('',#2493,#529);
#363=LINE('',#2496,#530);
#364=LINE('',#2498,#531);
#365=LINE('',#2500,#532);
#366=LINE('',#2501,#533);
#367=LINE('',#2504,#534);
#368=LINE('',#2508,#535);
#369=LINE('',#2511,#536);
#370=LINE('',#2514,#537);
#371=LINE('',#2517,#538);
#372=LINE('',#2521,#539);
#373=LINE('',#2522,#540);
#374=LINE('',#2523,#541);
#375=LINE('',#2525,#542);
#376=LINE('',#2526,#543);
#377=LINE('',#2535,#544);
#378=LINE('',#2537,#545);
#379=LINE('',#2538,#546);
#380=LINE('',#2541,#547);
#381=LINE('',#2543,#548);
#382=LINE('',#2544,#549);
#383=LINE('',#2547,#550);
#384=LINE('',#2550,#551);
#385=LINE('',#2553,#552);
#386=LINE('',#2554,#553);
#387=LINE('',#2558,#554);
#388=LINE('',#2561,#555);
#389=LINE('',#2562,#556);
#390=LINE('',#2570,#557);
#391=LINE('',#2574,#558);
#392=LINE('',#2578,#559);
#393=LINE('',#2582,#560);
#394=LINE('',#2586,#561);
#395=LINE('',#2589,#562);
#396=LINE('',#2591,#563);
#397=LINE('',#2592,#564);
#398=LINE('',#2595,#565);
#399=LINE('',#2596,#566);
#400=LINE('',#2599,#567);
#401=LINE('',#2600,#568);
#402=LINE('',#2602,#569);
#403=LINE('',#2606,#570);
#404=LINE('',#2609,#571);
#405=LINE('',#2611,#572);
#406=LINE('',#2612,#573);
#407=LINE('',#2615,#574);
#408=LINE('',#2616,#575);
#409=LINE('',#2619,#576);
#410=LINE('',#2620,#577);
#411=LINE('',#2622,#578);
#412=LINE('',#2624,#579);
#413=LINE('',#2628,#580);
#414=LINE('',#2630,#581);
#415=LINE('',#2634,#582);
#416=LINE('',#2638,#583);
#417=LINE('',#2639,#584);
#418=LINE('',#2640,#585);
#419=LINE('',#2643,#586);
#420=LINE('',#2644,#587);
#421=LINE('',#2647,#588);
#422=LINE('',#2648,#589);
#423=LINE('',#2650,#590);
#424=LINE('',#2654,#591);
#425=LINE('',#2655,#592);
#426=LINE('',#2656,#593);
#427=LINE('',#2658,#594);
#428=LINE('',#2661,#595);
#429=LINE('',#2662,#596);
#430=LINE('',#2666,#597);
#431=LINE('',#2669,#598);
#432=LINE('',#2670,#599);
#433=LINE('',#2674,#600);
#434=LINE('',#2678,#601);
#435=LINE('',#2681,#602);
#436=LINE('',#2682,#603);
#437=LINE('',#2686,#604);
#438=LINE('',#2690,#605);
#439=LINE('',#2693,#606);
#440=LINE('',#2694,#607);
#441=LINE('',#2698,#608);
#442=LINE('',#2702,#609);
#443=LINE('',#2705,#610);
#444=LINE('',#2706,#611);
#445=LINE('',#2710,#612);
#446=LINE('',#2714,#613);
#447=LINE('',#2717,#614);
#448=LINE('',#2718,#615);
#449=LINE('',#2722,#616);
#450=LINE('',#2725,#617);
#451=LINE('',#2726,#618);
#452=LINE('',#2729,#619);
#453=LINE('',#2730,#620);
#454=LINE('',#2732,#621);
#455=LINE('',#2735,#622);
#456=LINE('',#2736,#623);
#457=LINE('',#2738,#624);
#458=VECTOR('',#1809,2.1);
#459=VECTOR('',#1816,2.1);
#460=VECTOR('',#1821,10.);
#461=VECTOR('',#1822,10.);
#462=VECTOR('',#1823,10.);
#463=VECTOR('',#1824,10.);
#464=VECTOR('',#1827,10.);
#465=VECTOR('',#1828,10.);
#466=VECTOR('',#1829,10.);
#467=VECTOR('',#1830,10.);
#468=VECTOR('',#1831,10.);
#469=VECTOR('',#1832,10.);
#470=VECTOR('',#1833,10.);
#471=VECTOR('',#1836,10.);
#472=VECTOR('',#1837,10.);
#473=VECTOR('',#1838,10.);
#474=VECTOR('',#1841,10.);
#475=VECTOR('',#1842,10.);
#476=VECTOR('',#1845,10.);
#477=VECTOR('',#1846,10.);
#478=VECTOR('',#1849,10.);
#479=VECTOR('',#1850,10.);
#480=VECTOR('',#1853,10.);
#481=VECTOR('',#1854,10.);
#482=VECTOR('',#1857,10.);
#483=VECTOR('',#1858,10.);
#484=VECTOR('',#1861,10.);
#485=VECTOR('',#1862,10.);
#486=VECTOR('',#1865,10.);
#487=VECTOR('',#1870,10.);
#488=VECTOR('',#1871,10.);
#489=VECTOR('',#1872,10.);
#490=VECTOR('',#1873,10.);
#491=VECTOR('',#1878,10.);
#492=VECTOR('',#1885,10.);
#493=VECTOR('',#1886,10.);
#494=VECTOR('',#1887,10.);
#495=VECTOR('',#1888,10.);
#496=VECTOR('',#1893,10.);
#497=VECTOR('',#1898,10.);
#498=VECTOR('',#1901,10.);
#499=VECTOR('',#1904,10.);
#500=VECTOR('',#1905,10.);
#501=VECTOR('',#1906,10.);
#502=VECTOR('',#1907,10.);
#503=VECTOR('',#1912,10.);
#504=VECTOR('',#1915,10.);
#505=VECTOR('',#1920,10.);
#506=VECTOR('',#1923,10.);
#507=VECTOR('',#1924,10.);
#508=VECTOR('',#1925,10.);
#509=VECTOR('',#1926,10.);
#510=VECTOR('',#1935,10.);
#511=VECTOR('',#1936,10.);
#512=VECTOR('',#1937,10.);
#513=VECTOR('',#1938,10.);
#514=VECTOR('',#1939,10.);
#515=VECTOR('',#1948,10.);
#516=VECTOR('',#1951,10.);
#517=VECTOR('',#1956,10.);
#518=VECTOR('',#1961,10.);
#519=VECTOR('',#1966,10.);
#520=VECTOR('',#1971,10.);
#521=VECTOR('',#1974,10.);
#522=VECTOR('',#1981,10.);
#523=VECTOR('',#1982,10.);
#524=VECTOR('',#1983,10.);
#525=VECTOR('',#1984,10.);
#526=VECTOR('',#1987,10.);
#527=VECTOR('',#1988,10.);
#528=VECTOR('',#1989,10.);
#529=VECTOR('',#1990,10.);
#530=VECTOR('',#1991,10.);
#531=VECTOR('',#1992,10.);
#532=VECTOR('',#1993,10.);
#533=VECTOR('',#1994,10.);
#534=VECTOR('',#1997,10.);
#535=VECTOR('',#2000,10.);
#536=VECTOR('',#2003,10.);
#537=VECTOR('',#2006,10.);
#538=VECTOR('',#2009,10.);
#539=VECTOR('',#2014,10.);
#540=VECTOR('',#2015,10.);
#541=VECTOR('',#2016,10.);
#542=VECTOR('',#2017,10.);
#543=VECTOR('',#2018,10.);
#544=VECTOR('',#2031,10.);
#545=VECTOR('',#2032,10.);
#546=VECTOR('',#2033,10.);
#547=VECTOR('',#2036,10.);
#548=VECTOR('',#2037,10.);
#549=VECTOR('',#2038,10.);
#550=VECTOR('',#2041,10.);
#551=VECTOR('',#2044,10.);
#552=VECTOR('',#2047,10.);
#553=VECTOR('',#2048,10.);
#554=VECTOR('',#2055,10.);
#555=VECTOR('',#2058,10.);
#556=VECTOR('',#2059,10.);
#557=VECTOR('',#2068,1.75);
#558=VECTOR('',#2073,1.75);
#559=VECTOR('',#2078,1.75);
#560=VECTOR('',#2083,1.75);
#561=VECTOR('',#2088,2.);
#562=VECTOR('',#2091,10.);
#563=VECTOR('',#2092,10.);
#564=VECTOR('',#2093,10.);
#565=VECTOR('',#2096,10.);
#566=VECTOR('',#2097,10.);
#567=VECTOR('',#2100,10.);
#568=VECTOR('',#2101,10.);
#569=VECTOR('',#2104,10.);
#570=VECTOR('',#2109,2.);
#571=VECTOR('',#2112,10.);
#572=VECTOR('',#2113,10.);
#573=VECTOR('',#2114,10.);
#574=VECTOR('',#2117,10.);
#575=VECTOR('',#2118,10.);
#576=VECTOR('',#2121,10.);
#577=VECTOR('',#2122,10.);
#578=VECTOR('',#2125,10.);
#579=VECTOR('',#2128,2.1);
#580=VECTOR('',#2133,2.1);
#581=VECTOR('',#2136,2.1);
#582=VECTOR('',#2141,2.1);
#583=VECTOR('',#2144,10.);
#584=VECTOR('',#2145,10.);
#585=VECTOR('',#2146,10.);
#586=VECTOR('',#2149,10.);
#587=VECTOR('',#2150,10.);
#588=VECTOR('',#2153,10.);
#589=VECTOR('',#2154,10.);
#590=VECTOR('',#2157,10.);
#591=VECTOR('',#2160,10.);
#592=VECTOR('',#2161,10.);
#593=VECTOR('',#2162,10.);
#594=VECTOR('',#2165,10.);
#595=VECTOR('',#2168,10.);
#596=VECTOR('',#2169,10.);
#597=VECTOR('',#2174,10.);
#598=VECTOR('',#2177,10.);
#599=VECTOR('',#2178,10.);
#600=VECTOR('',#2183,10.);
#601=VECTOR('',#2188,10.);
#602=VECTOR('',#2191,10.);
#603=VECTOR('',#2192,10.);
#604=VECTOR('',#2197,10.);
#605=VECTOR('',#2202,10.);
#606=VECTOR('',#2205,10.);
#607=VECTOR('',#2206,10.);
#608=VECTOR('',#2211,10.);
#609=VECTOR('',#2216,10.);
#610=VECTOR('',#2219,10.);
#611=VECTOR('',#2220,10.);
#612=VECTOR('',#2225,10.);
#613=VECTOR('',#2230,10.);
#614=VECTOR('',#2233,10.);
#615=VECTOR('',#2234,10.);
#616=VECTOR('',#2239,10.);
#617=VECTOR('',#2242,10.);
#618=VECTOR('',#2243,10.);
#619=VECTOR('',#2246,10.);
#620=VECTOR('',#2247,10.);
#621=VECTOR('',#2250,10.);
#622=VECTOR('',#2253,10.);
#623=VECTOR('',#2254,10.);
#624=VECTOR('',#2257,10.);
#625=CIRCLE('',#1660,2.1);
#626=CIRCLE('',#1663,2.1);
#627=CIRCLE('',#1678,2.);
#628=CIRCLE('',#1679,6.);
#629=CIRCLE('',#1695,2.);
#630=CIRCLE('',#1696,5.);
#631=CIRCLE('',#1698,1.75);
#632=CIRCLE('',#1699,1.75);
#633=CIRCLE('',#1700,1.75);
#634=CIRCLE('',#1701,1.75);
#635=CIRCLE('',#1702,3.);
#636=CIRCLE('',#1703,2.);
#637=CIRCLE('',#1704,7.00000000001353);
#638=CIRCLE('',#1705,6.99999999994134);
#639=CIRCLE('',#1706,2.);
#640=CIRCLE('',#1707,2.);
#641=CIRCLE('',#1708,6.99999999994134);
#642=CIRCLE('',#1709,7.00000000001353);
#643=CIRCLE('',#1710,2.);
#644=CIRCLE('',#1711,3.);
#645=CIRCLE('',#1712,1.75);
#646=CIRCLE('',#1713,1.75);
#647=CIRCLE('',#1714,2.);
#648=CIRCLE('',#1715,2.);
#649=CIRCLE('',#1717,2.);
#650=CIRCLE('',#1720,2.);
#651=CIRCLE('',#1722,2.1);
#652=CIRCLE('',#1723,2.1);
#653=CIRCLE('',#1725,1.75);
#654=CIRCLE('',#1727,1.75);
#655=CIRCLE('',#1731,2.);
#656=CIRCLE('',#1734,2.1);
#657=CIRCLE('',#1735,2.1);
#658=CIRCLE('',#1737,2.1);
#659=CIRCLE('',#1738,2.1);
#660=CIRCLE('',#1740,1.75);
#661=CIRCLE('',#1742,1.75);
#662=CIRCLE('',#1744,1.75);
#663=CIRCLE('',#1746,1.75);
#664=CIRCLE('',#1748,2.);
#665=CIRCLE('',#1754,2.);
#666=CIRCLE('',#1761,2.1);
#667=CIRCLE('',#1764,2.1);
#668=CIRCLE('',#1773,3.);
#669=CIRCLE('',#1776,2.);
#670=CIRCLE('',#1778,7.00000000001353);
#671=CIRCLE('',#1781,6.99999999994134);
#672=CIRCLE('',#1783,2.);
#673=CIRCLE('',#1786,2.);
#674=CIRCLE('',#1788,6.99999999994134);
#675=CIRCLE('',#1791,7.00000000001353);
#676=CIRCLE('',#1793,2.);
#677=CIRCLE('',#1796,3.);
#678=VERTEX_POINT('',#2262);
#679=VERTEX_POINT('',#2264);
#680=VERTEX_POINT('',#2268);
#681=VERTEX_POINT('',#2270);
#682=VERTEX_POINT('',#2274);
#683=VERTEX_POINT('',#2275);
#684=VERTEX_POINT('',#2277);
#685=VERTEX_POINT('',#2279);
#686=VERTEX_POINT('',#2283);
#687=VERTEX_POINT('',#2285);
#688=VERTEX_POINT('',#2287);
#689=VERTEX_POINT('',#2289);
#690=VERTEX_POINT('',#2291);
#691=VERTEX_POINT('',#2293);
#692=VERTEX_POINT('',#2297);
#693=VERTEX_POINT('',#2298);
#694=VERTEX_POINT('',#2303);
#695=VERTEX_POINT('',#2307);
#696=VERTEX_POINT('',#2311);
#697=VERTEX_POINT('',#2315);
#698=VERTEX_POINT('',#2319);
#699=VERTEX_POINT('',#2323);
#700=VERTEX_POINT('',#2330);
#701=VERTEX_POINT('',#2331);
#702=VERTEX_POINT('',#2333);
#703=VERTEX_POINT('',#2335);
#704=VERTEX_POINT('',#2339);
#705=VERTEX_POINT('',#2341);
#706=VERTEX_POINT('',#2345);
#707=VERTEX_POINT('',#2346);
#708=VERTEX_POINT('',#2348);
#709=VERTEX_POINT('',#2350);
#710=VERTEX_POINT('',#2353);
#711=VERTEX_POINT('',#2355);
#712=VERTEX_POINT('',#2357);
#713=VERTEX_POINT('',#2359);
#714=VERTEX_POINT('',#2363);
#715=VERTEX_POINT('',#2365);
#716=VERTEX_POINT('',#2369);
#717=VERTEX_POINT('',#2371);
#718=VERTEX_POINT('',#2373);
#719=VERTEX_POINT('',#2377);
#720=VERTEX_POINT('',#2378);
#721=VERTEX_POINT('',#2380);
#722=VERTEX_POINT('',#2382);
#723=VERTEX_POINT('',#2384);
#724=VERTEX_POINT('',#2386);
#725=VERTEX_POINT('',#2388);
#726=VERTEX_POINT('',#2392);
#727=VERTEX_POINT('',#2393);
#728=VERTEX_POINT('',#2395);
#729=VERTEX_POINT('',#2397);
#730=VERTEX_POINT('',#2401);
#731=VERTEX_POINT('',#2402);
#732=VERTEX_POINT('',#2421);
#733=VERTEX_POINT('',#2423);
#734=VERTEX_POINT('',#2425);
#735=VERTEX_POINT('',#2427);
#736=VERTEX_POINT('',#2429);
#737=VERTEX_POINT('',#2431);
#738=VERTEX_POINT('',#2434);
#739=VERTEX_POINT('',#2437);
#740=VERTEX_POINT('',#2439);
#741=VERTEX_POINT('',#2441);
#742=VERTEX_POINT('',#2443);
#743=VERTEX_POINT('',#2445);
#744=VERTEX_POINT('',#2447);
#745=VERTEX_POINT('',#2449);
#746=VERTEX_POINT('',#2451);
#747=VERTEX_POINT('',#2453);
#748=VERTEX_POINT('',#2455);
#749=VERTEX_POINT('',#2457);
#750=VERTEX_POINT('',#2459);
#751=VERTEX_POINT('',#2461);
#752=VERTEX_POINT('',#2463);
#753=VERTEX_POINT('',#2465);
#754=VERTEX_POINT('',#2467);
#755=VERTEX_POINT('',#2470);
#756=VERTEX_POINT('',#2472);
#757=VERTEX_POINT('',#2474);
#758=VERTEX_POINT('',#2476);
#759=VERTEX_POINT('',#2477);
#760=VERTEX_POINT('',#2479);
#761=VERTEX_POINT('',#2481);
#762=VERTEX_POINT('',#2484);
#763=VERTEX_POINT('',#2486);
#764=VERTEX_POINT('',#2487);
#765=VERTEX_POINT('',#2489);
#766=VERTEX_POINT('',#2491);
#767=VERTEX_POINT('',#2494);
#768=VERTEX_POINT('',#2495);
#769=VERTEX_POINT('',#2497);
#770=VERTEX_POINT('',#2499);
#771=VERTEX_POINT('',#2503);
#772=VERTEX_POINT('',#2505);
#773=VERTEX_POINT('',#2507);
#774=VERTEX_POINT('',#2509);
#775=VERTEX_POINT('',#2513);
#776=VERTEX_POINT('',#2515);
#777=VERTEX_POINT('',#2520);
#778=VERTEX_POINT('',#2524);
#779=VERTEX_POINT('',#2527);
#780=VERTEX_POINT('',#2534);
#781=VERTEX_POINT('',#2536);
#782=VERTEX_POINT('',#2540);
#783=VERTEX_POINT('',#2542);
#784=VERTEX_POINT('',#2546);
#785=VERTEX_POINT('',#2548);
#786=VERTEX_POINT('',#2552);
#787=VERTEX_POINT('',#2560);
#788=VERTEX_POINT('',#2563);
#789=VERTEX_POINT('',#2565);
#790=VERTEX_POINT('',#2568);
#791=VERTEX_POINT('',#2572);
#792=VERTEX_POINT('',#2576);
#793=VERTEX_POINT('',#2580);
#794=VERTEX_POINT('',#2584);
#795=VERTEX_POINT('',#2588);
#796=VERTEX_POINT('',#2590);
#797=VERTEX_POINT('',#2594);
#798=VERTEX_POINT('',#2598);
#799=VERTEX_POINT('',#2604);
#800=VERTEX_POINT('',#2608);
#801=VERTEX_POINT('',#2610);
#802=VERTEX_POINT('',#2614);
#803=VERTEX_POINT('',#2618);
#804=VERTEX_POINT('',#2626);
#805=VERTEX_POINT('',#2632);
#806=VERTEX_POINT('',#2636);
#807=VERTEX_POINT('',#2637);
#808=VERTEX_POINT('',#2642);
#809=VERTEX_POINT('',#2646);
#810=VERTEX_POINT('',#2652);
#811=VERTEX_POINT('',#2653);
#812=VERTEX_POINT('',#2660);
#813=VERTEX_POINT('',#2664);
#814=VERTEX_POINT('',#2668);
#815=VERTEX_POINT('',#2672);
#816=VERTEX_POINT('',#2676);
#817=VERTEX_POINT('',#2680);
#818=VERTEX_POINT('',#2684);
#819=VERTEX_POINT('',#2688);
#820=VERTEX_POINT('',#2692);
#821=VERTEX_POINT('',#2696);
#822=VERTEX_POINT('',#2700);
#823=VERTEX_POINT('',#2704);
#824=VERTEX_POINT('',#2708);
#825=VERTEX_POINT('',#2712);
#826=VERTEX_POINT('',#2716);
#827=VERTEX_POINT('',#2720);
#828=VERTEX_POINT('',#2724);
#829=VERTEX_POINT('',#2728);
#830=VERTEX_POINT('',#2734);
#831=EDGE_CURVE('',#678,#678,#625,.T.);
#832=EDGE_CURVE('',#678,#679,#291,.T.);
#833=EDGE_CURVE('',#679,#679,#279,.T.);
#834=EDGE_CURVE('',#680,#680,#626,.T.);
#835=EDGE_CURVE('',#680,#681,#292,.T.);
#836=EDGE_CURVE('',#681,#681,#280,.T.);
#837=EDGE_CURVE('',#682,#683,#293,.T.);
#838=EDGE_CURVE('',#684,#683,#294,.T.);
#839=EDGE_CURVE('',#684,#685,#295,.T.);
#840=EDGE_CURVE('',#682,#685,#296,.T.);
#841=EDGE_CURVE('',#685,#686,#297,.T.);
#842=EDGE_CURVE('',#686,#687,#298,.T.);
#843=EDGE_CURVE('',#687,#688,#299,.T.);
#844=EDGE_CURVE('',#688,#689,#300,.T.);
#845=EDGE_CURVE('',#689,#690,#301,.T.);
#846=EDGE_CURVE('',#690,#691,#302,.T.);
#847=EDGE_CURVE('',#691,#682,#303,.T.);
#848=EDGE_CURVE('',#692,#693,#304,.T.);
#849=EDGE_CURVE('',#692,#689,#305,.T.);
#850=EDGE_CURVE('',#693,#688,#306,.T.);
#851=EDGE_CURVE('',#693,#694,#307,.T.);
#852=EDGE_CURVE('',#694,#687,#308,.T.);
#853=EDGE_CURVE('',#694,#695,#309,.T.);
#854=EDGE_CURVE('',#695,#686,#310,.T.);
#855=EDGE_CURVE('',#695,#696,#311,.T.);
#856=EDGE_CURVE('',#696,#684,#312,.T.);
#857=EDGE_CURVE('',#696,#697,#313,.T.);
#858=EDGE_CURVE('',#697,#683,#314,.T.);
#859=EDGE_CURVE('',#697,#698,#315,.T.);
#860=EDGE_CURVE('',#698,#691,#316,.T.);
#861=EDGE_CURVE('',#698,#699,#317,.T.);
#862=EDGE_CURVE('',#699,#690,#318,.T.);
#863=EDGE_CURVE('',#699,#692,#319,.T.);
#864=EDGE_CURVE('',#700,#701,#320,.T.);
#865=EDGE_CURVE('',#701,#702,#321,.T.);
#866=EDGE_CURVE('',#702,#703,#322,.T.);
#867=EDGE_CURVE('',#703,#700,#323,.T.);
#868=EDGE_CURVE('',#702,#704,#627,.T.);
#869=EDGE_CURVE('',#704,#705,#324,.T.);
#870=EDGE_CURVE('',#705,#703,#628,.T.);
#871=EDGE_CURVE('',#706,#707,#281,.F.);
#872=EDGE_CURVE('',#706,#708,#325,.T.);
#873=EDGE_CURVE('',#709,#708,#326,.F.);
#874=EDGE_CURVE('',#709,#705,#327,.T.);
#875=EDGE_CURVE('',#704,#710,#328,.T.);
#876=EDGE_CURVE('',#711,#710,#282,.F.);
#877=EDGE_CURVE('',#712,#711,#283,.F.);
#878=EDGE_CURVE('',#712,#713,#329,.T.);
#879=EDGE_CURVE('',#707,#713,#284,.F.);
#880=EDGE_CURVE('',#702,#714,#330,.T.);
#881=EDGE_CURVE('',#714,#715,#285,.T.);
#882=EDGE_CURVE('',#715,#704,#331,.T.);
#883=EDGE_CURVE('',#716,#701,#332,.T.);
#884=EDGE_CURVE('',#717,#716,#333,.T.);
#885=EDGE_CURVE('',#717,#718,#334,.T.);
#886=EDGE_CURVE('',#718,#714,#335,.T.);
#887=EDGE_CURVE('',#719,#720,#286,.T.);
#888=EDGE_CURVE('',#720,#721,#336,.T.);
#889=EDGE_CURVE('',#722,#721,#287,.F.);
#890=EDGE_CURVE('',#722,#723,#337,.T.);
#891=EDGE_CURVE('',#724,#723,#288,.F.);
#892=EDGE_CURVE('',#725,#724,#289,.F.);
#893=EDGE_CURVE('',#725,#719,#338,.T.);
#894=EDGE_CURVE('',#726,#727,#339,.T.);
#895=EDGE_CURVE('',#727,#728,#340,.T.);
#896=EDGE_CURVE('',#728,#729,#341,.T.);
#897=EDGE_CURVE('',#729,#726,#342,.T.);
#898=EDGE_CURVE('',#730,#731,#15,.T.);
#899=EDGE_CURVE('',#730,#729,#629,.T.);
#900=EDGE_CURVE('',#728,#731,#630,.T.);
#901=EDGE_CURVE('',#709,#732,#343,.T.);
#902=EDGE_CURVE('',#732,#733,#344,.T.);
#903=EDGE_CURVE('',#733,#734,#345,.T.);
#904=EDGE_CURVE('',#734,#735,#346,.T.);
#905=EDGE_CURVE('',#735,#736,#347,.T.);
#906=EDGE_CURVE('',#736,#737,#631,.T.);
#907=EDGE_CURVE('',#737,#721,#632,.T.);
#908=EDGE_CURVE('',#720,#738,#633,.T.);
#909=EDGE_CURVE('',#738,#731,#634,.T.);
#910=EDGE_CURVE('',#727,#739,#348,.T.);
#911=EDGE_CURVE('',#739,#740,#635,.T.);
#912=EDGE_CURVE('',#740,#741,#349,.T.);
#913=EDGE_CURVE('',#741,#742,#636,.T.);
#914=EDGE_CURVE('',#742,#743,#637,.T.);
#915=EDGE_CURVE('',#743,#744,#350,.T.);
#916=EDGE_CURVE('',#744,#745,#638,.T.);
#917=EDGE_CURVE('',#745,#746,#639,.T.);
#918=EDGE_CURVE('',#746,#747,#351,.T.);
#919=EDGE_CURVE('',#747,#748,#640,.T.);
#920=EDGE_CURVE('',#748,#749,#641,.T.);
#921=EDGE_CURVE('',#749,#750,#352,.T.);
#922=EDGE_CURVE('',#750,#751,#642,.T.);
#923=EDGE_CURVE('',#751,#752,#643,.T.);
#924=EDGE_CURVE('',#752,#753,#353,.T.);
#925=EDGE_CURVE('',#753,#754,#644,.T.);
#926=EDGE_CURVE('',#754,#700,#354,.T.);
#927=EDGE_CURVE('',#755,#755,#645,.T.);
#928=EDGE_CURVE('',#756,#756,#646,.T.);
#929=EDGE_CURVE('',#757,#757,#647,.T.);
#930=EDGE_CURVE('',#758,#759,#355,.T.);
#931=EDGE_CURVE('',#759,#760,#356,.T.);
#932=EDGE_CURVE('',#760,#761,#357,.T.);
#933=EDGE_CURVE('',#761,#758,#358,.T.);
#934=EDGE_CURVE('',#762,#762,#648,.T.);
#935=EDGE_CURVE('',#763,#764,#359,.T.);
#936=EDGE_CURVE('',#764,#765,#360,.T.);
#937=EDGE_CURVE('',#765,#766,#361,.T.);
#938=EDGE_CURVE('',#766,#763,#362,.T.);
#939=EDGE_CURVE('',#767,#768,#363,.T.);
#940=EDGE_CURVE('',#768,#769,#364,.T.);
#941=EDGE_CURVE('',#769,#770,#365,.T.);
#942=EDGE_CURVE('',#770,#767,#366,.T.);
#943=EDGE_CURVE('',#730,#771,#367,.T.);
#944=EDGE_CURVE('',#771,#772,#649,.T.);
#945=EDGE_CURVE('',#772,#773,#368,.T.);
#946=EDGE_CURVE('',#773,#774,#290,.T.);
#947=EDGE_CURVE('',#774,#729,#369,.T.);
#948=EDGE_CURVE('',#773,#775,#370,.T.);
#949=EDGE_CURVE('',#775,#776,#650,.T.);
#950=EDGE_CURVE('',#776,#774,#371,.T.);
#951=EDGE_CURVE('',#725,#723,#651,.T.);
#952=EDGE_CURVE('',#722,#777,#372,.T.);
#953=EDGE_CURVE('',#777,#736,#373,.T.);
#954=EDGE_CURVE('',#735,#775,#374,.T.);
#955=EDGE_CURVE('',#772,#778,#375,.T.);
#956=EDGE_CURVE('',#778,#719,#376,.T.);
#957=EDGE_CURVE('',#779,#779,#652,.T.);
#958=EDGE_CURVE('',#771,#778,#653,.T.);
#959=EDGE_CURVE('',#777,#736,#654,.T.);
#960=EDGE_CURVE('',#780,#776,#377,.T.);
#961=EDGE_CURVE('',#781,#780,#378,.T.);
#962=EDGE_CURVE('',#781,#774,#379,.T.);
#963=EDGE_CURVE('',#782,#735,#380,.T.);
#964=EDGE_CURVE('',#783,#782,#381,.T.);
#965=EDGE_CURVE('',#783,#780,#382,.T.);
#966=EDGE_CURVE('',#714,#784,#383,.T.);
#967=EDGE_CURVE('',#784,#785,#655,.T.);
#968=EDGE_CURVE('',#785,#715,#384,.T.);
#969=EDGE_CURVE('',#786,#718,#385,.T.);
#970=EDGE_CURVE('',#786,#784,#386,.T.);
#971=EDGE_CURVE('',#713,#706,#656,.T.);
#972=EDGE_CURVE('',#710,#712,#657,.T.);
#973=EDGE_CURVE('',#708,#785,#387,.T.);
#974=EDGE_CURVE('',#787,#717,#388,.T.);
#975=EDGE_CURVE('',#787,#786,#389,.T.);
#976=EDGE_CURVE('',#788,#788,#658,.T.);
#977=EDGE_CURVE('',#789,#789,#659,.T.);
#978=EDGE_CURVE('',#790,#790,#660,.T.);
#979=EDGE_CURVE('',#790,#755,#390,.T.);
#980=EDGE_CURVE('',#791,#791,#661,.T.);
#981=EDGE_CURVE('',#791,#756,#391,.T.);
#982=EDGE_CURVE('',#792,#792,#662,.T.);
#983=EDGE_CURVE('',#792,#737,#392,.T.);
#984=EDGE_CURVE('',#793,#793,#663,.T.);
#985=EDGE_CURVE('',#793,#738,#393,.T.);
#986=EDGE_CURVE('',#794,#794,#664,.T.);
#987=EDGE_CURVE('',#794,#757,#394,.T.);
#988=EDGE_CURVE('',#795,#760,#395,.T.);
#989=EDGE_CURVE('',#796,#795,#396,.T.);
#990=EDGE_CURVE('',#796,#761,#397,.T.);
#991=EDGE_CURVE('',#797,#796,#398,.T.);
#992=EDGE_CURVE('',#797,#758,#399,.T.);
#993=EDGE_CURVE('',#798,#797,#400,.T.);
#994=EDGE_CURVE('',#798,#759,#401,.T.);
#995=EDGE_CURVE('',#795,#798,#402,.T.);
#996=EDGE_CURVE('',#799,#799,#665,.T.);
#997=EDGE_CURVE('',#799,#762,#403,.T.);
#998=EDGE_CURVE('',#800,#765,#404,.T.);
#999=EDGE_CURVE('',#801,#800,#405,.T.);
#1000=EDGE_CURVE('',#801,#766,#406,.T.);
#1001=EDGE_CURVE('',#802,#801,#407,.T.);
#1002=EDGE_CURVE('',#802,#763,#408,.T.);
#1003=EDGE_CURVE('',#803,#802,#409,.T.);
#1004=EDGE_CURVE('',#803,#764,#410,.T.);
#1005=EDGE_CURVE('',#800,#803,#411,.T.);
#1006=EDGE_CURVE('',#707,#789,#412,.T.);
#1007=EDGE_CURVE('',#804,#804,#666,.T.);
#1008=EDGE_CURVE('',#804,#779,#413,.T.);
#1009=EDGE_CURVE('',#711,#788,#414,.T.);
#1010=EDGE_CURVE('',#805,#805,#667,.T.);
#1011=EDGE_CURVE('',#805,#724,#415,.T.);
#1012=EDGE_CURVE('',#806,#807,#416,.T.);
#1013=EDGE_CURVE('',#806,#768,#417,.T.);
#1014=EDGE_CURVE('',#807,#767,#418,.T.);
#1015=EDGE_CURVE('',#808,#806,#419,.T.);
#1016=EDGE_CURVE('',#808,#769,#420,.T.);
#1017=EDGE_CURVE('',#809,#808,#421,.T.);
#1018=EDGE_CURVE('',#809,#770,#422,.T.);
#1019=EDGE_CURVE('',#807,#809,#423,.T.);
#1020=EDGE_CURVE('',#810,#811,#424,.T.);
#1021=EDGE_CURVE('',#810,#733,#425,.T.);
#1022=EDGE_CURVE('',#811,#732,#426,.T.);
#1023=EDGE_CURVE('',#811,#787,#427,.T.);
#1024=EDGE_CURVE('',#716,#812,#428,.T.);
#1025=EDGE_CURVE('',#812,#754,#429,.T.);
#1026=EDGE_CURVE('',#812,#813,#668,.T.);
#1027=EDGE_CURVE('',#813,#753,#430,.T.);
#1028=EDGE_CURVE('',#813,#814,#431,.T.);
#1029=EDGE_CURVE('',#814,#752,#432,.T.);
#1030=EDGE_CURVE('',#814,#815,#669,.T.);
#1031=EDGE_CURVE('',#815,#751,#433,.T.);
#1032=EDGE_CURVE('',#815,#816,#670,.T.);
#1033=EDGE_CURVE('',#816,#750,#434,.T.);
#1034=EDGE_CURVE('',#816,#817,#435,.T.);
#1035=EDGE_CURVE('',#817,#749,#436,.T.);
#1036=EDGE_CURVE('',#817,#818,#671,.T.);
#1037=EDGE_CURVE('',#818,#748,#437,.T.);
#1038=EDGE_CURVE('',#818,#819,#672,.T.);
#1039=EDGE_CURVE('',#819,#747,#438,.T.);
#1040=EDGE_CURVE('',#819,#820,#439,.T.);
#1041=EDGE_CURVE('',#820,#746,#440,.T.);
#1042=EDGE_CURVE('',#820,#821,#673,.T.);
#1043=EDGE_CURVE('',#821,#745,#441,.T.);
#1044=EDGE_CURVE('',#821,#822,#674,.T.);
#1045=EDGE_CURVE('',#822,#744,#442,.T.);
#1046=EDGE_CURVE('',#822,#823,#443,.T.);
#1047=EDGE_CURVE('',#823,#743,#444,.T.);
#1048=EDGE_CURVE('',#823,#824,#675,.T.);
#1049=EDGE_CURVE('',#824,#742,#445,.T.);
#1050=EDGE_CURVE('',#824,#825,#676,.T.);
#1051=EDGE_CURVE('',#825,#741,#446,.T.);
#1052=EDGE_CURVE('',#825,#826,#447,.T.);
#1053=EDGE_CURVE('',#826,#740,#448,.T.);
#1054=EDGE_CURVE('',#826,#827,#677,.T.);
#1055=EDGE_CURVE('',#827,#739,#449,.T.);
#1056=EDGE_CURVE('',#827,#828,#450,.T.);
#1057=EDGE_CURVE('',#828,#726,#451,.T.);
#1058=EDGE_CURVE('',#829,#781,#452,.T.);
#1059=EDGE_CURVE('',#828,#829,#453,.T.);
#1060=EDGE_CURVE('',#829,#783,#454,.T.);
#1061=EDGE_CURVE('',#782,#830,#455,.T.);
#1062=EDGE_CURVE('',#830,#734,#456,.T.);
#1063=EDGE_CURVE('',#830,#810,#457,.T.);
#1064=ORIENTED_EDGE('',*,*,#831,.F.);
#1065=ORIENTED_EDGE('',*,*,#832,.T.);
#1066=ORIENTED_EDGE('',*,*,#833,.F.);
#1067=ORIENTED_EDGE('',*,*,#832,.F.);
#1068=ORIENTED_EDGE('',*,*,#834,.F.);
#1069=ORIENTED_EDGE('',*,*,#835,.T.);
#1070=ORIENTED_EDGE('',*,*,#836,.F.);
#1071=ORIENTED_EDGE('',*,*,#835,.F.);
#1072=ORIENTED_EDGE('',*,*,#837,.T.);
#1073=ORIENTED_EDGE('',*,*,#838,.F.);
#1074=ORIENTED_EDGE('',*,*,#839,.T.);
#1075=ORIENTED_EDGE('',*,*,#840,.F.);
#1076=ORIENTED_EDGE('',*,*,#833,.T.);
#1077=ORIENTED_EDGE('',*,*,#836,.T.);
#1078=ORIENTED_EDGE('',*,*,#840,.T.);
#1079=ORIENTED_EDGE('',*,*,#841,.T.);
#1080=ORIENTED_EDGE('',*,*,#842,.T.);
#1081=ORIENTED_EDGE('',*,*,#843,.T.);
#1082=ORIENTED_EDGE('',*,*,#844,.T.);
#1083=ORIENTED_EDGE('',*,*,#845,.T.);
#1084=ORIENTED_EDGE('',*,*,#846,.T.);
#1085=ORIENTED_EDGE('',*,*,#847,.T.);
#1086=ORIENTED_EDGE('',*,*,#848,.F.);
#1087=ORIENTED_EDGE('',*,*,#849,.T.);
#1088=ORIENTED_EDGE('',*,*,#844,.F.);
#1089=ORIENTED_EDGE('',*,*,#850,.F.);
#1090=ORIENTED_EDGE('',*,*,#851,.F.);
#1091=ORIENTED_EDGE('',*,*,#850,.T.);
#1092=ORIENTED_EDGE('',*,*,#843,.F.);
#1093=ORIENTED_EDGE('',*,*,#852,.F.);
#1094=ORIENTED_EDGE('',*,*,#853,.F.);
#1095=ORIENTED_EDGE('',*,*,#852,.T.);
#1096=ORIENTED_EDGE('',*,*,#842,.F.);
#1097=ORIENTED_EDGE('',*,*,#854,.F.);
#1098=ORIENTED_EDGE('',*,*,#855,.F.);
#1099=ORIENTED_EDGE('',*,*,#854,.T.);
#1100=ORIENTED_EDGE('',*,*,#841,.F.);
#1101=ORIENTED_EDGE('',*,*,#839,.F.);
#1102=ORIENTED_EDGE('',*,*,#856,.F.);
#1103=ORIENTED_EDGE('',*,*,#857,.F.);
#1104=ORIENTED_EDGE('',*,*,#856,.T.);
#1105=ORIENTED_EDGE('',*,*,#838,.T.);
#1106=ORIENTED_EDGE('',*,*,#858,.F.);
#1107=ORIENTED_EDGE('',*,*,#831,.T.);
#1108=ORIENTED_EDGE('',*,*,#834,.T.);
#1109=ORIENTED_EDGE('',*,*,#859,.F.);
#1110=ORIENTED_EDGE('',*,*,#858,.T.);
#1111=ORIENTED_EDGE('',*,*,#837,.F.);
#1112=ORIENTED_EDGE('',*,*,#847,.F.);
#1113=ORIENTED_EDGE('',*,*,#860,.F.);
#1114=ORIENTED_EDGE('',*,*,#861,.F.);
#1115=ORIENTED_EDGE('',*,*,#860,.T.);
#1116=ORIENTED_EDGE('',*,*,#846,.F.);
#1117=ORIENTED_EDGE('',*,*,#862,.F.);
#1118=ORIENTED_EDGE('',*,*,#863,.F.);
#1119=ORIENTED_EDGE('',*,*,#862,.T.);
#1120=ORIENTED_EDGE('',*,*,#845,.F.);
#1121=ORIENTED_EDGE('',*,*,#849,.F.);
#1122=ORIENTED_EDGE('',*,*,#863,.T.);
#1123=ORIENTED_EDGE('',*,*,#848,.T.);
#1124=ORIENTED_EDGE('',*,*,#851,.T.);
#1125=ORIENTED_EDGE('',*,*,#853,.T.);
#1126=ORIENTED_EDGE('',*,*,#855,.T.);
#1127=ORIENTED_EDGE('',*,*,#857,.T.);
#1128=ORIENTED_EDGE('',*,*,#859,.T.);
#1129=ORIENTED_EDGE('',*,*,#861,.T.);
#1130=ORIENTED_EDGE('',*,*,#864,.T.);
#1131=ORIENTED_EDGE('',*,*,#865,.T.);
#1132=ORIENTED_EDGE('',*,*,#866,.T.);
#1133=ORIENTED_EDGE('',*,*,#867,.T.);
#1134=ORIENTED_EDGE('',*,*,#866,.F.);
#1135=ORIENTED_EDGE('',*,*,#868,.T.);
#1136=ORIENTED_EDGE('',*,*,#869,.T.);
#1137=ORIENTED_EDGE('',*,*,#870,.T.);
#1138=ORIENTED_EDGE('',*,*,#871,.F.);
#1139=ORIENTED_EDGE('',*,*,#872,.T.);
#1140=ORIENTED_EDGE('',*,*,#873,.F.);
#1141=ORIENTED_EDGE('',*,*,#874,.T.);
#1142=ORIENTED_EDGE('',*,*,#869,.F.);
#1143=ORIENTED_EDGE('',*,*,#875,.T.);
#1144=ORIENTED_EDGE('',*,*,#876,.F.);
#1145=ORIENTED_EDGE('',*,*,#877,.F.);
#1146=ORIENTED_EDGE('',*,*,#878,.T.);
#1147=ORIENTED_EDGE('',*,*,#879,.F.);
#1148=ORIENTED_EDGE('',*,*,#868,.F.);
#1149=ORIENTED_EDGE('',*,*,#880,.T.);
#1150=ORIENTED_EDGE('',*,*,#881,.T.);
#1151=ORIENTED_EDGE('',*,*,#882,.T.);
#1152=ORIENTED_EDGE('',*,*,#865,.F.);
#1153=ORIENTED_EDGE('',*,*,#883,.F.);
#1154=ORIENTED_EDGE('',*,*,#884,.F.);
#1155=ORIENTED_EDGE('',*,*,#885,.T.);
#1156=ORIENTED_EDGE('',*,*,#886,.T.);
#1157=ORIENTED_EDGE('',*,*,#880,.F.);
#1158=ORIENTED_EDGE('',*,*,#887,.T.);
#1159=ORIENTED_EDGE('',*,*,#888,.T.);
#1160=ORIENTED_EDGE('',*,*,#889,.F.);
#1161=ORIENTED_EDGE('',*,*,#890,.T.);
#1162=ORIENTED_EDGE('',*,*,#891,.F.);
#1163=ORIENTED_EDGE('',*,*,#892,.F.);
#1164=ORIENTED_EDGE('',*,*,#893,.T.);
#1165=ORIENTED_EDGE('',*,*,#894,.T.);
#1166=ORIENTED_EDGE('',*,*,#895,.T.);
#1167=ORIENTED_EDGE('',*,*,#896,.T.);
#1168=ORIENTED_EDGE('',*,*,#897,.T.);
#1169=ORIENTED_EDGE('',*,*,#898,.F.);
#1170=ORIENTED_EDGE('',*,*,#899,.T.);
#1171=ORIENTED_EDGE('',*,*,#896,.F.);
#1172=ORIENTED_EDGE('',*,*,#900,.T.);
#1173=ORIENTED_EDGE('',*,*,#901,.T.);
#1174=ORIENTED_EDGE('',*,*,#902,.T.);
#1175=ORIENTED_EDGE('',*,*,#903,.T.);
#1176=ORIENTED_EDGE('',*,*,#904,.T.);
#1177=ORIENTED_EDGE('',*,*,#905,.T.);
#1178=ORIENTED_EDGE('',*,*,#906,.T.);
#1179=ORIENTED_EDGE('',*,*,#907,.T.);
#1180=ORIENTED_EDGE('',*,*,#888,.F.);
#1181=ORIENTED_EDGE('',*,*,#908,.T.);
#1182=ORIENTED_EDGE('',*,*,#909,.T.);
#1183=ORIENTED_EDGE('',*,*,#900,.F.);
#1184=ORIENTED_EDGE('',*,*,#895,.F.);
#1185=ORIENTED_EDGE('',*,*,#910,.T.);
#1186=ORIENTED_EDGE('',*,*,#911,.T.);
#1187=ORIENTED_EDGE('',*,*,#912,.T.);
#1188=ORIENTED_EDGE('',*,*,#913,.T.);
#1189=ORIENTED_EDGE('',*,*,#914,.T.);
#1190=ORIENTED_EDGE('',*,*,#915,.T.);
#1191=ORIENTED_EDGE('',*,*,#916,.T.);
#1192=ORIENTED_EDGE('',*,*,#917,.T.);
#1193=ORIENTED_EDGE('',*,*,#918,.T.);
#1194=ORIENTED_EDGE('',*,*,#919,.T.);
#1195=ORIENTED_EDGE('',*,*,#920,.T.);
#1196=ORIENTED_EDGE('',*,*,#921,.T.);
#1197=ORIENTED_EDGE('',*,*,#922,.T.);
#1198=ORIENTED_EDGE('',*,*,#923,.T.);
#1199=ORIENTED_EDGE('',*,*,#924,.T.);
#1200=ORIENTED_EDGE('',*,*,#925,.T.);
#1201=ORIENTED_EDGE('',*,*,#926,.T.);
#1202=ORIENTED_EDGE('',*,*,#867,.F.);
#1203=ORIENTED_EDGE('',*,*,#870,.F.);
#1204=ORIENTED_EDGE('',*,*,#874,.F.);
#1205=ORIENTED_EDGE('',*,*,#927,.T.);
#1206=ORIENTED_EDGE('',*,*,#928,.T.);
#1207=ORIENTED_EDGE('',*,*,#929,.T.);
#1208=ORIENTED_EDGE('',*,*,#930,.T.);
#1209=ORIENTED_EDGE('',*,*,#931,.T.);
#1210=ORIENTED_EDGE('',*,*,#932,.T.);
#1211=ORIENTED_EDGE('',*,*,#933,.T.);
#1212=ORIENTED_EDGE('',*,*,#934,.T.);
#1213=ORIENTED_EDGE('',*,*,#935,.T.);
#1214=ORIENTED_EDGE('',*,*,#936,.T.);
#1215=ORIENTED_EDGE('',*,*,#937,.T.);
#1216=ORIENTED_EDGE('',*,*,#938,.T.);
#1217=ORIENTED_EDGE('',*,*,#939,.T.);
#1218=ORIENTED_EDGE('',*,*,#940,.T.);
#1219=ORIENTED_EDGE('',*,*,#941,.T.);
#1220=ORIENTED_EDGE('',*,*,#942,.T.);
#1221=ORIENTED_EDGE('',*,*,#943,.T.);
#1222=ORIENTED_EDGE('',*,*,#944,.T.);
#1223=ORIENTED_EDGE('',*,*,#945,.T.);
#1224=ORIENTED_EDGE('',*,*,#946,.T.);
#1225=ORIENTED_EDGE('',*,*,#947,.T.);
#1226=ORIENTED_EDGE('',*,*,#899,.F.);
#1227=ORIENTED_EDGE('',*,*,#948,.T.);
#1228=ORIENTED_EDGE('',*,*,#949,.T.);
#1229=ORIENTED_EDGE('',*,*,#950,.T.);
#1230=ORIENTED_EDGE('',*,*,#946,.F.);
#1231=ORIENTED_EDGE('',*,*,#893,.F.);
#1232=ORIENTED_EDGE('',*,*,#951,.T.);
#1233=ORIENTED_EDGE('',*,*,#890,.F.);
#1234=ORIENTED_EDGE('',*,*,#952,.T.);
#1235=ORIENTED_EDGE('',*,*,#953,.T.);
#1236=ORIENTED_EDGE('',*,*,#905,.F.);
#1237=ORIENTED_EDGE('',*,*,#954,.T.);
#1238=ORIENTED_EDGE('',*,*,#948,.F.);
#1239=ORIENTED_EDGE('',*,*,#945,.F.);
#1240=ORIENTED_EDGE('',*,*,#955,.T.);
#1241=ORIENTED_EDGE('',*,*,#956,.T.);
#1242=ORIENTED_EDGE('',*,*,#957,.T.);
#1243=ORIENTED_EDGE('',*,*,#944,.F.);
#1244=ORIENTED_EDGE('',*,*,#958,.T.);
#1245=ORIENTED_EDGE('',*,*,#955,.F.);
#1246=ORIENTED_EDGE('',*,*,#959,.T.);
#1247=ORIENTED_EDGE('',*,*,#953,.F.);
#1248=ORIENTED_EDGE('',*,*,#950,.F.);
#1249=ORIENTED_EDGE('',*,*,#960,.F.);
#1250=ORIENTED_EDGE('',*,*,#961,.F.);
#1251=ORIENTED_EDGE('',*,*,#962,.T.);
#1252=ORIENTED_EDGE('',*,*,#949,.F.);
#1253=ORIENTED_EDGE('',*,*,#954,.F.);
#1254=ORIENTED_EDGE('',*,*,#963,.F.);
#1255=ORIENTED_EDGE('',*,*,#964,.F.);
#1256=ORIENTED_EDGE('',*,*,#965,.T.);
#1257=ORIENTED_EDGE('',*,*,#960,.T.);
#1258=ORIENTED_EDGE('',*,*,#966,.T.);
#1259=ORIENTED_EDGE('',*,*,#967,.T.);
#1260=ORIENTED_EDGE('',*,*,#968,.T.);
#1261=ORIENTED_EDGE('',*,*,#881,.F.);
#1262=ORIENTED_EDGE('',*,*,#966,.F.);
#1263=ORIENTED_EDGE('',*,*,#886,.F.);
#1264=ORIENTED_EDGE('',*,*,#969,.F.);
#1265=ORIENTED_EDGE('',*,*,#970,.T.);
#1266=ORIENTED_EDGE('',*,*,#872,.F.);
#1267=ORIENTED_EDGE('',*,*,#971,.F.);
#1268=ORIENTED_EDGE('',*,*,#878,.F.);
#1269=ORIENTED_EDGE('',*,*,#972,.F.);
#1270=ORIENTED_EDGE('',*,*,#875,.F.);
#1271=ORIENTED_EDGE('',*,*,#882,.F.);
#1272=ORIENTED_EDGE('',*,*,#968,.F.);
#1273=ORIENTED_EDGE('',*,*,#973,.F.);
#1274=ORIENTED_EDGE('',*,*,#885,.F.);
#1275=ORIENTED_EDGE('',*,*,#974,.F.);
#1276=ORIENTED_EDGE('',*,*,#975,.T.);
#1277=ORIENTED_EDGE('',*,*,#969,.T.);
#1278=ORIENTED_EDGE('',*,*,#976,.T.);
#1279=ORIENTED_EDGE('',*,*,#977,.T.);
#1280=ORIENTED_EDGE('',*,*,#978,.F.);
#1281=ORIENTED_EDGE('',*,*,#979,.T.);
#1282=ORIENTED_EDGE('',*,*,#927,.F.);
#1283=ORIENTED_EDGE('',*,*,#979,.F.);
#1284=ORIENTED_EDGE('',*,*,#980,.F.);
#1285=ORIENTED_EDGE('',*,*,#981,.T.);
#1286=ORIENTED_EDGE('',*,*,#928,.F.);
#1287=ORIENTED_EDGE('',*,*,#981,.F.);
#1288=ORIENTED_EDGE('',*,*,#982,.F.);
#1289=ORIENTED_EDGE('',*,*,#983,.T.);
#1290=ORIENTED_EDGE('',*,*,#906,.F.);
#1291=ORIENTED_EDGE('',*,*,#959,.F.);
#1292=ORIENTED_EDGE('',*,*,#952,.F.);
#1293=ORIENTED_EDGE('',*,*,#889,.T.);
#1294=ORIENTED_EDGE('',*,*,#907,.F.);
#1295=ORIENTED_EDGE('',*,*,#983,.F.);
#1296=ORIENTED_EDGE('',*,*,#984,.F.);
#1297=ORIENTED_EDGE('',*,*,#985,.T.);
#1298=ORIENTED_EDGE('',*,*,#908,.F.);
#1299=ORIENTED_EDGE('',*,*,#887,.F.);
#1300=ORIENTED_EDGE('',*,*,#956,.F.);
#1301=ORIENTED_EDGE('',*,*,#958,.F.);
#1302=ORIENTED_EDGE('',*,*,#943,.F.);
#1303=ORIENTED_EDGE('',*,*,#898,.T.);
#1304=ORIENTED_EDGE('',*,*,#909,.F.);
#1305=ORIENTED_EDGE('',*,*,#985,.F.);
#1306=ORIENTED_EDGE('',*,*,#986,.F.);
#1307=ORIENTED_EDGE('',*,*,#987,.T.);
#1308=ORIENTED_EDGE('',*,*,#929,.F.);
#1309=ORIENTED_EDGE('',*,*,#987,.F.);
#1310=ORIENTED_EDGE('',*,*,#932,.F.);
#1311=ORIENTED_EDGE('',*,*,#988,.F.);
#1312=ORIENTED_EDGE('',*,*,#989,.F.);
#1313=ORIENTED_EDGE('',*,*,#990,.T.);
#1314=ORIENTED_EDGE('',*,*,#933,.F.);
#1315=ORIENTED_EDGE('',*,*,#990,.F.);
#1316=ORIENTED_EDGE('',*,*,#991,.F.);
#1317=ORIENTED_EDGE('',*,*,#992,.T.);
#1318=ORIENTED_EDGE('',*,*,#930,.F.);
#1319=ORIENTED_EDGE('',*,*,#992,.F.);
#1320=ORIENTED_EDGE('',*,*,#993,.F.);
#1321=ORIENTED_EDGE('',*,*,#994,.T.);
#1322=ORIENTED_EDGE('',*,*,#931,.F.);
#1323=ORIENTED_EDGE('',*,*,#994,.F.);
#1324=ORIENTED_EDGE('',*,*,#995,.F.);
#1325=ORIENTED_EDGE('',*,*,#988,.T.);
#1326=ORIENTED_EDGE('',*,*,#996,.F.);
#1327=ORIENTED_EDGE('',*,*,#997,.T.);
#1328=ORIENTED_EDGE('',*,*,#934,.F.);
#1329=ORIENTED_EDGE('',*,*,#997,.F.);
#1330=ORIENTED_EDGE('',*,*,#937,.F.);
#1331=ORIENTED_EDGE('',*,*,#998,.F.);
#1332=ORIENTED_EDGE('',*,*,#999,.F.);
#1333=ORIENTED_EDGE('',*,*,#1000,.T.);
#1334=ORIENTED_EDGE('',*,*,#938,.F.);
#1335=ORIENTED_EDGE('',*,*,#1000,.F.);
#1336=ORIENTED_EDGE('',*,*,#1001,.F.);
#1337=ORIENTED_EDGE('',*,*,#1002,.T.);
#1338=ORIENTED_EDGE('',*,*,#935,.F.);
#1339=ORIENTED_EDGE('',*,*,#1002,.F.);
#1340=ORIENTED_EDGE('',*,*,#1003,.F.);
#1341=ORIENTED_EDGE('',*,*,#1004,.T.);
#1342=ORIENTED_EDGE('',*,*,#936,.F.);
#1343=ORIENTED_EDGE('',*,*,#1004,.F.);
#1344=ORIENTED_EDGE('',*,*,#1005,.F.);
#1345=ORIENTED_EDGE('',*,*,#998,.T.);
#1346=ORIENTED_EDGE('',*,*,#971,.T.);
#1347=ORIENTED_EDGE('',*,*,#871,.T.);
#1348=ORIENTED_EDGE('',*,*,#1006,.T.);
#1349=ORIENTED_EDGE('',*,*,#977,.F.);
#1350=ORIENTED_EDGE('',*,*,#1006,.F.);
#1351=ORIENTED_EDGE('',*,*,#879,.T.);
#1352=ORIENTED_EDGE('',*,*,#1007,.F.);
#1353=ORIENTED_EDGE('',*,*,#1008,.T.);
#1354=ORIENTED_EDGE('',*,*,#957,.F.);
#1355=ORIENTED_EDGE('',*,*,#1008,.F.);
#1356=ORIENTED_EDGE('',*,*,#972,.T.);
#1357=ORIENTED_EDGE('',*,*,#877,.T.);
#1358=ORIENTED_EDGE('',*,*,#1009,.T.);
#1359=ORIENTED_EDGE('',*,*,#976,.F.);
#1360=ORIENTED_EDGE('',*,*,#1009,.F.);
#1361=ORIENTED_EDGE('',*,*,#876,.T.);
#1362=ORIENTED_EDGE('',*,*,#1010,.F.);
#1363=ORIENTED_EDGE('',*,*,#1011,.T.);
#1364=ORIENTED_EDGE('',*,*,#891,.T.);
#1365=ORIENTED_EDGE('',*,*,#951,.F.);
#1366=ORIENTED_EDGE('',*,*,#892,.T.);
#1367=ORIENTED_EDGE('',*,*,#1011,.F.);
#1368=ORIENTED_EDGE('',*,*,#1012,.F.);
#1369=ORIENTED_EDGE('',*,*,#1013,.T.);
#1370=ORIENTED_EDGE('',*,*,#939,.F.);
#1371=ORIENTED_EDGE('',*,*,#1014,.F.);
#1372=ORIENTED_EDGE('',*,*,#1015,.F.);
#1373=ORIENTED_EDGE('',*,*,#1016,.T.);
#1374=ORIENTED_EDGE('',*,*,#940,.F.);
#1375=ORIENTED_EDGE('',*,*,#1013,.F.);
#1376=ORIENTED_EDGE('',*,*,#1017,.F.);
#1377=ORIENTED_EDGE('',*,*,#1018,.T.);
#1378=ORIENTED_EDGE('',*,*,#941,.F.);
#1379=ORIENTED_EDGE('',*,*,#1016,.F.);
#1380=ORIENTED_EDGE('',*,*,#1019,.F.);
#1381=ORIENTED_EDGE('',*,*,#1014,.T.);
#1382=ORIENTED_EDGE('',*,*,#942,.F.);
#1383=ORIENTED_EDGE('',*,*,#1018,.F.);
#1384=ORIENTED_EDGE('',*,*,#1020,.F.);
#1385=ORIENTED_EDGE('',*,*,#1021,.T.);
#1386=ORIENTED_EDGE('',*,*,#902,.F.);
#1387=ORIENTED_EDGE('',*,*,#1022,.F.);
#1388=ORIENTED_EDGE('',*,*,#967,.F.);
#1389=ORIENTED_EDGE('',*,*,#970,.F.);
#1390=ORIENTED_EDGE('',*,*,#975,.F.);
#1391=ORIENTED_EDGE('',*,*,#1023,.F.);
#1392=ORIENTED_EDGE('',*,*,#1022,.T.);
#1393=ORIENTED_EDGE('',*,*,#901,.F.);
#1394=ORIENTED_EDGE('',*,*,#873,.T.);
#1395=ORIENTED_EDGE('',*,*,#973,.T.);
#1396=ORIENTED_EDGE('',*,*,#1024,.F.);
#1397=ORIENTED_EDGE('',*,*,#883,.T.);
#1398=ORIENTED_EDGE('',*,*,#864,.F.);
#1399=ORIENTED_EDGE('',*,*,#926,.F.);
#1400=ORIENTED_EDGE('',*,*,#1025,.F.);
#1401=ORIENTED_EDGE('',*,*,#1026,.F.);
#1402=ORIENTED_EDGE('',*,*,#1025,.T.);
#1403=ORIENTED_EDGE('',*,*,#925,.F.);
#1404=ORIENTED_EDGE('',*,*,#1027,.F.);
#1405=ORIENTED_EDGE('',*,*,#1028,.F.);
#1406=ORIENTED_EDGE('',*,*,#1027,.T.);
#1407=ORIENTED_EDGE('',*,*,#924,.F.);
#1408=ORIENTED_EDGE('',*,*,#1029,.F.);
#1409=ORIENTED_EDGE('',*,*,#1030,.F.);
#1410=ORIENTED_EDGE('',*,*,#1029,.T.);
#1411=ORIENTED_EDGE('',*,*,#923,.F.);
#1412=ORIENTED_EDGE('',*,*,#1031,.F.);
#1413=ORIENTED_EDGE('',*,*,#1032,.F.);
#1414=ORIENTED_EDGE('',*,*,#1031,.T.);
#1415=ORIENTED_EDGE('',*,*,#922,.F.);
#1416=ORIENTED_EDGE('',*,*,#1033,.F.);
#1417=ORIENTED_EDGE('',*,*,#1034,.F.);
#1418=ORIENTED_EDGE('',*,*,#1033,.T.);
#1419=ORIENTED_EDGE('',*,*,#921,.F.);
#1420=ORIENTED_EDGE('',*,*,#1035,.F.);
#1421=ORIENTED_EDGE('',*,*,#1036,.F.);
#1422=ORIENTED_EDGE('',*,*,#1035,.T.);
#1423=ORIENTED_EDGE('',*,*,#920,.F.);
#1424=ORIENTED_EDGE('',*,*,#1037,.F.);
#1425=ORIENTED_EDGE('',*,*,#1038,.F.);
#1426=ORIENTED_EDGE('',*,*,#1037,.T.);
#1427=ORIENTED_EDGE('',*,*,#919,.F.);
#1428=ORIENTED_EDGE('',*,*,#1039,.F.);
#1429=ORIENTED_EDGE('',*,*,#1040,.F.);
#1430=ORIENTED_EDGE('',*,*,#1039,.T.);
#1431=ORIENTED_EDGE('',*,*,#918,.F.);
#1432=ORIENTED_EDGE('',*,*,#1041,.F.);
#1433=ORIENTED_EDGE('',*,*,#1042,.F.);
#1434=ORIENTED_EDGE('',*,*,#1041,.T.);
#1435=ORIENTED_EDGE('',*,*,#917,.F.);
#1436=ORIENTED_EDGE('',*,*,#1043,.F.);
#1437=ORIENTED_EDGE('',*,*,#1044,.F.);
#1438=ORIENTED_EDGE('',*,*,#1043,.T.);
#1439=ORIENTED_EDGE('',*,*,#916,.F.);
#1440=ORIENTED_EDGE('',*,*,#1045,.F.);
#1441=ORIENTED_EDGE('',*,*,#1046,.F.);
#1442=ORIENTED_EDGE('',*,*,#1045,.T.);
#1443=ORIENTED_EDGE('',*,*,#915,.F.);
#1444=ORIENTED_EDGE('',*,*,#1047,.F.);
#1445=ORIENTED_EDGE('',*,*,#1048,.F.);
#1446=ORIENTED_EDGE('',*,*,#1047,.T.);
#1447=ORIENTED_EDGE('',*,*,#914,.F.);
#1448=ORIENTED_EDGE('',*,*,#1049,.F.);
#1449=ORIENTED_EDGE('',*,*,#1050,.F.);
#1450=ORIENTED_EDGE('',*,*,#1049,.T.);
#1451=ORIENTED_EDGE('',*,*,#913,.F.);
#1452=ORIENTED_EDGE('',*,*,#1051,.F.);
#1453=ORIENTED_EDGE('',*,*,#1052,.F.);
#1454=ORIENTED_EDGE('',*,*,#1051,.T.);
#1455=ORIENTED_EDGE('',*,*,#912,.F.);
#1456=ORIENTED_EDGE('',*,*,#1053,.F.);
#1457=ORIENTED_EDGE('',*,*,#1054,.F.);
#1458=ORIENTED_EDGE('',*,*,#1053,.T.);
#1459=ORIENTED_EDGE('',*,*,#911,.F.);
#1460=ORIENTED_EDGE('',*,*,#1055,.F.);
#1461=ORIENTED_EDGE('',*,*,#1056,.F.);
#1462=ORIENTED_EDGE('',*,*,#1055,.T.);
#1463=ORIENTED_EDGE('',*,*,#910,.F.);
#1464=ORIENTED_EDGE('',*,*,#894,.F.);
#1465=ORIENTED_EDGE('',*,*,#1057,.F.);
#1466=ORIENTED_EDGE('',*,*,#897,.F.);
#1467=ORIENTED_EDGE('',*,*,#947,.F.);
#1468=ORIENTED_EDGE('',*,*,#962,.F.);
#1469=ORIENTED_EDGE('',*,*,#1058,.F.);
#1470=ORIENTED_EDGE('',*,*,#1059,.F.);
#1471=ORIENTED_EDGE('',*,*,#1057,.T.);
#1472=ORIENTED_EDGE('',*,*,#965,.F.);
#1473=ORIENTED_EDGE('',*,*,#1060,.F.);
#1474=ORIENTED_EDGE('',*,*,#1058,.T.);
#1475=ORIENTED_EDGE('',*,*,#961,.T.);
#1476=ORIENTED_EDGE('',*,*,#1007,.T.);
#1477=ORIENTED_EDGE('',*,*,#1010,.T.);
#1478=ORIENTED_EDGE('',*,*,#1061,.F.);
#1479=ORIENTED_EDGE('',*,*,#963,.T.);
#1480=ORIENTED_EDGE('',*,*,#904,.F.);
#1481=ORIENTED_EDGE('',*,*,#1062,.F.);
#1482=ORIENTED_EDGE('',*,*,#1063,.F.);
#1483=ORIENTED_EDGE('',*,*,#1062,.T.);
#1484=ORIENTED_EDGE('',*,*,#903,.F.);
#1485=ORIENTED_EDGE('',*,*,#1021,.F.);
#1486=ORIENTED_EDGE('',*,*,#1063,.T.);
#1487=ORIENTED_EDGE('',*,*,#1020,.T.);
#1488=ORIENTED_EDGE('',*,*,#1023,.T.);
#1489=ORIENTED_EDGE('',*,*,#974,.T.);
#1490=ORIENTED_EDGE('',*,*,#884,.T.);
#1491=ORIENTED_EDGE('',*,*,#1024,.T.);
#1492=ORIENTED_EDGE('',*,*,#1026,.T.);
#1493=ORIENTED_EDGE('',*,*,#1028,.T.);
#1494=ORIENTED_EDGE('',*,*,#1030,.T.);
#1495=ORIENTED_EDGE('',*,*,#1032,.T.);
#1496=ORIENTED_EDGE('',*,*,#1034,.T.);
#1497=ORIENTED_EDGE('',*,*,#1036,.T.);
#1498=ORIENTED_EDGE('',*,*,#1038,.T.);
#1499=ORIENTED_EDGE('',*,*,#1040,.T.);
#1500=ORIENTED_EDGE('',*,*,#1042,.T.);
#1501=ORIENTED_EDGE('',*,*,#1044,.T.);
#1502=ORIENTED_EDGE('',*,*,#1046,.T.);
#1503=ORIENTED_EDGE('',*,*,#1048,.T.);
#1504=ORIENTED_EDGE('',*,*,#1050,.T.);
#1505=ORIENTED_EDGE('',*,*,#1052,.T.);
#1506=ORIENTED_EDGE('',*,*,#1054,.T.);
#1507=ORIENTED_EDGE('',*,*,#1056,.T.);
#1508=ORIENTED_EDGE('',*,*,#1059,.T.);
#1509=ORIENTED_EDGE('',*,*,#1060,.T.);
#1510=ORIENTED_EDGE('',*,*,#964,.T.);
#1511=ORIENTED_EDGE('',*,*,#1061,.T.);
#1512=ORIENTED_EDGE('',*,*,#978,.T.);
#1513=ORIENTED_EDGE('',*,*,#980,.T.);
#1514=ORIENTED_EDGE('',*,*,#982,.T.);
#1515=ORIENTED_EDGE('',*,*,#984,.T.);
#1516=ORIENTED_EDGE('',*,*,#986,.T.);
#1517=ORIENTED_EDGE('',*,*,#993,.T.);
#1518=ORIENTED_EDGE('',*,*,#991,.T.);
#1519=ORIENTED_EDGE('',*,*,#989,.T.);
#1520=ORIENTED_EDGE('',*,*,#995,.T.);
#1521=ORIENTED_EDGE('',*,*,#996,.T.);
#1522=ORIENTED_EDGE('',*,*,#1003,.T.);
#1523=ORIENTED_EDGE('',*,*,#1001,.T.);
#1524=ORIENTED_EDGE('',*,*,#999,.T.);
#1525=ORIENTED_EDGE('',*,*,#1005,.T.);
#1526=ORIENTED_EDGE('',*,*,#1012,.T.);
#1527=ORIENTED_EDGE('',*,*,#1019,.T.);
#1528=ORIENTED_EDGE('',*,*,#1017,.T.);
#1529=ORIENTED_EDGE('',*,*,#1015,.T.);
#1530=CYLINDRICAL_SURFACE('',#1659,2.1);
#1531=CYLINDRICAL_SURFACE('',#1662,2.1);
#1532=CYLINDRICAL_SURFACE('',#1685,2.);
#1533=CYLINDRICAL_SURFACE('',#1716,2.);
#1534=CYLINDRICAL_SURFACE('',#1719,2.);
#1535=CYLINDRICAL_SURFACE('',#1730,2.);
#1536=CYLINDRICAL_SURFACE('',#1739,1.75);
#1537=CYLINDRICAL_SURFACE('',#1741,1.75);
#1538=CYLINDRICAL_SURFACE('',#1743,1.75);
#1539=CYLINDRICAL_SURFACE('',#1745,1.75);
#1540=CYLINDRICAL_SURFACE('',#1747,2.);
#1541=CYLINDRICAL_SURFACE('',#1753,2.);
#1542=CYLINDRICAL_SURFACE('',#1759,2.1);
#1543=CYLINDRICAL_SURFACE('',#1760,2.1);
#1544=CYLINDRICAL_SURFACE('',#1762,2.1);
#1545=CYLINDRICAL_SURFACE('',#1763,2.1);
#1546=CYLINDRICAL_SURFACE('',#1772,3.);
#1547=CYLINDRICAL_SURFACE('',#1775,2.);
#1548=CYLINDRICAL_SURFACE('',#1777,7.00000000001353);
#1549=CYLINDRICAL_SURFACE('',#1780,6.99999999994134);
#1550=CYLINDRICAL_SURFACE('',#1782,2.);
#1551=CYLINDRICAL_SURFACE('',#1785,2.);
#1552=CYLINDRICAL_SURFACE('',#1787,6.99999999994134);
#1553=CYLINDRICAL_SURFACE('',#1790,7.00000000001353);
#1554=CYLINDRICAL_SURFACE('',#1792,2.);
#1555=CYLINDRICAL_SURFACE('',#1795,3.);
#1556=ADVANCED_FACE('',(#96),#1530,.F.);
#1557=ADVANCED_FACE('',(#97),#1531,.F.);
#1558=ADVANCED_FACE('',(#98,#20,#21),#45,.T.);
#1559=ADVANCED_FACE('',(#99),#46,.T.);
#1560=ADVANCED_FACE('',(#100),#47,.T.);
#1561=ADVANCED_FACE('',(#101),#48,.T.);
#1562=ADVANCED_FACE('',(#102),#49,.T.);
#1563=ADVANCED_FACE('',(#103),#50,.T.);
#1564=ADVANCED_FACE('',(#104,#22,#23),#51,.T.);
#1565=ADVANCED_FACE('',(#105),#52,.T.);
#1566=ADVANCED_FACE('',(#106),#53,.T.);
#1567=ADVANCED_FACE('',(#107),#54,.T.);
#1568=ADVANCED_FACE('',(#108),#55,.T.);
#1569=ADVANCED_FACE('',(#109),#56,.T.);
#1570=ADVANCED_FACE('',(#110),#16,.T.);
#1571=ADVANCED_FACE('',(#111),#57,.T.);
#1572=ADVANCED_FACE('',(#112),#1532,.T.);
#1573=ADVANCED_FACE('',(#113),#58,.T.);
#1574=ADVANCED_FACE('',(#114),#59,.T.);
#1575=ADVANCED_FACE('',(#115),#60,.T.);
#1576=ADVANCED_FACE('',(#116),#17,.T.);
#1577=ADVANCED_FACE('',(#117,#24,#25,#26,#27,#28,#29,#30),#61,.F.);
#1578=ADVANCED_FACE('',(#118),#1533,.T.);
#1579=ADVANCED_FACE('',(#119),#1534,.T.);
#1580=ADVANCED_FACE('',(#120,#31),#62,.T.);
#1581=ADVANCED_FACE('',(#121),#63,.T.);
#1582=ADVANCED_FACE('',(#122),#64,.T.);
#1583=ADVANCED_FACE('',(#123),#65,.T.);
#1584=ADVANCED_FACE('',(#124),#66,.T.);
#1585=ADVANCED_FACE('',(#125),#1535,.T.);
#1586=ADVANCED_FACE('',(#126),#67,.T.);
#1587=ADVANCED_FACE('',(#127),#68,.T.);
#1588=ADVANCED_FACE('',(#128,#32,#33),#69,.T.);
#1589=ADVANCED_FACE('',(#129),#1536,.F.);
#1590=ADVANCED_FACE('',(#130),#1537,.F.);
#1591=ADVANCED_FACE('',(#131),#1538,.F.);
#1592=ADVANCED_FACE('',(#132),#1539,.F.);
#1593=ADVANCED_FACE('',(#133),#1540,.F.);
#1594=ADVANCED_FACE('',(#134),#70,.F.);
#1595=ADVANCED_FACE('',(#135),#71,.F.);
#1596=ADVANCED_FACE('',(#136),#72,.F.);
#1597=ADVANCED_FACE('',(#137),#73,.F.);
#1598=ADVANCED_FACE('',(#138),#1541,.F.);
#1599=ADVANCED_FACE('',(#139),#74,.F.);
#1600=ADVANCED_FACE('',(#140),#75,.F.);
#1601=ADVANCED_FACE('',(#141),#76,.F.);
#1602=ADVANCED_FACE('',(#142),#77,.F.);
#1603=ADVANCED_FACE('',(#143),#1542,.F.);
#1604=ADVANCED_FACE('',(#144),#1543,.F.);
#1605=ADVANCED_FACE('',(#145),#1544,.F.);
#1606=ADVANCED_FACE('',(#146),#1545,.F.);
#1607=ADVANCED_FACE('',(#147),#78,.F.);
#1608=ADVANCED_FACE('',(#148),#79,.F.);
#1609=ADVANCED_FACE('',(#149),#80,.F.);
#1610=ADVANCED_FACE('',(#150),#81,.F.);
#1611=ADVANCED_FACE('',(#151),#82,.T.);
#1612=ADVANCED_FACE('',(#152),#83,.T.);
#1613=ADVANCED_FACE('',(#153),#84,.T.);
#1614=ADVANCED_FACE('',(#154),#1546,.T.);
#1615=ADVANCED_FACE('',(#155),#85,.T.);
#1616=ADVANCED_FACE('',(#156),#1547,.T.);
#1617=ADVANCED_FACE('',(#157),#1548,.F.);
#1618=ADVANCED_FACE('',(#158),#86,.T.);
#1619=ADVANCED_FACE('',(#159),#1549,.F.);
#1620=ADVANCED_FACE('',(#160),#1550,.T.);
#1621=ADVANCED_FACE('',(#161),#87,.T.);
#1622=ADVANCED_FACE('',(#162),#1551,.T.);
#1623=ADVANCED_FACE('',(#163),#1552,.F.);
#1624=ADVANCED_FACE('',(#164),#88,.T.);
#1625=ADVANCED_FACE('',(#165),#1553,.F.);
#1626=ADVANCED_FACE('',(#166),#1554,.T.);
#1627=ADVANCED_FACE('',(#167),#89,.T.);
#1628=ADVANCED_FACE('',(#168),#1555,.T.);
#1629=ADVANCED_FACE('',(#169),#90,.T.);
#1630=ADVANCED_FACE('',(#170),#91,.T.);
#1631=ADVANCED_FACE('',(#171,#34,#35),#92,.T.);
#1632=ADVANCED_FACE('',(#172),#93,.T.);
#1633=ADVANCED_FACE('',(#173),#94,.T.);
#1634=ADVANCED_FACE('',(#174,#36,#37,#38,#39,#40,#41,#42,#43,#44),#95,.T.);
#1635=CLOSED_SHELL('',(#1556,#1557,#1558,#1559,#1560,#1561,#1562,#1563,
#1564,#1565,#1566,#1567,#1568));
#1636=CLOSED_SHELL('',(#1569,#1570,#1571,#1572,#1573,#1574,#1575,#1576,
#1577,#1578,#1579,#1580,#1581,#1582,#1583,#1584,#1585,#1586,#1587,#1588,
#1589,#1590,#1591,#1592,#1593,#1594,#1595,#1596,#1597,#1598,#1599,#1600,
#1601,#1602,#1603,#1604,#1605,#1606,#1607,#1608,#1609,#1610,#1611,#1612,
#1613,#1614,#1615,#1616,#1617,#1618,#1619,#1620,#1621,#1622,#1623,#1624,
#1625,#1626,#1627,#1628,#1629,#1630,#1631,#1632,#1633,#1634));
#1637=DERIVED_UNIT_ELEMENT(#1640,1.);
#1638=DERIVED_UNIT_ELEMENT(#2745,-3.);
#1639=DIMENSIONAL_EXPONENTS(0.,1.,0.,0.,0.,0.,0.);
#1640=(
CONVERSION_BASED_UNIT('gram',#1642)
MASS_UNIT()
NAMED_UNIT(#1639)
);
#1641=(
MASS_UNIT()
NAMED_UNIT(*)
SI_UNIT(.KILO.,.GRAM.)
);
#1642=MASS_MEASURE_WITH_UNIT(MASS_MEASURE(0.001),#1641);
#1643=DERIVED_UNIT((#1637,#1638));
#1644=MEASURE_REPRESENTATION_ITEM('density measure',
POSITIVE_RATIO_MEASURE(1.),#1643);
#1645=PROPERTY_DEFINITION_REPRESENTATION(#1650,#1647);
#1646=PROPERTY_DEFINITION_REPRESENTATION(#1651,#1648);
#1647=REPRESENTATION('material name',(#1649),#2742);
#1648=REPRESENTATION('density',(#1644),#2742);
#1649=DESCRIPTIVE_REPRESENTATION_ITEM('\X2\04220438043F043E0432044B0435\X0\',
'\X2\04220438043F043E0432044B0435\X0\');
#1650=PROPERTY_DEFINITION('material property','material name',#2752);
#1651=PROPERTY_DEFINITION('material property','density of part',#2752);
#1652=DATE_TIME_ROLE('creation_date');
#1653=APPLIED_DATE_AND_TIME_ASSIGNMENT(#1654,#1652,(#2752));
#1654=DATE_AND_TIME(#1655,#1656);
#1655=CALENDAR_DATE(2025,10,10);
#1656=LOCAL_TIME(0,0,0.,#1657);
#1657=COORDINATED_UNIVERSAL_TIME_OFFSET(0,0,.BEHIND.);
#1658=AXIS2_PLACEMENT_3D('',#2260,#1803,#1804);
#1659=AXIS2_PLACEMENT_3D('',#2261,#1805,#1806);
#1660=AXIS2_PLACEMENT_3D('',#2263,#1807,#1808);
#1661=AXIS2_PLACEMENT_3D('',#2266,#1810,#1811);
#1662=AXIS2_PLACEMENT_3D('',#2267,#1812,#1813);
#1663=AXIS2_PLACEMENT_3D('',#2269,#1814,#1815);
#1664=AXIS2_PLACEMENT_3D('',#2272,#1817,#1818);
#1665=AXIS2_PLACEMENT_3D('',#2273,#1819,#1820);
#1666=AXIS2_PLACEMENT_3D('',#2282,#1825,#1826);
#1667=AXIS2_PLACEMENT_3D('',#2296,#1834,#1835);
#1668=AXIS2_PLACEMENT_3D('',#2302,#1839,#1840);
#1669=AXIS2_PLACEMENT_3D('',#2306,#1843,#1844);
#1670=AXIS2_PLACEMENT_3D('',#2310,#1847,#1848);
#1671=AXIS2_PLACEMENT_3D('',#2314,#1851,#1852);
#1672=AXIS2_PLACEMENT_3D('',#2318,#1855,#1856);
#1673=AXIS2_PLACEMENT_3D('',#2322,#1859,#1860);
#1674=AXIS2_PLACEMENT_3D('',#2326,#1863,#1864);
#1675=AXIS2_PLACEMENT_3D('',#2328,#1866,#1867);
#1676=AXIS2_PLACEMENT_3D('',#2329,#1868,#1869);
#1677=AXIS2_PLACEMENT_3D('',#2338,#1874,#1875);
#1678=AXIS2_PLACEMENT_3D('',#2340,#1876,#1877);
#1679=AXIS2_PLACEMENT_3D('',#2343,#1879,#1880);
#1680=AXIS2_PLACEMENT_3D('',#2344,#1881,#1882);
#1681=AXIS2_PLACEMENT_3D('',#2347,#1883,#1884);
#1682=AXIS2_PLACEMENT_3D('',#2356,#1889,#1890);
#1683=AXIS2_PLACEMENT_3D('',#2358,#1891,#1892);
#1684=AXIS2_PLACEMENT_3D('',#2361,#1894,#1895);
#1685=AXIS2_PLACEMENT_3D('',#2362,#1896,#1897);
#1686=AXIS2_PLACEMENT_3D('',#2366,#1899,#1900);
#1687=AXIS2_PLACEMENT_3D('',#2368,#1902,#1903);
#1688=AXIS2_PLACEMENT_3D('',#2376,#1908,#1909);
#1689=AXIS2_PLACEMENT_3D('',#2379,#1910,#1911);
#1690=AXIS2_PLACEMENT_3D('',#2383,#1913,#1914);
#1691=AXIS2_PLACEMENT_3D('',#2387,#1916,#1917);
#1692=AXIS2_PLACEMENT_3D('',#2389,#1918,#1919);
#1693=AXIS2_PLACEMENT_3D('',#2391,#1921,#1922);
#1694=AXIS2_PLACEMENT_3D('',#2400,#1927,#1928);
#1695=AXIS2_PLACEMENT_3D('',#2418,#1929,#1930);
#1696=AXIS2_PLACEMENT_3D('',#2419,#1931,#1932);
#1697=AXIS2_PLACEMENT_3D('',#2420,#1933,#1934);
#1698=AXIS2_PLACEMENT_3D('',#2432,#1940,#1941);
#1699=AXIS2_PLACEMENT_3D('',#2433,#1942,#1943);
#1700=AXIS2_PLACEMENT_3D('',#2435,#1944,#1945);
#1701=AXIS2_PLACEMENT_3D('',#2436,#1946,#1947);
#1702=AXIS2_PLACEMENT_3D('',#2440,#1949,#1950);
#1703=AXIS2_PLACEMENT_3D('',#2444,#1952,#1953);
#1704=AXIS2_PLACEMENT_3D('',#2446,#1954,#1955);
#1705=AXIS2_PLACEMENT_3D('',#2450,#1957,#1958);
#1706=AXIS2_PLACEMENT_3D('',#2452,#1959,#1960);
#1707=AXIS2_PLACEMENT_3D('',#2456,#1962,#1963);
#1708=AXIS2_PLACEMENT_3D('',#2458,#1964,#1965);
#1709=AXIS2_PLACEMENT_3D('',#2462,#1967,#1968);
#1710=AXIS2_PLACEMENT_3D('',#2464,#1969,#1970);
#1711=AXIS2_PLACEMENT_3D('',#2468,#1972,#1973);
#1712=AXIS2_PLACEMENT_3D('',#2471,#1975,#1976);
#1713=AXIS2_PLACEMENT_3D('',#2473,#1977,#1978);
#1714=AXIS2_PLACEMENT_3D('',#2475,#1979,#1980);
#1715=AXIS2_PLACEMENT_3D('',#2485,#1985,#1986);
#1716=AXIS2_PLACEMENT_3D('',#2502,#1995,#1996);
#1717=AXIS2_PLACEMENT_3D('',#2506,#1998,#1999);
#1718=AXIS2_PLACEMENT_3D('',#2510,#2001,#2002);
#1719=AXIS2_PLACEMENT_3D('',#2512,#2004,#2005);
#1720=AXIS2_PLACEMENT_3D('',#2516,#2007,#2008);
#1721=AXIS2_PLACEMENT_3D('',#2518,#2010,#2011);
#1722=AXIS2_PLACEMENT_3D('',#2519,#2012,#2013);
#1723=AXIS2_PLACEMENT_3D('',#2528,#2019,#2020);
#1724=AXIS2_PLACEMENT_3D('',#2529,#2021,#2022);
#1725=AXIS2_PLACEMENT_3D('',#2530,#2023,#2024);
#1726=AXIS2_PLACEMENT_3D('',#2531,#2025,#2026);
#1727=AXIS2_PLACEMENT_3D('',#2532,#2027,#2028);
#1728=AXIS2_PLACEMENT_3D('',#2533,#2029,#2030);
#1729=AXIS2_PLACEMENT_3D('',#2539,#2034,#2035);
#1730=AXIS2_PLACEMENT_3D('',#2545,#2039,#2040);
#1731=AXIS2_PLACEMENT_3D('',#2549,#2042,#2043);
#1732=AXIS2_PLACEMENT_3D('',#2551,#2045,#2046);
#1733=AXIS2_PLACEMENT_3D('',#2555,#2049,#2050);
#1734=AXIS2_PLACEMENT_3D('',#2556,#2051,#2052);
#1735=AXIS2_PLACEMENT_3D('',#2557,#2053,#2054);
#1736=AXIS2_PLACEMENT_3D('',#2559,#2056,#2057);
#1737=AXIS2_PLACEMENT_3D('',#2564,#2060,#2061);
#1738=AXIS2_PLACEMENT_3D('',#2566,#2062,#2063);
#1739=AXIS2_PLACEMENT_3D('',#2567,#2064,#2065);
#1740=AXIS2_PLACEMENT_3D('',#2569,#2066,#2067);
#1741=AXIS2_PLACEMENT_3D('',#2571,#2069,#2070);
#1742=AXIS2_PLACEMENT_3D('',#2573,#2071,#2072);
#1743=AXIS2_PLACEMENT_3D('',#2575,#2074,#2075);
#1744=AXIS2_PLACEMENT_3D('',#2577,#2076,#2077);
#1745=AXIS2_PLACEMENT_3D('',#2579,#2079,#2080);
#1746=AXIS2_PLACEMENT_3D('',#2581,#2081,#2082);
#1747=AXIS2_PLACEMENT_3D('',#2583,#2084,#2085);
#1748=AXIS2_PLACEMENT_3D('',#2585,#2086,#2087);
#1749=AXIS2_PLACEMENT_3D('',#2587,#2089,#2090);
#1750=AXIS2_PLACEMENT_3D('',#2593,#2094,#2095);
#1751=AXIS2_PLACEMENT_3D('',#2597,#2098,#2099);
#1752=AXIS2_PLACEMENT_3D('',#2601,#2102,#2103);
#1753=AXIS2_PLACEMENT_3D('',#2603,#2105,#2106);
#1754=AXIS2_PLACEMENT_3D('',#2605,#2107,#2108);
#1755=AXIS2_PLACEMENT_3D('',#2607,#2110,#2111);
#1756=AXIS2_PLACEMENT_3D('',#2613,#2115,#2116);
#1757=AXIS2_PLACEMENT_3D('',#2617,#2119,#2120);
#1758=AXIS2_PLACEMENT_3D('',#2621,#2123,#2124);
#1759=AXIS2_PLACEMENT_3D('',#2623,#2126,#2127);
#1760=AXIS2_PLACEMENT_3D('',#2625,#2129,#2130);
#1761=AXIS2_PLACEMENT_3D('',#2627,#2131,#2132);
#1762=AXIS2_PLACEMENT_3D('',#2629,#2134,#2135);
#1763=AXIS2_PLACEMENT_3D('',#2631,#2137,#2138);
#1764=AXIS2_PLACEMENT_3D('',#2633,#2139,#2140);
#1765=AXIS2_PLACEMENT_3D('',#2635,#2142,#2143);
#1766=AXIS2_PLACEMENT_3D('',#2641,#2147,#2148);
#1767=AXIS2_PLACEMENT_3D('',#2645,#2151,#2152);
#1768=AXIS2_PLACEMENT_3D('',#2649,#2155,#2156);
#1769=AXIS2_PLACEMENT_3D('',#2651,#2158,#2159);
#1770=AXIS2_PLACEMENT_3D('',#2657,#2163,#2164);
#1771=AXIS2_PLACEMENT_3D('',#2659,#2166,#2167);
#1772=AXIS2_PLACEMENT_3D('',#2663,#2170,#2171);
#1773=AXIS2_PLACEMENT_3D('',#2665,#2172,#2173);
#1774=AXIS2_PLACEMENT_3D('',#2667,#2175,#2176);
#1775=AXIS2_PLACEMENT_3D('',#2671,#2179,#2180);
#1776=AXIS2_PLACEMENT_3D('',#2673,#2181,#2182);
#1777=AXIS2_PLACEMENT_3D('',#2675,#2184,#2185);
#1778=AXIS2_PLACEMENT_3D('',#2677,#2186,#2187);
#1779=AXIS2_PLACEMENT_3D('',#2679,#2189,#2190);
#1780=AXIS2_PLACEMENT_3D('',#2683,#2193,#2194);
#1781=AXIS2_PLACEMENT_3D('',#2685,#2195,#2196);
#1782=AXIS2_PLACEMENT_3D('',#2687,#2198,#2199);
#1783=AXIS2_PLACEMENT_3D('',#2689,#2200,#2201);
#1784=AXIS2_PLACEMENT_3D('',#2691,#2203,#2204);
#1785=AXIS2_PLACEMENT_3D('',#2695,#2207,#2208);
#1786=AXIS2_PLACEMENT_3D('',#2697,#2209,#2210);
#1787=AXIS2_PLACEMENT_3D('',#2699,#2212,#2213);
#1788=AXIS2_PLACEMENT_3D('',#2701,#2214,#2215);
#1789=AXIS2_PLACEMENT_3D('',#2703,#2217,#2218);
#1790=AXIS2_PLACEMENT_3D('',#2707,#2221,#2222);
#1791=AXIS2_PLACEMENT_3D('',#2709,#2223,#2224);
#1792=AXIS2_PLACEMENT_3D('',#2711,#2226,#2227);
#1793=AXIS2_PLACEMENT_3D('',#2713,#2228,#2229);
#1794=AXIS2_PLACEMENT_3D('',#2715,#2231,#2232);
#1795=AXIS2_PLACEMENT_3D('',#2719,#2235,#2236);
#1796=AXIS2_PLACEMENT_3D('',#2721,#2237,#2238);
#1797=AXIS2_PLACEMENT_3D('',#2723,#2240,#2241);
#1798=AXIS2_PLACEMENT_3D('',#2727,#2244,#2245);
#1799=AXIS2_PLACEMENT_3D('',#2731,#2248,#2249);
#1800=AXIS2_PLACEMENT_3D('',#2733,#2251,#2252);
#1801=AXIS2_PLACEMENT_3D('',#2737,#2255,#2256);
#1802=AXIS2_PLACEMENT_3D('',#2739,#2258,#2259);
#1803=DIRECTION('axis',(0.,0.,1.));
#1804=DIRECTION('refdir',(1.,0.,0.));
#1805=DIRECTION('center_axis',(-1.63735691671718E-13,-1.,0.));
#1806=DIRECTION('ref_axis',(1.,-1.63735691671718E-13,-2.16628882853689E-15));
#1807=DIRECTION('center_axis',(-1.63738371216618E-13,-1.,3.02976849565518E-28));
#1808=DIRECTION('ref_axis',(1.,-1.63735691671718E-13,-2.16628882853689E-15));
#1809=DIRECTION('',(-1.63735691671718E-13,-1.,0.));
#1810=DIRECTION('center_axis',(7.36340901057015E-14,0.437981136162714,0.898984162466513));
#1811=DIRECTION('ref_axis',(-1.46247000000996E-13,-0.898984162466513,0.437981136162714));
#1812=DIRECTION('center_axis',(-1.63735691671718E-13,-1.,0.));
#1813=DIRECTION('ref_axis',(1.,-1.63735691671718E-13,-2.16628882853689E-15));
#1814=DIRECTION('center_axis',(-1.63738371216618E-13,-1.,3.02976849565518E-28));
#1815=DIRECTION('ref_axis',(1.,-1.63735691671718E-13,-2.16628882853689E-15));
#1816=DIRECTION('',(-1.63735691671718E-13,-1.,0.));
#1817=DIRECTION('center_axis',(7.36340901057015E-14,0.437981136162714,0.898984162466513));
#1818=DIRECTION('ref_axis',(-1.46247000000996E-13,-0.898984162466513,0.437981136162714));
#1819=DIRECTION('center_axis',(-7.36340901057015E-14,-0.437981136162714,
-0.898984162466513));
#1820=DIRECTION('ref_axis',(-1.46256043574497E-13,-0.898984162466513,0.437981136162714));
#1821=DIRECTION('',(1.46387774608937E-13,0.898984162466513,-0.437981136162714));
#1822=DIRECTION('',(-1.,1.63675155933855E-13,2.16628882853632E-15));
#1823=DIRECTION('',(-1.46256043574497E-13,-0.898984162466513,0.437981136162714));
#1824=DIRECTION('',(1.,-1.64323595934638E-13,-1.85037170770859E-15));
#1825=DIRECTION('center_axis',(-1.85037170770859E-15,0.,-1.));
#1826=DIRECTION('ref_axis',(-1.,0.,1.85037170770859E-15));
#1827=DIRECTION('',(-1.63591224361135E-13,-1.,-3.16533552573274E-31));
#1828=DIRECTION('',(-1.,1.68962950156031E-13,2.15114044764524E-15));
#1829=DIRECTION('',(-1.63738371216618E-13,-1.,1.70397893261898E-42));
#1830=DIRECTION('',(-1.,1.22743979896716E-15,2.15114044764524E-15));
#1831=DIRECTION('',(2.91581381778004E-12,1.,-5.92010080807391E-27));
#1832=DIRECTION('',(-1.,1.63738371216618E-13,2.15114044764524E-15));
#1833=DIRECTION('',(1.63738371216618E-13,1.,-1.70397893261898E-42));
#1834=DIRECTION('center_axis',(-1.22743979896716E-15,-1.,2.27121987692436E-30));
#1835=DIRECTION('ref_axis',(-1.,1.22743979896716E-15,2.15114044764524E-15));
#1836=DIRECTION('',(1.,-1.22743979896716E-15,-2.15114044764524E-15));
#1837=DIRECTION('',(-1.85037170770859E-15,0.,-1.));
#1838=DIRECTION('',(-1.85037170770859E-15,0.,-1.));
#1839=DIRECTION('center_axis',(1.,-1.63738371216618E-13,-1.85037170770859E-15));
#1840=DIRECTION('ref_axis',(-1.63738371216618E-13,-1.,1.70397893261898E-42));
#1841=DIRECTION('',(1.63738371216618E-13,1.,-1.70397893261898E-42));
#1842=DIRECTION('',(-1.85037170770859E-15,0.,-1.));
#1843=DIRECTION('center_axis',(-1.68962950156031E-13,-1.,3.12644262619697E-28));
#1844=DIRECTION('ref_axis',(-1.,1.68962950156031E-13,2.15114044764524E-15));
#1845=DIRECTION('',(1.,-1.68962950156031E-13,-2.15114044764524E-15));
#1846=DIRECTION('',(-1.85037170770859E-15,0.,-1.));
#1847=DIRECTION('center_axis',(1.,-1.63591224361135E-13,-1.85037170770859E-15));
#1848=DIRECTION('ref_axis',(-1.63591224361135E-13,-1.,-3.16533552573274E-31));
#1849=DIRECTION('',(1.63591224361135E-13,1.,3.16533552573274E-31));
#1850=DIRECTION('',(-1.85037170770859E-15,0.,-1.));
#1851=DIRECTION('center_axis',(1.63738371216618E-13,1.,-3.02976849565518E-28));
#1852=DIRECTION('ref_axis',(1.,-1.63738371216618E-13,-2.15114044764524E-15));
#1853=DIRECTION('',(-1.,1.63738371216618E-13,2.15114044764524E-15));
#1854=DIRECTION('',(-1.85037170770859E-15,0.,-1.));
#1855=DIRECTION('center_axis',(-1.,1.63738371216618E-13,1.85037170770859E-15));
#1856=DIRECTION('ref_axis',(1.63738371216618E-13,1.,-1.70397893261898E-42));
#1857=DIRECTION('',(-1.63738371216618E-13,-1.,1.70397893261898E-42));
#1858=DIRECTION('',(-1.85037170770859E-15,0.,-1.));
#1859=DIRECTION('center_axis',(-1.63738371216618E-13,-1.,3.02976849565518E-28));
#1860=DIRECTION('ref_axis',(-1.,1.63738371216618E-13,2.15114044764524E-15));
#1861=DIRECTION('',(1.,-1.63738371216618E-13,-2.15114044764524E-15));
#1862=DIRECTION('',(-1.85037170770859E-15,0.,-1.));
#1863=DIRECTION('center_axis',(-1.,2.91581381778004E-12,1.85037170770859E-15));
#1864=DIRECTION('ref_axis',(2.91581381778004E-12,1.,-5.92010080807391E-27));
#1865=DIRECTION('',(-2.91581381778004E-12,-1.,5.92010080807391E-27));
#1866=DIRECTION('center_axis',(2.15114044764524E-15,-3.52224233155617E-28,
1.));
#1867=DIRECTION('ref_axis',(1.,0.,-2.15114044764524E-15));
#1868=DIRECTION('center_axis',(-1.17301598625525E-13,-0.707106781186545,
-0.70710678118655));
#1869=DIRECTION('ref_axis',(-1.,0.,1.65889511664262E-13));
#1870=DIRECTION('',(1.15218876304302E-13,0.70710678118655,-0.707106781186545));
#1871=DIRECTION('',(1.,-1.63738371216618E-13,-2.15114044764524E-15));
#1872=DIRECTION('',(-1.13831703254574E-13,-0.707106781186548,0.707106781186547));
#1873=DIRECTION('',(-1.,1.63738371216618E-13,2.15114044764524E-15));
#1874=DIRECTION('center_axis',(2.22044604925033E-15,0.,1.));
#1875=DIRECTION('ref_axis',(0.707106781186434,-0.707106781186661,-1.14081449836097E-15));
#1876=DIRECTION('center_axis',(2.15114044764524E-15,-3.52224233155617E-28,
1.));
#1877=DIRECTION('ref_axis',(0.707106781186434,-0.707106781186661,0.));
#1878=DIRECTION('',(0.707106781186551,-1.13046657025232E-13,0.707106781186544));
#1879=DIRECTION('center_axis',(-2.15114044764524E-15,3.52224233155617E-28,
-1.));
#1880=DIRECTION('ref_axis',(0.707106781186434,-0.707106781186661,-1.52108599781462E-15));
#1881=DIRECTION('center_axis',(0.707106781186546,-1.14539471495748E-13,
-0.707106781186549));
#1882=DIRECTION('ref_axis',(-0.707106781186549,0.,-0.707106781186546));
#1883=DIRECTION('center_axis',(-0.707106781186546,1.14539471495748E-13,
0.707106781186549));
#1884=DIRECTION('ref_axis',(-0.707106781186549,1.157890851864E-13,-0.707106781186546));
#1885=DIRECTION('',(1.61983274016334E-13,1.,3.77546057707832E-30));
#1886=DIRECTION('',(0.707106781186549,-1.16652786215869E-13,0.707106781186546));
#1887=DIRECTION('',(-1.61983274016334E-13,-1.,-3.77546057707832E-30));
#1888=DIRECTION('',(1.61983274016334E-13,1.,3.77546057707832E-30));
#1889=DIRECTION('center_axis',(-0.707106781186546,1.14539471495748E-13,
0.707106781186549));
#1890=DIRECTION('ref_axis',(-0.707106781186549,1.157890851864E-13,-0.707106781186546));
#1891=DIRECTION('center_axis',(-0.707106781186546,1.14539471495748E-13,
0.707106781186549));
#1892=DIRECTION('ref_axis',(-0.707106781186549,1.157890851864E-13,-0.707106781186546));
#1893=DIRECTION('',(1.61983274016334E-13,1.,3.77546057707832E-30));
#1894=DIRECTION('center_axis',(-0.707106781186546,1.14539471495748E-13,
0.707106781186549));
#1895=DIRECTION('ref_axis',(-0.707106781186549,1.157890851864E-13,-0.707106781186546));
#1896=DIRECTION('center_axis',(2.62387767763225E-15,-1.2665260764163E-28,
1.));
#1897=DIRECTION('ref_axis',(0.707106781186434,-0.707106781186661,0.));
#1898=DIRECTION('',(-2.62387767763225E-15,1.2665260764163E-28,-1.));
#1899=DIRECTION('center_axis',(-1.11476564566548E-13,-0.707106781186548,
0.707106781186548));
#1900=DIRECTION('ref_axis',(-1.15187287964263E-13,-0.707106781186548,-0.707106781186548));
#1901=DIRECTION('',(2.62387767763225E-15,-1.2665260764163E-28,1.));
#1902=DIRECTION('center_axis',(-1.63738371216618E-13,-1.,3.02976849565518E-28));
#1903=DIRECTION('ref_axis',(-1.,1.63738371216618E-13,2.15114044764524E-15));
#1904=DIRECTION('',(-1.85037170770859E-15,0.,-1.));
#1905=DIRECTION('',(1.,-1.63738371216618E-13,-2.15114044764524E-15));
#1906=DIRECTION('',(-1.85037170770859E-15,0.,-1.));
#1907=DIRECTION('',(1.,-1.63205894487737E-13,-1.74152631313134E-15));
#1908=DIRECTION('center_axis',(-0.707106781186548,1.15558804959126E-13,
-0.707106781186547));
#1909=DIRECTION('ref_axis',(-0.707106781186547,0.,0.707106781186548));
#1910=DIRECTION('center_axis',(0.707106781186548,-1.15558804959126E-13,
0.707106781186547));
#1911=DIRECTION('ref_axis',(0.707106781186547,-1.15780512627711E-13,-0.707106781186548));
#1912=DIRECTION('',(1.63424829224823E-13,1.,6.7447286058441E-31));
#1913=DIRECTION('center_axis',(0.707106781186548,-1.15558804959126E-13,
0.707106781186547));
#1914=DIRECTION('ref_axis',(0.707106781186547,-1.15780512627711E-13,-0.707106781186548));
#1915=DIRECTION('',(-1.63424829224823E-13,-1.,-6.7447286058441E-31));
#1916=DIRECTION('center_axis',(0.707106781186548,-1.15558804959126E-13,
0.707106781186547));
#1917=DIRECTION('ref_axis',(0.707106781186547,-1.15789085186399E-13,-0.707106781186548));
#1918=DIRECTION('center_axis',(0.707106781186548,-1.15558804959126E-13,
0.707106781186547));
#1919=DIRECTION('ref_axis',(0.707106781186547,-1.15789085186399E-13,-0.707106781186548));
#1920=DIRECTION('',(-1.63424829224823E-13,-1.,-6.7447286058441E-31));
#1921=DIRECTION('center_axis',(-1.19505237164028E-13,-0.707106781186542,
-0.707106781186553));
#1922=DIRECTION('ref_axis',(-1.,0.,1.69005927171981E-13));
#1923=DIRECTION('',(-1.14098715216062E-13,-0.707106781186553,0.707106781186542));
#1924=DIRECTION('',(-1.,1.66854786724338E-13,2.15114044764524E-15));
#1925=DIRECTION('',(1.17233570248388E-13,0.707106781186551,-0.707106781186544));
#1926=DIRECTION('',(1.,-1.66854786724338E-13,-2.15114044764524E-15));
#1927=DIRECTION('center_axis',(1.48029736616689E-15,0.,1.));
#1928=DIRECTION('ref_axis',(-0.707106781186664,-0.707106781186431,1.98368568911545E-15));
#1929=DIRECTION('center_axis',(2.15114044764524E-15,-3.52224233155617E-28,
1.));
#1930=DIRECTION('ref_axis',(-0.707106781186664,-0.707106781186431,3.14018491736755E-15));
#1931=DIRECTION('center_axis',(-2.15114044764524E-15,3.52224233155617E-28,
-1.));
#1932=DIRECTION('ref_axis',(-0.707106781186664,-0.707106781186431,1.52108599781462E-15));
#1933=DIRECTION('center_axis',(2.15114044764524E-15,-3.52224233155617E-28,
1.));
#1934=DIRECTION('ref_axis',(1.,0.,-2.15114044764524E-15));
#1935=DIRECTION('',(-1.,1.64971952355091E-13,2.15114044764524E-15));
#1936=DIRECTION('',(1.22729260854386E-14,1.,3.2582344544227E-28));
#1937=DIRECTION('',(1.,-1.63738371216618E-13,-2.15114044764524E-15));
#1938=DIRECTION('',(-1.6368443053103E-13,-1.,-1.16033990540406E-31));
#1939=DIRECTION('',(-1.63424829224823E-13,-1.,-6.7447286058441E-31));
#1940=DIRECTION('center_axis',(2.15114044764524E-15,-3.52224233155617E-28,
1.));
#1941=DIRECTION('ref_axis',(1.,-1.63738371216618E-13,-1.85037170770859E-15));
#1942=DIRECTION('center_axis',(2.15114044764524E-15,-3.52224233155617E-28,
1.));
#1943=DIRECTION('ref_axis',(1.,-1.63738371216618E-13,-1.85037170770859E-15));
#1944=DIRECTION('center_axis',(2.15114044764524E-15,-3.52224233155617E-28,
1.));
#1945=DIRECTION('ref_axis',(1.,-1.63738371216618E-13,-1.85037170770859E-15));
#1946=DIRECTION('center_axis',(2.15114044764524E-15,-3.52224233155617E-28,
1.));
#1947=DIRECTION('ref_axis',(1.,-1.63738371216618E-13,-1.85037170770859E-15));
#1948=DIRECTION('',(-1.63210322215608E-13,-1.,-1.13590756441123E-30));
#1949=DIRECTION('center_axis',(-2.15114044764524E-15,3.52224233155617E-28,
-1.));
#1950=DIRECTION('ref_axis',(-1.65218668582785E-13,-1.,3.18432753890599E-30));
#1951=DIRECTION('',(-1.,1.61549406673377E-13,2.15114044764524E-15));
#1952=DIRECTION('center_axis',(-2.15114044764524E-15,3.52226394181182E-28,
-1.));
#1953=DIRECTION('ref_axis',(-0.628539361056292,-0.777777777776498,1.35207644250501E-15));
#1954=DIRECTION('center_axis',(2.15114044764524E-15,-3.52226394181182E-28,
1.));
#1955=DIRECTION('ref_axis',(-0.628539361056284,-0.777777777776505,1.35207644250499E-15));
#1956=DIRECTION('',(-1.,-4.64545171200037E-12,2.15114044764524E-15));
#1957=DIRECTION('center_axis',(2.15114044764524E-15,-3.52224233155616E-28,
1.));
#1958=DIRECTION('ref_axis',(-6.62523637458919E-12,-1.,1.38995897074337E-26));
#1959=DIRECTION('center_axis',(-2.15114044764524E-15,3.52224233155617E-28,
-1.));
#1960=DIRECTION('ref_axis',(-1.63738371216618E-13,-1.,1.70397893261898E-42));
#1961=DIRECTION('',(-1.,1.64076745671113E-13,2.15114044764524E-15));
#1962=DIRECTION('center_axis',(-2.15114044764524E-15,3.52226394181182E-28,
-1.));
#1963=DIRECTION('ref_axis',(-0.628539361048576,-0.777777777782734,1.35207644248841E-15));
#1964=DIRECTION('center_axis',(2.15114044764524E-15,-3.52226394181182E-28,
1.));
#1965=DIRECTION('ref_axis',(-0.628539361048573,-0.777777777782736,1.35207644248841E-15));
#1966=DIRECTION('',(-1.,4.97292845443129E-12,2.15114044764524E-15));
#1967=DIRECTION('center_axis',(2.15114044764524E-15,-3.52224233155617E-28,
1.));
#1968=DIRECTION('ref_axis',(2.4221296564196E-12,-1.,-5.56256530652089E-27));
#1969=DIRECTION('center_axis',(-2.15114044764524E-15,3.52224233155617E-28,
-1.));
#1970=DIRECTION('ref_axis',(-1.63738371216618E-13,-1.,1.70397893261898E-42));
#1971=DIRECTION('',(-1.,1.60090096977882E-13,2.15114044764524E-15));
#1972=DIRECTION('center_axis',(-2.15114044764524E-15,3.52224233155617E-28,
-1.));
#1973=DIRECTION('ref_axis',(-1.,1.65218668582785E-13,2.15114044764524E-15));
#1974=DIRECTION('',(1.6479446921864E-13,1.,-2.27181512882758E-30));
#1975=DIRECTION('center_axis',(2.15114044764524E-15,-3.52224233155617E-28,
1.));
#1976=DIRECTION('ref_axis',(1.,-1.63738371216618E-13,-1.85037170770859E-15));
#1977=DIRECTION('center_axis',(2.15114044764524E-15,-3.52224233155617E-28,
1.));
#1978=DIRECTION('ref_axis',(1.,-1.63738371216618E-13,-1.85037170770859E-15));
#1979=DIRECTION('center_axis',(2.15114044764524E-15,-3.52224233155617E-28,
1.));
#1980=DIRECTION('ref_axis',(1.,-1.63738371216618E-13,-2.16493489801906E-15));
#1981=DIRECTION('',(1.,-3.27459259914675E-13,-2.15114044764524E-15));
#1982=DIRECTION('',(3.27163200441442E-13,1.,-3.51549760295035E-28));
#1983=DIRECTION('',(-1.,3.27755319387908E-13,2.15114044764524E-15));
#1984=DIRECTION('',(-3.27163200441441E-13,-1.,3.51549760295034E-28));
#1985=DIRECTION('center_axis',(2.15114044764524E-15,-3.52224233155617E-28,
1.));
#1986=DIRECTION('ref_axis',(1.,-1.63738371216618E-13,-2.1094237467878E-15));
#1987=DIRECTION('',(-3.13541991795308E-16,-1.,-3.51549760295031E-28));
#1988=DIRECTION('',(1.,2.78576954671469E-16,-2.15114044764524E-15));
#1989=DIRECTION('',(3.13541991795187E-16,1.,3.51549760295031E-28));
#1990=DIRECTION('',(-1.,1.7482518561906E-17,2.15114044764524E-15));
#1991=DIRECTION('',(-1.63738371216618E-13,-1.,1.70397893261898E-42));
#1992=DIRECTION('',(1.,-1.63738371216618E-13,-2.15114044764524E-15));
#1993=DIRECTION('',(1.63738371216618E-13,1.,-1.70397893261898E-42));
#1994=DIRECTION('',(-1.,1.63738371216618E-13,2.15114044764524E-15));
#1995=DIRECTION('center_axis',(1.77635683940025E-15,1.23497350660184E-29,
1.));
#1996=DIRECTION('ref_axis',(-0.707106781186664,-0.707106781186431,3.14018491736755E-15));
#1997=DIRECTION('',(1.85037170770859E-15,0.,1.));
#1998=DIRECTION('center_axis',(-1.8659210497902E-15,-1.47146855483479E-16,
-1.));
#1999=DIRECTION('ref_axis',(-0.707106781186664,-0.707106781186431,3.14018491736755E-15));
#2000=DIRECTION('',(-1.77635683940025E-15,-1.23497350660184E-29,-1.));
#2001=DIRECTION('center_axis',(-1.11476564566548E-13,-0.707106781186547,
0.707106781186548));
#2002=DIRECTION('ref_axis',(-1.13988712500442E-13,-0.707106781186548,-0.707106781186547));
#2003=DIRECTION('',(1.77635683940025E-15,1.23497350660184E-29,1.));
#2004=DIRECTION('center_axis',(-1.63424829224823E-13,-1.,-6.46928674758706E-31));
#2005=DIRECTION('ref_axis',(-0.707106781186549,1.19327026859967E-13,-0.707106781186546));
#2006=DIRECTION('',(1.63424829224823E-13,1.,6.46928674758706E-31));
#2007=DIRECTION('center_axis',(-1.63738371216618E-13,-1.,3.02976849565518E-28));
#2008=DIRECTION('ref_axis',(-0.707106781186549,1.19327026859967E-13,-0.707106781186546));
#2009=DIRECTION('',(-1.63424829224823E-13,-1.,-6.46928674758706E-31));
#2010=DIRECTION('center_axis',(-1.,1.63424829224823E-13,1.77635683940025E-15));
#2011=DIRECTION('ref_axis',(1.77635683940025E-15,0.,1.));
#2012=DIRECTION('center_axis',(1.,-1.63424829224823E-13,-1.77635683940025E-15));
#2013=DIRECTION('ref_axis',(-1.77635683940025E-15,2.90947741796091E-28,
-1.));
#2014=DIRECTION('',(1.85037170770859E-15,0.,1.));
#2015=DIRECTION('',(1.63424829224823E-13,1.,-1.47146855483784E-16));
#2016=DIRECTION('',(-1.77635683939739E-15,1.75199159390295E-14,-1.));
#2017=DIRECTION('',(1.63424829224823E-13,1.,-1.47146855483784E-16));
#2018=DIRECTION('',(-1.85037170770859E-15,0.,-1.));
#2019=DIRECTION('center_axis',(1.,-1.63424829224823E-13,-1.77635683940025E-15));
#2020=DIRECTION('ref_axis',(-1.77635683940025E-15,2.90947741796091E-28,
-1.));
#2021=DIRECTION('center_axis',(1.8659210497902E-15,1.47146855483479E-16,
1.));
#2022=DIRECTION('ref_axis',(1.63424829224823E-13,1.,-1.47146855483784E-16));
#2023=DIRECTION('center_axis',(2.15114044764524E-15,-3.52224233155617E-28,
1.));
#2024=DIRECTION('ref_axis',(1.,-1.63738371216618E-13,-1.85037170770859E-15));
#2025=DIRECTION('center_axis',(1.8659210497902E-15,1.47146855483479E-16,
1.));
#2026=DIRECTION('ref_axis',(1.63424829224823E-13,1.,-1.47146855483784E-16));
#2027=DIRECTION('center_axis',(2.15114044764524E-15,-3.52224233155617E-28,
1.));
#2028=DIRECTION('ref_axis',(1.,-1.63738371216618E-13,-1.85037170770859E-15));
#2029=DIRECTION('center_axis',(-2.36847578582137E-15,3.87714679495744E-28,
-1.));
#2030=DIRECTION('ref_axis',(1.63424829224823E-13,1.,6.46928674758706E-31));
#2031=DIRECTION('',(-1.,1.63424829224823E-13,1.77635683940025E-15));
#2032=DIRECTION('',(1.61983274016334E-13,1.,4.06121727998908E-30));
#2033=DIRECTION('',(-1.,1.62708315541704E-13,1.86592104979018E-15));
#2034=DIRECTION('center_axis',(1.63738371216618E-13,1.,-3.02976849565518E-28));
#2035=DIRECTION('ref_axis',(1.,-1.63738371216618E-13,-2.15114044764524E-15));
#2036=DIRECTION('',(-1.85037170770859E-15,0.,-1.));
#2037=DIRECTION('',(-1.,1.63738371216618E-13,2.15114044764524E-15));
#2038=DIRECTION('',(-1.85037170770859E-15,0.,-1.));
#2039=DIRECTION('center_axis',(-1.61983274016334E-13,-1.,-3.97125106680741E-30));
#2040=DIRECTION('ref_axis',(0.707106781186546,-1.16186841942599E-13,-0.707106781186549));
#2041=DIRECTION('',(1.61983274016334E-13,1.,3.97125106680741E-30));
#2042=DIRECTION('center_axis',(-1.64971952355091E-13,-1.,3.0525943320331E-28));
#2043=DIRECTION('ref_axis',(0.707106781186546,-1.16186841942599E-13,-0.707106781186549));
#2044=DIRECTION('',(-1.61983274016334E-13,-1.,-3.97125106680741E-30));
#2045=DIRECTION('center_axis',(-2.36847578583047E-15,3.87624713284037E-28,
-1.));
#2046=DIRECTION('ref_axis',(-1.63424829224823E-13,-1.,-5.56962461563908E-31));
#2047=DIRECTION('',(-1.61983274016334E-13,-1.,-3.97125106680741E-30));
#2048=DIRECTION('',(1.,-1.63424829224823E-13,-1.77635683940025E-15));
#2049=DIRECTION('center_axis',(1.,-1.61983274016334E-13,-2.62387767763225E-15));
#2050=DIRECTION('ref_axis',(-2.62387767763225E-15,0.,-1.));
#2051=DIRECTION('center_axis',(1.,-1.61983274016334E-13,-2.62387767763225E-15));
#2052=DIRECTION('ref_axis',(1.74152631313134E-15,-2.851732283877E-28,1.));
#2053=DIRECTION('center_axis',(1.,-1.61983274016334E-13,-2.62387767763225E-15));
#2054=DIRECTION('ref_axis',(1.74152631313134E-15,-2.851732283877E-28,1.));
#2055=DIRECTION('',(-2.62387767762982E-15,1.50170708048826E-14,-1.));
#2056=DIRECTION('center_axis',(-1.,1.63738371216618E-13,1.85037170770859E-15));
#2057=DIRECTION('ref_axis',(1.63738371216618E-13,1.,-1.70397893261898E-42));
#2058=DIRECTION('',(-1.63738371216618E-13,-1.,1.70397893261898E-42));
#2059=DIRECTION('',(-1.85037170770859E-15,0.,-1.));
#2060=DIRECTION('center_axis',(1.,-1.63738371216618E-13,-1.85037170770859E-15));
#2061=DIRECTION('ref_axis',(1.6375049464538E-13,1.,-2.62015683111343E-32));
#2062=DIRECTION('center_axis',(1.,-1.63738371216618E-13,-1.85037170770859E-15));
#2063=DIRECTION('ref_axis',(1.6375049464538E-13,1.,-2.62015683111343E-32));
#2064=DIRECTION('center_axis',(-1.85037170770859E-15,0.,-1.));
#2065=DIRECTION('ref_axis',(1.,-1.63738371216618E-13,-1.85037170770859E-15));
#2066=DIRECTION('center_axis',(-2.15114044764524E-15,3.52224233155617E-28,
-1.));
#2067=DIRECTION('ref_axis',(1.,-1.63738371216618E-13,-1.85037170770859E-15));
#2068=DIRECTION('',(-1.85037170770859E-15,0.,-1.));
#2069=DIRECTION('center_axis',(-1.85037170770859E-15,0.,-1.));
#2070=DIRECTION('ref_axis',(1.,-1.63738371216618E-13,-1.85037170770859E-15));
#2071=DIRECTION('center_axis',(-2.15114044764524E-15,3.52224233155617E-28,
-1.));
#2072=DIRECTION('ref_axis',(1.,-1.63738371216618E-13,-1.85037170770859E-15));
#2073=DIRECTION('',(-1.85037170770859E-15,0.,-1.));
#2074=DIRECTION('center_axis',(-1.85037170770859E-15,0.,-1.));
#2075=DIRECTION('ref_axis',(1.,-1.63738371216618E-13,-1.85037170770859E-15));
#2076=DIRECTION('center_axis',(-2.15114044764524E-15,3.52224233155617E-28,
-1.));
#2077=DIRECTION('ref_axis',(1.,-1.63738371216618E-13,-1.85037170770859E-15));
#2078=DIRECTION('',(-1.85037170770859E-15,0.,-1.));
#2079=DIRECTION('center_axis',(-1.85037170770859E-15,0.,-1.));
#2080=DIRECTION('ref_axis',(1.,-1.63738371216618E-13,-1.85037170770859E-15));
#2081=DIRECTION('center_axis',(-2.15114044764524E-15,3.52224233155617E-28,
-1.));
#2082=DIRECTION('ref_axis',(1.,-1.63738371216618E-13,-1.85037170770859E-15));
#2083=DIRECTION('',(-1.85037170770859E-15,0.,-1.));
#2084=DIRECTION('center_axis',(-2.16493489801906E-15,0.,-1.));
#2085=DIRECTION('ref_axis',(1.,-1.63738371216618E-13,-2.16493489801906E-15));
#2086=DIRECTION('center_axis',(-2.15114044764524E-15,3.52224233155617E-28,
-1.));
#2087=DIRECTION('ref_axis',(1.,-1.63738371216618E-13,-2.16493489801906E-15));
#2088=DIRECTION('',(-2.16493489801906E-15,0.,-1.));
#2089=DIRECTION('center_axis',(3.27755319387908E-13,1.,-6.91374853852872E-28));
#2090=DIRECTION('ref_axis',(1.,-3.27755319387908E-13,-2.15114044764524E-15));
#2091=DIRECTION('',(-2.1094237467878E-15,0.,-1.));
#2092=DIRECTION('',(1.,-3.27755319387908E-13,-2.15114044764524E-15));
#2093=DIRECTION('',(-2.1094237467878E-15,0.,-1.));
#2094=DIRECTION('center_axis',(-1.,3.27163200441441E-13,2.1094237467878E-15));
#2095=DIRECTION('ref_axis',(3.27163200441441E-13,1.,-3.51549760295034E-28));
#2096=DIRECTION('',(3.27163200441441E-13,1.,-3.51549760295034E-28));
#2097=DIRECTION('',(-2.1094237467878E-15,0.,-1.));
#2098=DIRECTION('center_axis',(-3.27459259914675E-13,-1.,6.90750338969572E-28));
#2099=DIRECTION('ref_axis',(-1.,3.27459259914675E-13,2.15114044764524E-15));
#2100=DIRECTION('',(-1.,3.27459259914675E-13,2.15114044764524E-15));
#2101=DIRECTION('',(-2.1094237467878E-15,0.,-1.));
#2102=DIRECTION('center_axis',(1.,-3.27163200441442E-13,-2.1094237467878E-15));
#2103=DIRECTION('ref_axis',(-3.27163200441442E-13,-1.,3.51549760295035E-28));
#2104=DIRECTION('',(-3.27163200441442E-13,-1.,3.51549760295035E-28));
#2105=DIRECTION('center_axis',(-2.1094237467878E-15,0.,-1.));
#2106=DIRECTION('ref_axis',(1.,-1.63738371216618E-13,-2.1094237467878E-15));
#2107=DIRECTION('center_axis',(-2.15114044764524E-15,3.52224233155617E-28,
-1.));
#2108=DIRECTION('ref_axis',(1.,-1.63738371216618E-13,-2.1094237467878E-15));
#2109=DIRECTION('',(-2.1094237467878E-15,0.,-1.));
#2110=DIRECTION('center_axis',(1.,-3.13541991795187E-16,-2.1094237467878E-15));
#2111=DIRECTION('ref_axis',(-3.13541991795187E-16,-1.,-3.51549760295031E-28));
#2112=DIRECTION('',(-2.1094237467878E-15,0.,-1.));
#2113=DIRECTION('',(-3.13541991795187E-16,-1.,-3.51549760295031E-28));
#2114=DIRECTION('',(-2.1094237467878E-15,0.,-1.));
#2115=DIRECTION('center_axis',(1.7482518561906E-17,1.,-3.6878039808143E-32));
#2116=DIRECTION('ref_axis',(1.,-1.7482518561906E-17,-2.15114044764524E-15));
#2117=DIRECTION('',(1.,-1.7482518561906E-17,-2.15114044764524E-15));
#2118=DIRECTION('',(-2.1094237467878E-15,0.,-1.));
#2119=DIRECTION('center_axis',(-1.,3.13541991795308E-16,2.1094237467878E-15));
#2120=DIRECTION('ref_axis',(3.13541991795308E-16,1.,3.51549760295031E-28));
#2121=DIRECTION('',(3.13541991795308E-16,1.,3.51549760295031E-28));
#2122=DIRECTION('',(-2.1094237467878E-15,0.,-1.));
#2123=DIRECTION('center_axis',(2.78576954671469E-16,-1.,-5.87636843491825E-31));
#2124=DIRECTION('ref_axis',(-1.,-2.78576954671469E-16,2.15114044764524E-15));
#2125=DIRECTION('',(-1.,-2.78576954671469E-16,2.15114044764524E-15));
#2126=DIRECTION('center_axis',(-1.,1.6375049464538E-13,2.16123415460364E-15));
#2127=DIRECTION('ref_axis',(1.6375049464538E-13,1.,-2.62015683111343E-32));
#2128=DIRECTION('',(-1.,1.6375049464538E-13,2.16123415460364E-15));
#2129=DIRECTION('center_axis',(-1.,1.6375049464538E-13,2.16123415460364E-15));
#2130=DIRECTION('ref_axis',(1.6375049464538E-13,1.,-2.62015683111343E-32));
#2131=DIRECTION('center_axis',(-1.,1.6381194464436E-13,1.85037170770859E-15));
#2132=DIRECTION('ref_axis',(1.6375049464538E-13,1.,-2.62015683111343E-32));
#2133=DIRECTION('',(-1.,1.6375049464538E-13,2.16123415460364E-15));
#2134=DIRECTION('center_axis',(-1.,1.6375049464538E-13,2.16123415460364E-15));
#2135=DIRECTION('ref_axis',(1.6375049464538E-13,1.,-2.62015683111343E-32));
#2136=DIRECTION('',(-1.,1.6375049464538E-13,2.16123415460364E-15));
#2137=DIRECTION('center_axis',(-1.,1.6375049464538E-13,2.16123415460364E-15));
#2138=DIRECTION('ref_axis',(1.6375049464538E-13,1.,-2.62015683111343E-32));
#2139=DIRECTION('center_axis',(-1.,1.6381194464436E-13,1.85037170770859E-15));
#2140=DIRECTION('ref_axis',(1.6375049464538E-13,1.,-2.62015683111343E-32));
#2141=DIRECTION('',(-1.,1.6375049464538E-13,2.16123415460364E-15));
#2142=DIRECTION('center_axis',(-1.,1.63738371216618E-13,2.19731640290395E-15));
#2143=DIRECTION('ref_axis',(1.63738371216618E-13,1.,-1.70397893261898E-42));
#2144=DIRECTION('',(1.63738371216618E-13,1.,-1.70397893261898E-42));
#2145=DIRECTION('',(-2.19731640290395E-15,0.,-1.));
#2146=DIRECTION('',(-2.19731640290395E-15,0.,-1.));
#2147=DIRECTION('center_axis',(-1.63738371216618E-13,-1.,3.59785008859052E-28));
#2148=DIRECTION('ref_axis',(-1.,1.63738371216618E-13,2.15114044764524E-15));
#2149=DIRECTION('',(-1.,1.63738371216618E-13,2.15114044764524E-15));
#2150=DIRECTION('',(-2.19731640290395E-15,0.,-1.));
#2151=DIRECTION('center_axis',(1.,-1.63738371216618E-13,-2.19731640290395E-15));
#2152=DIRECTION('ref_axis',(-1.63738371216618E-13,-1.,1.70397893261898E-42));
#2153=DIRECTION('',(-1.63738371216618E-13,-1.,1.70397893261898E-42));
#2154=DIRECTION('',(-2.19731640290395E-15,0.,-1.));
#2155=DIRECTION('center_axis',(1.63738371216618E-13,1.,-3.59785008859052E-28));
#2156=DIRECTION('ref_axis',(1.,-1.63738371216618E-13,-2.15114044764524E-15));
#2157=DIRECTION('',(1.,-1.63738371216618E-13,-2.15114044764524E-15));
#2158=DIRECTION('center_axis',(-1.,1.22729260854386E-14,1.85037170770859E-15));
#2159=DIRECTION('ref_axis',(1.22729260854386E-14,1.,3.2582344544227E-28));
#2160=DIRECTION('',(-1.22729260854386E-14,-1.,-3.2582344544227E-28));
#2161=DIRECTION('',(-1.85037170770859E-15,0.,-1.));
#2162=DIRECTION('',(-1.85037170770859E-15,0.,-1.));
#2163=DIRECTION('center_axis',(1.64971952355091E-13,1.,-3.0525943320331E-28));
#2164=DIRECTION('ref_axis',(1.,-1.64971952355091E-13,-2.15114044764524E-15));
#2165=DIRECTION('',(-1.,1.64971952355091E-13,2.15114044764524E-15));
#2166=DIRECTION('center_axis',(-1.,1.6479446921864E-13,1.85037170770859E-15));
#2167=DIRECTION('ref_axis',(1.6479446921864E-13,1.,-2.27181512882758E-30));
#2168=DIRECTION('',(-1.6479446921864E-13,-1.,2.27181512882758E-30));
#2169=DIRECTION('',(-1.85037170770859E-15,0.,-1.));
#2170=DIRECTION('center_axis',(-1.85037170770859E-15,0.,-1.));
#2171=DIRECTION('ref_axis',(-1.,1.65218668582785E-13,1.85037170770859E-15));
#2172=DIRECTION('center_axis',(2.15114044764524E-15,-3.52224233155617E-28,
1.));
#2173=DIRECTION('ref_axis',(-1.,1.65218668582785E-13,2.15114044764524E-15));
#2174=DIRECTION('',(-1.85037170770859E-15,0.,-1.));
#2175=DIRECTION('center_axis',(-1.60090096977882E-13,-1.,2.96226186132198E-28));
#2176=DIRECTION('ref_axis',(-1.,1.60090096977882E-13,2.15114044764524E-15));
#2177=DIRECTION('',(1.,-1.60090096977882E-13,-2.15114044764524E-15));
#2178=DIRECTION('',(-1.85037170770859E-15,0.,-1.));
#2179=DIRECTION('center_axis',(-1.85037170770859E-15,0.,-1.));
#2180=DIRECTION('ref_axis',(-1.63738371216618E-13,-1.,3.02976849565518E-28));
#2181=DIRECTION('center_axis',(2.15114044764524E-15,-3.52224233155617E-28,
1.));
#2182=DIRECTION('ref_axis',(-1.63738371216618E-13,-1.,1.70397893261898E-42));
#2183=DIRECTION('',(-1.85037170770859E-15,0.,-1.));
#2184=DIRECTION('center_axis',(-1.85037170770859E-15,0.,-1.));
#2185=DIRECTION('ref_axis',(2.4221296564196E-12,-1.,-4.48184018864076E-27));
#2186=DIRECTION('center_axis',(-2.15114044764524E-15,3.52224233155617E-28,
-1.));
#2187=DIRECTION('ref_axis',(2.4221296564196E-12,-1.,-5.56256530652089E-27));
#2188=DIRECTION('',(-1.85037170770859E-15,0.,-1.));
#2189=DIRECTION('center_axis',(-4.97292845443129E-12,-1.,9.20176611653867E-27));
#2190=DIRECTION('ref_axis',(-1.,4.97292845443129E-12,2.15114044764524E-15));
#2191=DIRECTION('',(1.,-4.97292845443129E-12,-2.15114044764524E-15));
#2192=DIRECTION('',(-1.85037170770859E-15,0.,-1.));
#2193=DIRECTION('center_axis',(-1.85037170770859E-15,0.,-1.));
#2194=DIRECTION('ref_axis',(-0.628539361048573,-0.777777777782736,1.16303145086552E-15));
#2195=DIRECTION('center_axis',(-2.15114044764524E-15,3.52226394181182E-28,
-1.));
#2196=DIRECTION('ref_axis',(-0.628539361048573,-0.777777777782736,1.35207644248841E-15));
#2197=DIRECTION('',(-1.85037170770859E-15,0.,-1.));
#2198=DIRECTION('center_axis',(-1.85037170770859E-15,0.,-1.));
#2199=DIRECTION('ref_axis',(-0.628539361048576,-0.777777777782734,1.16303145086552E-15));
#2200=DIRECTION('center_axis',(2.15114044764524E-15,-3.52226394181182E-28,
1.));
#2201=DIRECTION('ref_axis',(-0.628539361048576,-0.777777777782734,1.35207644248841E-15));
#2202=DIRECTION('',(-1.85037170770859E-15,0.,-1.));
#2203=DIRECTION('center_axis',(-1.64076745671113E-13,-1.,3.03602968082726E-28));
#2204=DIRECTION('ref_axis',(-1.,1.64076745671113E-13,2.15114044764524E-15));
#2205=DIRECTION('',(1.,-1.64076745671113E-13,-2.15114044764524E-15));
#2206=DIRECTION('',(-1.85037170770859E-15,0.,-1.));
#2207=DIRECTION('center_axis',(-1.85037170770859E-15,0.,-1.));
#2208=DIRECTION('ref_axis',(-1.63738371216618E-13,-1.,3.02976849565518E-28));
#2209=DIRECTION('center_axis',(2.15114044764524E-15,-3.52224233155617E-28,
1.));
#2210=DIRECTION('ref_axis',(-1.63738371216618E-13,-1.,1.70397893261898E-42));
#2211=DIRECTION('',(-1.85037170770859E-15,0.,-1.));
#2212=DIRECTION('center_axis',(-1.85037170770859E-15,0.,-1.));
#2213=DIRECTION('ref_axis',(-6.62523637458919E-12,-1.,1.22591499444217E-26));
#2214=DIRECTION('center_axis',(-2.15114044764524E-15,3.52224233155616E-28,
-1.));
#2215=DIRECTION('ref_axis',(-6.62523637458919E-12,-1.,1.38995897074337E-26));
#2216=DIRECTION('',(-1.85037170770859E-15,0.,-1.));
#2217=DIRECTION('center_axis',(4.64545171200037E-12,-1.,-8.59581241741193E-27));
#2218=DIRECTION('ref_axis',(-1.,-4.64545171200037E-12,2.15114044764524E-15));
#2219=DIRECTION('',(1.,4.64545171200037E-12,-2.15114044764524E-15));
#2220=DIRECTION('',(-1.85037170770859E-15,0.,-1.));
#2221=DIRECTION('center_axis',(-1.85037170770859E-15,0.,-1.));
#2222=DIRECTION('ref_axis',(-0.628539361056284,-0.777777777776505,1.16303145087978E-15));
#2223=DIRECTION('center_axis',(-2.15114044764524E-15,3.52226394181182E-28,
-1.));
#2224=DIRECTION('ref_axis',(-0.628539361056284,-0.777777777776505,1.35207644250499E-15));
#2225=DIRECTION('',(-1.85037170770859E-15,0.,-1.));
#2226=DIRECTION('center_axis',(-1.85037170770859E-15,0.,-1.));
#2227=DIRECTION('ref_axis',(-0.628539361056292,-0.777777777776498,1.1630314508798E-15));
#2228=DIRECTION('center_axis',(2.15114044764524E-15,-3.52226394181182E-28,
1.));
#2229=DIRECTION('ref_axis',(-0.628539361056292,-0.777777777776498,1.35207644250501E-15));
#2230=DIRECTION('',(-1.85037170770859E-15,0.,-1.));
#2231=DIRECTION('center_axis',(-1.61549406673377E-13,-1.,2.98926451505526E-28));
#2232=DIRECTION('ref_axis',(-1.,1.61549406673377E-13,2.15114044764524E-15));
#2233=DIRECTION('',(1.,-1.61549406673377E-13,-2.15114044764524E-15));
#2234=DIRECTION('',(-1.85037170770859E-15,0.,-1.));
#2235=DIRECTION('center_axis',(-1.85037170770859E-15,0.,-1.));
#2236=DIRECTION('ref_axis',(-1.65218668582785E-13,-1.,3.05715949930868E-28));
#2237=DIRECTION('center_axis',(2.15114044764524E-15,-3.52224233155617E-28,
1.));
#2238=DIRECTION('ref_axis',(-1.65218668582785E-13,-1.,3.18432753890599E-30));
#2239=DIRECTION('',(-1.85037170770859E-15,0.,-1.));
#2240=DIRECTION('center_axis',(1.,-1.63210322215608E-13,-1.85037170770859E-15));
#2241=DIRECTION('ref_axis',(-1.63210322215608E-13,-1.,-1.13590756441123E-30));
#2242=DIRECTION('',(1.63210322215608E-13,1.,1.13590756441123E-30));
#2243=DIRECTION('',(-1.85037170770859E-15,0.,-1.));
#2244=DIRECTION('center_axis',(-1.66854786724338E-13,-1.,3.08743376650467E-28));
#2245=DIRECTION('ref_axis',(-1.,1.66854786724338E-13,2.15114044764524E-15));
#2246=DIRECTION('',(-1.85037170770859E-15,0.,-1.));
#2247=DIRECTION('',(1.,-1.66854786724338E-13,-2.15114044764524E-15));
#2248=DIRECTION('center_axis',(1.,-1.6381194464436E-13,-1.85037170770859E-15));
#2249=DIRECTION('ref_axis',(-1.6381194464436E-13,-1.,1.58266776289193E-31));
#2250=DIRECTION('',(1.6381194464436E-13,1.,-1.58266776289193E-31));
#2251=DIRECTION('center_axis',(1.,-1.6368443053103E-13,-1.85037170770859E-15));
#2252=DIRECTION('ref_axis',(-1.6368443053103E-13,-1.,-1.16033990540406E-31));
#2253=DIRECTION('',(1.6368443053103E-13,1.,1.16033990540406E-31));
#2254=DIRECTION('',(-1.85037170770859E-15,0.,-1.));
#2255=DIRECTION('center_axis',(1.63738371216618E-13,1.,-3.02976849565518E-28));
#2256=DIRECTION('ref_axis',(1.,-1.63738371216618E-13,-2.15114044764524E-15));
#2257=DIRECTION('',(-1.,1.63738371216618E-13,2.15114044764524E-15));
#2258=DIRECTION('center_axis',(2.15114044764524E-15,-3.52224233155617E-28,
1.));
#2259=DIRECTION('ref_axis',(1.,0.,-2.15114044764524E-15));
#2260=CARTESIAN_POINT('',(0.,0.,0.));
#2261=CARTESIAN_POINT('Origin',(-17.6398721219445,128.20943725152,33.3136804222872));
#2262=CARTESIAN_POINT('',(-19.7398721219445,128.20943725152,33.3136804222872));
#2263=CARTESIAN_POINT('Origin',(-17.6398721219445,128.20943725152,33.3136804222872));
#2264=CARTESIAN_POINT('',(-19.7398721219471,112.432777031494,33.3136804222872));
#2265=CARTESIAN_POINT('',(-19.7398721219445,128.20943725152,33.3136804222872));
#2266=CARTESIAN_POINT('Origin',(-17.6398721219471,112.432777031494,33.3136804222872));
#2267=CARTESIAN_POINT('Origin',(17.6398721219918,128.209437251514,33.3136804222871));
#2268=CARTESIAN_POINT('',(15.5398721219918,128.209437251515,33.3136804222871));
#2269=CARTESIAN_POINT('Origin',(17.6398721219918,128.209437251514,33.3136804222871));
#2270=CARTESIAN_POINT('',(15.5398721219892,112.432777031489,33.3136804222871));
#2271=CARTESIAN_POINT('',(15.5398721219918,128.209437251515,33.3136804222871));
#2272=CARTESIAN_POINT('Origin',(17.6398721219892,112.432777031488,33.3136804222871));
#2273=CARTESIAN_POINT('Origin',(36.9000000000236,128.209437251511,25.6273608445743));
#2274=CARTESIAN_POINT('',(-36.8999999999807,101.582269587873,38.6000000000001));
#2275=CARTESIAN_POINT('',(-36.8999999999764,128.209437251523,25.6273608445744));
#2276=CARTESIAN_POINT('',(-36.8999999999775,121.552645335611,28.8705206334308));
#2277=CARTESIAN_POINT('',(36.9000000000236,128.209437251511,25.6273608445743));
#2278=CARTESIAN_POINT('',(36.9000000000236,128.209437251511,25.6273608445743));
#2279=CARTESIAN_POINT('',(36.9000000000193,101.582269587861,38.5999999999999));
#2280=CARTESIAN_POINT('',(36.9000000000236,128.209437251511,25.6273608445743));
#2281=CARTESIAN_POINT('',(18.4500000000195,101.582269587864,38.6));
#2282=CARTESIAN_POINT('Origin',(1.86961557346876E-11,95.6864145211395,38.6));
#2283=CARTESIAN_POINT('',(36.9000000000138,67.8494372515111,38.5999999999999));
#2284=CARTESIAN_POINT('',(36.9000000000138,67.8494372515112,38.5999999999999));
#2285=CARTESIAN_POINT('',(33.5000000000138,67.8494372515117,38.5999999999999));
#2286=CARTESIAN_POINT('',(33.5000000000138,67.8494372515117,38.5999999999999));
#2287=CARTESIAN_POINT('',(33.500000000013,63.1633917907558,38.5999999999999));
#2288=CARTESIAN_POINT('',(33.500000000013,63.1633917907558,38.5999999999999));
#2289=CARTESIAN_POINT('',(-33.4999999999999,63.1633917907597,38.6000000000001));
#2290=CARTESIAN_POINT('',(-33.4999999999999,63.1633917907597,38.6000000000001));
#2291=CARTESIAN_POINT('',(-33.4999999999862,67.8494372515227,38.6000000000001));
#2292=CARTESIAN_POINT('',(-33.4999999999862,67.8494372515227,38.6000000000001));
#2293=CARTESIAN_POINT('',(-36.8999999999862,67.8494372515233,38.6000000000001));
#2294=CARTESIAN_POINT('',(-36.8999999999862,67.8494372515233,38.6000000000001));
#2295=CARTESIAN_POINT('',(-36.8999999999764,128.209437251523,38.6000000000001));
#2296=CARTESIAN_POINT('Origin',(33.500000000013,63.1633917907596,40.9999999999999));
#2297=CARTESIAN_POINT('',(-33.4999999999999,63.1633917907597,41.0000000000001));
#2298=CARTESIAN_POINT('',(33.500000000013,63.1633917907558,40.9999999999999));
#2299=CARTESIAN_POINT('',(-33.4999999999999,63.1633917907597,41.0000000000001));
#2300=CARTESIAN_POINT('',(-33.4999999999999,63.1633917907597,41.0000000000001));
#2301=CARTESIAN_POINT('',(33.500000000013,63.1633917907558,40.9999999999999));
#2302=CARTESIAN_POINT('Origin',(33.5000000000138,67.8494372515117,40.9999999999999));
#2303=CARTESIAN_POINT('',(33.5000000000138,67.8494372515117,40.9999999999999));
#2304=CARTESIAN_POINT('',(33.500000000013,63.1633917907558,40.9999999999999));
#2305=CARTESIAN_POINT('',(33.5000000000138,67.8494372515117,40.9999999999999));
#2306=CARTESIAN_POINT('Origin',(36.9000000000138,67.8494372515111,40.9999999999999));
#2307=CARTESIAN_POINT('',(36.9000000000138,67.8494372515111,40.9999999999999));
#2308=CARTESIAN_POINT('',(33.5000000000138,67.8494372515117,40.9999999999999));
#2309=CARTESIAN_POINT('',(36.9000000000138,67.8494372515111,40.9999999999999));
#2310=CARTESIAN_POINT('Origin',(36.9000000000236,128.209437251511,40.9999999999999));
#2311=CARTESIAN_POINT('',(36.9000000000236,128.209437251511,40.9999999999999));
#2312=CARTESIAN_POINT('',(36.9000000000138,67.8494372515112,40.9999999999999));
#2313=CARTESIAN_POINT('',(36.9000000000236,128.209437251511,40.9999999999999));
#2314=CARTESIAN_POINT('Origin',(-36.8999999999764,128.209437251523,41.0000000000001));
#2315=CARTESIAN_POINT('',(-36.8999999999764,128.209437251523,41.0000000000001));
#2316=CARTESIAN_POINT('',(36.9000000000236,128.209437251511,40.9999999999999));
#2317=CARTESIAN_POINT('',(-36.8999999999764,128.209437251523,41.0000000000001));
#2318=CARTESIAN_POINT('Origin',(-36.8999999999862,67.8494372515233,41.0000000000001));
#2319=CARTESIAN_POINT('',(-36.8999999999862,67.8494372515233,41.0000000000001));
#2320=CARTESIAN_POINT('',(-36.8999999999764,128.209437251523,41.0000000000001));
#2321=CARTESIAN_POINT('',(-36.8999999999862,67.8494372515233,41.0000000000001));
#2322=CARTESIAN_POINT('Origin',(-33.4999999999862,67.8494372515227,41.0000000000001));
#2323=CARTESIAN_POINT('',(-33.4999999999862,67.8494372515227,41.0000000000001));
#2324=CARTESIAN_POINT('',(-36.8999999999862,67.8494372515233,41.0000000000001));
#2325=CARTESIAN_POINT('',(-33.4999999999862,67.8494372515227,41.0000000000001));
#2326=CARTESIAN_POINT('Origin',(-33.4999999999999,63.1633917907597,41.0000000000001));
#2327=CARTESIAN_POINT('',(-33.4999999999862,67.8494372515227,41.0000000000001));
#2328=CARTESIAN_POINT('Origin',(1.87005966267861E-11,95.6864145211395,41.));
#2329=CARTESIAN_POINT('Origin',(-21.1000000000137,-84.1505627484794,36.6000000000001));
#2330=CARTESIAN_POINT('',(-42.2000000000115,-86.1505627484759,38.6000000000001));
#2331=CARTESIAN_POINT('',(-42.2000000000108,-82.1505627484759,34.6000000000001));
#2332=CARTESIAN_POINT('',(-42.2000000000119,-88.9555627484759,41.4050000000001));
#2333=CARTESIAN_POINT('',(-35.5000000000084,-82.150562748477,34.6000000000001));
#2334=CARTESIAN_POINT('',(-21.1000000000134,-82.1505627484794,34.6000000000001));
#2335=CARTESIAN_POINT('',(-35.5000000000091,-86.150562748477,38.6000000000001));
#2336=CARTESIAN_POINT('',(-35.5000000000084,-82.150562748477,34.6000000000001));
#2337=CARTESIAN_POINT('',(-21.100000000014,-86.1505627484794,38.6000000000001));
#2338=CARTESIAN_POINT('Origin',(-35.5000000000081,-80.150562748477,36.6000000000001));
#2339=CARTESIAN_POINT('',(-33.5000000000081,-80.1505627484773,34.6000000000001));
#2340=CARTESIAN_POINT('Origin',(-35.5000000000081,-80.150562748477,34.6000000000001));
#2341=CARTESIAN_POINT('',(-29.5000000000081,-80.150562748478,38.6000000000001));
#2342=CARTESIAN_POINT('',(-33.5000000000081,-80.1505627484773,34.6000000000001));
#2343=CARTESIAN_POINT('Origin',(-35.5000000000081,-80.150562748477,38.6000000000001));
#2344=CARTESIAN_POINT('Origin',(-31.500000000001,-36.3432692065576,36.6000000000001));
#2345=CARTESIAN_POINT('',(-33.4999999999993,-25.8355286681141,34.6000000000001));
#2346=CARTESIAN_POINT('',(-32.1970372709252,-29.5824312537708,35.9029627290748));
#2347=CARTESIAN_POINT('Origin',(-32.1970372709249,-27.4824312537708,35.9029627290748));
#2348=CARTESIAN_POINT('',(-33.4999999999987,-21.7905627484772,34.6000000000001));
#2349=CARTESIAN_POINT('',(-33.500000000001,-36.3432692065572,34.6000000000001));
#2350=CARTESIAN_POINT('',(-29.4999999999987,-21.790562748478,38.6000000000001));
#2351=CARTESIAN_POINT('',(-34.4999999999992,-21.7905627484772,33.5999999999995));
#2352=CARTESIAN_POINT('',(-29.500000000001,-36.3432692065579,38.6000000000001));
#2353=CARTESIAN_POINT('',(-33.5000000000015,-39.5767660934054,34.6000000000001));
#2354=CARTESIAN_POINT('',(-33.500000000001,-36.3432692065572,34.6000000000001));
#2355=CARTESIAN_POINT('',(-32.1970372709269,-40.0298635077491,35.9029627290748));
#2356=CARTESIAN_POINT('Origin',(-32.1970372709266,-37.9298635077491,35.9029627290748));
#2357=CARTESIAN_POINT('',(-33.500000000001,-36.2829609220923,34.6000000000001));
#2358=CARTESIAN_POINT('Origin',(-32.1970372709266,-37.9298635077491,35.9029627290748));
#2359=CARTESIAN_POINT('',(-33.4999999999998,-29.1293338394271,34.6000000000001));
#2360=CARTESIAN_POINT('',(-33.500000000001,-36.3432692065572,34.6000000000001));
#2361=CARTESIAN_POINT('Origin',(-32.1970372709249,-27.4824312537708,35.9029627290748));
#2362=CARTESIAN_POINT('Origin',(-35.5000000000081,-80.150562748477,38.0256624519384));
#2363=CARTESIAN_POINT('',(-35.5000000000084,-82.150562748477,31.5026498077532));
#2364=CARTESIAN_POINT('',(-35.5000000000084,-82.150562748477,38.0256624519384));
#2365=CARTESIAN_POINT('',(-33.5000000000081,-80.1505627484773,33.5026498077532));
#2366=CARTESIAN_POINT('Origin',(-35.5000000000081,-80.150562748477,33.5026498077532));
#2367=CARTESIAN_POINT('',(-33.5000000000081,-80.1505627484773,38.0256624519384));
#2368=CARTESIAN_POINT('Origin',(-42.2000000000108,-82.1505627484759,41.0000000000001));
#2369=CARTESIAN_POINT('',(-42.2000000000108,-82.1505627484759,41.0000000000001));
#2370=CARTESIAN_POINT('',(-42.2000000000108,-82.1505627484759,41.0000000000001));
#2371=CARTESIAN_POINT('',(-47.9000000000108,-82.150562748475,41.0000000000001));
#2372=CARTESIAN_POINT('',(-47.9000000000108,-82.150562748475,41.0000000000001));
#2373=CARTESIAN_POINT('',(-47.9000000000095,-82.150562748475,31.5026498077533));
#2374=CARTESIAN_POINT('',(-47.9000000000108,-82.150562748475,41.0000000000001));
#2375=CARTESIAN_POINT('',(-45.4000000000108,-82.1505627484754,31.5026498077533));
#2376=CARTESIAN_POINT('Origin',(31.9999999999967,-36.3432692065679,37.0999999999999));
#2377=CARTESIAN_POINT('',(33.4999999999896,-79.7002085848341,35.5999999999999));
#2378=CARTESIAN_POINT('',(30.4999999999895,-79.9966615636345,38.5999999999999));
#2379=CARTESIAN_POINT('Origin',(32.0874345944683,-80.7332424541359,37.012565405521));
#2380=CARTESIAN_POINT('',(30.4999999999973,-32.4697268239424,38.5999999999999));
#2381=CARTESIAN_POINT('',(30.4999999999967,-36.3432692065677,38.5999999999999));
#2382=CARTESIAN_POINT('',(33.4999999999973,-32.7661798035739,35.5999999999999));
#2383=CARTESIAN_POINT('Origin',(32.087434594712,-31.7331459339493,37.0125654052853));
#2384=CARTESIAN_POINT('',(33.4999999999968,-35.8518323278226,35.5999999999999));
#2385=CARTESIAN_POINT('',(33.4999999999967,-36.3432692065682,35.5999999999999));
#2386=CARTESIAN_POINT('',(33.1970372709214,-40.0298635077598,35.9029627290746));
#2387=CARTESIAN_POINT('Origin',(33.1970372709217,-37.9298635077598,35.9029627290746));
#2388=CARTESIAN_POINT('',(33.4999999999961,-40.0078946876972,35.5999999999999));
#2389=CARTESIAN_POINT('Origin',(33.1970372709217,-37.9298635077598,35.9029627290746));
#2390=CARTESIAN_POINT('',(33.4999999999967,-36.3432692065682,35.5999999999999));
#2391=CARTESIAN_POINT('Origin',(23.9499999999863,-83.6505627484867,37.1));
#2392=CARTESIAN_POINT('',(42.1999999999892,-82.1505627484897,35.5999999999999));
#2393=CARTESIAN_POINT('',(42.1999999999887,-85.1505627484897,38.5999999999999));
#2394=CARTESIAN_POINT('',(42.1999999999888,-84.2505627484897,37.6999999999999));
#2395=CARTESIAN_POINT('',(35.4999999999887,-85.1505627484886,38.5999999999999));
#2396=CARTESIAN_POINT('',(23.949999999986,-85.1505627484867,38.6));
#2397=CARTESIAN_POINT('',(35.4999999999892,-82.1505627484886,35.5999999999999));
#2398=CARTESIAN_POINT('',(35.4999999999887,-85.1505627484886,38.5999999999999));
#2399=CARTESIAN_POINT('',(23.9499999999865,-82.1505627484867,35.6));
#2400=CARTESIAN_POINT('Origin',(35.4999999999895,-80.1505627484886,37.0999999999999));
#2401=CARTESIAN_POINT('',(33.7812250877966,-81.1732126402973,35.6));
#2402=CARTESIAN_POINT('',(30.8385522026954,-81.9591269395258,38.6));
#2403=CARTESIAN_POINT('Ctrl Pts',(33.7812250877966,-81.1732126402973,35.6));
#2404=CARTESIAN_POINT('Ctrl Pts',(33.7775019461322,-81.1875459341313,35.6105285919379));
#2405=CARTESIAN_POINT('Ctrl Pts',(33.7736571350611,-81.2015994235141,35.6210998734334));
#2406=CARTESIAN_POINT('Ctrl Pts',(33.6710916207532,-81.5594921932653,35.896021342284));
#2407=CARTESIAN_POINT('Ctrl Pts',(33.4544365297618,-81.870267915297,36.2723988795607));
#2408=CARTESIAN_POINT('Ctrl Pts',(33.2135703913855,-82.0727640728124,36.5870752060055));
#2409=CARTESIAN_POINT('Ctrl Pts',(33.0012950700934,-82.2512239310007,36.8643994440632));
#2410=CARTESIAN_POINT('Ctrl Pts',(32.727986296479,-82.3906646371295,37.1615086544871));
#2411=CARTESIAN_POINT('Ctrl Pts',(32.1236486703965,-82.5097667008169,37.7167728458918));
#2412=CARTESIAN_POINT('Ctrl Pts',(31.793358530897,-82.4892962731834,37.9757595286809));
#2413=CARTESIAN_POINT('Ctrl Pts',(31.3528261443545,-82.3278371535376,38.2827561262928));
#2414=CARTESIAN_POINT('Ctrl Pts',(31.2106291974726,-82.2564481605559,38.3763734153326));
#2415=CARTESIAN_POINT('Ctrl Pts',(30.9930101207158,-82.1027361622839,38.5107946738595));
#2416=CARTESIAN_POINT('Ctrl Pts',(30.911923329309,-82.0338745272343,38.5586340267916));
#2417=CARTESIAN_POINT('Ctrl Pts',(30.8385522026954,-81.9591269395258,38.5999999999999));
#2418=CARTESIAN_POINT('Origin',(35.4999999999895,-80.1505627484886,35.6));
#2419=CARTESIAN_POINT('Origin',(35.4999999999895,-80.1505627484886,38.5999999999999));
#2420=CARTESIAN_POINT('Origin',(-5.86197757002083E-12,-20.7159756646426,
38.6));
#2421=CARTESIAN_POINT('',(-33.5000000000009,-21.7905627484773,38.6000000000001));
#2422=CARTESIAN_POINT('',(-23.9500000000035,-21.7905627484789,38.6000000000001));
#2423=CARTESIAN_POINT('',(-33.4999999999999,60.5386114192006,38.6000000000001));
#2424=CARTESIAN_POINT('',(-33.4999999999999,60.5386114192006,38.6000000000001));
#2425=CARTESIAN_POINT('',(33.5000000000126,60.5386114191965,38.5999999999999));
#2426=CARTESIAN_POINT('',(33.5000000000126,60.5386114191965,38.5999999999999));
#2427=CARTESIAN_POINT('',(33.4999999999991,-21.7905627484883,38.5999999999999));
#2428=CARTESIAN_POINT('',(33.4999999999991,-21.7905627484883,38.5999999999999));
#2429=CARTESIAN_POINT('',(33.4999999999976,-30.7001120643253,38.6));
#2430=CARTESIAN_POINT('',(33.4999999999967,-36.3432692065682,38.5999999999999));
#2431=CARTESIAN_POINT('',(30.337434594712,-31.7331459339491,38.6));
#2432=CARTESIAN_POINT('Origin',(32.087434594712,-31.7331459339493,38.5999999999999));
#2433=CARTESIAN_POINT('Origin',(32.087434594712,-31.7331459339493,38.5999999999999));
#2434=CARTESIAN_POINT('',(30.3374345944683,-80.7332424541356,38.6));
#2435=CARTESIAN_POINT('Origin',(32.0874345944683,-80.7332424541359,38.5999999999999));
#2436=CARTESIAN_POINT('Origin',(32.0874345944683,-80.7332424541359,38.5999999999999));
#2437=CARTESIAN_POINT('',(42.1999999999865,-98.9705627484898,38.5999999999999));
#2438=CARTESIAN_POINT('',(42.1999999999865,-98.9705627484898,38.5999999999999));
#2439=CARTESIAN_POINT('',(39.199999999986,-101.970562748489,38.5999999999999));
#2440=CARTESIAN_POINT('Origin',(39.1999999999864,-98.9705627484893,38.5999999999999));
#2441=CARTESIAN_POINT('',(36.1568542494905,-101.970562748489,38.5999999999999));
#2442=CARTESIAN_POINT('',(36.1568542494905,-101.970562748489,38.5999999999999));
#2443=CARTESIAN_POINT('',(34.8997755273782,-101.526118304042,38.5999999999999));
#2444=CARTESIAN_POINT('Origin',(36.1568542494908,-99.9705627484888,38.5999999999999));
#2445=CARTESIAN_POINT('',(30.4999999999877,-99.9705627484744,38.5999999999999));
#2446=CARTESIAN_POINT('Origin',(30.4999999999757,-106.970562748488,38.5999999999999));
#2447=CARTESIAN_POINT('',(15.5000000000315,-99.970562748544,38.6));
#2448=CARTESIAN_POINT('',(15.5000000000315,-99.970562748544,38.6));
#2449=CARTESIAN_POINT('',(11.1002244726838,-101.52611830405,38.6));
#2450=CARTESIAN_POINT('Origin',(15.4999999999851,-106.970562748485,38.6));
#2451=CARTESIAN_POINT('',(9.84314575058681,-101.970562748485,38.6));
#2452=CARTESIAN_POINT('Origin',(9.84314575058713,-99.9705627484845,38.6));
#2453=CARTESIAN_POINT('',(-9.84314575062435,-101.970562748481,38.6));
#2454=CARTESIAN_POINT('',(-9.84314575062434,-101.970562748481,38.6));
#2455=CARTESIAN_POINT('',(-11.1002244727212,-101.526118304047,38.6));
#2456=CARTESIAN_POINT('Origin',(-9.84314575062401,-99.9705627484813,38.6));
#2457=CARTESIAN_POINT('',(-15.500000000059,-99.970562748539,38.6));
#2458=CARTESIAN_POINT('Origin',(-15.5000000000243,-106.97056274848,38.6));
#2459=CARTESIAN_POINT('',(-30.5000000000224,-99.9705627484643,38.6000000000001));
#2460=CARTESIAN_POINT('',(-30.5000000000224,-99.9705627484644,38.6000000000001));
#2461=CARTESIAN_POINT('',(-34.8997755274061,-101.52611830403,38.6000000000001));
#2462=CARTESIAN_POINT('Origin',(-30.5000000000054,-106.970562748478,38.6000000000001));
#2463=CARTESIAN_POINT('',(-36.1568542495186,-101.970562748477,38.6000000000001));
#2464=CARTESIAN_POINT('Origin',(-36.1568542495182,-99.970562748477,38.6000000000001));
#2465=CARTESIAN_POINT('',(-39.200000000014,-101.970562748476,38.6000000000001));
#2466=CARTESIAN_POINT('',(-39.200000000014,-101.970562748476,38.6000000000001));
#2467=CARTESIAN_POINT('',(-42.2000000000136,-98.970562748476,38.6000000000001));
#2468=CARTESIAN_POINT('Origin',(-39.2000000000136,-98.9705627484765,38.6000000000001));
#2469=CARTESIAN_POINT('',(-42.2000000000108,-82.1505627484759,38.6000000000001));
#2470=CARTESIAN_POINT('',(-27.6626822455151,-31.7331459336606,38.6000000000001));
#2471=CARTESIAN_POINT('Origin',(-25.9126822455151,-31.7331459336609,38.6000000000001));
#2472=CARTESIAN_POINT('',(-27.6626822457588,-80.7332424538472,38.6000000000001));
#2473=CARTESIAN_POINT('Origin',(-25.9126822457588,-80.7332424538475,38.6000000000001));
#2474=CARTESIAN_POINT('',(-13.8725000000058,-75.7159756646443,38.6));
#2475=CARTESIAN_POINT('Origin',(-11.8725000000058,-75.7159756646447,38.6));
#2476=CARTESIAN_POINT('',(-15.0000000000124,-95.7113885808062,38.6));
#2477=CARTESIAN_POINT('',(14.9999999999876,-95.711388580816,38.6));
#2478=CARTESIAN_POINT('',(7.49999999997861,-95.7113885808135,38.6));
#2479=CARTESIAN_POINT('',(14.9999999999917,-83.211388580816,38.6));
#2480=CARTESIAN_POINT('',(15.000000000002,-51.9636821227318,38.6));
#2481=CARTESIAN_POINT('',(-15.0000000000083,-83.2113885808062,38.6));
#2482=CARTESIAN_POINT('',(-7.50000000001731,-83.2113885808086,38.6));
#2483=CARTESIAN_POINT('',(-15.0000000000001,-58.2136821227219,38.6));
#2484=CARTESIAN_POINT('',(9.87249999999418,-75.7159756646443,38.6));
#2485=CARTESIAN_POINT('Origin',(11.8724999999942,-75.7159756646447,38.6));
#2486=CARTESIAN_POINT('',(-15.0000000000058,-55.7205627484744,38.6));
#2487=CARTESIAN_POINT('',(-15.0000000000058,-68.2205627484744,38.6));
#2488=CARTESIAN_POINT('',(-15.0000000000058,-44.4682692065585,38.6));
#2489=CARTESIAN_POINT('',(14.9999999999942,-68.2205627484743,38.6));
#2490=CARTESIAN_POINT('',(7.49999999999417,-68.2205627484743,38.6));
#2491=CARTESIAN_POINT('',(14.9999999999942,-55.7205627484744,38.6));
#2492=CARTESIAN_POINT('',(14.9999999999942,-38.2182692065585,38.6));
#2493=CARTESIAN_POINT('',(-7.50000000000584,-55.7205627484744,38.6));
#2494=CARTESIAN_POINT('',(-1.9999987299865,29.6512479444761,38.6));
#2495=CARTESIAN_POINT('',(-1.99999872998702,26.4512479444743,38.6));
#2496=CARTESIAN_POINT('',(-1.99999872999089,2.86763613991599,38.6));
#2497=CARTESIAN_POINT('',(2.00000127001298,26.4512479444736,38.6));
#2498=CARTESIAN_POINT('',(1.00000063500742,26.4512479444738,38.6));
#2499=CARTESIAN_POINT('',(2.0000012700135,29.6512479444755,38.6));
#2500=CARTESIAN_POINT('',(2.00000127000938,4.46763613991628,38.6));
#2501=CARTESIAN_POINT('',(-0.999999364992057,29.651247944476,38.6));
#2502=CARTESIAN_POINT('Origin',(35.4999999999895,-80.1505627484886,38.0256624519382));
#2503=CARTESIAN_POINT('',(33.7812250877966,-81.1732126402973,38.5999999999999));
#2504=CARTESIAN_POINT('',(33.7812250877966,-81.1732126402973,40.9999999999999));
#2505=CARTESIAN_POINT('',(33.4999999999895,-80.1505627484883,38.6));
#2506=CARTESIAN_POINT('Origin',(35.4999999999895,-80.1505627484886,38.6));
#2507=CARTESIAN_POINT('',(33.4999999999895,-80.1505627484883,33.5026498077531));
#2508=CARTESIAN_POINT('',(33.4999999999895,-80.1505627484883,38.0256624519382));
#2509=CARTESIAN_POINT('',(35.4999999999892,-82.1505627484886,31.5026498077531));
#2510=CARTESIAN_POINT('Origin',(35.4999999999895,-80.1505627484886,33.5026498077531));
#2511=CARTESIAN_POINT('',(35.4999999999892,-82.1505627484886,38.0256624519382));
#2512=CARTESIAN_POINT('Origin',(35.4999999999917,-67.0605627484886,33.5026498077531));
#2513=CARTESIAN_POINT('',(33.499999999999,-21.7905627484882,33.5026498077531));
#2514=CARTESIAN_POINT('',(33.4999999999916,-67.0605627484883,33.5026498077531));
#2515=CARTESIAN_POINT('',(35.499999999999,-21.7905627484885,31.5026498077531));
#2516=CARTESIAN_POINT('Origin',(35.499999999999,-21.7905627484886,33.5026498077531));
#2517=CARTESIAN_POINT('',(35.4999999999916,-67.0605627484886,31.5026498077531));
#2518=CARTESIAN_POINT('Origin',(33.4999999999941,-51.9705627484883,35.0513249038765));
#2519=CARTESIAN_POINT('Origin',(33.4999999999964,-37.9298635077599,35.9029627290746));
#2520=CARTESIAN_POINT('',(33.4999999999973,-32.7661798035739,38.6));
#2521=CARTESIAN_POINT('',(33.4999999999973,-32.7661798035739,40.9999999999999));
#2522=CARTESIAN_POINT('',(33.4999999999892,-82.1505627484883,38.6));
#2523=CARTESIAN_POINT('',(33.4999999999991,-21.7905627484883,38.6));
#2524=CARTESIAN_POINT('',(33.4999999999896,-79.7002085848341,38.6));
#2525=CARTESIAN_POINT('',(33.4999999999892,-82.1505627484883,38.6));
#2526=CARTESIAN_POINT('',(33.4999999999896,-79.7002085848341,40.9999999999999));
#2527=CARTESIAN_POINT('',(33.4999999999978,-29.5824312537816,35.9029627290746));
#2528=CARTESIAN_POINT('Origin',(33.4999999999981,-27.4824312537816,35.9029627290746));
#2529=CARTESIAN_POINT('Origin',(45.3999999999892,-82.1505627484903,38.5999999999999));
#2530=CARTESIAN_POINT('Origin',(32.0874345944683,-80.7332424541359,38.5999999999999));
#2531=CARTESIAN_POINT('Origin',(45.3999999999892,-82.1505627484903,38.5999999999999));
#2532=CARTESIAN_POINT('Origin',(32.087434594712,-31.7331459339493,38.5999999999999));
#2533=CARTESIAN_POINT('Origin',(45.3999999999892,-82.1505627484902,31.5026498077531));
#2534=CARTESIAN_POINT('',(47.8999999999991,-21.7905627484905,31.5026498077531));
#2535=CARTESIAN_POINT('',(47.8999999999991,-21.7905627484905,31.5026498077531));
#2536=CARTESIAN_POINT('',(47.8999999999976,-82.1505627484906,31.5026498077531));
#2537=CARTESIAN_POINT('',(47.9000000000001,-67.0605627484906,31.5026498077531));
#2538=CARTESIAN_POINT('',(45.3999999999892,-82.1505627484902,31.5026498077531));
#2539=CARTESIAN_POINT('Origin',(33.4999999999991,-21.7905627484883,40.9999999999999));
#2540=CARTESIAN_POINT('',(33.4999999999991,-21.7905627484883,40.9999999999999));
#2541=CARTESIAN_POINT('',(33.4999999999991,-21.7905627484883,40.9999999999999));
#2542=CARTESIAN_POINT('',(47.8999999999991,-21.7905627484907,40.9999999999999));
#2543=CARTESIAN_POINT('',(47.8999999999991,-21.7905627484907,40.9999999999999));
#2544=CARTESIAN_POINT('',(47.8999999999991,-21.7905627484907,40.9999999999999));
#2545=CARTESIAN_POINT('Origin',(-35.5000000000011,-36.8805627484769,33.5026498077532));
#2546=CARTESIAN_POINT('',(-35.4999999999987,-21.7905627484769,31.5026498077532));
#2547=CARTESIAN_POINT('',(-35.5000000000011,-36.8805627484769,31.5026498077532));
#2548=CARTESIAN_POINT('',(-33.4999999999987,-21.7905627484772,33.5026498077532));
#2549=CARTESIAN_POINT('Origin',(-35.4999999999987,-21.790562748477,33.5026498077532));
#2550=CARTESIAN_POINT('',(-33.5000000000011,-36.8805627484772,33.5026498077532));
#2551=CARTESIAN_POINT('Origin',(-45.4000000000009,-21.7905627484753,31.5026498077533));
#2552=CARTESIAN_POINT('',(-47.9000000000009,-21.7905627484748,31.5026498077533));
#2553=CARTESIAN_POINT('',(-47.9000000000022,-36.8805627484749,31.5026498077533));
#2554=CARTESIAN_POINT('',(-47.9000000000009,-21.7905627484748,31.5026498077533));
#2555=CARTESIAN_POINT('Origin',(-33.5000000000036,-51.9705627484773,35.0513249038767));
#2556=CARTESIAN_POINT('Origin',(-33.4999999999996,-27.4824312537706,35.9029627290748));
#2557=CARTESIAN_POINT('Origin',(-33.5000000000013,-37.9298635077489,35.9029627290748));
#2558=CARTESIAN_POINT('',(-33.4999999999987,-21.7905627484772,33.2769873558152));
#2559=CARTESIAN_POINT('Origin',(-47.9000000000108,-82.150562748475,41.0000000000001));
#2560=CARTESIAN_POINT('',(-47.9000000000009,-21.790562748475,41.0000000000001));
#2561=CARTESIAN_POINT('',(-47.9000000000009,-21.790562748475,41.0000000000001));
#2562=CARTESIAN_POINT('',(-47.9000000000009,-21.790562748475,41.0000000000001));
#2563=CARTESIAN_POINT('',(-47.9000000000039,-40.0298635077465,35.9029627290748));
#2564=CARTESIAN_POINT('Origin',(-47.9000000000036,-37.9298635077465,35.9029627290748));
#2565=CARTESIAN_POINT('',(-47.9000000000022,-29.5824312537682,35.9029627290748));
#2566=CARTESIAN_POINT('Origin',(-47.9000000000019,-27.4824312537682,35.9029627290748));
#2567=CARTESIAN_POINT('Origin',(-25.9126822455151,-31.7331459336609,41.0000000000001));
#2568=CARTESIAN_POINT('',(-27.6626822455151,-31.7331459336606,41.));
#2569=CARTESIAN_POINT('Origin',(-25.9126822455151,-31.7331459336609,41.));
#2570=CARTESIAN_POINT('',(-27.6626822455151,-31.7331459336606,41.0000000000001));
#2571=CARTESIAN_POINT('Origin',(-25.9126822457588,-80.7332424538475,41.0000000000001));
#2572=CARTESIAN_POINT('',(-27.6626822457588,-80.7332424538472,41.));
#2573=CARTESIAN_POINT('Origin',(-25.9126822457588,-80.7332424538475,41.));
#2574=CARTESIAN_POINT('',(-27.6626822457588,-80.7332424538472,41.0000000000001));
#2575=CARTESIAN_POINT('Origin',(32.087434594712,-31.7331459339493,40.9999999999999));
#2576=CARTESIAN_POINT('',(30.337434594712,-31.7331459339491,40.9999999999999));
#2577=CARTESIAN_POINT('Origin',(32.087434594712,-31.7331459339493,40.9999999999999));
#2578=CARTESIAN_POINT('',(30.337434594712,-31.7331459339491,40.9999999999999));
#2579=CARTESIAN_POINT('Origin',(32.0874345944684,-80.7332424541359,40.9999999999999));
#2580=CARTESIAN_POINT('',(30.3374345944684,-80.7332424541356,40.9999999999999));
#2581=CARTESIAN_POINT('Origin',(32.0874345944684,-80.7332424541359,40.9999999999999));
#2582=CARTESIAN_POINT('',(30.3374345944684,-80.7332424541356,40.9999999999999));
#2583=CARTESIAN_POINT('Origin',(-11.8725000000058,-75.7159756646447,41.));
#2584=CARTESIAN_POINT('',(-13.8725000000058,-75.7159756646443,41.));
#2585=CARTESIAN_POINT('Origin',(-11.8725000000058,-75.7159756646447,41.));
#2586=CARTESIAN_POINT('',(-13.8725000000058,-75.7159756646443,41.));
#2587=CARTESIAN_POINT('Origin',(-15.0000000000083,-83.2113885808062,41.));
#2588=CARTESIAN_POINT('',(14.9999999999917,-83.211388580816,41.));
#2589=CARTESIAN_POINT('',(14.9999999999917,-83.211388580816,41.));
#2590=CARTESIAN_POINT('',(-15.0000000000083,-83.2113885808062,41.));
#2591=CARTESIAN_POINT('',(-7.50000000001731,-83.2113885808086,41.));
#2592=CARTESIAN_POINT('',(-15.0000000000083,-83.2113885808062,41.));
#2593=CARTESIAN_POINT('Origin',(-15.0000000000124,-95.7113885808062,41.));
#2594=CARTESIAN_POINT('',(-15.0000000000124,-95.7113885808062,41.));
#2595=CARTESIAN_POINT('',(-15.0000000000001,-58.2136821227219,41.));
#2596=CARTESIAN_POINT('',(-15.0000000000124,-95.7113885808062,41.));
#2597=CARTESIAN_POINT('Origin',(14.9999999999876,-95.711388580816,41.));
#2598=CARTESIAN_POINT('',(14.9999999999876,-95.711388580816,41.));
#2599=CARTESIAN_POINT('',(7.49999999997861,-95.7113885808135,41.));
#2600=CARTESIAN_POINT('',(14.9999999999876,-95.711388580816,41.));
#2601=CARTESIAN_POINT('Origin',(14.9999999999917,-83.211388580816,41.));
#2602=CARTESIAN_POINT('',(15.000000000002,-51.9636821227318,41.));
#2603=CARTESIAN_POINT('Origin',(11.8724999999942,-75.7159756646447,41.));
#2604=CARTESIAN_POINT('',(9.87249999999418,-75.7159756646443,41.));
#2605=CARTESIAN_POINT('Origin',(11.8724999999942,-75.7159756646447,41.));
#2606=CARTESIAN_POINT('',(9.87249999999418,-75.7159756646443,41.));
#2607=CARTESIAN_POINT('Origin',(14.9999999999942,-55.7205627484744,41.));
#2608=CARTESIAN_POINT('',(14.9999999999942,-68.2205627484743,41.));
#2609=CARTESIAN_POINT('',(14.9999999999942,-68.2205627484743,41.));
#2610=CARTESIAN_POINT('',(14.9999999999942,-55.7205627484744,41.));
#2611=CARTESIAN_POINT('',(14.9999999999942,-38.2182692065585,41.));
#2612=CARTESIAN_POINT('',(14.9999999999942,-55.7205627484744,41.));
#2613=CARTESIAN_POINT('Origin',(-15.0000000000058,-55.7205627484744,41.));
#2614=CARTESIAN_POINT('',(-15.0000000000058,-55.7205627484744,41.));
#2615=CARTESIAN_POINT('',(-7.50000000000583,-55.7205627484744,41.));
#2616=CARTESIAN_POINT('',(-15.0000000000058,-55.7205627484744,41.));
#2617=CARTESIAN_POINT('Origin',(-15.0000000000058,-68.2205627484744,41.));
#2618=CARTESIAN_POINT('',(-15.0000000000058,-68.2205627484744,41.));
#2619=CARTESIAN_POINT('',(-15.0000000000058,-44.4682692065585,41.));
#2620=CARTESIAN_POINT('',(-15.0000000000058,-68.2205627484744,41.));
#2621=CARTESIAN_POINT('Origin',(14.9999999999942,-68.2205627484743,41.));
#2622=CARTESIAN_POINT('',(7.49999999999417,-68.2205627484743,41.));
#2623=CARTESIAN_POINT('Origin',(50.9999999999981,-27.4824312537844,35.9029627290746));
#2624=CARTESIAN_POINT('',(50.9999999999978,-29.5824312537844,35.9029627290746));
#2625=CARTESIAN_POINT('Origin',(50.9999999999981,-27.4824312537844,35.9029627290746));
#2626=CARTESIAN_POINT('',(47.8999999999978,-29.5824312537839,35.9029627290746));
#2627=CARTESIAN_POINT('Origin',(47.8999999999981,-27.4824312537839,35.9029627290746));
#2628=CARTESIAN_POINT('',(50.9999999999978,-29.5824312537844,35.9029627290746));
#2629=CARTESIAN_POINT('Origin',(50.9999999999964,-37.9298635077627,35.9029627290746));
#2630=CARTESIAN_POINT('',(50.9999999999961,-40.0298635077627,35.9029627290746));
#2631=CARTESIAN_POINT('Origin',(50.9999999999964,-37.9298635077627,35.9029627290746));
#2632=CARTESIAN_POINT('',(47.8999999999961,-40.0298635077622,35.9029627290746));
#2633=CARTESIAN_POINT('Origin',(47.8999999999964,-37.9298635077622,35.9029627290746));
#2634=CARTESIAN_POINT('',(50.9999999999961,-40.0298635077627,35.9029627290746));
#2635=CARTESIAN_POINT('Origin',(-1.99999872998702,26.4512479444743,41.));
#2636=CARTESIAN_POINT('',(-1.99999872998702,26.4512479444743,41.));
#2637=CARTESIAN_POINT('',(-1.99999872998649,29.6512479444761,41.));
#2638=CARTESIAN_POINT('',(-1.99999872999088,2.86763613991599,41.));
#2639=CARTESIAN_POINT('',(-1.99999872998702,26.4512479444743,41.));
#2640=CARTESIAN_POINT('',(-1.99999872998649,29.6512479444761,41.));
#2641=CARTESIAN_POINT('Origin',(2.00000127001299,26.4512479444736,41.));
#2642=CARTESIAN_POINT('',(2.00000127001299,26.4512479444736,41.));
#2643=CARTESIAN_POINT('',(1.00000063500743,26.4512479444738,41.));
#2644=CARTESIAN_POINT('',(2.00000127001299,26.4512479444736,41.));
#2645=CARTESIAN_POINT('Origin',(2.00000127001351,29.6512479444755,41.));
#2646=CARTESIAN_POINT('',(2.00000127001351,29.6512479444755,41.));
#2647=CARTESIAN_POINT('',(2.00000127000939,4.46763613991628,41.));
#2648=CARTESIAN_POINT('',(2.00000127001351,29.6512479444755,41.));
#2649=CARTESIAN_POINT('Origin',(-1.99999872998649,29.6512479444761,41.));
#2650=CARTESIAN_POINT('',(-0.999999364992052,29.651247944476,41.));
#2651=CARTESIAN_POINT('Origin',(-33.5000000000009,-21.7905627484773,41.0000000000001));
#2652=CARTESIAN_POINT('',(-33.4999999999999,60.5386114192006,41.0000000000001));
#2653=CARTESIAN_POINT('',(-33.5000000000009,-21.7905627484773,41.0000000000001));
#2654=CARTESIAN_POINT('',(-33.4999999999999,60.5386114192006,41.0000000000001));
#2655=CARTESIAN_POINT('',(-33.4999999999999,60.5386114192006,41.0000000000001));
#2656=CARTESIAN_POINT('',(-33.5000000000009,-21.7905627484773,41.0000000000001));
#2657=CARTESIAN_POINT('Origin',(-47.9000000000009,-21.790562748475,41.0000000000001));
#2658=CARTESIAN_POINT('',(-33.5000000000009,-21.7905627484773,41.0000000000001));
#2659=CARTESIAN_POINT('Origin',(-42.2000000000136,-98.970562748476,41.0000000000001));
#2660=CARTESIAN_POINT('',(-42.2000000000136,-98.970562748476,41.0000000000001));
#2661=CARTESIAN_POINT('',(-42.2000000000108,-82.1505627484759,41.0000000000001));
#2662=CARTESIAN_POINT('',(-42.2000000000136,-98.970562748476,41.0000000000001));
#2663=CARTESIAN_POINT('Origin',(-39.2000000000136,-98.9705627484765,41.0000000000001));
#2664=CARTESIAN_POINT('',(-39.200000000014,-101.970562748476,41.0000000000001));
#2665=CARTESIAN_POINT('Origin',(-39.2000000000136,-98.9705627484765,41.0000000000001));
#2666=CARTESIAN_POINT('',(-39.200000000014,-101.970562748476,41.0000000000001));
#2667=CARTESIAN_POINT('Origin',(-36.1568542495186,-101.970562748477,41.0000000000001));
#2668=CARTESIAN_POINT('',(-36.1568542495186,-101.970562748477,41.0000000000001));
#2669=CARTESIAN_POINT('',(-39.200000000014,-101.970562748476,41.0000000000001));
#2670=CARTESIAN_POINT('',(-36.1568542495186,-101.970562748477,41.0000000000001));
#2671=CARTESIAN_POINT('Origin',(-36.1568542495182,-99.970562748477,41.0000000000001));
#2672=CARTESIAN_POINT('',(-34.8997755274061,-101.52611830403,41.0000000000001));
#2673=CARTESIAN_POINT('Origin',(-36.1568542495182,-99.970562748477,41.0000000000001));
#2674=CARTESIAN_POINT('',(-34.8997755274061,-101.52611830403,41.0000000000001));
#2675=CARTESIAN_POINT('Origin',(-30.5000000000054,-106.970562748478,41.0000000000001));
#2676=CARTESIAN_POINT('',(-30.5000000000224,-99.9705627484643,41.0000000000001));
#2677=CARTESIAN_POINT('Origin',(-30.5000000000054,-106.970562748478,41.0000000000001));
#2678=CARTESIAN_POINT('',(-30.5000000000224,-99.9705627484643,41.0000000000001));
#2679=CARTESIAN_POINT('Origin',(-15.500000000059,-99.970562748539,41.));
#2680=CARTESIAN_POINT('',(-15.500000000059,-99.970562748539,41.));
#2681=CARTESIAN_POINT('',(-30.5000000000224,-99.9705627484644,41.0000000000001));
#2682=CARTESIAN_POINT('',(-15.500000000059,-99.970562748539,41.));
#2683=CARTESIAN_POINT('Origin',(-15.5000000000243,-106.97056274848,41.));
#2684=CARTESIAN_POINT('',(-11.1002244727212,-101.526118304047,41.));
#2685=CARTESIAN_POINT('Origin',(-15.5000000000243,-106.97056274848,41.));
#2686=CARTESIAN_POINT('',(-11.1002244727212,-101.526118304047,41.));
#2687=CARTESIAN_POINT('Origin',(-9.84314575062401,-99.9705627484813,41.));
#2688=CARTESIAN_POINT('',(-9.84314575062434,-101.970562748481,41.));
#2689=CARTESIAN_POINT('Origin',(-9.84314575062401,-99.9705627484813,41.));
#2690=CARTESIAN_POINT('',(-9.84314575062434,-101.970562748481,41.));
#2691=CARTESIAN_POINT('Origin',(9.84314575058681,-101.970562748485,41.));
#2692=CARTESIAN_POINT('',(9.84314575058681,-101.970562748485,41.));
#2693=CARTESIAN_POINT('',(-9.84314575062434,-101.970562748481,41.));
#2694=CARTESIAN_POINT('',(9.84314575058681,-101.970562748485,41.));
#2695=CARTESIAN_POINT('Origin',(9.84314575058714,-99.9705627484845,41.));
#2696=CARTESIAN_POINT('',(11.1002244726838,-101.52611830405,41.));
#2697=CARTESIAN_POINT('Origin',(9.84314575058714,-99.9705627484845,41.));
#2698=CARTESIAN_POINT('',(11.1002244726838,-101.52611830405,41.));
#2699=CARTESIAN_POINT('Origin',(15.4999999999851,-106.970562748485,41.));
#2700=CARTESIAN_POINT('',(15.5000000000315,-99.970562748544,41.));
#2701=CARTESIAN_POINT('Origin',(15.4999999999851,-106.970562748485,41.));
#2702=CARTESIAN_POINT('',(15.5000000000315,-99.970562748544,41.));
#2703=CARTESIAN_POINT('Origin',(30.4999999999877,-99.9705627484744,40.9999999999999));
#2704=CARTESIAN_POINT('',(30.4999999999877,-99.9705627484744,40.9999999999999));
#2705=CARTESIAN_POINT('',(15.5000000000315,-99.970562748544,41.));
#2706=CARTESIAN_POINT('',(30.4999999999877,-99.9705627484744,40.9999999999999));
#2707=CARTESIAN_POINT('Origin',(30.4999999999757,-106.970562748488,40.9999999999999));
#2708=CARTESIAN_POINT('',(34.8997755273782,-101.526118304042,40.9999999999999));
#2709=CARTESIAN_POINT('Origin',(30.4999999999757,-106.970562748488,40.9999999999999));
#2710=CARTESIAN_POINT('',(34.8997755273782,-101.526118304042,40.9999999999999));
#2711=CARTESIAN_POINT('Origin',(36.1568542494908,-99.9705627484888,40.9999999999999));
#2712=CARTESIAN_POINT('',(36.1568542494905,-101.970562748489,40.9999999999999));
#2713=CARTESIAN_POINT('Origin',(36.1568542494908,-99.9705627484888,40.9999999999999));
#2714=CARTESIAN_POINT('',(36.1568542494905,-101.970562748489,40.9999999999999));
#2715=CARTESIAN_POINT('Origin',(39.199999999986,-101.970562748489,40.9999999999999));
#2716=CARTESIAN_POINT('',(39.199999999986,-101.970562748489,40.9999999999999));
#2717=CARTESIAN_POINT('',(36.1568542494905,-101.970562748489,40.9999999999999));
#2718=CARTESIAN_POINT('',(39.199999999986,-101.970562748489,40.9999999999999));
#2719=CARTESIAN_POINT('Origin',(39.1999999999865,-98.9705627484893,40.9999999999999));
#2720=CARTESIAN_POINT('',(42.1999999999865,-98.9705627484898,40.9999999999999));
#2721=CARTESIAN_POINT('Origin',(39.1999999999865,-98.9705627484893,40.9999999999999));
#2722=CARTESIAN_POINT('',(42.1999999999865,-98.9705627484898,40.9999999999999));
#2723=CARTESIAN_POINT('Origin',(42.1999999999892,-82.1505627484897,40.9999999999999));
#2724=CARTESIAN_POINT('',(42.1999999999892,-82.1505627484897,40.9999999999999));
#2725=CARTESIAN_POINT('',(42.1999999999865,-98.9705627484898,40.9999999999999));
#2726=CARTESIAN_POINT('',(42.1999999999892,-82.1505627484897,40.9999999999999));
#2727=CARTESIAN_POINT('Origin',(47.8999999999892,-82.1505627484907,40.9999999999999));
#2728=CARTESIAN_POINT('',(47.8999999999892,-82.1505627484907,40.9999999999999));
#2729=CARTESIAN_POINT('',(47.8999999999892,-82.1505627484907,40.9999999999999));
#2730=CARTESIAN_POINT('',(42.1999999999892,-82.1505627484897,40.9999999999999));
#2731=CARTESIAN_POINT('Origin',(47.8999999999991,-21.7905627484907,40.9999999999999));
#2732=CARTESIAN_POINT('',(47.8999999999892,-82.1505627484907,40.9999999999999));
#2733=CARTESIAN_POINT('Origin',(33.5000000000126,60.5386114191965,40.9999999999999));
#2734=CARTESIAN_POINT('',(33.5000000000126,60.5386114191965,40.9999999999999));
#2735=CARTESIAN_POINT('',(33.4999999999991,-21.7905627484883,40.9999999999999));
#2736=CARTESIAN_POINT('',(33.5000000000126,60.5386114191965,40.9999999999999));
#2737=CARTESIAN_POINT('Origin',(-33.4999999999999,60.5386114192074,41.0000000000001));
#2738=CARTESIAN_POINT('',(33.5000000000126,60.5386114191965,40.9999999999999));
#2739=CARTESIAN_POINT('Origin',(-5.85753667792233E-12,-20.7159756646426,
41.));
#2740=UNCERTAINTY_MEASURE_WITH_UNIT(LENGTH_MEASURE(0.01),#2744,
'DISTANCE_ACCURACY_VALUE',
'Maximum model space distance between geometric entities at asserted c
onnectivities');
#2741=UNCERTAINTY_MEASURE_WITH_UNIT(LENGTH_MEASURE(0.01),#2744,
'DISTANCE_ACCURACY_VALUE',
'Maximum model space distance between geometric entities at asserted c
onnectivities');
#2742=(
GEOMETRIC_REPRESENTATION_CONTEXT(3)
GLOBAL_UNCERTAINTY_ASSIGNED_CONTEXT((#2740))
GLOBAL_UNIT_ASSIGNED_CONTEXT((#2744,#2746,#2747))
REPRESENTATION_CONTEXT('','3D')
);
#2743=(
GEOMETRIC_REPRESENTATION_CONTEXT(3)
GLOBAL_UNCERTAINTY_ASSIGNED_CONTEXT((#2741))
GLOBAL_UNIT_ASSIGNED_CONTEXT((#2744,#2746,#2747))
REPRESENTATION_CONTEXT('','3D')
);
#2744=(
LENGTH_UNIT()
NAMED_UNIT(*)
SI_UNIT(.MILLI.,.METRE.)
);
#2745=(
LENGTH_UNIT()
NAMED_UNIT(*)
SI_UNIT(.CENTI.,.METRE.)
);
#2746=(
NAMED_UNIT(*)
PLANE_ANGLE_UNIT()
SI_UNIT($,.RADIAN.)
);
#2747=(
NAMED_UNIT(*)
SI_UNIT($,.STERADIAN.)
SOLID_ANGLE_UNIT()
);
#2748=SHAPE_DEFINITION_REPRESENTATION(#2749,#2750);
#2749=PRODUCT_DEFINITION_SHAPE('',$,#2752);
#2750=SHAPE_REPRESENTATION('',(#1658),#2742);
#2751=PRODUCT_DEFINITION_CONTEXT('part definition',#2756,'design');
#2752=PRODUCT_DEFINITION('\X2\0414043504420430043B044C\X0\1',
'\X2\0441043F0438043D0430\X0\',#2753,#2751);
#2753=PRODUCT_DEFINITION_FORMATION('',$,#2758);
#2754=PRODUCT_RELATED_PRODUCT_CATEGORY('\X2\0441043F0438043D0430\X0\',
'\X2\0441043F0438043D0430\X0\',(#2758));
#2755=APPLICATION_PROTOCOL_DEFINITION('international standard',
'automotive_design',2009,#2756);
#2756=APPLICATION_CONTEXT(
'Core Data for Automotive Mechanical Design Process');
#2757=PRODUCT_CONTEXT('part definition',#2756,'mechanical');
#2758=PRODUCT('\X2\0414043504420430043B044C\X0\1','\X2\0441043F0438043D0430\X0\',
$,(#2757));
#2759=PRESENTATION_STYLE_ASSIGNMENT((#2760));
#2760=SURFACE_STYLE_USAGE(.BOTH.,#2763);
#2761=SURFACE_STYLE_RENDERING_WITH_PROPERTIES($,#2767,(#2762));
#2762=SURFACE_STYLE_TRANSPARENT(0.);
#2763=SURFACE_SIDE_STYLE('',(#2764,#2761));
#2764=SURFACE_STYLE_FILL_AREA(#2765);
#2765=FILL_AREA_STYLE('',(#2766));
#2766=FILL_AREA_STYLE_COLOUR('',#2767);
#2767=COLOUR_RGB('',0.749019607843137,0.749019607843137,0.749019607843137);
ENDSEC;
END-ISO-10303-21;
